user_genome	classification	fastani_reference	fastani_reference_radius	fastani_taxonomy	fastani_ani	fastani_af	closest_placement_reference	closest_placement_radius	closest_placement_taxonomy	closest_placement_ani	closest_placement_af	pplacer_taxonomy	classification_method	note	other_related_references(genome_id,species_name,radius,ANI,AF)	msa_percent	translation_table	red_value	warnings
R10_EKDN230028438-1A_HKTC2DSX7_L3.103	d__Bacteria;p__Pseudomonadota;c__Alphaproteobacteria;o__Rhizobiales;f__Hyphomicrobiaceae;g__Ga0077555;s__	N/A	N/A	N/A	N/A	N/A	N/A	N/A	N/A	N/A	N/A	d__Bacteria;p__Pseudomonadota;c__Alphaproteobacteria;o__Rhizobiales;f__Hyphomicrobiaceae;g__Ga0077555;s__	taxonomic novelty determined using RED	classification based on placement in class-level tree	N/A	72.37	11	0.92559	N/A
R10_EKDN230028438-1A_HKTC2DSX7_L3.29	d__Bacteria;p__Pseudomonadota;c__Alphaproteobacteria;o__Sphingomonadales;f__Sphingomonadaceae;g__Aquisediminimonas;s__	N/A	N/A	N/A	N/A	N/A	GCA_002478575.1	95.0	d__Bacteria;p__Pseudomonadota;c__Alphaproteobacteria;o__Sphingomonadales;f__Sphingomonadaceae;g__Aquisediminimonas;s__Aquisediminimonas sp002478575	76.5	0.128	d__Bacteria;p__Pseudomonadota;c__Alphaproteobacteria;o__Sphingomonadales;f__Sphingomonadaceae;g__Aquisediminimonas;s__	taxonomic classification defined by topology and ANI	classification based on placement in class-level tree	GCA_016714795.1, s__Aquisediminimonas sp016714795, 95.0, 77.17, 0.183; GCA_005518185.1, s__Aquisediminimonas godavariana, 95.0, 76.94, 0.151; GCA_903839675.1, s__Aquisediminimonas sp903839675, 95.0, 76.88, 0.133; GCA_016704425.1, s__Aquisediminimonas sp016704425, 95.0, 76.87, 0.105; GCA_009923795.1, s__Aquisediminimonas sp009923795, 95.0, 76.81, 0.113; GCA_903958285.1, s__Aquisediminimonas sp903958285, 95.0, 76.74, 0.153; GCF_019443285.1, s__Aquisediminimonas profunda, 95.0, 76.47, 0.101; GCA_945860425.1, s__Aquisediminimonas paucimobilis_A, 95.0, 76.46, 0.126; GCA_009920915.1, s__Aquisediminimonas sp009920915, 95.0, 76.4, 0.114; GCA_024645025.1, s__Aquisediminimonas sp024645025, 95.0, 76.31, 0.121; GCA_018970965.1, s__Aquisediminimonas sp018970965, 95.0, 75.97, 0.109	83.38	11	0.94877	N/A
R10_EKDN230028438-1A_HKTC2DSX7_L3.3	d__Bacteria;p__Pseudomonadota;c__Alphaproteobacteria;o__Sphingomonadales;f__Sphingomonadaceae;g__Novosphingobium;s__	N/A	N/A	N/A	N/A	N/A	GCA_002440635.1	95.0	d__Bacteria;p__Pseudomonadota;c__Alphaproteobacteria;o__Sphingomonadales;f__Sphingomonadaceae;g__Novosphingobium;s__Novosphingobium sp002440635	90.84	0.774	d__Bacteria;p__Pseudomonadota;c__Alphaproteobacteria;o__Sphingomonadales;f__Sphingomonadaceae;g__Novosphingobium;s__	taxonomic classification defined by topology and ANI	classification based on placement in class-level tree	GCA_017302615.1, s__Novosphingobium sp017302615, 95.0, 83.38, 0.65; GCA_020852455.1, s__Novosphingobium sp020852455, 95.0, 82.56, 0.668; GCA_013822005.1, s__Novosphingobium sp013822005, 95.0, 82.33, 0.683; GCA_018334165.1, s__Novosphingobium sp018334165, 95.0, 82.24, 0.599; GCA_021299075.1, s__Novosphingobium sp021299075, 95.0, 81.4, 0.572; GCA_009885425.1, s__Novosphingobium sp009885425, 95.0, 81.39, 0.709; GCA_015657645.1, s__Novosphingobium sp015657645, 95.0, 81.39, 0.54; GCA_013141325.1, s__Novosphingobium sp013141325, 95.0, 81.39, 0.618; GCA_017987575.1, s__Novosphingobium sp017987575, 95.0, 81.37, 0.637; GCA_016719755.1, s__Novosphingobium sp016719755, 95.0, 81.31, 0.566; GCF_002198665.1, s__Novosphingobium sp002198665, 95.0, 81.17, 0.625; GCA_024236215.1, s__Novosphingobium sp024236215, 95.0, 81.09, 0.551; GCA_009926135.1, s__Novosphingobium sp009926135, 95.0, 80.96, 0.522; GCA_018241045.1, s__Novosphingobium sp018241045, 95.0, 80.95, 0.399; GCA_002454125.1, s__Novosphingobium sp002454125, 95.0, 80.9, 0.588; GCF_002813245.1, s__Novosphingobium kunmingense, 95.0, 80.84, 0.541; GCF_014652615.1, s__Novosphingobium arvoryzae, 95.0, 80.79, 0.577; GCF_007954425.1, s__Novosphingobium ginsenosidimutans, 95.0, 80.73, 0.552; GCA_017302775.1, s__Novosphingobium sp017302775, 95.0, 80.04, 0.403; GCA_018240895.1, s__Novosphingobium sp018240895, 95.0, 79.86, 0.477; GCF_002855555.1, s__Novosphingobium sp002855555, 95.0, 79.75, 0.419; GCF_014230355.1, s__Novosphingobium piscinae, 95.0, 79.73, 0.428; GCF_014230305.1, s__Novosphingobium aerophilum, 95.0, 79.68, 0.457; GCF_014230315.1, s__Novosphingobium flavum, 95.0, 79.62, 0.44; GCA_018242165.1, s__Novosphingobium sp018242165, 95.0, 79.47, 0.458; GCF_001590965.1, s__Novosphingobium lentum, 95.0, 79.2, 0.442; GCA_024642085.1, s__Novosphingobium sp024642085, 95.0, 79.18, 0.41; GCF_020179425.1, s__Novosphingobium percolationis, 95.0, 79.16, 0.435; GCF_020179475.1, s__Novosphingobium huizhouense, 95.0, 79.13, 0.455; GCF_019075875.1, s__Novosphingobium sp019075875, 95.0, 79.12, 0.422; GCF_012927405.1, s__Novosphingobium olei, 95.0, 79.04, 0.413; GCA_004211435.1, s__Novosphingobium sp004211435, 95.0, 79.01, 0.395; GCF_001014975.1, s__Novosphingobium sp002336885, 95.0, 79.0, 0.428; GCA_021782155.1, s__Novosphingobium sp021782155, 95.0, 78.99, 0.374; GCA_013791705.1, s__Novosphingobium sp013791705, 95.0, 78.95, 0.355; GCF_003454795.1, s__Novosphingobium sp003454795, 95.0, 78.94, 0.387; GCF_014652855.1, s__Novosphingobium pokkalii, 95.0, 78.89, 0.399; GCA_020848655.1, s__Novosphingobium sp020848655, 95.0, 78.89, 0.366; GCF_014652555.1, s__Novosphingobium colocasiae, 95.0, 78.89, 0.372; GCA_001725355.1, s__Novosphingobium sp001725355, 95.0, 78.89, 0.4; GCA_015661825.1, s__Novosphingobium capsulatum_A, 95.0, 78.88, 0.339; GCF_005145025.1, s__Novosphingobium sp005145025, 95.0, 78.85, 0.446; GCF_001598375.1, s__Novosphingobium capsulatum, 95.0, 78.84, 0.398; GCA_019510335.1, s__Novosphingobium sp019510335, 95.0, 78.79, 0.335; GCF_009707465.1, s__Novosphingobium sp009707465, 95.0, 78.78, 0.385; GCA_020200285.1, s__Novosphingobium sp020200285, 95.0, 78.76, 0.469; GCF_000013325.1, s__Novosphingobium aromaticivorans, 95.0, 78.73, 0.397; GCF_000807925.1, s__Novosphingobium subterraneum, 95.0, 78.67, 0.383; GCA_023266625.1, s__Novosphingobium sp023266625, 95.0, 78.66, 0.344; GCF_015694345.1, s__Novosphingobium jiangmenense, 95.0, 78.66, 0.442; GCF_007830315.1, s__Novosphingobium taihuense, 95.0, 78.63, 0.38; GCF_001519075.1, s__Novosphingobium fuchskuhlense, 95.0, 78.6, 0.37; GCF_020404405.1, s__Novosphingobium sp020404405, 95.0, 78.59, 0.399; GCF_900113255.1, s__Novosphingobium sp900113255, 95.0, 78.58, 0.383; GCF_012932495.1, s__Novosphingobium sp012932495, 95.0, 78.57, 0.4; GCF_006874585.1, s__Novosphingobium sp006874585, 95.0, 78.57, 0.378; GCF_900117425.1, s__Novosphingobium sp900117425, 95.0, 78.57, 0.408; GCA_025153475.1, s__Novosphingobium sp025153475, 95.0, 78.55, 0.361; GCA_018971065.1, s__Novosphingobium sp018971065, 95.0, 78.54, 0.365; GCF_014204535.1, s__Novosphingobium chloroacetimidivorans, 95.0, 78.51, 0.326; GCA_019748365.1, s__Novosphingobium sp019748365, 95.0, 78.51, 0.379; GCF_000445125.1, s__Novosphingobium lindaniclasticum, 95.0, 78.46, 0.315; GCF_900176395.1, s__Novosphingobium sp900176395, 95.0, 78.45, 0.375; GCF_007991615.1, s__Novosphingobium sediminis, 95.0, 78.45, 0.384; GCF_004342985.1, s__Novosphingobium sp004342985, 95.0, 78.43, 0.339; GCF_900168325.1, s__Novosphingobium mathurense, 95.0, 78.43, 0.328; GCA_903828025.1, s__Novosphingobium sp903828025, 95.0, 78.37, 0.306; GCF_000767465.1, s__Novosphingobium pentaromativorans, 95.0, 78.34, 0.344; GCA_945906105.1, s__Novosphingobium sp945906105, 95.0, 78.29, 0.328; GCF_014640675.1, s__Novosphingobium endophyticum, 95.0, 78.26, 0.345; GCA_024236175.1, s__Novosphingobium sp024236175, 95.0, 78.25, 0.316; GCF_002556635.1, s__Novosphingobium sp002556635, 95.0, 78.24, 0.351; GCF_004341845.1, s__Novosphingobium sp004341845, 95.0, 78.24, 0.388; GCF_001298105.1, s__Novosphingobium sp001298105, 95.0, 78.18, 0.345; GCF_902506425.1, s__Novosphingobium sp902506425, 95.0, 78.18, 0.325; GCF_021227995.1, s__Novosphingobium sp021227995, 95.0, 78.15, 0.369; GCA_903834285.1, s__Novosphingobium sp903834285, 95.0, 78.15, 0.343; GCF_013408095.1, s__Novosphingobium marinum, 95.0, 78.12, 0.279; GCA_903970225.1, s__Novosphingobium sp903970225, 95.0, 78.12, 0.261; GCF_009746585.1, s__Novosphingobium aquimarinum, 95.0, 78.11, 0.31; GCA_945906005.1, s__Novosphingobium sp945906005, 95.0, 78.09, 0.296; GCF_014196615.1, s__Novosphingobium fluoreni, 95.0, 77.99, 0.281; GCF_012641335.1, s__Novosphingobium sp012641335, 95.0, 77.97, 0.338; GCF_009909235.1, s__Novosphingobium ovatum, 95.0, 77.96, 0.31; GCF_001598555.1, s__Novosphingobium rosa, 95.0, 77.94, 0.31; GCF_012275515.1, s__Novosphingobium sp001898925, 95.0, 77.85, 0.329; GCF_017163935.1, s__Novosphingobium sp017163935, 95.0, 77.82, 0.322; GCF_000192575.1, s__Novosphingobium nitrogenifigens, 95.0, 77.72, 0.302; GCF_013149295.1, s__Novosphingobium sp013149295, 95.0, 77.72, 0.301; GCA_020446505.1, s__Novosphingobium sp020446505, 95.0, 77.72, 0.237; GCF_014196525.1, s__Novosphingobium sediminicola, 95.0, 77.69, 0.31; GCA_903923465.1, s__Novosphingobium sp903923465, 95.0, 77.64, 0.26; GCF_002916655.1, s__Novosphingobium sp002916655, 95.0, 77.62, 0.239; GCA_002336765.1, s__Novosphingobium sp002336765, 95.0, 77.59, 0.234; GCA_903911985.1, s__Novosphingobium sp903911985, 95.0, 77.53, 0.232; GCA_020446595.1, s__Novosphingobium sp020446595, 95.0, 77.45, 0.202; GCA_903858875.1, s__Novosphingobium sp903858875, 95.0, 77.25, 0.241; GCA_020446575.1, s__Novosphingobium sp020446575, 95.0, 76.93, 0.18; GCA_019090585.1, s__Novosphingobium sp019090585, 95.0, 76.76, 0.173	78.55	11	0.99473	Genome not assigned to closest species as it falls outside its pre-defined ANI radius
R10_EKDN230028438-1A_HKTC2DSX7_L3.33	d__Bacteria;p__Verrucomicrobiota;c__Verrucomicrobiae;o__Verrucomicrobiales;f__V1-33;g__;s__	N/A	N/A	N/A	N/A	N/A	N/A	N/A	N/A	N/A	N/A	d__Bacteria;p__Verrucomicrobiota;c__Verrucomicrobiae;o__Verrucomicrobiales;f__V1-33;g__;s__	taxonomic novelty determined using RED	classification based on placement in class-level tree	N/A	59.13	11	0.81555	N/A
R10_EKDN230028438-1A_HKTC2DSX7_L3.48	d__Bacteria;p__Actinomycetota;c__Acidimicrobiia;o__Acidimicrobiales;f__Ilumatobacteraceae;g__;s__	N/A	N/A	N/A	N/A	N/A	N/A	N/A	N/A	N/A	N/A	d__Bacteria;p__Actinomycetota;c__Acidimicrobiia;o__Acidimicrobiales;f__Ilumatobacteraceae;g__;s__	taxonomic novelty determined using RED	classification based on placement in class-level tree	N/A	82.3	11	0.81336	N/A
R10_EKDN230028438-1A_HKTC2DSX7_L3.53	d__Bacteria;p__Armatimonadota;c__Armatimonadia;o__Armatimonadales;f__Armatimonadaceae;g__;s__	N/A	N/A	N/A	N/A	N/A	GCF_014202505.1	95.0	d__Bacteria;p__Armatimonadota;c__Armatimonadia;o__Armatimonadales;f__Armatimonadaceae;g__Armatimonas;s__Armatimonas rosea	76.61	0.178	d__Bacteria;p__Armatimonadota;c__Armatimonadia;o__Armatimonadales;f__Armatimonadaceae;g__;s__	taxonomic classification defined by topology and ANI	classification based on placement in class-level tree	N/A	73.29	11	0.82289	N/A
R10_EKDN230028438-1A_HKTC2DSX7_L3.65	d__Bacteria;p__Pseudomonadota;c__Alphaproteobacteria;o__Rhizobiales;f__Aestuariivirgaceae;g__Aestuariivirga;s__	N/A	N/A	N/A	N/A	N/A	GCA_020029455.1	95.0	d__Bacteria;p__Pseudomonadota;c__Alphaproteobacteria;o__Rhizobiales;f__Aestuariivirgaceae;g__Aestuariivirga;s__Aestuariivirga sp020029455	76.53	0.113	d__Bacteria;p__Pseudomonadota;c__Alphaproteobacteria;o__Rhizobiales;f__Aestuariivirgaceae;g__Aestuariivirga;s__	taxonomic classification defined by topology and ANI	classification based on placement in class-level tree	GCA_016792825.1, s__Aestuariivirga sp016792825, 95.0, 76.61, 0.078; GCA_016710435.1, s__Aestuariivirga sp016710435, 95.0, 76.61, 0.126; GCF_015714715.1, s__Aestuariivirga litoralis_A, 95.0, 76.57, 0.102; GCA_020161855.1, s__Aestuariivirga sp020161855, 95.0, 76.42, 0.09; GCA_902826365.1, s__Aestuariivirga sp902826365, 95.0, 76.31, 0.091; GCA_016792865.1, s__Aestuariivirga sp016792865, 95.0, 76.27, 0.122; GCA_016185245.1, s__Aestuariivirga sp016185245, 95.0, 76.24, 0.046; GCA_009885825.1, s__Aestuariivirga sp009885825, 95.0, 76.24, 0.091; GCA_020252405.1, s__Aestuariivirga sp020252405, 95.0, 76.23, 0.064; GCA_003151375.1, s__Aestuariivirga sp003151375, 95.0, 76.11, 0.069; GCA_020252385.1, s__Aestuariivirga sp020252385, 95.0, 76.07, 0.06; GCF_003234965.1, s__Aestuariivirga litoralis, 95.0, 76.06, 0.073; GCA_012032065.1, s__Aestuariivirga sp012032065, 95.0, 75.99, 0.067; GCA_022842165.1, s__Aestuariivirga sp022842165, 95.0, 75.96, 0.068; GCA_020441605.1, s__Aestuariivirga sp020441605, 95.0, 75.92, 0.045; GCA_903930095.1, s__Aestuariivirga sp903930095, 95.0, 75.92, 0.052; GCA_023266715.1, s__Aestuariivirga sp023266715, 95.0, 75.85, 0.068; GCA_020252395.1, s__Aestuariivirga sp020252395, 95.0, 75.74, 0.068; GCA_014380505.1, s__Aestuariivirga sp014380505, 95.0, 75.73, 0.046; GCA_945889445.1, s__Aestuariivirga sp945889445, 95.0, 75.65, 0.077; GCA_900298995.1, s__Aestuariivirga sp900298995, 95.0, 75.63, 0.053	82.58	11	0.96325	N/A
R10_EKDN230028438-1A_HKTC2DSX7_L3.8	d__Bacteria;p__Bacillota;c__Bacilli;o__Bacillales_D;f__Alkalibacillaceae;g__Allobacillus;s__Allobacillus halotolerans	GCF_018967645.1	95.0	d__Bacteria;p__Bacillota;c__Bacilli;o__Bacillales_D;f__Alkalibacillaceae;g__Allobacillus;s__Allobacillus halotolerans	99.98	0.984	N/A	N/A	N/A	N/A	N/A	N/A	ani_screen	classification based on ANI only	N/A	N/A	N/A	N/A	N/A
R10_EKDN230028438-1A_HKTC2DSX7_L3.95	d__Bacteria;p__Pseudomonadota;c__Alphaproteobacteria;o__Rhodobacterales;f__Rhodobacteraceae;g__JAJNPS01;s__	N/A	N/A	N/A	N/A	N/A	GCA_021155205.1	95.0	d__Bacteria;p__Pseudomonadota;c__Alphaproteobacteria;o__Rhodobacterales;f__Rhodobacteraceae;g__JAJNPS01;s__JAJNPS01 sp021155205	84.03	0.781	d__Bacteria;p__Pseudomonadota;c__Alphaproteobacteria;o__Rhodobacterales;f__Rhodobacteraceae;g__JAJNPS01;s__	taxonomic classification defined by topology and ANI	classification based on placement in class-level tree	N/A	64.83	11	0.99016	Genome has more than 11.7% of markers with multiple hits;Genome not assigned to closest species as it falls outside its pre-defined ANI radius
R11_EKDN230028439-1A_HKTC2DSX7_L3.10	d__Bacteria;p__Bacteroidota;c__Bacteroidia;o__Chitinophagales;f__Chitinophagaceae;g__Ferruginibacter;s__	N/A	N/A	N/A	N/A	N/A	N/A	N/A	N/A	N/A	N/A	d__Bacteria;p__Bacteroidota;c__Bacteroidia;o__Chitinophagales;f__Chitinophagaceae;g__Ferruginibacter;s__	ANI	classification based on placement in class-level tree	GCA_016722465.1, s__Ferruginibacter sp016722465, 95.0, 78.19, 0.463; GCA_002336815.1, s__Ferruginibacter sp002336815, 95.0, 77.25, 0.242; GCA_017983695.1, s__Ferruginibacter sp017983695, 95.0, 77.11, 0.207; GCA_013141115.1, s__Ferruginibacter sp013141115, 95.0, 77.02, 0.225; GCA_016715365.1, s__Ferruginibacter sp016715365, 95.0, 76.93, 0.183; GCA_016710935.1, s__Ferruginibacter sp016710935, 95.0, 76.84, 0.169; GCA_016721725.1, s__Ferruginibacter sp016721725, 95.0, 76.83, 0.05; GCA_019638575.1, s__Ferruginibacter sp019638575, 95.0, 76.78, 0.124; GCF_020783315.1, s__Ferruginibacter lapsinanis, 95.0, 76.66, 0.135; GCA_018266775.1, s__Ferruginibacter sp018266775, 95.0, 76.65, 0.181; GCA_016786725.1, s__Ferruginibacter sp016786725, 95.0, 76.63, 0.161; GCA_020059395.1, s__Ferruginibacter sp020059395, 95.0, 76.6, 0.134; GCA_018268085.1, s__Ferruginibacter sp018268085, 95.0, 76.59, 0.107; GCA_016710745.1, s__Ferruginibacter sp016710745, 95.0, 76.59, 0.096; GCA_903878475.1, s__Ferruginibacter sp903878475, 95.0, 76.58, 0.097; GCA_024642285.1, s__Ferruginibacter sp024642285, 95.0, 76.58, 0.115; GCA_019638525.1, s__Ferruginibacter sp018268155, 95.0, 76.56, 0.123; GCA_014379905.1, s__Ferruginibacter sp014379905, 95.0, 76.55, 0.125; GCA_014379625.1, s__Ferruginibacter sp014379625, 95.0, 76.54, 0.133; GCA_019638485.1, s__Ferruginibacter sp019638485, 95.0, 76.54, 0.04; GCA_003455235.1, s__Ferruginibacter sp003455235, 95.0, 76.51, 0.073; GCA_018057635.1, s__Ferruginibacter sp018057635, 95.0, 76.47, 0.098; GCA_016720775.1, s__Ferruginibacter sp016720775, 95.0, 76.47, 0.134; GCF_020042285.1, s__Ferruginibacter sp020042285, 95.0, 76.46, 0.118; GCA_014377975.1, s__Ferruginibacter sp014377975, 95.0, 76.44, 0.163; GCA_016710165.1, s__Ferruginibacter sp016710165, 95.0, 76.38, 0.114; GCA_002352045.1, s__Ferruginibacter sp002352045, 95.0, 76.35, 0.113; GCF_024343615.1, s__Ferruginibacter sp024343615, 95.0, 76.34, 0.093; GCA_016721385.1, s__Ferruginibacter sp016721385, 95.0, 76.3, 0.115; GCA_015655125.1, s__Ferruginibacter sp015655125, 95.0, 76.29, 0.08; GCA_016703625.1, s__Ferruginibacter sp016703625, 95.0, 76.28, 0.141; GCA_903837525.1, s__Ferruginibacter sp903837525, 95.0, 76.25, 0.116; GCA_945870835.1, s__Ferruginibacter pinensis_A, 95.0, 76.25, 0.092; GCA_018268135.1, s__Ferruginibacter sp018268135, 95.0, 76.25, 0.094; GCA_002343985.1, s__Ferruginibacter sp002343985, 95.0, 76.22, 0.057; GCA_013288745.1, s__Ferruginibacter sp013288745, 95.0, 76.21, 0.135; GCA_016710595.1, s__Ferruginibacter sp016710595, 95.0, 76.17, 0.078; GCA_023417815.1, s__Ferruginibacter sp023417815, 95.0, 76.16, 0.041; GCA_903831575.1, s__Ferruginibacter sp903831575, 95.0, 76.16, 0.074; GCA_017303335.1, s__Ferruginibacter sp017303335, 95.0, 76.15, 0.05; GCA_945865645.1, s__Ferruginibacter pinensis_B, 95.0, 76.15, 0.115; GCA_016713965.1, s__Ferruginibacter sp016713965, 95.0, 76.14, 0.1; GCA_018268185.1, s__Ferruginibacter sp018268185, 95.0, 76.12, 0.086; GCA_002400445.1, s__Ferruginibacter sp002400445, 95.0, 76.12, 0.071; GCA_019638635.1, s__Ferruginibacter sp019638635, 95.0, 76.12, 0.074; GCA_023422565.1, s__Ferruginibacter sp023422565, 95.0, 76.11, 0.061; GCA_903871575.1, s__Ferruginibacter sp903871575, 95.0, 76.09, 0.072; GCA_003534175.1, s__Ferruginibacter sp003534175, 95.0, 76.09, 0.056; GCA_016699815.1, s__Ferruginibacter sp002381005, 95.0, 76.02, 0.096; GCA_001898465.1, s__Ferruginibacter sp001898465, 95.0, 75.99, 0.084; GCA_903858475.1, s__Ferruginibacter sp903858475, 95.0, 75.98, 0.088; GCA_018882645.1, s__Ferruginibacter sp018882645, 95.0, 75.86, 0.069; GCA_009885535.1, s__Ferruginibacter sp009885535, 95.0, 75.86, 0.067; GCA_013298665.1, s__Ferruginibacter sp013298665, 95.0, 75.86, 0.049; GCA_018266715.1, s__Ferruginibacter sp018266715, 95.0, 75.84, 0.07; GCA_017988335.1, s__Ferruginibacter sp017988335, 95.0, 75.77, 0.116; GCA_014377385.1, s__Ferruginibacter sp014377385, 95.0, 75.75, 0.076; GCA_018268175.1, s__Ferruginibacter sp018268175, 95.0, 75.74, 0.066; GCA_018266615.1, s__Ferruginibacter sp018266615, 95.0, 75.73, 0.053; GCA_013141435.1, s__Ferruginibacter sp013141435, 95.0, 75.72, 0.055; GCA_023433345.1, s__Ferruginibacter sp023433345, 95.0, 75.62, 0.043; GCA_945872815.1, s__Ferruginibacter pinensis_C, 95.0, 75.54, 0.07; GCA_023390215.1, s__Ferruginibacter sp023390215, 95.0, 75.48, 0.033	79.36	11	0.96001	N/A
R11_EKDN230028439-1A_HKTC2DSX7_L3.14	d__Bacteria;p__Pseudomonadota;c__Alphaproteobacteria;o__Sphingomonadales;f__Sphingomonadaceae;g__Aquisediminimonas;s__	N/A	N/A	N/A	N/A	N/A	GCA_002478575.1	95.0	d__Bacteria;p__Pseudomonadota;c__Alphaproteobacteria;o__Sphingomonadales;f__Sphingomonadaceae;g__Aquisediminimonas;s__Aquisediminimonas sp002478575	76.43	0.138	d__Bacteria;p__Pseudomonadota;c__Alphaproteobacteria;o__Sphingomonadales;f__Sphingomonadaceae;g__Aquisediminimonas;s__	taxonomic classification defined by topology and ANI	classification based on placement in class-level tree	GCA_009923795.1, s__Aquisediminimonas sp009923795, 95.0, 77.19, 0.115; GCA_005518185.1, s__Aquisediminimonas godavariana, 95.0, 77.09, 0.156; GCA_016714795.1, s__Aquisediminimonas sp016714795, 95.0, 77.08, 0.184; GCA_016704425.1, s__Aquisediminimonas sp016704425, 95.0, 77.08, 0.109; GCF_019443285.1, s__Aquisediminimonas profunda, 95.0, 76.88, 0.1; GCA_903839675.1, s__Aquisediminimonas sp903839675, 95.0, 76.87, 0.144; GCA_903958285.1, s__Aquisediminimonas sp903958285, 95.0, 76.82, 0.166; GCA_945860425.1, s__Aquisediminimonas paucimobilis_A, 95.0, 76.82, 0.124; GCA_009920915.1, s__Aquisediminimonas sp009920915, 95.0, 76.59, 0.117; GCA_024645025.1, s__Aquisediminimonas sp024645025, 95.0, 76.47, 0.114; GCA_018970965.1, s__Aquisediminimonas sp018970965, 95.0, 76.16, 0.116	89.37	11	0.94888	N/A
R11_EKDN230028439-1A_HKTC2DSX7_L3.24	d__Bacteria;p__Pseudomonadota;c__Alphaproteobacteria;o__UBA1280;f__UBA6156;g__RFNJ01;s__	N/A	N/A	N/A	N/A	N/A	GCA_016125035.1	95.0	d__Bacteria;p__Pseudomonadota;c__Alphaproteobacteria;o__UBA1280;f__UBA6156;g__RFNJ01;s__RFNJ01 sp016125035	77.64	0.387	d__Bacteria;p__Pseudomonadota;c__Alphaproteobacteria;o__UBA1280;f__UBA6156;g__RFNJ01;s__	taxonomic classification defined by topology and ANI	classification based on placement in class-level tree	GCA_009927255.1, s__RFNJ01 sp009927255, 95.0, 78.0, 0.232	73.9	11	0.89932	N/A
R11_EKDN230028439-1A_HKTC2DSX7_L3.28	d__Bacteria;p__Pseudomonadota;c__Alphaproteobacteria;o__Rhizobiales;f__Beijerinckiaceae;g__28-YEA-48;s__	N/A	N/A	N/A	N/A	N/A	GCA_945901195.1	95.0	d__Bacteria;p__Pseudomonadota;c__Alphaproteobacteria;o__Rhizobiales;f__Beijerinckiaceae;g__28-YEA-48;s__28-YEA-48 sp945901195	78.18	0.33	d__Bacteria;p__Pseudomonadota;c__Alphaproteobacteria;o__Rhizobiales;f__Beijerinckiaceae;g__28-YEA-48;s__	taxonomic classification defined by topology and ANI	classification based on placement in class-level tree	GCA_903847605.1, s__28-YEA-48 sp903847605, 95.0, 78.05, 0.448; GCA_903851305.1, s__28-YEA-48 sp903851305, 95.0, 76.9, 0.135; GCA_019747375.1, s__28-YEA-48 sp019747375, 95.0, 76.85, 0.111; GCA_903861645.1, s__28-YEA-48 sp903861645, 95.0, 76.84, 0.132; GCA_001898965.1, s__28-YEA-48 sp001898965, 95.0, 76.82, 0.16; GCA_945878875.1, s__28-YEA-48 sp945878875, 95.0, 76.8, 0.166; GCF_900104955.1, s__28-YEA-48 sp900104955, 95.0, 76.73, 0.16; GCA_903916165.1, s__28-YEA-48 sp903916165, 95.0, 76.73, 0.144; GCA_903889985.1, s__28-YEA-48 sp903889985, 95.0, 76.64, 0.111; GCA_903902915.1, s__28-YEA-48 sp903902915, 95.0, 76.64, 0.141; GCA_903918155.1, s__28-YEA-48 sp903918155, 95.0, 76.45, 0.165; GCA_903931945.1, s__28-YEA-48 sp903931945, 95.0, 76.35, 0.101; GCA_903885755.1, s__28-YEA-48 sp903885755, 95.0, 76.28, 0.091; GCA_903825465.1, s__28-YEA-48 sp903825465, 95.0, 76.25, 0.085; GCA_903932565.1, s__28-YEA-48 sp903932565, 95.0, 76.21, 0.077; GCA_903897875.1, s__28-YEA-48 sp903897875, 95.0, 76.08, 0.088; GCA_903884435.1, s__28-YEA-48 sp903884435, 95.0, 76.08, 0.095; GCA_900299065.1, s__28-YEA-48 sp900299065, 95.0, 76.03, 0.096; GCA_903903935.1, s__28-YEA-48 sp903903935, 95.0, 75.99, 0.111	85.94	11	0.97703	N/A
R11_EKDN230028439-1A_HKTC2DSX7_L3.33	d__Bacteria;p__Bacteroidota;c__Bacteroidia;o__Flavobacteriales;f__Flavobacteriaceae;g__Imtechella;s__Imtechella halotolerans	GCF_000260835.1	95.0	d__Bacteria;p__Bacteroidota;c__Bacteroidia;o__Flavobacteriales;f__Flavobacteriaceae;g__Imtechella;s__Imtechella halotolerans	99.98	0.969	N/A	N/A	N/A	N/A	N/A	N/A	ani_screen	classification based on ANI only	N/A	N/A	N/A	N/A	N/A
R11_EKDN230028439-1A_HKTC2DSX7_L3.43	d__Bacteria;p__Planctomycetota;c__Planctomycetia;o__Pirellulales;f__Pirellulaceae;g__Pirellula_B;s__	N/A	N/A	N/A	N/A	N/A	GCA_903892365.1	95.0	d__Bacteria;p__Planctomycetota;c__Planctomycetia;o__Pirellulales;f__Pirellulaceae;g__Pirellula_B;s__Pirellula_B sp903892365	77.61	0.195	d__Bacteria;p__Planctomycetota;c__Planctomycetia;o__Pirellulales;f__Pirellulaceae;g__Pirellula_B;s__	taxonomic classification defined by topology and ANI	classification based on placement in class-level tree	GCA_903920425.1, s__Pirellula_B sp903920425, 95.0, 78.26, 0.099; GCA_021736575.1, s__Pirellula_B sp021736575, 95.0, 77.99, 0.086; GCA_021300155.1, s__Pirellula_B sp021300155, 95.0, 77.71, 0.048; GCA_021299695.1, s__Pirellula_B sp021299695, 95.0, 77.64, 0.03; GCA_903858115.1, s__Pirellula_B sp903858115, 95.0, 77.5, 0.056; GCA_945870455.1, s__Pirellula_B staleyi_A, 95.0, 77.49, 0.095; GCA_003671195.1, s__Pirellula_B sp003671195, 95.0, 77.37, 0.038; GCA_903820735.1, s__Pirellula_B sp903820735, 95.0, 76.94, 0.03; GCA_903892355.1, s__Pirellula_B sp903892355, 95.0, 76.79, 0.033; GCA_945900945.1, s__Pirellula_B staleyi_B, 95.0, 76.7, 0.059; GCA_903930765.1, s__Pirellula_B sp903930765, 95.0, 76.68, 0.032; GCA_021298315.1, s__Pirellula_B sp021298315, 95.0, 76.59, 0.034; GCF_001610875.1, s__Pirellula_B sp001610875, 95.0, 76.52, 0.042; GCA_016872635.1, s__Pirellula_B sp016872635, 95.0, 76.45, 0.027; GCA_018970165.1, s__Pirellula_B sp018970165, 95.0, 76.43, 0.03; GCA_018969045.1, s__Pirellula_B sp018969045, 95.0, 76.25, 0.029; GCA_903837255.1, s__Pirellula_B sp903837255, 95.0, 76.19, 0.034; GCA_021300015.1, s__Pirellula_B sp021300015, 95.0, 76.02, 0.029	76.41	11	0.98277	N/A
R11_EKDN230028439-1A_HKTC2DSX7_L3.44	d__Bacteria;p__Bacteroidota;c__Bacteroidia;o__Chitinophagales;f__Saprospiraceae;g__JADKBO01;s__	N/A	N/A	N/A	N/A	N/A	N/A	N/A	N/A	N/A	N/A	d__Bacteria;p__Bacteroidota;c__Bacteroidia;o__Chitinophagales;f__Saprospiraceae;g__JADKBO01;s__	ANI	classification based on placement in class-level tree	GCA_017987975.1, s__JADKBO01 sp017987975, 95.0, 77.09, 0.045; GCA_016717655.1, s__JADKBO01 sp016717655, 95.0, 76.89, 0.045; GCA_016715465.1, s__JADKBO01 sp016715465, 95.0, 76.51, 0.051; GCA_016715105.1, s__JADKBO01 sp016715105, 95.0, 75.91, 0.037; GCA_022844565.1, s__JADKBO01 sp022844565, 95.0, 75.74, 0.034; GCA_020436935.1, s__JADKBO01 sp020436935, 95.0, 75.4, 0.03	74.64	11	0.93484	N/A
R11_EKDN230028439-1A_HKTC2DSX7_L3.54	d__Bacteria;p__Pseudomonadota;c__Gammaproteobacteria;o__Burkholderiales;f__Burkholderiaceae_B;g__Rubrivivax;s__	N/A	N/A	N/A	N/A	N/A	GCA_024641925.1	95.0	d__Bacteria;p__Pseudomonadota;c__Gammaproteobacteria;o__Burkholderiales;f__Burkholderiaceae_B;g__Rubrivivax;s__Rubrivivax sp024641925	80.61	0.502	d__Bacteria;p__Pseudomonadota;c__Gammaproteobacteria;o__Burkholderiales;f__Burkholderiaceae_B;g__Rubrivivax;s__	taxonomic classification defined by topology and ANI	classification based on placement in class-level tree	GCA_022842305.1, s__Rubrivivax sp022842305, 95.0, 80.07, 0.424; GCF_004016505.1, s__Rubrivivax rivuli, 95.0, 79.97, 0.448; GCA_001295905.1, s__Rubrivivax sp001295905, 95.0, 79.85, 0.456; GCA_001295865.1, s__Rubrivivax sp001295865, 95.0, 79.79, 0.469; GCA_016704535.1, s__Rubrivivax sp016704535, 95.0, 79.54, 0.431; GCA_016709385.1, s__Rubrivivax sp016709385, 95.0, 79.53, 0.415; GCA_013822265.1, s__Rubrivivax sp013822265, 95.0, 79.44, 0.46; GCA_903914615.1, s__Rubrivivax sp903914615, 95.0, 79.39, 0.415; GCF_904426505.1, s__Rubrivivax sp904426505, 95.0, 79.35, 0.441; GCA_014859905.1, s__Rubrivivax sp014859905, 95.0, 79.34, 0.313; GCA_903828235.1, s__Rubrivivax sp903828235, 95.0, 79.28, 0.453; GCA_011391855.1, s__Rubrivivax sp011391855, 95.0, 79.27, 0.484; GCA_022842595.1, s__Rubrivivax sp022842595, 95.0, 79.23, 0.414; GCA_020248945.1, s__Rubrivivax sp020248945, 95.0, 79.17, 0.463; GCA_023657425.1, s__Rubrivivax sp023657425, 95.0, 79.11, 0.459; GCA_020720385.1, s__Rubrivivax sp020720385, 95.0, 79.1, 0.502; GCA_016707445.1, s__Rubrivivax sp016707445, 95.0, 79.02, 0.378; GCA_016790395.1, s__Rubrivivax sp016790395, 95.0, 78.95, 0.461; GCA_903822435.1, s__Rubrivivax sp903822435, 95.0, 78.92, 0.386; GCA_016719535.1, s__Rubrivivax sp016719535, 95.0, 78.9, 0.44; GCA_018780805.1, s__Rubrivivax sp018780805, 95.0, 78.88, 0.416; GCA_020161065.1, s__Rubrivivax sp020161065, 95.0, 78.86, 0.468; GCA_019635315.1, s__Rubrivivax sp019635315, 95.0, 78.81, 0.44; GCA_022843905.1, s__Rubrivivax sp022843905, 95.0, 78.76, 0.412; GCA_903938815.1, s__Rubrivivax sp903938815, 95.0, 78.71, 0.362; GCA_001464055.1, s__Rubrivivax sp001464055, 95.0, 78.69, 0.386; GCF_004016515.1, s__Rubrivivax albus, 95.0, 78.51, 0.391; GCA_024235855.1, s__Rubrivivax sp024235855, 95.0, 78.5, 0.397; GCA_022842825.1, s__Rubrivivax sp022842825, 95.0, 78.42, 0.354; GCA_021300575.1, s__Rubrivivax sp021300575, 95.0, 78.33, 0.348; GCA_016790225.1, s__Rubrivivax sp016790225, 95.0, 78.31, 0.317; GCA_016789865.1, s__Rubrivivax sp016789865, 95.0, 78.3, 0.375; GCA_016788525.1, s__Rubrivivax sp016788525, 95.0, 78.3, 0.348; GCA_021298085.1, s__Rubrivivax sp021298085, 95.0, 78.28, 0.323; GCA_001725505.1, s__Rubrivivax sp001725505, 95.0, 78.27, 0.366; GCA_018971105.1, s__Rubrivivax sp018971105, 95.0, 78.25, 0.331; GCA_024235915.1, s__Rubrivivax sp024235915, 95.0, 78.2, 0.36; GCF_000190375.1, s__Rubrivivax benzoatilyticus, 95.0, 78.19, 0.386; GCA_016223165.1, s__Rubrivivax sp016223165, 95.0, 78.15, 0.409; GCF_000284255.1, s__Rubrivivax gelatinosus_A, 95.0, 78.13, 0.354; GCA_020248915.1, s__Rubrivivax sp020248915, 95.0, 78.07, 0.383; GCF_016583785.1, s__Rubrivivax gelatinosus_B, 95.0, 78.07, 0.343; GCF_004340905.1, s__Rubrivivax gelatinosus, 95.0, 78.01, 0.354; GCA_903885585.1, s__Rubrivivax sp903885585, 95.0, 78.0, 0.304; GCA_016716535.1, s__Rubrivivax sp016716535, 95.0, 78.0, 0.362; GCA_016790425.1, s__Rubrivivax sp016790425, 95.0, 77.95, 0.364; GCA_021297985.1, s__Rubrivivax sp021297985, 95.0, 77.83, 0.325; GCA_001724995.1, s__Rubrivivax sp001724995, 95.0, 77.82, 0.347; GCA_016790435.1, s__Rubrivivax sp016790435, 95.0, 77.81, 0.291; GCA_020851615.1, s__Rubrivivax sp020851615, 95.0, 77.79, 0.367; GCA_016789955.1, s__Rubrivivax sp016789955, 95.0, 77.76, 0.329; GCA_020852865.1, s__Rubrivivax sp020852865, 95.0, 77.75, 0.353; GCA_018241895.1, s__Rubrivivax sp018241895, 95.0, 77.7, 0.363; GCA_024641945.1, s__Rubrivivax sp024641945, 95.0, 77.62, 0.295; GCA_024235895.1, s__Rubrivivax sp011525985, 95.0, 77.46, 0.317; GCA_903876715.1, s__Rubrivivax sp903876715, 95.0, 77.16, 0.25; GCA_016191995.1, s__Rubrivivax sp016191995, 95.0, 77.15, 0.292; GCA_903834645.1, s__Rubrivivax sp903834645, 95.0, 77.03, 0.317; GCA_009923895.1, s__Rubrivivax sp009923895, 95.0, 77.02, 0.285	91.64	11	0.98253	Genome not assigned to closest species as it falls outside its pre-defined ANI radius
R11_EKDN230028439-1A_HKTC2DSX7_L3.55	d__Bacteria;p__Bacillota;c__Bacilli;o__Bacillales_D;f__Alkalibacillaceae;g__Allobacillus;s__Allobacillus halotolerans	GCF_018967645.1	95.0	d__Bacteria;p__Bacillota;c__Bacilli;o__Bacillales_D;f__Alkalibacillaceae;g__Allobacillus;s__Allobacillus halotolerans	99.98	0.983	N/A	N/A	N/A	N/A	N/A	N/A	ani_screen	classification based on ANI only	N/A	N/A	N/A	N/A	N/A
R11_EKDN230028439-1A_HKTC2DSX7_L3.57	d__Bacteria;p__Pseudomonadota;c__Gammaproteobacteria;o__Burkholderiales;f__Burkholderiaceae_A;g__;s__	N/A	N/A	N/A	N/A	N/A	N/A	N/A	N/A	N/A	N/A	d__Bacteria;p__Pseudomonadota;c__Gammaproteobacteria;o__Burkholderiales;f__Burkholderiaceae_A;g__;s__	taxonomic classification fully defined by topology	classification based on placement in class-level tree	N/A	71.44	11	0.87926	N/A
R11_EKDN230028439-1A_HKTC2DSX7_L3.72	d__Bacteria;p__Bacteroidota;c__Bacteroidia;o__Flavobacteriales;f__PHOS-HE28;g__PHOS-HE28;s__	N/A	N/A	N/A	N/A	N/A	GCA_020854015.1	95.0	d__Bacteria;p__Bacteroidota;c__Bacteroidia;o__Flavobacteriales;f__PHOS-HE28;g__PHOS-HE28;s__PHOS-HE28 sp020854015	89.05	0.64	d__Bacteria;p__Bacteroidota;c__Bacteroidia;o__Flavobacteriales;f__PHOS-HE28;g__PHOS-HE28;s__	taxonomic classification defined by topology and ANI	classification based on placement in class-level tree	GCA_016721825.1, s__PHOS-HE28 sp016721825, 95.0, 89.12, 0.811; GCA_016788485.1, s__PHOS-HE28 sp016788485, 95.0, 80.97, 0.573; GCA_016788285.1, s__PHOS-HE28 sp016788285, 95.0, 79.66, 0.394; GCA_018267055.1, s__PHOS-HE28 sp018267055, 95.0, 79.66, 0.44; GCA_016713875.1, s__PHOS-HE28 sp016713875, 95.0, 79.62, 0.429; GCA_945872795.1, s__PHOS-HE28 sp945872795, 95.0, 79.61, 0.368; GCA_016715895.1, s__PHOS-HE28 sp016715895, 95.0, 79.59, 0.436; GCA_020635725.1, s__PHOS-HE28 sp020635725, 95.0, 79.52, 0.343; GCA_016718655.1, s__PHOS-HE28 sp016718655, 95.0, 79.51, 0.325; GCA_014584605.1, s__PHOS-HE28 sp014584605, 95.0, 79.29, 0.377; GCA_013360395.1, s__PHOS-HE28 sp013360395, 95.0, 79.25, 0.372; GCA_020847755.1, s__PHOS-HE28 sp020847755, 95.0, 79.23, 0.389; GCA_019638115.1, s__PHOS-HE28 sp019638115, 95.0, 79.18, 0.338; GCA_016788635.1, s__PHOS-HE28 sp016788635, 95.0, 79.04, 0.345; GCA_019638075.1, s__PHOS-HE28 sp019638075, 95.0, 79.02, 0.302; GCA_016788295.1, s__PHOS-HE28 sp016788295, 95.0, 79.01, 0.358; GCA_016705545.1, s__PHOS-HE28 sp016705545, 95.0, 78.96, 0.321; GCA_016699575.1, s__PHOS-HE28 sp016699575, 95.0, 78.88, 0.328; GCA_016712535.1, s__PHOS-HE28 sp016712535, 95.0, 78.86, 0.332; GCA_020635695.1, s__PHOS-HE28 sp020635695, 95.0, 78.84, 0.308; GCA_016715995.1, s__PHOS-HE28 sp016715995, 95.0, 78.81, 0.317; GCA_002342985.1, s__PHOS-HE28 sp002342985, 95.0, 78.8, 0.322; GCA_016712025.1, s__PHOS-HE28 sp016712025, 95.0, 78.77, 0.312; GCA_020635715.1, s__PHOS-HE28 sp020635715, 95.0, 78.77, 0.295; GCA_016716605.1, s__PHOS-HE28 sp016716605, 95.0, 78.75, 0.311; GCA_002482775.1, s__PHOS-HE28 sp002482775, 95.0, 78.75, 0.328; GCA_016710965.1, s__PHOS-HE28 sp016710965, 95.0, 78.75, 0.306; GCA_002360495.1, s__PHOS-HE28 sp002360495, 95.0, 78.71, 0.277; GCA_016713865.1, s__PHOS-HE28 sp016713865, 95.0, 78.7, 0.298; GCA_016702645.1, s__PHOS-HE28 sp016702645, 95.0, 78.63, 0.306; GCA_902826215.1, s__PHOS-HE28 sp902826215, 95.0, 78.62, 0.254; GCA_008016945.1, s__PHOS-HE28 sp008016945, 95.0, 78.6, 0.26; GCA_016703105.1, s__PHOS-HE28 sp016703105, 95.0, 78.6, 0.329; GCA_016717225.1, s__PHOS-HE28 sp016717225, 95.0, 78.59, 0.23; GCA_016788205.1, s__PHOS-HE28 sp016788205, 95.0, 78.57, 0.307; GCA_016787995.1, s__PHOS-HE28 sp016787995, 95.0, 78.57, 0.221; GCA_016787985.1, s__PHOS-HE28 sp016787985, 95.0, 78.52, 0.226; GCA_020848295.1, s__PHOS-HE28 sp020848295, 95.0, 78.5, 0.202; GCA_018267155.1, s__PHOS-HE28 sp018267155, 95.0, 78.42, 0.264; GCA_017998165.1, s__PHOS-HE28 sp017998165, 95.0, 78.38, 0.263; GCA_016700415.1, s__PHOS-HE28 sp002396605, 95.0, 78.37, 0.272; GCA_023382455.1, s__PHOS-HE28 sp023382455, 95.0, 78.34, 0.294; GCA_020437875.1, s__PHOS-HE28 sp020437875, 95.0, 78.33, 0.213; GCA_018057455.1, s__PHOS-HE28 sp018057455, 95.0, 78.31, 0.289; GCA_016705955.1, s__PHOS-HE28 sp016705955, 95.0, 78.31, 0.268; GCA_018266475.1, s__PHOS-HE28 sp018266475, 95.0, 78.29, 0.273; GCA_020635655.1, s__PHOS-HE28 sp020635655, 95.0, 78.27, 0.208; GCA_016788405.1, s__PHOS-HE28 sp016788405, 95.0, 78.25, 0.243; GCA_017987895.1, s__PHOS-HE28 sp017987895, 95.0, 78.24, 0.294; GCA_016703005.1, s__PHOS-HE28 sp016703005, 95.0, 78.23, 0.239; GCA_023428865.1, s__PHOS-HE28 sp023428865, 95.0, 78.23, 0.226; GCA_020852835.1, s__PHOS-HE28 sp020852835, 95.0, 78.2, 0.274; GCA_018266685.1, s__PHOS-HE28 sp018266685, 95.0, 78.19, 0.242; GCA_016721005.1, s__PHOS-HE28 sp016721005, 95.0, 78.17, 0.277; GCA_024103275.1, s__PHOS-HE28 sp024103275, 95.0, 78.04, 0.255; GCA_018267065.1, s__PHOS-HE28 sp018267065, 95.0, 78.01, 0.224; GCA_019912395.1, s__PHOS-HE28 sp019912395, 95.0, 77.9, 0.277; GCA_023957375.1, s__PHOS-HE28 sp023957375, 95.0, 77.88, 0.268; GCA_902825795.1, s__PHOS-HE28 sp902825795, 95.0, 77.85, 0.242; GCA_016710015.1, s__PHOS-HE28 sp016710015, 95.0, 77.76, 0.217; GCA_016710685.1, s__PHOS-HE28 sp016710685, 95.0, 77.7, 0.2; GCA_020635675.1, s__PHOS-HE28 sp020635675, 95.0, 77.69, 0.25; GCA_016719225.1, s__PHOS-HE28 sp016719225, 95.0, 77.67, 0.186; GCA_024640205.1, s__PHOS-HE28 sp024640205, 95.0, 77.61, 0.144; GCA_020437805.1, s__PHOS-HE28 sp020437805, 95.0, 77.39, 0.161; GCA_019638085.1, s__PHOS-HE28 sp019638085, 95.0, 77.35, 0.229; GCA_023412755.1, s__PHOS-HE28 sp023412755, 95.0, 77.28, 0.12; GCA_016717305.1, s__PHOS-HE28 sp016717305, 95.0, 77.12, 0.155; GCA_023430325.1, s__PHOS-HE28 sp023430325, 95.0, 76.87, 0.108; GCA_023430945.1, s__PHOS-HE28 sp023430945, 95.0, 76.86, 0.12; GCA_020437905.1, s__PHOS-HE28 sp020437905, 95.0, 76.78, 0.134; GCA_023418095.1, s__PHOS-HE28 sp023418095, 95.0, 76.7, 0.13; GCA_016704485.1, s__PHOS-HE28 sp016704485, 95.0, 76.52, 0.057; GCA_017987115.1, s__PHOS-HE28 sp017987115, 95.0, 76.42, 0.064	81.67	11	0.99107	Genome not assigned to closest species as it falls outside its pre-defined ANI radius
R11_EKDN230028439-1A_HKTC2DSX7_L3.83	d__Bacteria;p__Pseudomonadota;c__Alphaproteobacteria;o__Rhizobiales;f__Aestuariivirgaceae;g__Aestuariivirga;s__	N/A	N/A	N/A	N/A	N/A	GCA_020029455.1	95.0	d__Bacteria;p__Pseudomonadota;c__Alphaproteobacteria;o__Rhizobiales;f__Aestuariivirgaceae;g__Aestuariivirga;s__Aestuariivirga sp020029455	76.15	0.102	d__Bacteria;p__Pseudomonadota;c__Alphaproteobacteria;o__Rhizobiales;f__Aestuariivirgaceae;g__Aestuariivirga;s__	taxonomic classification defined by topology and ANI	classification based on placement in class-level tree	GCF_015714715.1, s__Aestuariivirga litoralis_A, 95.0, 76.51, 0.114; GCA_016710435.1, s__Aestuariivirga sp016710435, 95.0, 76.32, 0.138; GCA_016792865.1, s__Aestuariivirga sp016792865, 95.0, 76.31, 0.11; GCA_003151375.1, s__Aestuariivirga sp003151375, 95.0, 76.23, 0.071; GCA_016792825.1, s__Aestuariivirga sp016792825, 95.0, 76.21, 0.078; GCA_902826365.1, s__Aestuariivirga sp902826365, 95.0, 76.2, 0.084; GCA_020161855.1, s__Aestuariivirga sp020161855, 95.0, 76.18, 0.091; GCA_009885825.1, s__Aestuariivirga sp009885825, 95.0, 76.06, 0.077; GCA_903930095.1, s__Aestuariivirga sp903930095, 95.0, 76.05, 0.048; GCA_012032065.1, s__Aestuariivirga sp012032065, 95.0, 75.99, 0.066; GCA_020252405.1, s__Aestuariivirga sp020252405, 95.0, 75.99, 0.061; GCA_016185245.1, s__Aestuariivirga sp016185245, 95.0, 75.97, 0.04; GCA_020252385.1, s__Aestuariivirga sp020252385, 95.0, 75.89, 0.056; GCA_020441605.1, s__Aestuariivirga sp020441605, 95.0, 75.74, 0.045; GCA_022842165.1, s__Aestuariivirga sp022842165, 95.0, 75.68, 0.066; GCA_945889445.1, s__Aestuariivirga sp945889445, 95.0, 75.66, 0.061; GCF_003234965.1, s__Aestuariivirga litoralis, 95.0, 75.63, 0.065; GCA_900298995.1, s__Aestuariivirga sp900298995, 95.0, 75.57, 0.052; GCA_023266715.1, s__Aestuariivirga sp023266715, 95.0, 75.55, 0.059; GCA_020252395.1, s__Aestuariivirga sp020252395, 95.0, 75.53, 0.065; GCA_014380505.1, s__Aestuariivirga sp014380505, 95.0, 75.2, 0.042	80.24	11	0.96349	N/A
R12_EKDN230028440-1A_HKTC2DSX7_L3.16	d__Bacteria;p__Pseudomonadota;c__Alphaproteobacteria;o__Sphingomonadales;f__Sphingomonadaceae;g__Aquisediminimonas;s__	N/A	N/A	N/A	N/A	N/A	GCA_002478575.1	95.0	d__Bacteria;p__Pseudomonadota;c__Alphaproteobacteria;o__Sphingomonadales;f__Sphingomonadaceae;g__Aquisediminimonas;s__Aquisediminimonas sp002478575	76.62	0.142	d__Bacteria;p__Pseudomonadota;c__Alphaproteobacteria;o__Sphingomonadales;f__Sphingomonadaceae;g__Aquisediminimonas;s__	taxonomic classification defined by topology and ANI	classification based on placement in class-level tree	GCA_016714795.1, s__Aquisediminimonas sp016714795, 95.0, 77.17, 0.18; GCA_016704425.1, s__Aquisediminimonas sp016704425, 95.0, 77.14, 0.108; GCA_009923795.1, s__Aquisediminimonas sp009923795, 95.0, 77.13, 0.12; GCA_903839675.1, s__Aquisediminimonas sp903839675, 95.0, 76.94, 0.138; GCA_945860425.1, s__Aquisediminimonas paucimobilis_A, 95.0, 76.9, 0.122; GCA_005518185.1, s__Aquisediminimonas godavariana, 95.0, 76.87, 0.156; GCA_903958285.1, s__Aquisediminimonas sp903958285, 95.0, 76.8, 0.156; GCF_019443285.1, s__Aquisediminimonas profunda, 95.0, 76.72, 0.094; GCA_024645025.1, s__Aquisediminimonas sp024645025, 95.0, 76.65, 0.123; GCA_009920915.1, s__Aquisediminimonas sp009920915, 95.0, 76.61, 0.114; GCA_018970965.1, s__Aquisediminimonas sp018970965, 95.0, 76.22, 0.1	86.63	11	0.94782	N/A
R12_EKDN230028440-1A_HKTC2DSX7_L3.18	d__Bacteria;p__Pseudomonadota;c__Gammaproteobacteria;o__Burkholderiales;f__Burkholderiaceae_B;g__Aquabacterium;s__	N/A	N/A	N/A	N/A	N/A	N/A	N/A	N/A	N/A	N/A	d__Bacteria;p__Pseudomonadota;c__Gammaproteobacteria;o__Burkholderiales;f__Burkholderiaceae_B;g__Aquabacterium;s__	ANI	classification based on placement in class-level tree	GCF_004310865.1, s__Aquabacterium lacunae, 95.0, 79.41, 0.457; GCF_000768065.1, s__Aquabacterium sp000768065, 95.0, 79.33, 0.44; GCF_004362855.1, s__Aquabacterium commune, 95.0, 79.21, 0.395; GCA_023266355.1, s__Aquabacterium sp903894125, 95.6, 79.13, 0.388; GCA_016195855.1, s__Aquabacterium sp016195855, 95.0, 79.12, 0.445; GCA_001770725.1, s__Aquabacterium sp001770725, 95.0, 79.07, 0.414; GCA_013822685.1, s__Aquabacterium sp013822685, 95.0, 79.01, 0.405; GCF_003933735.1, s__Aquabacterium soli, 95.0, 78.99, 0.447; GCA_019112875.1, s__Aquabacterium excrementipullorum, 95.0, 78.96, 0.421; GCF_009909205.1, s__Aquabacterium fontiphilum, 95.0, 78.93, 0.347; GCA_001770775.1, s__Aquabacterium sp001770775, 95.0, 78.87, 0.375; GCA_005502875.1, s__Aquabacterium sp005502875, 95.0, 78.87, 0.381; GCF_001447195.1, s__Aquabacterium parvum, 95.0, 78.84, 0.399; GCA_017989885.1, s__Aquabacterium sp017989885, 95.0, 78.83, 0.289; GCA_003963115.1, s__Aquabacterium sp003963115, 95.0, 78.82, 0.399; GCF_003100395.1, s__Aquabacterium olei, 95.0, 78.76, 0.352; GCA_943908475.1, s__Aquabacterium sp943908475, 95.0, 78.76, 0.373; GCA_002339015.1, s__Aquabacterium sp002339015, 95.0, 78.74, 0.424; GCA_022566735.1, s__Aquabacterium sp022566735, 95.0, 78.71, 0.397; GCA_016185075.1, s__Aquabacterium sp016185075, 95.0, 78.67, 0.313; GCF_918741295.1, s__Aquabacterium sp918741295, 95.0, 78.67, 0.416; GCA_021819435.1, s__Aquabacterium sp021819435, 95.0, 78.61, 0.388; GCA_021768455.1, s__Aquabacterium sp021768455, 95.0, 78.6, 0.373; GCA_017994835.1, s__Aquabacterium sp017994835, 95.0, 78.55, 0.335; GCA_014378415.1, s__Aquabacterium sp014378415, 95.0, 78.49, 0.354; GCA_913773725.1, s__Aquabacterium sp913773725, 95.0, 78.48, 0.338; GCA_016234775.1, s__Aquabacterium sp016234775, 95.0, 78.47, 0.393; GCA_016000265.1, s__Aquabacterium sp016000265, 95.0, 78.46, 0.38; GCA_004297345.1, s__Aquabacterium sp004297345, 95.0, 78.36, 0.356; GCA_903871865.1, s__Aquabacterium sp903871865, 95.6, 77.94, 0.222; GCA_004322345.1, s__Aquabacterium sp004322345, 95.0, 77.83, 0.222; GCA_016219375.1, s__Aquabacterium sp016219375, 95.0, 77.82, 0.297	79.96	11	0.96731	N/A
R12_EKDN230028440-1A_HKTC2DSX7_L3.20	d__Bacteria;p__Pseudomonadota;c__Alphaproteobacteria;o__Rhizobiales;f__Aestuariivirgaceae;g__Aestuariivirga;s__	N/A	N/A	N/A	N/A	N/A	GCA_020029455.1	95.0	d__Bacteria;p__Pseudomonadota;c__Alphaproteobacteria;o__Rhizobiales;f__Aestuariivirgaceae;g__Aestuariivirga;s__Aestuariivirga sp020029455	76.25	0.11	d__Bacteria;p__Pseudomonadota;c__Alphaproteobacteria;o__Rhizobiales;f__Aestuariivirgaceae;g__Aestuariivirga;s__	taxonomic classification defined by topology and ANI	classification based on placement in class-level tree	GCA_016792825.1, s__Aestuariivirga sp016792825, 95.0, 76.56, 0.085; GCF_015714715.1, s__Aestuariivirga litoralis_A, 95.0, 76.51, 0.11; GCA_016792865.1, s__Aestuariivirga sp016792865, 95.0, 76.49, 0.113; GCA_016185245.1, s__Aestuariivirga sp016185245, 95.0, 76.48, 0.044; GCA_009885825.1, s__Aestuariivirga sp009885825, 95.0, 76.37, 0.08; GCA_016710435.1, s__Aestuariivirga sp016710435, 95.0, 76.34, 0.132; GCA_902826365.1, s__Aestuariivirga sp902826365, 95.0, 76.31, 0.098; GCA_020161855.1, s__Aestuariivirga sp020161855, 95.0, 76.26, 0.092; GCA_020252405.1, s__Aestuariivirga sp020252405, 95.0, 76.23, 0.063; GCA_020252385.1, s__Aestuariivirga sp020252385, 95.0, 76.17, 0.063; GCA_903930095.1, s__Aestuariivirga sp903930095, 95.0, 76.12, 0.056; GCA_012032065.1, s__Aestuariivirga sp012032065, 95.0, 76.05, 0.076; GCA_022842165.1, s__Aestuariivirga sp022842165, 95.0, 76.05, 0.073; GCA_020252395.1, s__Aestuariivirga sp020252395, 95.0, 75.99, 0.061; GCA_945889445.1, s__Aestuariivirga sp945889445, 95.0, 75.97, 0.069; GCA_014380505.1, s__Aestuariivirga sp014380505, 95.0, 75.94, 0.047; GCA_003151375.1, s__Aestuariivirga sp003151375, 95.0, 75.93, 0.073; GCA_020441605.1, s__Aestuariivirga sp020441605, 95.0, 75.84, 0.05; GCA_023266715.1, s__Aestuariivirga sp023266715, 95.0, 75.8, 0.064; GCF_003234965.1, s__Aestuariivirga litoralis, 95.0, 75.78, 0.076; GCA_900298995.1, s__Aestuariivirga sp900298995, 95.0, 75.7, 0.054	81.77	11	0.9628	N/A
R12_EKDN230028440-1A_HKTC2DSX7_L3.29	d__Bacteria;p__Armatimonadota;c__Armatimonadia;o__Armatimonadales;f__Armatimonadaceae;g__;s__	N/A	N/A	N/A	N/A	N/A	GCF_014202505.1	95.0	d__Bacteria;p__Armatimonadota;c__Armatimonadia;o__Armatimonadales;f__Armatimonadaceae;g__Armatimonas;s__Armatimonas rosea	76.43	0.181	d__Bacteria;p__Armatimonadota;c__Armatimonadia;o__Armatimonadales;f__Armatimonadaceae;g__;s__	taxonomic classification defined by topology and ANI	classification based on placement in class-level tree	N/A	66.08	11	0.81849	N/A
R12_EKDN230028440-1A_HKTC2DSX7_L3.30	d__Bacteria;p__Pseudomonadota;c__Gammaproteobacteria;o__Burkholderiales;f__Burkholderiaceae_B;g__Aquabacterium;s__	N/A	N/A	N/A	N/A	N/A	N/A	N/A	N/A	N/A	N/A	d__Bacteria;p__Pseudomonadota;c__Gammaproteobacteria;o__Burkholderiales;f__Burkholderiaceae_B;g__Aquabacterium;s__	ANI	classification based on placement in class-level tree	GCF_004362855.1, s__Aquabacterium commune, 95.0, 78.48, 0.283; GCA_016195855.1, s__Aquabacterium sp016195855, 95.0, 78.24, 0.283; GCA_023266355.1, s__Aquabacterium sp903894125, 95.6, 78.19, 0.251; GCA_021768455.1, s__Aquabacterium sp021768455, 95.0, 78.18, 0.244; GCA_001770725.1, s__Aquabacterium sp001770725, 95.0, 78.17, 0.246; GCA_001770775.1, s__Aquabacterium sp001770775, 95.0, 78.16, 0.248; GCF_003933735.1, s__Aquabacterium soli, 95.0, 78.13, 0.3; GCF_000768065.1, s__Aquabacterium sp000768065, 95.0, 78.13, 0.291; GCA_005502875.1, s__Aquabacterium sp005502875, 95.0, 78.12, 0.253; GCA_016185075.1, s__Aquabacterium sp016185075, 95.0, 78.08, 0.201; GCF_001447195.1, s__Aquabacterium parvum, 95.0, 78.07, 0.259; GCA_016234775.1, s__Aquabacterium sp016234775, 95.0, 78.05, 0.257; GCF_918741295.1, s__Aquabacterium sp918741295, 95.0, 78.04, 0.29; GCA_016000265.1, s__Aquabacterium sp016000265, 95.0, 78.02, 0.252; GCA_017994835.1, s__Aquabacterium sp017994835, 95.0, 78.0, 0.232; GCA_021819435.1, s__Aquabacterium sp021819435, 95.0, 77.95, 0.234; GCF_004310865.1, s__Aquabacterium lacunae, 95.0, 77.95, 0.3; GCA_013822685.1, s__Aquabacterium sp013822685, 95.0, 77.95, 0.267; GCA_943908475.1, s__Aquabacterium sp943908475, 95.0, 77.93, 0.28; GCF_003100395.1, s__Aquabacterium olei, 95.0, 77.92, 0.235; GCA_003963115.1, s__Aquabacterium sp003963115, 95.0, 77.9, 0.255; GCA_014378415.1, s__Aquabacterium sp014378415, 95.0, 77.88, 0.27; GCF_009909205.1, s__Aquabacterium fontiphilum, 95.0, 77.86, 0.236; GCA_017989885.1, s__Aquabacterium sp017989885, 95.0, 77.85, 0.262; GCA_002339015.1, s__Aquabacterium sp002339015, 95.0, 77.8, 0.267; GCA_004297345.1, s__Aquabacterium sp004297345, 95.0, 77.78, 0.235; GCA_022566735.1, s__Aquabacterium sp022566735, 95.0, 77.76, 0.24; GCA_019112875.1, s__Aquabacterium excrementipullorum, 95.0, 77.69, 0.279; GCA_913773725.1, s__Aquabacterium sp913773725, 95.0, 77.55, 0.212; GCA_903871865.1, s__Aquabacterium sp903871865, 95.6, 77.41, 0.154; GCA_004322345.1, s__Aquabacterium sp004322345, 95.0, 77.02, 0.125; GCA_016219375.1, s__Aquabacterium sp016219375, 95.0, 77.01, 0.158	90.69	11	0.96918	N/A
R12_EKDN230028440-1A_HKTC2DSX7_L3.4	d__Bacteria;p__Bacillota;c__Bacilli;o__Bacillales_D;f__Alkalibacillaceae;g__Allobacillus;s__Allobacillus halotolerans	GCF_018967645.1	95.0	d__Bacteria;p__Bacillota;c__Bacilli;o__Bacillales_D;f__Alkalibacillaceae;g__Allobacillus;s__Allobacillus halotolerans	99.98	0.973	N/A	N/A	N/A	N/A	N/A	N/A	ani_screen	classification based on ANI only	N/A	N/A	N/A	N/A	N/A
R12_EKDN230028440-1A_HKTC2DSX7_L3.40	d__Bacteria;p__Actinomycetota;c__Acidimicrobiia;o__Acidimicrobiales;f__Ilumatobacteraceae;g__;s__	N/A	N/A	N/A	N/A	N/A	N/A	N/A	N/A	N/A	N/A	d__Bacteria;p__Actinomycetota;c__Acidimicrobiia;o__Acidimicrobiales;f__Ilumatobacteraceae;g__;s__	taxonomic novelty determined using RED	classification based on placement in class-level tree	N/A	84.47	11	0.81488	N/A
R12_EKDN230028440-1A_HKTC2DSX7_L3.60	d__Bacteria;p__Pseudomonadota;c__Alphaproteobacteria;o__Sphingomonadales;f__Sphingomonadaceae;g__Novosphingobium;s__	N/A	N/A	N/A	N/A	N/A	N/A	N/A	N/A	N/A	N/A	d__Bacteria;p__Pseudomonadota;c__Alphaproteobacteria;o__Sphingomonadales;f__Sphingomonadaceae;g__Novosphingobium;s__	taxonomic classification defined by topology and ANI	classification based on placement in class-level tree	GCA_013822005.1, s__Novosphingobium sp013822005, 95.0, 87.4, 0.736; GCA_018334165.1, s__Novosphingobium sp018334165, 95.0, 87.19, 0.708; GCA_020852455.1, s__Novosphingobium sp020852455, 95.0, 83.84, 0.773; GCA_002440635.1, s__Novosphingobium sp002440635, 95.0, 81.91, 0.644; GCA_017302615.1, s__Novosphingobium sp017302615, 95.0, 81.32, 0.589; GCA_013141325.1, s__Novosphingobium sp013141325, 95.0, 80.56, 0.567; GCA_016719755.1, s__Novosphingobium sp016719755, 95.0, 80.54, 0.55; GCF_002198665.1, s__Novosphingobium sp002198665, 95.0, 80.5, 0.601; GCA_015657645.1, s__Novosphingobium sp015657645, 95.0, 80.44, 0.48; GCA_024236215.1, s__Novosphingobium sp024236215, 95.0, 80.42, 0.556; GCA_002454125.1, s__Novosphingobium sp002454125, 95.0, 79.95, 0.526; GCA_021299075.1, s__Novosphingobium sp021299075, 95.0, 79.92, 0.501; GCA_017987575.1, s__Novosphingobium sp017987575, 95.0, 79.85, 0.54; GCA_009926135.1, s__Novosphingobium sp009926135, 95.0, 79.82, 0.503; GCA_009885425.1, s__Novosphingobium sp009885425, 95.0, 79.78, 0.616; GCF_014652615.1, s__Novosphingobium arvoryzae, 95.0, 79.73, 0.529; GCF_007954425.1, s__Novosphingobium ginsenosidimutans, 95.0, 79.64, 0.508; GCF_002813245.1, s__Novosphingobium kunmingense, 95.0, 79.58, 0.479; GCA_018241045.1, s__Novosphingobium sp018241045, 95.0, 79.54, 0.407; GCA_018240895.1, s__Novosphingobium sp018240895, 95.0, 79.13, 0.433; GCA_018242165.1, s__Novosphingobium sp018242165, 95.0, 78.96, 0.43; GCF_014230355.1, s__Novosphingobium piscinae, 95.0, 78.85, 0.376; GCF_014230305.1, s__Novosphingobium aerophilum, 95.0, 78.71, 0.4; GCF_002855555.1, s__Novosphingobium sp002855555, 95.0, 78.68, 0.38; GCF_001590965.1, s__Novosphingobium lentum, 95.0, 78.55, 0.394; GCA_024642085.1, s__Novosphingobium sp024642085, 95.0, 78.54, 0.383; GCA_020848655.1, s__Novosphingobium sp020848655, 95.0, 78.53, 0.343; GCF_014230315.1, s__Novosphingobium flavum, 95.0, 78.53, 0.378; GCF_001014975.1, s__Novosphingobium sp002336885, 95.0, 78.5, 0.361; GCF_020179425.1, s__Novosphingobium percolationis, 95.0, 78.43, 0.382; GCF_020179475.1, s__Novosphingobium huizhouense, 95.0, 78.39, 0.386; GCA_017302775.1, s__Novosphingobium sp017302775, 95.0, 78.37, 0.295; GCA_001725355.1, s__Novosphingobium sp001725355, 95.0, 78.33, 0.347; GCF_012927405.1, s__Novosphingobium olei, 95.0, 78.27, 0.341; GCF_005145025.1, s__Novosphingobium sp005145025, 95.0, 78.24, 0.394; GCF_014652555.1, s__Novosphingobium colocasiae, 95.0, 78.21, 0.331; GCF_014652855.1, s__Novosphingobium pokkalii, 95.0, 78.19, 0.348; GCF_009707465.1, s__Novosphingobium sp009707465, 95.0, 78.17, 0.346; GCF_019075875.1, s__Novosphingobium sp019075875, 95.0, 78.17, 0.355; GCA_025153475.1, s__Novosphingobium sp025153475, 95.0, 78.16, 0.282; GCA_021782155.1, s__Novosphingobium sp021782155, 95.0, 78.15, 0.31; GCF_020404405.1, s__Novosphingobium sp020404405, 95.0, 78.14, 0.342; GCF_015694345.1, s__Novosphingobium jiangmenense, 95.0, 78.11, 0.343; GCF_001598375.1, s__Novosphingobium capsulatum, 95.0, 78.08, 0.336; GCA_023266625.1, s__Novosphingobium sp023266625, 95.0, 78.05, 0.307; GCA_019748365.1, s__Novosphingobium sp019748365, 95.0, 78.04, 0.328; GCA_015661825.1, s__Novosphingobium capsulatum_A, 95.0, 78.04, 0.289; GCF_000013325.1, s__Novosphingobium aromaticivorans, 95.0, 78.03, 0.305; GCA_004211435.1, s__Novosphingobium sp004211435, 95.0, 78.01, 0.337; GCA_013791705.1, s__Novosphingobium sp013791705, 95.0, 78.0, 0.286; GCF_012932495.1, s__Novosphingobium sp012932495, 95.0, 78.0, 0.344; GCF_002556635.1, s__Novosphingobium sp002556635, 95.0, 77.99, 0.304; GCF_007830315.1, s__Novosphingobium taihuense, 95.0, 77.98, 0.311; GCF_006874585.1, s__Novosphingobium sp006874585, 95.0, 77.93, 0.33; GCF_003454795.1, s__Novosphingobium sp003454795, 95.0, 77.92, 0.309; GCA_020200285.1, s__Novosphingobium sp020200285, 95.0, 77.91, 0.375; GCF_000445125.1, s__Novosphingobium lindaniclasticum, 95.0, 77.91, 0.262; GCF_004341845.1, s__Novosphingobium sp004341845, 95.0, 77.9, 0.318; GCA_018971065.1, s__Novosphingobium sp018971065, 95.0, 77.88, 0.325; GCF_900117425.1, s__Novosphingobium sp900117425, 95.0, 77.86, 0.35; GCA_945906105.1, s__Novosphingobium sp945906105, 95.0, 77.85, 0.307; GCA_903834285.1, s__Novosphingobium sp903834285, 95.0, 77.85, 0.277; GCF_000807925.1, s__Novosphingobium subterraneum, 95.0, 77.83, 0.315; GCF_900113255.1, s__Novosphingobium sp900113255, 95.0, 77.8, 0.317; GCF_021227995.1, s__Novosphingobium sp021227995, 95.0, 77.77, 0.305; GCA_019510335.1, s__Novosphingobium sp019510335, 95.0, 77.76, 0.261; GCF_001519075.1, s__Novosphingobium fuchskuhlense, 95.0, 77.75, 0.344; GCF_900168325.1, s__Novosphingobium mathurense, 95.0, 77.75, 0.275; GCF_007991615.1, s__Novosphingobium sediminis, 95.0, 77.74, 0.334; GCA_903970225.1, s__Novosphingobium sp903970225, 95.0, 77.73, 0.236; GCF_900176395.1, s__Novosphingobium sp900176395, 95.0, 77.73, 0.289; GCF_004342985.1, s__Novosphingobium sp004342985, 95.0, 77.72, 0.291; GCF_014204535.1, s__Novosphingobium chloroacetimidivorans, 95.0, 77.68, 0.296; GCA_903828025.1, s__Novosphingobium sp903828025, 95.0, 77.67, 0.265; GCF_009746585.1, s__Novosphingobium aquimarinum, 95.0, 77.65, 0.264; GCF_012275515.1, s__Novosphingobium sp001898925, 95.0, 77.64, 0.25; GCF_014640675.1, s__Novosphingobium endophyticum, 95.0, 77.64, 0.282; GCF_017163935.1, s__Novosphingobium sp017163935, 95.0, 77.63, 0.265; GCF_000767465.1, s__Novosphingobium pentaromativorans, 95.0, 77.63, 0.303; GCF_009909235.1, s__Novosphingobium ovatum, 95.0, 77.61, 0.265; GCF_013408095.1, s__Novosphingobium marinum, 95.0, 77.6, 0.196; GCF_902506425.1, s__Novosphingobium sp902506425, 95.0, 77.57, 0.263; GCA_945906005.1, s__Novosphingobium sp945906005, 95.0, 77.53, 0.236; GCF_001298105.1, s__Novosphingobium sp001298105, 95.0, 77.48, 0.301; GCA_024236175.1, s__Novosphingobium sp024236175, 95.0, 77.47, 0.264; GCF_001598555.1, s__Novosphingobium rosa, 95.0, 77.45, 0.282; GCF_012641335.1, s__Novosphingobium sp012641335, 95.0, 77.45, 0.273; GCA_903923465.1, s__Novosphingobium sp903923465, 95.0, 77.42, 0.22; GCF_014196525.1, s__Novosphingobium sediminicola, 95.0, 77.42, 0.272; GCF_014196615.1, s__Novosphingobium fluoreni, 95.0, 77.41, 0.237; GCF_000192575.1, s__Novosphingobium nitrogenifigens, 95.0, 77.35, 0.266; GCF_002916655.1, s__Novosphingobium sp002916655, 95.0, 77.33, 0.193; GCF_013149295.1, s__Novosphingobium sp013149295, 95.0, 77.33, 0.257; GCA_020446505.1, s__Novosphingobium sp020446505, 95.0, 77.17, 0.214; GCA_903911985.1, s__Novosphingobium sp903911985, 95.0, 77.05, 0.191; GCA_002336765.1, s__Novosphingobium sp002336765, 95.0, 77.04, 0.191; GCA_903858875.1, s__Novosphingobium sp903858875, 95.0, 76.92, 0.174; GCA_020446595.1, s__Novosphingobium sp020446595, 95.0, 76.88, 0.166; GCA_019090585.1, s__Novosphingobium sp019090585, 95.0, 76.71, 0.139; GCA_020446575.1, s__Novosphingobium sp020446575, 95.0, 76.42, 0.144	65.46	11	0.99154	Genome not assigned to closest species as it falls outside its pre-defined ANI radius
R12_EKDN230028440-1A_HKTC2DSX7_L3.61	d__Bacteria;p__Pseudomonadota;c__Alphaproteobacteria;o__Sphingomonadales;f__Sphingomonadaceae;g__Novosphingobium;s__	N/A	N/A	N/A	N/A	N/A	N/A	N/A	N/A	N/A	N/A	d__Bacteria;p__Pseudomonadota;c__Alphaproteobacteria;o__Sphingomonadales;f__Sphingomonadaceae;g__Novosphingobium;s__	taxonomic classification defined by topology and ANI	classification based on placement in class-level tree	GCA_019748365.1, s__Novosphingobium sp019748365, 95.0, 85.62, 0.72; GCF_900117425.1, s__Novosphingobium sp900117425, 95.0, 85.42, 0.769; GCF_007991615.1, s__Novosphingobium sediminis, 95.0, 85.28, 0.778; GCF_001519075.1, s__Novosphingobium fuchskuhlense, 95.0, 85.1, 0.76; GCA_903834285.1, s__Novosphingobium sp903834285, 95.0, 84.85, 0.671; GCA_903828025.1, s__Novosphingobium sp903828025, 95.0, 82.92, 0.623; GCF_020179425.1, s__Novosphingobium percolationis, 95.0, 80.51, 0.531; GCF_001014975.1, s__Novosphingobium sp002336885, 95.0, 80.27, 0.507; GCF_020179475.1, s__Novosphingobium huizhouense, 95.0, 80.22, 0.494; GCF_012927405.1, s__Novosphingobium olei, 95.0, 80.21, 0.473; GCF_015694345.1, s__Novosphingobium jiangmenense, 95.0, 80.2, 0.488; GCF_005145025.1, s__Novosphingobium sp005145025, 95.0, 80.19, 0.508; GCA_001725355.1, s__Novosphingobium sp001725355, 95.0, 80.13, 0.471; GCF_007830315.1, s__Novosphingobium taihuense, 95.0, 79.95, 0.451; GCA_002256985.1, s__Novosphingobium sp002256985, 95.0, 79.82, 0.484; GCA_015661825.1, s__Novosphingobium capsulatum_A, 95.0, 79.76, 0.361; GCF_001590965.1, s__Novosphingobium lentum, 95.0, 79.72, 0.453; GCF_014652855.1, s__Novosphingobium pokkalii, 95.0, 79.7, 0.488; GCF_000807925.1, s__Novosphingobium subterraneum, 95.0, 79.67, 0.448; GCF_014196055.1, s__Novosphingobium hassiacum, 95.0, 79.67, 0.403; GCF_000013325.1, s__Novosphingobium aromaticivorans, 95.0, 79.63, 0.441; GCF_003454795.1, s__Novosphingobium sp003454795, 95.0, 79.63, 0.475; GCF_020404405.1, s__Novosphingobium sp020404405, 95.0, 79.56, 0.483; GCF_001598375.1, s__Novosphingobium capsulatum, 95.0, 79.52, 0.464; GCF_012932495.1, s__Novosphingobium sp012932495, 95.0, 79.48, 0.478; GCF_012641335.1, s__Novosphingobium sp012641335, 95.0, 79.48, 0.427; GCF_003171715.1, s__Novosphingobium meiothermophilum, 95.0, 79.48, 0.421; GCF_900176395.1, s__Novosphingobium sp900176395, 95.0, 79.42, 0.406; GCF_920987055.1, s__Novosphingobium sp920987055, 95.0, 79.42, 0.383; GCA_002256775.1, s__Novosphingobium sp002256775, 95.0, 79.09, 0.361; GCA_021782155.1, s__Novosphingobium sp021782155, 95.0, 79.05, 0.354; GCF_014652615.1, s__Novosphingobium arvoryzae, 95.0, 79.03, 0.404; GCA_016719755.1, s__Novosphingobium sp016719755, 95.0, 79.02, 0.35; GCA_015657645.1, s__Novosphingobium sp015657645, 95.0, 79.0, 0.329; GCF_014230355.1, s__Novosphingobium piscinae, 95.0, 78.99, 0.364; GCF_014230305.1, s__Novosphingobium aerophilum, 95.0, 78.94, 0.378; GCA_020848655.1, s__Novosphingobium sp020848655, 95.0, 78.88, 0.343; GCF_014230315.1, s__Novosphingobium flavum, 95.0, 78.79, 0.343; GCF_002855555.1, s__Novosphingobium sp002855555, 95.0, 78.77, 0.325; GCA_017302615.1, s__Novosphingobium sp017302615, 95.0, 78.77, 0.338; GCF_014652555.1, s__Novosphingobium colocasiae, 95.0, 78.76, 0.335; GCF_000192575.1, s__Novosphingobium nitrogenifigens, 95.0, 78.76, 0.338; GCF_001519065.1, s__Novosphingobium sp001519065, 95.0, 78.72, 0.402; GCA_024236215.1, s__Novosphingobium sp024236215, 95.0, 78.71, 0.305; GCA_025153475.1, s__Novosphingobium sp025153475, 95.0, 78.69, 0.334; GCF_019075875.1, s__Novosphingobium sp019075875, 95.0, 78.65, 0.352; GCF_007954425.1, s__Novosphingobium ginsenosidimutans, 95.0, 78.61, 0.317; GCA_021299075.1, s__Novosphingobium sp021299075, 95.0, 78.6, 0.335; GCA_004211435.1, s__Novosphingobium sp004211435, 95.0, 78.59, 0.304; GCF_900113255.1, s__Novosphingobium sp900113255, 95.0, 78.59, 0.33; GCA_009926135.1, s__Novosphingobium sp009926135, 95.0, 78.56, 0.315; GCA_020852455.1, s__Novosphingobium sp020852455, 95.0, 78.55, 0.326; GCA_002440635.1, s__Novosphingobium sp002440635, 95.0, 78.55, 0.314; GCF_001519055.1, s__Novosphingobium sp001519055, 95.0, 78.52, 0.397; GCF_002813245.1, s__Novosphingobium kunmingense, 95.0, 78.51, 0.318; GCF_001295795.1, s__Novosphingobium sp001295795, 95.0, 78.47, 0.37; GCF_000767465.1, s__Novosphingobium pentaromativorans, 95.0, 78.47, 0.282; GCA_013791705.1, s__Novosphingobium sp013791705, 95.0, 78.45, 0.288; GCA_903832325.1, s__Novosphingobium sp903832325, 95.0, 78.39, 0.439; GCA_002280675.1, s__Novosphingobium sp002280675, 95.0, 78.37, 0.328; GCF_014204535.1, s__Novosphingobium chloroacetimidivorans, 95.0, 78.32, 0.293; GCA_013141325.1, s__Novosphingobium sp013141325, 95.0, 78.3, 0.334; GCA_018241045.1, s__Novosphingobium sp018241045, 95.0, 78.28, 0.235; GCA_018334165.1, s__Novosphingobium sp018334165, 95.0, 78.28, 0.306; GCA_018971065.1, s__Novosphingobium sp018971065, 95.0, 78.27, 0.322; GCA_020853995.1, s__Novosphingobium sp020853995, 95.0, 78.25, 0.278; GCF_002198665.1, s__Novosphingobium sp002198665, 95.0, 78.23, 0.352; GCF_009746585.1, s__Novosphingobium aquimarinum, 95.0, 78.22, 0.265; GCF_902506425.1, s__Novosphingobium sp902506425, 95.0, 78.21, 0.285; GCF_000429005.1, s__Novosphingobium acidiphilum, 95.0, 78.21, 0.376; GCA_013822005.1, s__Novosphingobium sp013822005, 95.0, 78.18, 0.311; GCF_002556635.1, s__Novosphingobium sp002556635, 95.0, 78.17, 0.309; GCF_001298105.1, s__Novosphingobium sp001298105, 95.0, 78.16, 0.319; GCA_002454125.1, s__Novosphingobium sp002454125, 95.0, 78.16, 0.343; GCF_900168325.1, s__Novosphingobium mathurense, 95.0, 78.15, 0.291; GCF_014196615.1, s__Novosphingobium fluoreni, 95.0, 78.12, 0.26; GCA_018242165.1, s__Novosphingobium sp018242165, 95.0, 78.09, 0.336; GCA_020200285.1, s__Novosphingobium sp020200285, 95.0, 78.04, 0.332; GCA_903970225.1, s__Novosphingobium sp903970225, 95.0, 78.04, 0.241; GCF_013408095.1, s__Novosphingobium marinum, 95.0, 78.02, 0.235; GCF_009707465.1, s__Novosphingobium sp009707465, 95.0, 77.97, 0.298; GCA_945906005.1, s__Novosphingobium sp945906005, 95.0, 77.94, 0.234; GCA_903893935.1, s__Novosphingobium sp903893935, 95.0, 77.92, 0.26; GCA_023266625.1, s__Novosphingobium sp023266625, 95.0, 77.88, 0.244; GCA_019510335.1, s__Novosphingobium sp019510335, 95.0, 77.88, 0.251; GCA_903848655.1, s__Novosphingobium sp903848655, 95.0, 77.85, 0.323; GCA_017987575.1, s__Novosphingobium sp017987575, 95.0, 77.83, 0.282; GCA_009885425.1, s__Novosphingobium sp009885425, 95.0, 77.8, 0.311; GCA_024236175.1, s__Novosphingobium sp024236175, 95.0, 77.8, 0.249; GCA_945906105.1, s__Novosphingobium sp945906105, 95.0, 77.78, 0.25; GCA_018240895.1, s__Novosphingobium sp018240895, 95.0, 77.72, 0.241; GCA_024642085.1, s__Novosphingobium sp024642085, 95.0, 77.54, 0.211; GCA_903923465.1, s__Novosphingobium sp903923465, 95.0, 77.48, 0.246; GCA_903868655.1, s__Novosphingobium sp903868655, 95.0, 77.48, 0.227; GCA_020446505.1, s__Novosphingobium sp020446505, 95.0, 77.31, 0.205; GCA_020446595.1, s__Novosphingobium sp020446595, 95.0, 77.2, 0.174; GCA_903911985.1, s__Novosphingobium sp903911985, 95.0, 77.16, 0.217; GCA_017302775.1, s__Novosphingobium sp017302775, 95.0, 76.92, 0.144; GCA_020446575.1, s__Novosphingobium sp020446575, 95.0, 76.78, 0.139; GCA_019090585.1, s__Novosphingobium sp019090585, 95.0, 76.56, 0.149	79.86	11	0.98442	Genome not assigned to closest species as it falls outside its pre-defined ANI radius
R12_EKDN230028440-1A_HKTC2DSX7_L3.7	d__Bacteria;p__Pseudomonadota;c__Alphaproteobacteria;o__Rhizobiales;f__Aestuariivirgaceae;g__Aestuariivirga;s__	N/A	N/A	N/A	N/A	N/A	N/A	N/A	N/A	N/A	N/A	d__Bacteria;p__Pseudomonadota;c__Alphaproteobacteria;o__Rhizobiales;f__Aestuariivirgaceae;g__Aestuariivirga;s__	ANI	classification based on placement in class-level tree	GCA_016710435.1, s__Aestuariivirga sp016710435, 95.0, 77.38, 0.188; GCA_016792865.1, s__Aestuariivirga sp016792865, 95.0, 77.2, 0.181; GCA_022842165.1, s__Aestuariivirga sp022842165, 95.0, 77.17, 0.165; GCA_016792825.1, s__Aestuariivirga sp016792825, 95.0, 77.07, 0.123; GCA_020252395.1, s__Aestuariivirga sp020252395, 95.0, 76.91, 0.131; GCA_902826365.1, s__Aestuariivirga sp902826365, 95.0, 76.82, 0.142; GCF_015714715.1, s__Aestuariivirga litoralis_A, 95.0, 76.76, 0.167; GCA_012032065.1, s__Aestuariivirga sp012032065, 95.0, 76.76, 0.116; GCA_020161855.1, s__Aestuariivirga sp020161855, 95.0, 76.73, 0.178; GCA_020252405.1, s__Aestuariivirga sp020252405, 95.0, 76.71, 0.131; GCA_020029455.1, s__Aestuariivirga sp020029455, 95.0, 76.7, 0.154; GCA_945889445.1, s__Aestuariivirga sp945889445, 95.0, 76.69, 0.159; GCF_003234965.1, s__Aestuariivirga litoralis, 95.0, 76.64, 0.168; GCA_020252385.1, s__Aestuariivirga sp020252385, 95.0, 76.5, 0.123; GCA_903930095.1, s__Aestuariivirga sp903930095, 95.0, 76.48, 0.109; GCA_023266715.1, s__Aestuariivirga sp023266715, 95.0, 76.46, 0.115; GCA_009885825.1, s__Aestuariivirga sp009885825, 95.0, 76.42, 0.132; GCA_016185245.1, s__Aestuariivirga sp016185245, 95.0, 76.37, 0.14; GCA_900298995.1, s__Aestuariivirga sp900298995, 95.0, 76.3, 0.117; GCA_014380505.1, s__Aestuariivirga sp014380505, 95.0, 76.25, 0.086; GCA_020441605.1, s__Aestuariivirga sp020441605, 95.0, 75.93, 0.077; GCA_003151375.1, s__Aestuariivirga sp003151375, 95.0, 75.92, 0.051	87.33	11	0.9449	N/A
R12_EKDN230028440-1A_HKTC2DSX7_L3.71	d__Bacteria;p__Bacteroidota;c__Bacteroidia;o__Flavobacteriales;f__Flavobacteriaceae;g__Imtechella;s__Imtechella halotolerans	GCF_000260835.1	95.0	d__Bacteria;p__Bacteroidota;c__Bacteroidia;o__Flavobacteriales;f__Flavobacteriaceae;g__Imtechella;s__Imtechella halotolerans	99.98	0.895	N/A	N/A	N/A	N/A	N/A	N/A	ani_screen	classification based on ANI only	N/A	N/A	N/A	N/A	N/A
R12_EKDN230028440-1A_HKTC2DSX7_L3.78	d__Bacteria;p__Pseudomonadota;c__Gammaproteobacteria;o__Burkholderiales;f__Burkholderiaceae_B;g__Rubrivivax;s__	N/A	N/A	N/A	N/A	N/A	GCA_024641925.1	95.0	d__Bacteria;p__Pseudomonadota;c__Gammaproteobacteria;o__Burkholderiales;f__Burkholderiaceae_B;g__Rubrivivax;s__Rubrivivax sp024641925	80.57	0.483	d__Bacteria;p__Pseudomonadota;c__Gammaproteobacteria;o__Burkholderiales;f__Burkholderiaceae_B;g__Rubrivivax;s__	taxonomic classification defined by topology and ANI	classification based on placement in class-level tree	GCA_022842305.1, s__Rubrivivax sp022842305, 95.0, 79.87, 0.418; GCA_001295905.1, s__Rubrivivax sp001295905, 95.0, 79.82, 0.463; GCF_004016505.1, s__Rubrivivax rivuli, 95.0, 79.79, 0.462; GCA_001295865.1, s__Rubrivivax sp001295865, 95.0, 79.67, 0.469; GCA_016709385.1, s__Rubrivivax sp016709385, 95.0, 79.47, 0.415; GCA_013822265.1, s__Rubrivivax sp013822265, 95.0, 79.38, 0.451; GCA_903914615.1, s__Rubrivivax sp903914615, 95.0, 79.33, 0.397; GCA_014859905.1, s__Rubrivivax sp014859905, 95.0, 79.26, 0.303; GCA_011391855.1, s__Rubrivivax sp011391855, 95.0, 79.25, 0.478; GCA_903828235.1, s__Rubrivivax sp903828235, 95.0, 79.25, 0.452; GCF_904426505.1, s__Rubrivivax sp904426505, 95.0, 79.25, 0.428; GCA_022842595.1, s__Rubrivivax sp022842595, 95.0, 79.24, 0.416; GCA_016704535.1, s__Rubrivivax sp016704535, 95.0, 79.23, 0.425; GCA_020248945.1, s__Rubrivivax sp020248945, 95.0, 79.13, 0.444; GCA_023657425.1, s__Rubrivivax sp023657425, 95.0, 79.13, 0.443; GCA_016790395.1, s__Rubrivivax sp016790395, 95.0, 79.04, 0.457; GCA_020720385.1, s__Rubrivivax sp020720385, 95.0, 79.03, 0.486; GCA_016707445.1, s__Rubrivivax sp016707445, 95.0, 78.97, 0.375; GCA_903822435.1, s__Rubrivivax sp903822435, 95.0, 78.93, 0.388; GCA_016719535.1, s__Rubrivivax sp016719535, 95.0, 78.84, 0.44; GCA_020161065.1, s__Rubrivivax sp020161065, 95.0, 78.82, 0.463; GCA_018780805.1, s__Rubrivivax sp018780805, 95.0, 78.7, 0.406; GCA_903938815.1, s__Rubrivivax sp903938815, 95.0, 78.69, 0.359; GCA_019635315.1, s__Rubrivivax sp019635315, 95.0, 78.67, 0.445; GCA_001464055.1, s__Rubrivivax sp001464055, 95.0, 78.64, 0.387; GCA_022843905.1, s__Rubrivivax sp022843905, 95.0, 78.63, 0.432; GCA_021300575.1, s__Rubrivivax sp021300575, 95.0, 78.37, 0.335; GCF_004016515.1, s__Rubrivivax albus, 95.0, 78.37, 0.397; GCA_024235855.1, s__Rubrivivax sp024235855, 95.0, 78.37, 0.385; GCA_016790225.1, s__Rubrivivax sp016790225, 95.0, 78.3, 0.329; GCA_016789865.1, s__Rubrivivax sp016789865, 95.0, 78.29, 0.36; GCA_022842825.1, s__Rubrivivax sp022842825, 95.0, 78.27, 0.348; GCA_018971105.1, s__Rubrivivax sp018971105, 95.0, 78.22, 0.324; GCA_024235915.1, s__Rubrivivax sp024235915, 95.0, 78.19, 0.352; GCA_016788525.1, s__Rubrivivax sp016788525, 95.0, 78.14, 0.348; GCA_903885585.1, s__Rubrivivax sp903885585, 95.0, 78.11, 0.299; GCA_021298085.1, s__Rubrivivax sp021298085, 95.0, 78.08, 0.32; GCF_000190375.1, s__Rubrivivax benzoatilyticus, 95.0, 78.08, 0.388; GCF_016583785.1, s__Rubrivivax gelatinosus_B, 95.0, 78.08, 0.343; GCA_016223165.1, s__Rubrivivax sp016223165, 95.0, 78.07, 0.413; GCA_001725505.1, s__Rubrivivax sp001725505, 95.0, 78.05, 0.349; GCF_000284255.1, s__Rubrivivax gelatinosus_A, 95.0, 78.0, 0.36; GCF_004340905.1, s__Rubrivivax gelatinosus, 95.0, 77.98, 0.344; GCA_020248915.1, s__Rubrivivax sp020248915, 95.0, 77.93, 0.37; GCA_016716535.1, s__Rubrivivax sp016716535, 95.0, 77.87, 0.367; GCA_021297985.1, s__Rubrivivax sp021297985, 95.0, 77.82, 0.323; GCA_020851615.1, s__Rubrivivax sp020851615, 95.0, 77.79, 0.358; GCA_016790425.1, s__Rubrivivax sp016790425, 95.0, 77.77, 0.361; GCA_016789955.1, s__Rubrivivax sp016789955, 95.0, 77.76, 0.328; GCA_001724995.1, s__Rubrivivax sp001724995, 95.0, 77.71, 0.347; GCA_016790435.1, s__Rubrivivax sp016790435, 95.0, 77.66, 0.304; GCA_018241895.1, s__Rubrivivax sp018241895, 95.0, 77.63, 0.356; GCA_020852865.1, s__Rubrivivax sp020852865, 95.0, 77.62, 0.337; GCA_024641945.1, s__Rubrivivax sp024641945, 95.0, 77.61, 0.29; GCA_024235895.1, s__Rubrivivax sp011525985, 95.0, 77.42, 0.306; GCA_903876715.1, s__Rubrivivax sp903876715, 95.0, 77.17, 0.239; GCA_016191995.1, s__Rubrivivax sp016191995, 95.0, 77.03, 0.294; GCA_903834645.1, s__Rubrivivax sp903834645, 95.0, 76.98, 0.306; GCA_009923895.1, s__Rubrivivax sp009923895, 95.0, 76.84, 0.281	76.92	11	0.98259	N/A
R12_EKDN230028440-1A_HKTC2DSX7_L3.85	d__Bacteria;p__Pseudomonadota;c__Gammaproteobacteria;o__Burkholderiales;f__Methylophilaceae;g__GCA-2401735;s__	N/A	N/A	N/A	N/A	N/A	N/A	N/A	N/A	N/A	N/A	d__Bacteria;p__Pseudomonadota;c__Gammaproteobacteria;o__Burkholderiales;f__Methylophilaceae;g__GCA-2401735;s__	taxonomic novelty determined using RED	classification based on placement in class-level tree	N/A	73.11	11	0.93146	N/A
R12_EKDN230028440-1A_HKTC2DSX7_L3.90	d__Bacteria;p__Pseudomonadota;c__Alphaproteobacteria;o__Rhizobiales;f__Beijerinckiaceae;g__28-YEA-48;s__	N/A	N/A	N/A	N/A	N/A	GCA_945901195.1	95.0	d__Bacteria;p__Pseudomonadota;c__Alphaproteobacteria;o__Rhizobiales;f__Beijerinckiaceae;g__28-YEA-48;s__28-YEA-48 sp945901195	78.13	0.331	d__Bacteria;p__Pseudomonadota;c__Alphaproteobacteria;o__Rhizobiales;f__Beijerinckiaceae;g__28-YEA-48;s__	taxonomic classification defined by topology and ANI	classification based on placement in class-level tree	GCA_903847605.1, s__28-YEA-48 sp903847605, 95.0, 78.03, 0.447; GCA_001898965.1, s__28-YEA-48 sp001898965, 95.0, 76.84, 0.165; GCA_903861645.1, s__28-YEA-48 sp903861645, 95.0, 76.82, 0.137; GCF_900104955.1, s__28-YEA-48 sp900104955, 95.0, 76.81, 0.161; GCA_945878875.1, s__28-YEA-48 sp945878875, 95.0, 76.78, 0.178; GCA_903889985.1, s__28-YEA-48 sp903889985, 95.0, 76.76, 0.104; GCA_903851305.1, s__28-YEA-48 sp903851305, 95.0, 76.7, 0.138; GCA_019747375.1, s__28-YEA-48 sp019747375, 95.0, 76.62, 0.115; GCA_903902915.1, s__28-YEA-48 sp903902915, 95.0, 76.56, 0.145; GCA_903918155.1, s__28-YEA-48 sp903918155, 95.0, 76.49, 0.175; GCA_903916165.1, s__28-YEA-48 sp903916165, 95.0, 76.42, 0.145; GCA_903931945.1, s__28-YEA-48 sp903931945, 95.0, 76.36, 0.1; GCA_903885755.1, s__28-YEA-48 sp903885755, 95.0, 76.22, 0.092; GCA_903825465.1, s__28-YEA-48 sp903825465, 95.0, 76.16, 0.089; GCA_903884435.1, s__28-YEA-48 sp903884435, 95.0, 76.14, 0.101; GCA_903897875.1, s__28-YEA-48 sp903897875, 95.0, 76.11, 0.083; GCA_900299065.1, s__28-YEA-48 sp900299065, 95.0, 76.09, 0.097; GCA_903903935.1, s__28-YEA-48 sp903903935, 95.0, 76.03, 0.126; GCA_903932565.1, s__28-YEA-48 sp903932565, 95.0, 75.98, 0.083	73.31	11	0.97722	Genome has more than 14.2% of markers with multiple hits
R13_EKDN230028441-1A_HKTC2DSX7_L3.22	d__Bacteria;p__Pseudomonadota;c__Alphaproteobacteria;o__Caulobacterales;f__Hyphomonadaceae;g__Hyphomonas;s__	N/A	N/A	N/A	N/A	N/A	GCA_016125515.1	95.0	d__Bacteria;p__Pseudomonadota;c__Alphaproteobacteria;o__Caulobacterales;f__Hyphomonadaceae;g__Hyphomonas;s__Hyphomonas sp016125515	85.11	0.818	d__Bacteria;p__Pseudomonadota;c__Alphaproteobacteria;o__Caulobacterales;f__Hyphomonadaceae;g__Hyphomonas;s__	taxonomic classification defined by topology and ANI	classification based on placement in class-level tree	GCA_013791775.1, s__Hyphomonas sp013791775, 95.0, 84.26, 0.784; GCA_945888325.1, s__Hyphomonas sp945888325, 95.0, 82.69, 0.723; GCA_016712445.1, s__Hyphomonas sp016712445, 95.0, 82.53, 0.747; GCA_001464545.1, s__Hyphomonas sp001464545, 95.0, 82.47, 0.736; GCA_022844445.1, s__Hyphomonas sp022844445, 95.0, 81.51, 0.676; GCA_016124495.1, s__Hyphomonas sp016124495, 95.0, 81.45, 0.642; GCA_003486945.1, s__Hyphomonas sp003486945, 95.0, 80.57, 0.542; GCA_013823385.1, s__Hyphomonas sp013823385, 95.0, 79.69, 0.516; GCF_000685315.1, s__Hyphomonas polymorpha, 95.0, 79.58, 0.514; GCF_019679475.1, s__Hyphomonas sediminis, 95.0, 79.43, 0.466; GCF_000013025.1, s__Hyphomonas neptunia, 95.0, 79.32, 0.505; GCA_018402285.1, s__Hyphomonas sp018402285, 95.0, 79.32, 0.488; GCA_002841155.1, s__Hyphomonas sp002841155, 95.0, 79.28, 0.489; GCA_002282565.1, s__Hyphomonas sp002282565, 95.0, 79.24, 0.418; GCF_000685295.1, s__Hyphomonas oceanitis, 95.0, 78.67, 0.364; GCF_000685275.1, s__Hyphomonas johnsonii, 95.0, 78.62, 0.357; GCA_000961695.1, s__Hyphomonas sp000961695, 95.0, 78.56, 0.389; GCF_000682695.1, s__Hyphomonas chukchiensis, 95.0, 78.48, 0.368; GCF_000685215.1, s__Hyphomonas jannaschiana, 95.0, 78.47, 0.368; GCA_000961795.1, s__Hyphomonas sp000961795, 95.0, 78.45, 0.342; GCF_000682735.1, s__Hyphomonas sp000682735, 95.0, 78.42, 0.358; GCA_014763715.1, s__Hyphomonas sp014763715, 95.0, 78.42, 0.369; GCF_000685235.1, s__Hyphomonas adhaerens, 95.0, 78.4, 0.371; GCA_020638455.1, s__Hyphomonas sp020638455, 95.0, 78.4, 0.352; GCA_018827375.1, s__Hyphomonas sp018827375, 95.0, 78.38, 0.347; GCA_002700305.1, s__Hyphomonas sp002700305, 95.0, 78.3, 0.368; GCA_018830285.1, s__Hyphomonas sp018830285, 95.0, 78.25, 0.353; GCA_913057945.1, s__Hyphomonas sp913057945, 95.0, 77.94, 0.314; GCA_018222605.1, s__Hyphomonas sp002695785, 95.0, 77.93, 0.262; GCA_017792385.1, s__Hyphomonas sp017792385, 95.0, 77.89, 0.318; GCF_000682675.1, s__Hyphomonas pacifica, 95.0, 77.82, 0.233; GCF_000682755.1, s__Hyphomonas beringensis, 95.0, 77.74, 0.266; GCA_002414505.1, s__Hyphomonas sp002414505, 95.0, 77.61, 0.252; GCF_000682775.1, s__Hyphomonas sp000682775, 95.0, 77.59, 0.242; GCA_020425315.1, s__Hyphomonas sp020425315, 95.0, 77.57, 0.327; GCF_000682715.1, s__Hyphomonas atlantica, 95.0, 77.52, 0.243	96.88	11	0.99095	Genome not assigned to closest species as it falls outside its pre-defined ANI radius
R13_EKDN230028441-1A_HKTC2DSX7_L3.33	d__Bacteria;p__Pseudomonadota;c__Gammaproteobacteria;o__Burkholderiales;f__Burkholderiaceae_B;g__Aquabacterium_A;s__	N/A	N/A	N/A	N/A	N/A	N/A	N/A	N/A	N/A	N/A	d__Bacteria;p__Pseudomonadota;c__Gammaproteobacteria;o__Burkholderiales;f__Burkholderiaceae_B;g__Aquabacterium_A;s__	taxonomic classification defined by topology and ANI	classification based on placement in class-level tree	GCF_005403045.1, s__Aquabacterium_A pictum, 95.0, 87.07, 0.757; GCA_017999135.1, s__Aquabacterium_A sp017999135, 95.0, 86.59, 0.758; GCA_001770815.1, s__Aquabacterium_A sp001770815, 95.0, 83.73, 0.596; GCA_016790515.1, s__Aquabacterium_A sp016790515, 95.0, 81.87, 0.517; GCA_017992055.1, s__Aquabacterium_A sp017992055, 95.0, 81.63, 0.583; GCF_002198735.1, s__Aquabacterium_A sp002198735, 95.0, 80.71, 0.537; GCA_016213205.1, s__Aquabacterium_A sp016213205, 95.0, 80.41, 0.495; GCA_945878355.1, s__Aquabacterium_A sp945878355, 95.0, 79.87, 0.409; GCA_016721465.1, s__Aquabacterium_A sp016721465, 95.0, 79.84, 0.478; GCA_010030205.1, s__Aquabacterium_A sp010030205, 95.0, 79.71, 0.418; GCF_013266755.1, s__Aquabacterium_A terrae, 95.0, 79.22, 0.486; GCA_013360485.1, s__Aquabacterium_A sp013360485, 95.0, 79.22, 0.374; GCA_023150345.1, s__Aquabacterium_A sp023150345, 95.0, 78.99, 0.379	65.72	11	0.99192	Genome not assigned to closest species as it falls outside its pre-defined ANI radius
R13_EKDN230028441-1A_HKTC2DSX7_L3.35	d__Bacteria;p__Bdellovibrionota;c__Bacteriovoracia;o__Bacteriovoracales;f__Bacteriovoracaceae;g__Bacteriovorax;s__	N/A	N/A	N/A	N/A	N/A	GCA_013141065.1	95.0	d__Bacteria;p__Bdellovibrionota;c__Bacteriovoracia;o__Bacteriovoracales;f__Bacteriovoracaceae;g__Bacteriovorax;s__Bacteriovorax sp013141065	78.74	0.302	d__Bacteria;p__Bdellovibrionota;c__Bacteriovoracia;o__Bacteriovoracales;f__Bacteriovoracaceae;g__Bacteriovorax;s__	taxonomic classification defined by topology and ANI	classification based on placement in class-level tree	GCA_002428265.1, s__Bacteriovorax sp002428265, 95.0, 77.87, 0.24; GCA_018060625.1, s__Bacteriovorax sp018060625, 95.0, 77.46, 0.176; GCF_002872415.1, s__Bacteriovorax stolpii, 95.0, 77.38, 0.183; GCA_014378525.1, s__Bacteriovorax sp014378525, 95.0, 77.28, 0.186; GCA_943914745.1, s__Bacteriovorax sp943914745, 95.0, 77.17, 0.137; GCA_014377485.1, s__Bacteriovorax sp014377485, 95.0, 77.12, 0.197; GCA_002440825.1, s__Bacteriovorax sp002440825, 95.0, 76.81, 0.121; GCA_014376445.1, s__Bacteriovorax sp014376445, 95.0, 76.78, 0.183; GCA_023151145.1, s__Bacteriovorax sp023151145, 95.0, 76.68, 0.093	72.97	11	0.97227	N/A
R13_EKDN230028441-1A_HKTC2DSX7_L3.42	d__Bacteria;p__Pseudomonadota;c__Gammaproteobacteria;o__Burkholderiales;f__Burkholderiaceae_B;g__Paucibacter_A;s__	N/A	N/A	N/A	N/A	N/A	N/A	N/A	N/A	N/A	N/A	d__Bacteria;p__Pseudomonadota;c__Gammaproteobacteria;o__Burkholderiales;f__Burkholderiaceae_B;g__Paucibacter_A;s__	taxonomic novelty determined using RED	classification based on placement in class-level tree	N/A	87.01	11	0.95726	N/A
R13_EKDN230028441-1A_HKTC2DSX7_L3.45	d__Bacteria;p__Pseudomonadota;c__Gammaproteobacteria;o__Burkholderiales;f__Methylophilaceae;g__Methylotenera;s__	N/A	N/A	N/A	N/A	N/A	N/A	N/A	N/A	N/A	N/A	d__Bacteria;p__Pseudomonadota;c__Gammaproteobacteria;o__Burkholderiales;f__Methylophilaceae;g__Methylotenera;s__	ANI	classification based on placement in class-level tree	GCA_001803395.1, s__Methylotenera sp001803395, 95.0, 78.6, 0.403; GCA_013141495.1, s__Methylotenera sp013141495, 95.0, 78.36, 0.408; GCF_000023705.1, s__Methylotenera mobilis, 95.0, 78.15, 0.251; GCF_000744605.1, s__Methylotenera sp000744605, 95.0, 78.09, 0.299; GCF_000384255.1, s__Methylotenera mobilis_B, 95.0, 78.05, 0.322; GCF_004661485.1, s__Methylotenera oryzisoli, 95.0, 78.0, 0.275; GCA_013141075.1, s__Methylotenera sp013141075, 95.0, 77.89, 0.242; GCA_020622105.1, s__Methylotenera sp020622105, 95.0, 77.85, 0.234; GCA_903860085.1, s__Methylotenera sp903860085, 95.0, 77.84, 0.19; GCA_009693255.1, s__Methylotenera sp009693255, 95.0, 77.81, 0.257; GCF_000093025.1, s__Methylotenera versatilis, 95.0, 77.8, 0.273; GCA_013141425.1, s__Methylotenera sp013141425, 95.0, 77.75, 0.256; GCA_903833595.1, s__Methylotenera sp903833595, 95.0, 77.75, 0.222; GCF_000799735.1, s__Methylotenera sp000799735, 95.0, 77.74, 0.201; GCA_903926935.1, s__Methylotenera sp903926935, 95.0, 77.72, 0.224; GCA_903882525.1, s__Methylotenera sp903882525, 95.0, 77.71, 0.225; GCA_002281815.1, s__Methylotenera sp002281815, 95.0, 77.66, 0.233; GCA_002429455.1, s__Methylotenera sp002429455, 95.0, 77.63, 0.229; GCA_014378495.1, s__Methylotenera sp014378495, 95.0, 77.6, 0.203; GCA_903838125.1, s__Methylotenera sp903838125, 95.0, 77.53, 0.208; GCA_021738125.1, s__Methylotenera sp021738125, 95.0, 77.52, 0.211; GCA_013140755.1, s__Methylotenera sp013140755, 95.0, 77.49, 0.255; GCA_023259635.1, s__Methylotenera sp023259635, 95.0, 77.46, 0.229; GCA_903846555.1, s__Methylotenera sp903846555, 95.0, 77.44, 0.244; GCA_002842195.1, s__Methylotenera sp002842195, 95.0, 77.44, 0.202; GCA_002842285.1, s__Methylotenera sp002842285, 95.0, 77.33, 0.236; GCA_903951385.1, s__Methylotenera sp903951385, 95.0, 77.32, 0.147; GCA_002928535.1, s__Methylotenera sp002928535, 95.0, 77.28, 0.121; GCA_013816325.1, s__Methylotenera sp013816325, 95.0, 77.2, 0.156; GCA_903876765.1, s__Methylotenera sp903876765, 95.0, 77.18, 0.185; GCA_903854305.1, s__Methylotenera sp903854305, 95.0, 77.11, 0.209; GCA_016867975.1, s__Methylotenera sp016867975, 95.0, 77.09, 0.145; GCA_020035195.1, s__Methylotenera sp020035195, 95.0, 77.08, 0.134; GCA_005777825.1, s__Methylotenera sp005777825, 95.0, 76.86, 0.14; GCA_005791685.1, s__Methylotenera sp005791685, 95.0, 76.78, 0.13	77.44	11	0.95155	N/A
R13_EKDN230028441-1A_HKTC2DSX7_L3.52	d__Bacteria;p__Pseudomonadota;c__Gammaproteobacteria;o__Burkholderiales;f__Methylophilaceae;g__Methylotenera;s__	N/A	N/A	N/A	N/A	N/A	N/A	N/A	N/A	N/A	N/A	d__Bacteria;p__Pseudomonadota;c__Gammaproteobacteria;o__Burkholderiales;f__Methylophilaceae;g__Methylotenera;s__	ANI	classification based on placement in class-level tree	GCA_013141495.1, s__Methylotenera sp013141495, 95.0, 78.55, 0.342; GCA_001803395.1, s__Methylotenera sp001803395, 95.0, 78.37, 0.348; GCF_004661485.1, s__Methylotenera oryzisoli, 95.0, 78.23, 0.24; GCF_000384255.1, s__Methylotenera mobilis_B, 95.0, 78.13, 0.266; GCA_903833595.1, s__Methylotenera sp903833595, 95.0, 77.78, 0.202; GCF_000023705.1, s__Methylotenera mobilis, 95.0, 77.74, 0.213; GCA_020622105.1, s__Methylotenera sp020622105, 95.0, 77.71, 0.21; GCA_002429455.1, s__Methylotenera sp002429455, 95.0, 77.71, 0.187; GCF_000744605.1, s__Methylotenera sp000744605, 95.0, 77.68, 0.287; GCA_013141075.1, s__Methylotenera sp013141075, 95.0, 77.66, 0.201; GCA_002281815.1, s__Methylotenera sp002281815, 95.0, 77.61, 0.228; GCA_014378495.1, s__Methylotenera sp014378495, 95.0, 77.57, 0.179; GCF_000093025.1, s__Methylotenera versatilis, 95.0, 77.56, 0.243; GCA_903926935.1, s__Methylotenera sp903926935, 95.0, 77.52, 0.178; GCA_013141425.1, s__Methylotenera sp013141425, 95.0, 77.51, 0.216; GCA_903882525.1, s__Methylotenera sp903882525, 95.0, 77.51, 0.206; GCA_009693255.1, s__Methylotenera sp009693255, 95.0, 77.49, 0.248; GCA_903846555.1, s__Methylotenera sp903846555, 95.0, 77.49, 0.224; GCA_020035195.1, s__Methylotenera sp020035195, 95.0, 77.48, 0.113; GCA_002842195.1, s__Methylotenera sp002842195, 95.0, 77.44, 0.205; GCF_000799735.1, s__Methylotenera sp000799735, 95.0, 77.4, 0.164; GCA_002842285.1, s__Methylotenera sp002842285, 95.0, 77.4, 0.219; GCA_013816325.1, s__Methylotenera sp013816325, 95.0, 77.34, 0.121; GCA_903838125.1, s__Methylotenera sp903838125, 95.0, 77.32, 0.212; GCA_013140755.1, s__Methylotenera sp013140755, 95.0, 77.3, 0.202; GCA_023259635.1, s__Methylotenera sp023259635, 95.0, 77.29, 0.172; GCA_021738125.1, s__Methylotenera sp021738125, 95.0, 77.28, 0.203; GCA_903860085.1, s__Methylotenera sp903860085, 95.0, 77.22, 0.194; GCA_016867975.1, s__Methylotenera sp016867975, 95.0, 77.09, 0.165; GCA_903854305.1, s__Methylotenera sp903854305, 95.0, 77.02, 0.209; GCA_903876765.1, s__Methylotenera sp903876765, 95.0, 76.85, 0.178; GCA_005791685.1, s__Methylotenera sp005791685, 95.0, 76.83, 0.123; GCA_903951385.1, s__Methylotenera sp903951385, 95.0, 76.68, 0.171; GCA_002928535.1, s__Methylotenera sp002928535, 95.0, 76.62, 0.128; GCA_005777825.1, s__Methylotenera sp005777825, 95.0, 76.48, 0.123	72.04	11	0.95618	N/A
R13_EKDN230028441-1A_HKTC2DSX7_L3.55	d__Bacteria;p__Pseudomonadota;c__Alphaproteobacteria;o__Rhodobacterales;f__Rhodobacteraceae;g__Pseudotabrizicola;s__	N/A	N/A	N/A	N/A	N/A	N/A	N/A	N/A	N/A	N/A	d__Bacteria;p__Pseudomonadota;c__Alphaproteobacteria;o__Rhodobacterales;f__Rhodobacteraceae;g__Pseudotabrizicola;s__	taxonomic classification defined by topology and ANI	classification based on placement in class-level tree	GCA_020721445.1, s__Pseudotabrizicola nectariphilus_A, 95.0, 79.42, 0.449; GCF_002900965.1, s__Pseudotabrizicola sp002900965, 95.0, 79.37, 0.491; GCF_003443995.1, s__Pseudotabrizicola alkalilacus, 95.0, 79.27, 0.529; GCF_002794355.1, s__Pseudotabrizicola sp002794355, 95.0, 79.15, 0.446; GCA_016936395.1, s__Pseudotabrizicola sp016936395, 95.0, 79.15, 0.436; GCF_004745575.1, s__Pseudotabrizicola sediminis, 95.0, 79.1, 0.495; GCF_010915705.1, s__Pseudotabrizicola algicola, 95.0, 78.94, 0.472; GCA_023260935.1, s__Pseudotabrizicola sp023260935, 95.0, 78.62, 0.406; GCA_021741245.1, s__Pseudotabrizicola sp021741245, 95.0, 78.62, 0.475; GCA_023263735.1, s__Pseudotabrizicola sp023263735, 95.0, 78.09, 0.277	73.64	11	0.97116	Genome not assigned to closest species as it falls outside its pre-defined ANI radius
R14_EKDN230028442-1A_HKTC2DSX7_L3.18	d__Bacteria;p__Pseudomonadota;c__Gammaproteobacteria;o__Methylococcales;f__Methylomonadaceae;g__Methylomonas;s__	N/A	N/A	N/A	N/A	N/A	N/A	N/A	N/A	N/A	N/A	d__Bacteria;p__Pseudomonadota;c__Gammaproteobacteria;o__Methylococcales;f__Methylomonadaceae;g__Methylomonas;s__	taxonomic classification defined by topology and ANI	classification based on placement in class-level tree	GCA_023228165.1, s__Methylomonas sp023228165, 95.0, 81.83, 0.593; GCF_001644015.1, s__Methylomonas lenta, 95.0, 81.08, 0.4; GCF_000214665.1, s__Methylomonas methanica_B, 95.0, 80.95, 0.528; GCF_024505165.1, s__Methylomonas sp018335995, 95.0, 80.71, 0.494; GCF_024505185.1, s__Methylomonas sp024505185, 95.0, 79.53, 0.431; GCF_015711015.1, s__Methylomonas sp015711015, 95.0, 79.06, 0.375; GCA_002928965.1, s__Methylomonas sp002928965, 95.0, 78.96, 0.332; GCF_024360925.1, s__Methylomonas sp024360925, 95.0, 78.41, 0.286; GCF_000515215.1, s__Methylomonas sp000515215, 95.0, 78.21, 0.229; GCF_016865255.1, s__Methylomonas sp000702925, 95.0, 77.93, 0.238; GCA_014850975.1, s__Methylomonas fluvii, 95.0, 77.84, 0.21; GCF_001644035.1, s__Methylomonas methanica_A, 95.0, 77.8, 0.231; GCA_903858105.1, s__Methylomonas sp903858105, 95.0, 77.73, 0.223; GCF_014850955.1, s__Methylomonas albis, 95.0, 77.68, 0.221; GCA_002083615.1, s__Methylomonas sp002083615, 95.0, 77.66, 0.188; GCF_024505055.1, s__Methylomonas sp024505055, 95.0, 77.66, 0.203; GCA_001644045.1, s__Methylomonas methanica, 95.0, 77.59, 0.229; GCF_024505045.1, s__Methylomonas sp024505045, 95.0, 77.59, 0.159; GCF_019669905.1, s__Methylomonas koyamae, 95.0, 77.34, 0.186; GCF_008632455.1, s__Methylomonas rhizoryzae, 95.0, 77.31, 0.174; GCF_001644025.1, s__Methylomonas koyamae_A, 95.0, 77.3, 0.157; GCA_903902945.1, s__Methylomonas sp903902945, 95.0, 77.25, 0.238; GCF_006483455.1, s__Methylomonas koyamae_B, 95.0, 77.2, 0.161; GCF_018734325.1, s__Methylomonas paludis, 95.0, 77.18, 0.125; GCA_903918375.1, s__Methylomonas sp903918375, 95.0, 77.14, 0.184; GCA_903931355.1, s__Methylomonas sp903931355, 95.0, 76.93, 0.195; GCA_009925045.1, s__Methylomonas sp009925045, 95.0, 76.83, 0.164; GCA_002929135.1, s__Methylomonas sp002929135, 95.0, 76.7, 0.166; GCA_945877625.1, s__Methylomonas koyamae_C, 95.0, 76.64, 0.156; GCA_903928965.1, s__Methylomonas sp903928965, 95.0, 76.26, 0.097	77.0	11	0.97582	Genome not assigned to closest species as it falls outside its pre-defined ANI radius
R14_EKDN230028442-1A_HKTC2DSX7_L3.22	d__Bacteria;p__Pseudomonadota;c__Alphaproteobacteria;o__Rhodobacterales;f__Rhodobacteraceae;g__JAHEBS01;s__	N/A	N/A	N/A	N/A	N/A	GCA_024642145.1	95.0	d__Bacteria;p__Pseudomonadota;c__Alphaproteobacteria;o__Rhodobacterales;f__Rhodobacteraceae;g__JAHEBS01;s__JAHEBS01 sp024642145	77.67	0.287	d__Bacteria;p__Pseudomonadota;c__Alphaproteobacteria;o__Rhodobacterales;f__Rhodobacteraceae;g__JAHEBS01;s__	taxonomic classification defined by topology and ANI	classification based on placement in class-level tree	N/A	61.73	11	0.97706	N/A
R15_EKDN230028443-1A_HKTC2DSX7_L3.1	d__Bacteria;p__Pseudomonadota;c__Gammaproteobacteria;o__Methylococcales;f__Methylomonadaceae;g__Methylomonas;s__	N/A	N/A	N/A	N/A	N/A	N/A	N/A	N/A	N/A	N/A	d__Bacteria;p__Pseudomonadota;c__Gammaproteobacteria;o__Methylococcales;f__Methylomonadaceae;g__Methylomonas;s__	taxonomic classification defined by topology and ANI	classification based on placement in class-level tree	GCA_023228165.1, s__Methylomonas sp023228165, 95.0, 81.87, 0.614; GCF_000214665.1, s__Methylomonas methanica_B, 95.0, 80.93, 0.569; GCF_001644015.1, s__Methylomonas lenta, 95.0, 80.89, 0.397; GCF_024505165.1, s__Methylomonas sp018335995, 95.0, 80.89, 0.527; GCF_024505185.1, s__Methylomonas sp024505185, 95.0, 79.67, 0.443; GCF_015711015.1, s__Methylomonas sp015711015, 95.0, 79.04, 0.383; GCA_002928965.1, s__Methylomonas sp002928965, 95.0, 78.86, 0.341; GCF_024360925.1, s__Methylomonas sp024360925, 95.0, 78.31, 0.297; GCF_000515215.1, s__Methylomonas sp000515215, 95.0, 77.97, 0.222; GCF_016865255.1, s__Methylomonas sp000702925, 95.0, 77.87, 0.226; GCF_001644035.1, s__Methylomonas methanica_A, 95.0, 77.86, 0.223; GCA_903858105.1, s__Methylomonas sp903858105, 95.0, 77.77, 0.23; GCA_002083615.1, s__Methylomonas sp002083615, 95.0, 77.76, 0.19; GCA_001644045.1, s__Methylomonas methanica, 95.0, 77.74, 0.243; GCA_014850975.1, s__Methylomonas fluvii, 95.0, 77.63, 0.223; GCF_024505055.1, s__Methylomonas sp024505055, 95.0, 77.57, 0.225; GCF_024505045.1, s__Methylomonas sp024505045, 95.0, 77.53, 0.174; GCF_014850955.1, s__Methylomonas albis, 95.0, 77.51, 0.24; GCA_903918375.1, s__Methylomonas sp903918375, 95.0, 77.41, 0.178; GCF_019669905.1, s__Methylomonas koyamae, 95.0, 77.33, 0.186; GCF_001644025.1, s__Methylomonas koyamae_A, 95.0, 77.24, 0.156; GCF_006483455.1, s__Methylomonas koyamae_B, 95.0, 77.22, 0.166; GCF_018734325.1, s__Methylomonas paludis, 95.0, 77.19, 0.132; GCF_008632455.1, s__Methylomonas rhizoryzae, 95.0, 77.17, 0.181; GCA_903902945.1, s__Methylomonas sp903902945, 95.0, 77.11, 0.225; GCA_903931355.1, s__Methylomonas sp903931355, 95.0, 76.99, 0.192; GCA_002929135.1, s__Methylomonas sp002929135, 95.0, 76.81, 0.168; GCA_009925045.1, s__Methylomonas sp009925045, 95.0, 76.7, 0.154; GCA_945877625.1, s__Methylomonas koyamae_C, 95.0, 76.63, 0.155; GCA_903928965.1, s__Methylomonas sp903928965, 95.0, 76.38, 0.103	62.62	11	0.97486	Genome not assigned to closest species as it falls outside its pre-defined ANI radius
R15_EKDN230028443-1A_HKTC2DSX7_L3.2	d__Bacteria;p__Bacteroidota;c__Bacteroidia;o__Flavobacteriales;f__UA16;g__RI-182;s__	N/A	N/A	N/A	N/A	N/A	GCA_016124575.1	95.0	d__Bacteria;p__Bacteroidota;c__Bacteroidia;o__Flavobacteriales;f__UA16;g__RI-182;s__RI-182 sp016124575	87.42	0.874	d__Bacteria;p__Bacteroidota;c__Bacteroidia;o__Flavobacteriales;f__UA16;g__RI-182;s__	taxonomic classification defined by topology and ANI	classification based on placement in class-level tree	N/A	91.12	11	0.99196	Genome not assigned to closest species as it falls outside its pre-defined ANI radius
R15_EKDN230028443-1A_HKTC2DSX7_L3.22	d__Bacteria;p__Pseudomonadota;c__Alphaproteobacteria;o__Rhodobacterales;f__Rhodobacteraceae;g__Pseudotabrizicola;s__	N/A	N/A	N/A	N/A	N/A	GCA_021741245.1	95.0	d__Bacteria;p__Pseudomonadota;c__Alphaproteobacteria;o__Rhodobacterales;f__Rhodobacteraceae;g__Pseudotabrizicola;s__Pseudotabrizicola sp021741245	78.68	0.468	d__Bacteria;p__Pseudomonadota;c__Alphaproteobacteria;o__Rhodobacterales;f__Rhodobacteraceae;g__Pseudotabrizicola;s__	taxonomic classification defined by topology and ANI	classification based on placement in class-level tree	GCF_003443995.1, s__Pseudotabrizicola alkalilacus, 95.0, 79.45, 0.515; GCA_020721445.1, s__Pseudotabrizicola nectariphilus_A, 95.0, 79.3, 0.44; GCF_002900965.1, s__Pseudotabrizicola sp002900965, 95.0, 79.14, 0.47; GCA_016936395.1, s__Pseudotabrizicola sp016936395, 95.0, 79.01, 0.442; GCF_004745575.1, s__Pseudotabrizicola sediminis, 95.0, 78.99, 0.509; GCF_002794355.1, s__Pseudotabrizicola sp002794355, 95.0, 78.95, 0.441; GCF_010915705.1, s__Pseudotabrizicola algicola, 95.0, 78.78, 0.472; GCA_023260935.1, s__Pseudotabrizicola sp023260935, 95.0, 78.49, 0.439; GCA_023263735.1, s__Pseudotabrizicola sp023263735, 95.0, 77.97, 0.37	74.66	11	0.97638	Genome not assigned to closest species as it falls outside its pre-defined ANI radius
R15_EKDN230028443-1A_HKTC2DSX7_L3.24	d__Bacteria;p__Pseudomonadota;c__Alphaproteobacteria;o__Rhodobacterales;f__Rhodobacteraceae;g__JALQXR01;s__	N/A	N/A	N/A	N/A	N/A	GCA_023263105.1	95.0	d__Bacteria;p__Pseudomonadota;c__Alphaproteobacteria;o__Rhodobacterales;f__Rhodobacteraceae;g__JALQXR01;s__JALQXR01 sp023263105	77.93	0.293	d__Bacteria;p__Pseudomonadota;c__Alphaproteobacteria;o__Rhodobacterales;f__Rhodobacteraceae;g__JALQXR01;s__	taxonomic classification defined by topology and ANI	classification based on placement in class-level tree	N/A	70.13	11	0.97246	N/A
R15_EKDN230028443-1A_HKTC2DSX7_L3.35	d__Bacteria;p__Bacteroidota;c__Bacteroidia;o__Flavobacteriales;f__UA16;g__JADLBA01;s__	N/A	N/A	N/A	N/A	N/A	GCA_020848015.1	95.0	d__Bacteria;p__Bacteroidota;c__Bacteroidia;o__Flavobacteriales;f__UA16;g__JADLBA01;s__JADLBA01 sp020848015	75.85	0.02	d__Bacteria;p__Bacteroidota;c__Bacteroidia;o__Flavobacteriales;f__UA16;g__JADLBA01;s__	taxonomic classification defined by topology and ANI	classification based on placement in class-level tree	N/A	75.29	11	0.88502	N/A
R15_EKDN230028443-1A_HKTC2DSX7_L3.38	d__Bacteria;p__Pseudomonadota;c__Gammaproteobacteria;o__Burkholderiales;f__Methylophilaceae;g__Methylotenera;s__	N/A	N/A	N/A	N/A	N/A	N/A	N/A	N/A	N/A	N/A	d__Bacteria;p__Pseudomonadota;c__Gammaproteobacteria;o__Burkholderiales;f__Methylophilaceae;g__Methylotenera;s__	ANI	classification based on placement in class-level tree	GCA_001803395.1, s__Methylotenera sp001803395, 95.0, 78.26, 0.384; GCA_013141495.1, s__Methylotenera sp013141495, 95.0, 78.17, 0.396; GCA_009693255.1, s__Methylotenera sp009693255, 95.0, 77.96, 0.228; GCF_004661485.1, s__Methylotenera oryzisoli, 95.0, 77.76, 0.276; GCA_903860085.1, s__Methylotenera sp903860085, 95.0, 77.75, 0.178; GCA_903833595.1, s__Methylotenera sp903833595, 95.0, 77.71, 0.206; GCF_000023705.1, s__Methylotenera mobilis, 95.0, 77.7, 0.247; GCF_000384255.1, s__Methylotenera mobilis_B, 95.0, 77.7, 0.297; GCF_000744605.1, s__Methylotenera sp000744605, 95.0, 77.63, 0.295; GCA_002429455.1, s__Methylotenera sp002429455, 95.0, 77.55, 0.19; GCA_013141075.1, s__Methylotenera sp013141075, 95.0, 77.52, 0.221; GCA_013141425.1, s__Methylotenera sp013141425, 95.0, 77.51, 0.241; GCA_903882525.1, s__Methylotenera sp903882525, 95.0, 77.49, 0.179; GCA_020622105.1, s__Methylotenera sp020622105, 95.0, 77.48, 0.202; GCA_903926935.1, s__Methylotenera sp903926935, 95.0, 77.47, 0.183; GCA_002281815.1, s__Methylotenera sp002281815, 95.0, 77.47, 0.221; GCA_903846555.1, s__Methylotenera sp903846555, 95.0, 77.4, 0.233; GCA_903838125.1, s__Methylotenera sp903838125, 95.0, 77.39, 0.165; GCA_021738125.1, s__Methylotenera sp021738125, 95.0, 77.38, 0.223; GCF_000093025.1, s__Methylotenera versatilis, 95.0, 77.38, 0.266; GCA_903876765.1, s__Methylotenera sp903876765, 95.0, 77.34, 0.181; GCA_002928535.1, s__Methylotenera sp002928535, 95.0, 77.28, 0.105; GCA_014378495.1, s__Methylotenera sp014378495, 95.0, 77.24, 0.196; GCA_023259635.1, s__Methylotenera sp023259635, 95.0, 77.22, 0.2; GCA_002842195.1, s__Methylotenera sp002842195, 95.0, 77.21, 0.181; GCF_000799735.1, s__Methylotenera sp000799735, 95.0, 77.09, 0.179; GCA_903951385.1, s__Methylotenera sp903951385, 95.0, 77.07, 0.143; GCA_016867975.1, s__Methylotenera sp016867975, 95.0, 77.07, 0.118; GCA_903854305.1, s__Methylotenera sp903854305, 95.0, 77.01, 0.202; GCA_020035195.1, s__Methylotenera sp020035195, 95.0, 76.95, 0.115; GCA_013140755.1, s__Methylotenera sp013140755, 95.0, 76.94, 0.223; GCA_013816325.1, s__Methylotenera sp013816325, 95.0, 76.92, 0.138; GCA_002842285.1, s__Methylotenera sp002842285, 95.0, 76.85, 0.212; GCA_005791685.1, s__Methylotenera sp005791685, 95.0, 76.82, 0.113; GCA_005777825.1, s__Methylotenera sp005777825, 95.0, 76.63, 0.107	67.33	11	0.95184	N/A
R15_EKDN230028443-1A_HKTC2DSX7_L3.51	d__Bacteria;p__Pseudomonadota;c__Gammaproteobacteria;o__Burkholderiales;f__Burkholderiaceae_B;g__Aquabacterium_A;s__	N/A	N/A	N/A	N/A	N/A	N/A	N/A	N/A	N/A	N/A	d__Bacteria;p__Pseudomonadota;c__Gammaproteobacteria;o__Burkholderiales;f__Burkholderiaceae_B;g__Aquabacterium_A;s__	taxonomic classification defined by topology and ANI	classification based on placement in class-level tree	GCF_005403045.1, s__Aquabacterium_A pictum, 95.0, 87.13, 0.762; GCA_017999135.1, s__Aquabacterium_A sp017999135, 95.0, 86.56, 0.764; GCA_001770815.1, s__Aquabacterium_A sp001770815, 95.0, 83.89, 0.614; GCA_016790515.1, s__Aquabacterium_A sp016790515, 95.0, 81.94, 0.513; GCA_017992055.1, s__Aquabacterium_A sp017992055, 95.0, 81.7, 0.592; GCF_002198735.1, s__Aquabacterium_A sp002198735, 95.0, 80.85, 0.548; GCA_016213205.1, s__Aquabacterium_A sp016213205, 95.0, 80.53, 0.502; GCA_016721465.1, s__Aquabacterium_A sp016721465, 95.0, 80.04, 0.482; GCA_945878355.1, s__Aquabacterium_A sp945878355, 95.0, 80.04, 0.416; GCA_010030205.1, s__Aquabacterium_A sp010030205, 95.0, 79.81, 0.423; GCF_013266755.1, s__Aquabacterium_A terrae, 95.0, 79.36, 0.491; GCA_013360485.1, s__Aquabacterium_A sp013360485, 95.0, 79.33, 0.372; GCA_023150345.1, s__Aquabacterium_A sp023150345, 95.0, 79.25, 0.372	74.86	11	0.99251	Genome not assigned to closest species as it falls outside its pre-defined ANI radius
R15_EKDN230028443-1A_HKTC2DSX7_L3.55	d__Bacteria;p__Pseudomonadota;c__Alphaproteobacteria;o__Caulobacterales;f__Hyphomonadaceae;g__Hyphomonas;s__	N/A	N/A	N/A	N/A	N/A	GCA_016125515.1	95.0	d__Bacteria;p__Pseudomonadota;c__Alphaproteobacteria;o__Caulobacterales;f__Hyphomonadaceae;g__Hyphomonas;s__Hyphomonas sp016125515	85.11	0.816	d__Bacteria;p__Pseudomonadota;c__Alphaproteobacteria;o__Caulobacterales;f__Hyphomonadaceae;g__Hyphomonas;s__	taxonomic classification defined by topology and ANI	classification based on placement in class-level tree	GCA_013791775.1, s__Hyphomonas sp013791775, 95.0, 84.29, 0.8; GCA_945888325.1, s__Hyphomonas sp945888325, 95.0, 82.76, 0.714; GCA_001464545.1, s__Hyphomonas sp001464545, 95.0, 82.57, 0.712; GCA_016712445.1, s__Hyphomonas sp016712445, 95.0, 82.5, 0.753; GCA_016124495.1, s__Hyphomonas sp016124495, 95.0, 81.5, 0.647; GCA_022844445.1, s__Hyphomonas sp022844445, 95.0, 81.4, 0.694; GCA_003486945.1, s__Hyphomonas sp003486945, 95.0, 80.56, 0.538; GCF_000685315.1, s__Hyphomonas polymorpha, 95.0, 79.54, 0.533; GCF_019679475.1, s__Hyphomonas sediminis, 95.0, 79.46, 0.487; GCA_013823385.1, s__Hyphomonas sp013823385, 95.0, 79.42, 0.539; GCA_018402285.1, s__Hyphomonas sp018402285, 95.0, 79.3, 0.484; GCF_000013025.1, s__Hyphomonas neptunia, 95.0, 79.3, 0.509; GCA_002841155.1, s__Hyphomonas sp002841155, 95.0, 79.25, 0.493; GCA_002282565.1, s__Hyphomonas sp002282565, 95.0, 79.18, 0.411; GCA_000961695.1, s__Hyphomonas sp000961695, 95.0, 78.6, 0.395; GCF_000685295.1, s__Hyphomonas oceanitis, 95.0, 78.57, 0.369; GCF_000685235.1, s__Hyphomonas adhaerens, 95.0, 78.52, 0.376; GCF_000685275.1, s__Hyphomonas johnsonii, 95.0, 78.5, 0.378; GCA_014763715.1, s__Hyphomonas sp014763715, 95.0, 78.47, 0.367; GCF_000685215.1, s__Hyphomonas jannaschiana, 95.0, 78.45, 0.369; GCF_000682735.1, s__Hyphomonas sp000682735, 95.0, 78.35, 0.367; GCA_020638455.1, s__Hyphomonas sp020638455, 95.0, 78.33, 0.36; GCF_000682695.1, s__Hyphomonas chukchiensis, 95.0, 78.32, 0.386; GCA_018827375.1, s__Hyphomonas sp018827375, 95.0, 78.29, 0.364; GCA_000961795.1, s__Hyphomonas sp000961795, 95.0, 78.24, 0.356; GCA_018830285.1, s__Hyphomonas sp018830285, 95.0, 78.17, 0.364; GCA_002700305.1, s__Hyphomonas sp002700305, 95.0, 78.17, 0.383; GCA_913057945.1, s__Hyphomonas sp913057945, 95.0, 77.94, 0.323; GCA_017792385.1, s__Hyphomonas sp017792385, 95.0, 77.89, 0.323; GCF_000682675.1, s__Hyphomonas pacifica, 95.0, 77.72, 0.242; GCA_018222605.1, s__Hyphomonas sp002695785, 95.0, 77.69, 0.274; GCF_000682755.1, s__Hyphomonas beringensis, 95.0, 77.68, 0.277; GCF_000682775.1, s__Hyphomonas sp000682775, 95.0, 77.58, 0.25; GCA_002414505.1, s__Hyphomonas sp002414505, 95.0, 77.57, 0.254; GCA_020425315.1, s__Hyphomonas sp020425315, 95.0, 77.56, 0.326; GCF_000682715.1, s__Hyphomonas atlantica, 95.0, 77.45, 0.242	96.39	11	0.99087	Genome not assigned to closest species as it falls outside its pre-defined ANI radius
R16_EKDN230028444-1A_HKTC2DSX7_L3.19	d__Bacteria;p__Bacteroidota;c__Bacteroidia;o__Chitinophagales;f__Chitinophagaceae;g__Ferruginibacter;s__	N/A	N/A	N/A	N/A	N/A	N/A	N/A	N/A	N/A	N/A	d__Bacteria;p__Bacteroidota;c__Bacteroidia;o__Chitinophagales;f__Chitinophagaceae;g__Ferruginibacter;s__	ANI	classification based on placement in class-level tree	GCA_016722465.1, s__Ferruginibacter sp016722465, 95.0, 76.79, 0.172; GCA_945870835.1, s__Ferruginibacter pinensis_A, 95.0, 76.76, 0.141; GCA_016721725.1, s__Ferruginibacter sp016721725, 95.0, 76.72, 0.039; GCA_013141115.1, s__Ferruginibacter sp013141115, 95.0, 76.63, 0.144; GCF_020783315.1, s__Ferruginibacter lapsinanis, 95.0, 76.63, 0.148; GCA_016710595.1, s__Ferruginibacter sp016710595, 95.0, 76.61, 0.104; GCF_020042285.1, s__Ferruginibacter sp020042285, 95.0, 76.59, 0.107; GCA_014377975.1, s__Ferruginibacter sp014377975, 95.0, 76.59, 0.151; GCA_903837525.1, s__Ferruginibacter sp903837525, 95.0, 76.57, 0.164; GCA_017983695.1, s__Ferruginibacter sp017983695, 95.0, 76.54, 0.149; GCA_903871575.1, s__Ferruginibacter sp903871575, 95.0, 76.49, 0.1; GCA_016715365.1, s__Ferruginibacter sp016715365, 95.0, 76.46, 0.12; GCA_016710935.1, s__Ferruginibacter sp016710935, 95.0, 76.44, 0.128; GCA_016721385.1, s__Ferruginibacter sp016721385, 95.0, 76.4, 0.148; GCA_013288745.1, s__Ferruginibacter sp013288745, 95.0, 76.38, 0.138; GCA_016786725.1, s__Ferruginibacter sp016786725, 95.0, 76.36, 0.102; GCA_903831575.1, s__Ferruginibacter sp903831575, 95.0, 76.36, 0.086; GCA_019638575.1, s__Ferruginibacter sp019638575, 95.0, 76.35, 0.12; GCA_014379905.1, s__Ferruginibacter sp014379905, 95.0, 76.33, 0.089; GCA_018268085.1, s__Ferruginibacter sp018268085, 95.0, 76.31, 0.07; GCA_945865645.1, s__Ferruginibacter pinensis_B, 95.0, 76.3, 0.161; GCA_016713965.1, s__Ferruginibacter sp016713965, 95.0, 76.3, 0.116; GCA_018268135.1, s__Ferruginibacter sp018268135, 95.0, 76.27, 0.127; GCA_019638525.1, s__Ferruginibacter sp018268155, 95.0, 76.25, 0.144; GCA_016710745.1, s__Ferruginibacter sp016710745, 95.0, 76.23, 0.081; GCA_014379625.1, s__Ferruginibacter sp014379625, 95.0, 76.23, 0.12; GCA_002336815.1, s__Ferruginibacter sp002336815, 95.0, 76.23, 0.094; GCA_016703625.1, s__Ferruginibacter sp016703625, 95.0, 76.22, 0.09; GCA_018268185.1, s__Ferruginibacter sp018268185, 95.0, 76.2, 0.062; GCA_016720775.1, s__Ferruginibacter sp016720775, 95.0, 76.19, 0.079; GCA_024642285.1, s__Ferruginibacter sp024642285, 95.0, 76.18, 0.096; GCA_001898465.1, s__Ferruginibacter sp001898465, 95.0, 76.16, 0.09; GCF_024343615.1, s__Ferruginibacter sp024343615, 95.0, 76.16, 0.053; GCA_018057635.1, s__Ferruginibacter sp018057635, 95.0, 76.14, 0.084; GCA_017988335.1, s__Ferruginibacter sp017988335, 95.0, 76.13, 0.154; GCA_018268175.1, s__Ferruginibacter sp018268175, 95.0, 76.1, 0.073; GCA_014377385.1, s__Ferruginibacter sp014377385, 95.0, 76.1, 0.073; GCA_020059395.1, s__Ferruginibacter sp020059395, 95.0, 76.08, 0.099; GCA_013141435.1, s__Ferruginibacter sp013141435, 95.0, 76.07, 0.103; GCA_023422565.1, s__Ferruginibacter sp023422565, 95.0, 76.06, 0.048; GCA_002352045.1, s__Ferruginibacter sp002352045, 95.0, 76.06, 0.127; GCA_023433345.1, s__Ferruginibacter sp023433345, 95.0, 76.04, 0.039; GCA_016699815.1, s__Ferruginibacter sp002381005, 95.0, 76.04, 0.113; GCA_016710165.1, s__Ferruginibacter sp016710165, 95.0, 76.04, 0.057; GCA_903858475.1, s__Ferruginibacter sp903858475, 95.0, 76.03, 0.096; GCA_945872815.1, s__Ferruginibacter pinensis_C, 95.0, 76.0, 0.085; GCA_018266775.1, s__Ferruginibacter sp018266775, 95.0, 75.98, 0.09; GCA_002400445.1, s__Ferruginibacter sp002400445, 95.0, 75.97, 0.079; GCA_002343985.1, s__Ferruginibacter sp002343985, 95.0, 75.96, 0.046; GCA_019638635.1, s__Ferruginibacter sp019638635, 95.0, 75.94, 0.068; GCA_019638485.1, s__Ferruginibacter sp019638485, 95.0, 75.93, 0.05; GCA_903878475.1, s__Ferruginibacter sp903878475, 95.0, 75.88, 0.099; GCA_009885535.1, s__Ferruginibacter sp009885535, 95.0, 75.79, 0.095; GCA_023417815.1, s__Ferruginibacter sp023417815, 95.0, 75.78, 0.039; GCA_003455235.1, s__Ferruginibacter sp003455235, 95.0, 75.78, 0.047; GCA_015655125.1, s__Ferruginibacter sp015655125, 95.0, 75.77, 0.066; GCA_018266615.1, s__Ferruginibacter sp018266615, 95.0, 75.74, 0.056; GCA_017303335.1, s__Ferruginibacter sp017303335, 95.0, 75.72, 0.035; GCA_018266715.1, s__Ferruginibacter sp018266715, 95.0, 75.65, 0.11; GCA_013298665.1, s__Ferruginibacter sp013298665, 95.0, 75.6, 0.039; GCA_003534175.1, s__Ferruginibacter sp003534175, 95.0, 75.58, 0.046; GCA_023390215.1, s__Ferruginibacter sp023390215, 95.0, 75.57, 0.044; GCA_018882645.1, s__Ferruginibacter sp018882645, 95.0, 75.47, 0.062	96.19	11	0.94222	N/A
R16_EKDN230028444-1A_HKTC2DSX7_L3.32	d__Bacteria;p__Bacteroidota;c__Bacteroidia;o__Cytophagales;f__Spirosomaceae;g__Rudanella;s__	N/A	N/A	N/A	N/A	N/A	GCA_004292855.1	95.0	d__Bacteria;p__Bacteroidota;c__Bacteroidia;o__Cytophagales;f__Spirosomaceae;g__Rudanella;s__Rudanella sp004292855	78.91	0.484	d__Bacteria;p__Bacteroidota;c__Bacteroidia;o__Cytophagales;f__Spirosomaceae;g__Rudanella;s__	taxonomic classification defined by topology and ANI	classification based on placement in class-level tree	GCF_000383955.1, s__Rudanella lutea, 95.0, 77.63, 0.332; GCF_009184635.1, s__Rudanella paleaurantiibacter, 95.0, 77.62, 0.349	63.91	11	0.96865	N/A
R16_EKDN230028444-1A_HKTC2DSX7_L3.33	d__Bacteria;p__Bacteroidota;c__Bacteroidia;o__Chitinophagales;f__Saprospiraceae;g__M3007;s__	N/A	N/A	N/A	N/A	N/A	N/A	N/A	N/A	N/A	N/A	d__Bacteria;p__Bacteroidota;c__Bacteroidia;o__Chitinophagales;f__Saprospiraceae;g__M3007;s__	ANI	classification based on placement in class-level tree	GCA_903933805.1, s__M3007 sp903933805, 95.0, 76.22, 0.037; GCA_013298845.1, s__M3007 sp013298845, 95.0, 76.06, 0.084; GCA_022844265.1, s__M3007 sp022844265, 95.0, 76.0, 0.075; GCA_903905445.1, s__M3007 sp903905445, 95.0, 75.97, 0.055; GCA_020847425.1, s__M3007 sp020847425, 95.0, 75.86, 0.066; GCA_016713985.1, s__M3007 sp016713985, 95.0, 75.85, 0.052; GCA_016708875.1, s__M3007 sp016708875, 95.0, 75.82, 0.04; GCA_013297575.1, s__M3007 sp013297575, 95.0, 75.8, 0.067; GCA_025056735.1, s__M3007 sp025056735, 95.0, 75.79, 0.014; GCA_016711435.1, s__M3007 sp016711435, 95.0, 75.78, 0.075; GCA_016716135.1, s__M3007 sp016716135, 95.0, 75.74, 0.033; GCA_020160935.1, s__M3007 sp020160935, 95.0, 75.73, 0.074; GCA_016787415.1, s__M3007 sp016787415, 95.0, 75.68, 0.06; GCA_016787465.1, s__M3007 sp016787465, 95.0, 75.66, 0.033; GCA_017303475.1, s__M3007 sp017303475, 95.0, 75.66, 0.044; GCA_017303875.1, s__M3007 sp017303875, 95.0, 75.65, 0.059; GCA_020852155.1, s__M3007 sp020852155, 95.0, 75.64, 0.043; GCA_019638455.1, s__M3007 sp019638455, 95.0, 75.61, 0.034; GCA_018969455.1, s__M3007 sp018969455, 95.0, 75.56, 0.039; GCA_020636025.1, s__M3007 sp020636025, 95.0, 75.52, 0.026; GCA_014379065.1, s__M3007 sp014379065, 95.0, 75.51, 0.025; GCA_903836265.1, s__M3007 sp903836265, 95.0, 75.51, 0.022; GCA_021298575.1, s__M3007 sp021298575, 95.0, 75.49, 0.022; GCA_903925535.1, s__M3007 sp903925535, 95.0, 75.48, 0.017; GCA_016787345.1, s__M3007 sp016787345, 95.0, 75.47, 0.04; GCA_020846655.1, s__M3007 sp020846655, 95.0, 75.47, 0.049; GCA_019187225.1, s__M3007 sp019187225, 95.0, 75.44, 0.041; GCA_020636045.1, s__M3007 sp020636045, 95.0, 75.43, 0.024; GCA_020850025.1, s__M3007 sp020850025, 95.0, 75.41, 0.024; GCA_020636075.1, s__M3007 sp020636075, 95.0, 75.41, 0.031; GCA_016787545.1, s__M3007 sp016787545, 95.0, 75.36, 0.029; GCA_016787285.1, s__M3007 sp016787285, 95.0, 75.35, 0.028; GCA_006226345.1, s__M3007 sp006226345, 95.0, 75.35, 0.028; GCA_020849825.1, s__M3007 sp020849825, 95.0, 75.34, 0.036; GCA_022842255.1, s__M3007 sp022842255, 95.0, 75.33, 0.046; GCA_020847915.1, s__M3007 sp020847915, 95.0, 75.31, 0.025; GCA_025055285.1, s__M3007 sp025055285, 95.0, 75.27, 0.009; GCA_016710765.1, s__M3007 sp016710765, 95.0, 75.21, 0.023; GCA_016712415.1, s__M3007 sp016712415, 95.0, 75.18, 0.04; GCA_003448025.1, s__M3007 sp003448025, 95.0, 75.15, 0.019; GCA_016719895.1, s__M3007 sp016719895, 95.0, 75.09, 0.038; GCA_016719605.1, s__M3007 sp016719605, 95.0, 75.05, 0.038; GCA_023151335.1, s__M3007 sp023151335, 95.0, 75.05, 0.033	57.66	11	0.90261	N/A
R16_EKDN230028444-1A_HKTC2DSX7_L3.4	d__Bacteria;p__Actinomycetota;c__Acidimicrobiia;o__Acidimicrobiales;f__Ilumatobacteraceae;g__VFMC01;s__	N/A	N/A	N/A	N/A	N/A	N/A	N/A	N/A	N/A	N/A	d__Bacteria;p__Actinomycetota;c__Acidimicrobiia;o__Acidimicrobiales;f__Ilumatobacteraceae;g__VFMC01;s__	taxonomic classification defined by topology and ANI	classification based on placement in class-level tree	GCA_009704985.1, s__VFMC01 sp009704985, 95.0, 82.54, 0.588; GCA_020637235.1, s__VFMC01 sp020637235, 95.0, 81.72, 0.544; GCA_006515795.1, s__VFMC01 sp006515795, 95.0, 79.51, 0.443	74.9	11	0.91816	Genome not assigned to closest species as it falls outside its pre-defined ANI radius
R16_EKDN230028444-1A_HKTC2DSX7_L3.48	d__Bacteria;p__Actinomycetota;c__Acidimicrobiia;o__Acidimicrobiales;f__Ilumatobacteraceae;g__UBA668;s__	N/A	N/A	N/A	N/A	N/A	GCA_005778215.1	95.0	d__Bacteria;p__Actinomycetota;c__Acidimicrobiia;o__Acidimicrobiales;f__Ilumatobacteraceae;g__UBA668;s__UBA668 sp005778215	83.13	0.641	d__Bacteria;p__Actinomycetota;c__Acidimicrobiia;o__Acidimicrobiales;f__Ilumatobacteraceae;g__UBA668;s__	taxonomic classification defined by topology and ANI	classification based on placement in class-level tree	GCA_016213625.1, s__UBA668 sp016213625, 95.0, 82.44, 0.695; GCA_903919455.1, s__UBA668 sp903919455, 95.0, 81.37, 0.584; GCA_003154135.1, s__UBA668 sp003154135, 95.0, 80.85, 0.526; GCA_016722025.1, s__UBA668 sp002299395, 95.0, 80.43, 0.554; GCA_020637295.1, s__UBA668 sp020637295, 95.0, 79.84, 0.48; GCA_003455715.1, s__UBA668 sp003455715, 95.0, 79.65, 0.395; GCA_009702045.1, s__UBA668 sp009702045, 95.0, 79.04, 0.398; GCA_903919215.1, s__UBA668 sp903919215, 95.0, 78.88, 0.349; GCA_021414085.1, s__UBA668 sp021414085, 95.0, 77.81, 0.244; GCA_016213665.1, s__UBA668 sp016213665, 95.0, 77.64, 0.249	61.85	11	0.9708	Genome not assigned to closest species as it falls outside its pre-defined ANI radius
R16_EKDN230028444-1A_HKTC2DSX7_L3.5	d__Bacteria;p__Pseudomonadota;c__Alphaproteobacteria;o__Rhodobacterales;f__Rhodobacteraceae;g__Cypionkella;s__Cypionkella sp013298675	GCA_013298675.1	95.0	d__Bacteria;p__Pseudomonadota;c__Alphaproteobacteria;o__Rhodobacterales;f__Rhodobacteraceae;g__Cypionkella;s__Cypionkella sp013298675	98.14	0.779	N/A	N/A	N/A	N/A	N/A	N/A	ani_screen	classification based on ANI only	N/A	N/A	N/A	N/A	N/A
R16_EKDN230028444-1A_HKTC2DSX7_L3.50	d__Bacteria;p__Cyanobacteriota;c__Cyanobacteriia;o__Cyanobacteriales;f__Chamaesiphonaceae;g__JAAFHZ01;s__	N/A	N/A	N/A	N/A	N/A	GCA_020059425.1	95.0	d__Bacteria;p__Cyanobacteriota;c__Cyanobacteriia;o__Cyanobacteriales;f__Chamaesiphonaceae;g__JAAFHZ01;s__JAAFHZ01 sp020059425	86.23	0.697	d__Bacteria;p__Cyanobacteriota;c__Cyanobacteriia;o__Cyanobacteriales;f__Chamaesiphonaceae;g__JAAFHZ01;s__	taxonomic classification defined by topology and ANI	classification based on placement in class-level tree	GCA_013297675.1, s__JAAFHZ01 sp013297675, 95.0, 77.21, 0.146	82.44	11	0.99298	Genome not assigned to closest species as it falls outside its pre-defined ANI radius
R16_EKDN230028444-1A_HKTC2DSX7_L3.54	d__Bacteria;p__Pseudomonadota;c__Alphaproteobacteria;o__Sphingomonadales;f__Sphingomonadaceae;g__Novosphingobium;s__	N/A	N/A	N/A	N/A	N/A	N/A	N/A	N/A	N/A	N/A	d__Bacteria;p__Pseudomonadota;c__Alphaproteobacteria;o__Sphingomonadales;f__Sphingomonadaceae;g__Novosphingobium;s__	taxonomic classification defined by topology and ANI	classification based on placement in class-level tree	GCA_002440635.1, s__Novosphingobium sp002440635, 95.0, 81.4, 0.719; GCA_009885425.1, s__Novosphingobium sp009885425, 95.0, 81.02, 0.608; GCA_017302615.1, s__Novosphingobium sp017302615, 95.0, 80.98, 0.664; GCA_017987575.1, s__Novosphingobium sp017987575, 95.0, 80.82, 0.557; GCA_013822005.1, s__Novosphingobium sp013822005, 95.0, 80.59, 0.521; GCA_018334165.1, s__Novosphingobium sp018334165, 95.0, 80.53, 0.59; GCA_020852455.1, s__Novosphingobium sp020852455, 95.0, 80.29, 0.616; GCA_013141325.1, s__Novosphingobium sp013141325, 95.0, 79.82, 0.463; GCF_002198665.1, s__Novosphingobium sp002198665, 95.0, 79.77, 0.599; GCA_024236215.1, s__Novosphingobium sp024236215, 95.0, 79.53, 0.529; GCA_015657645.1, s__Novosphingobium sp015657645, 95.0, 79.48, 0.495; GCA_021299075.1, s__Novosphingobium sp021299075, 95.0, 79.47, 0.422; GCA_016719755.1, s__Novosphingobium sp016719755, 95.0, 79.45, 0.56; GCF_014652615.1, s__Novosphingobium arvoryzae, 95.0, 79.26, 0.557; GCA_002454125.1, s__Novosphingobium sp002454125, 95.0, 79.25, 0.471; GCF_007954425.1, s__Novosphingobium ginsenosidimutans, 95.0, 79.19, 0.537; GCA_018241045.1, s__Novosphingobium sp018241045, 95.0, 79.14, 0.381; GCA_009926135.1, s__Novosphingobium sp009926135, 95.0, 79.08, 0.515; GCF_002813245.1, s__Novosphingobium kunmingense, 95.0, 78.92, 0.453; GCA_018240895.1, s__Novosphingobium sp018240895, 95.0, 78.84, 0.439; GCF_014230305.1, s__Novosphingobium aerophilum, 95.0, 78.41, 0.398; GCF_020179475.1, s__Novosphingobium huizhouense, 95.0, 78.31, 0.361; GCA_018242165.1, s__Novosphingobium sp018242165, 95.0, 78.28, 0.369; GCA_024642085.1, s__Novosphingobium sp024642085, 95.0, 78.24, 0.382; GCF_014230355.1, s__Novosphingobium piscinae, 95.0, 78.23, 0.396; GCA_017302775.1, s__Novosphingobium sp017302775, 95.0, 78.22, 0.347; GCA_001725355.1, s__Novosphingobium sp001725355, 95.0, 78.2, 0.347; GCF_014230315.1, s__Novosphingobium flavum, 95.0, 78.2, 0.384; GCA_020848655.1, s__Novosphingobium sp020848655, 95.0, 78.18, 0.318; GCF_002855555.1, s__Novosphingobium sp002855555, 95.0, 78.12, 0.361; GCF_005145025.1, s__Novosphingobium sp005145025, 95.0, 78.11, 0.358; GCF_001590965.1, s__Novosphingobium lentum, 95.0, 78.02, 0.388; GCF_012927405.1, s__Novosphingobium olei, 95.0, 78.0, 0.339; GCA_013791705.1, s__Novosphingobium sp013791705, 95.0, 77.99, 0.261; GCF_001014975.1, s__Novosphingobium sp002336885, 95.0, 77.96, 0.369; GCF_015694345.1, s__Novosphingobium jiangmenense, 95.0, 77.95, 0.33; GCF_009707465.1, s__Novosphingobium sp009707465, 95.0, 77.92, 0.358; GCA_945906105.1, s__Novosphingobium sp945906105, 95.0, 77.91, 0.333; GCF_020404405.1, s__Novosphingobium sp020404405, 95.0, 77.91, 0.329; GCF_900113255.1, s__Novosphingobium sp900113255, 95.0, 77.9, 0.274; GCF_020179425.1, s__Novosphingobium percolationis, 95.0, 77.87, 0.373; GCF_001519075.1, s__Novosphingobium fuchskuhlense, 95.0, 77.84, 0.315; GCA_004211435.1, s__Novosphingobium sp004211435, 95.0, 77.84, 0.326; GCF_000013325.1, s__Novosphingobium aromaticivorans, 95.0, 77.83, 0.306; GCA_021782155.1, s__Novosphingobium sp021782155, 95.0, 77.83, 0.266; GCF_900117425.1, s__Novosphingobium sp900117425, 95.0, 77.83, 0.362; GCF_007830315.1, s__Novosphingobium taihuense, 95.0, 77.83, 0.32; GCA_019748365.1, s__Novosphingobium sp019748365, 95.0, 77.82, 0.365; GCA_023266625.1, s__Novosphingobium sp023266625, 95.0, 77.82, 0.313; GCF_019075875.1, s__Novosphingobium sp019075875, 95.0, 77.79, 0.361; GCA_020200285.1, s__Novosphingobium sp020200285, 95.0, 77.78, 0.297; GCF_007991615.1, s__Novosphingobium sediminis, 95.0, 77.77, 0.339; GCA_018971065.1, s__Novosphingobium sp018971065, 95.0, 77.76, 0.304; GCF_003454795.1, s__Novosphingobium sp003454795, 95.0, 77.75, 0.323; GCF_009909235.1, s__Novosphingobium ovatum, 95.0, 77.74, 0.255; GCF_006874585.1, s__Novosphingobium sp006874585, 95.0, 77.74, 0.3; GCA_015661825.1, s__Novosphingobium capsulatum_A, 95.0, 77.74, 0.275; GCF_000807925.1, s__Novosphingobium subterraneum, 95.0, 77.71, 0.31; GCA_019510335.1, s__Novosphingobium sp019510335, 95.0, 77.7, 0.269; GCF_000445125.1, s__Novosphingobium lindaniclasticum, 95.0, 77.68, 0.237; GCF_014652555.1, s__Novosphingobium colocasiae, 95.0, 77.65, 0.338; GCF_017163935.1, s__Novosphingobium sp017163935, 95.0, 77.63, 0.248; GCF_012641335.1, s__Novosphingobium sp012641335, 95.0, 77.62, 0.281; GCF_014652855.1, s__Novosphingobium pokkalii, 95.0, 77.61, 0.324; GCA_903834285.1, s__Novosphingobium sp903834285, 95.0, 77.59, 0.274; GCF_004342985.1, s__Novosphingobium sp004342985, 95.0, 77.58, 0.269; GCF_004341845.1, s__Novosphingobium sp004341845, 95.0, 77.57, 0.266; GCA_903828025.1, s__Novosphingobium sp903828025, 95.0, 77.56, 0.254; GCF_012932495.1, s__Novosphingobium sp012932495, 95.0, 77.55, 0.309; GCF_902506425.1, s__Novosphingobium sp902506425, 95.0, 77.54, 0.248; GCF_002556635.1, s__Novosphingobium sp002556635, 95.0, 77.53, 0.286; GCA_025153475.1, s__Novosphingobium sp025153475, 95.0, 77.52, 0.266; GCF_021227995.1, s__Novosphingobium sp021227995, 95.0, 77.51, 0.275; GCF_014204535.1, s__Novosphingobium chloroacetimidivorans, 95.0, 77.5, 0.292; GCF_012275515.1, s__Novosphingobium sp001898925, 95.0, 77.46, 0.261; GCA_945906005.1, s__Novosphingobium sp945906005, 95.0, 77.44, 0.211; GCF_900176395.1, s__Novosphingobium sp900176395, 95.0, 77.44, 0.297; GCF_001598555.1, s__Novosphingobium rosa, 95.0, 77.4, 0.274; GCF_009746585.1, s__Novosphingobium aquimarinum, 95.0, 77.39, 0.269; GCA_903970225.1, s__Novosphingobium sp903970225, 95.0, 77.39, 0.242; GCF_001598375.1, s__Novosphingobium capsulatum, 95.0, 77.36, 0.333; GCF_900168325.1, s__Novosphingobium mathurense, 95.0, 77.35, 0.246; GCF_001298105.1, s__Novosphingobium sp001298105, 95.0, 77.32, 0.283; GCF_014196525.1, s__Novosphingobium sediminicola, 95.0, 77.3, 0.261; GCA_903911985.1, s__Novosphingobium sp903911985, 95.0, 77.3, 0.176; GCF_000767465.1, s__Novosphingobium pentaromativorans, 95.0, 77.26, 0.26; GCF_013408095.1, s__Novosphingobium marinum, 95.0, 77.26, 0.22; GCF_014640675.1, s__Novosphingobium endophyticum, 95.0, 77.24, 0.269; GCA_024236175.1, s__Novosphingobium sp024236175, 95.0, 77.22, 0.252; GCA_903923465.1, s__Novosphingobium sp903923465, 95.0, 77.13, 0.185; GCF_014196615.1, s__Novosphingobium fluoreni, 95.0, 77.13, 0.251; GCF_013149295.1, s__Novosphingobium sp013149295, 95.0, 77.11, 0.284; GCF_000192575.1, s__Novosphingobium nitrogenifigens, 95.0, 77.05, 0.239; GCA_020446595.1, s__Novosphingobium sp020446595, 95.0, 76.98, 0.138; GCF_002916655.1, s__Novosphingobium sp002916655, 95.0, 76.92, 0.182; GCA_002336765.1, s__Novosphingobium sp002336765, 95.0, 76.89, 0.176; GCA_903858875.1, s__Novosphingobium sp903858875, 95.0, 76.84, 0.187; GCA_020446505.1, s__Novosphingobium sp020446505, 95.0, 76.72, 0.187; GCA_019090585.1, s__Novosphingobium sp019090585, 95.0, 76.64, 0.139; GCA_020446575.1, s__Novosphingobium sp020446575, 95.0, 76.49, 0.094	66.75	11	0.98514	Genome not assigned to closest species as it falls outside its pre-defined ANI radius
R16_EKDN230028444-1A_HKTC2DSX7_L3.57	d__Bacteria;p__Bacteroidota;c__Bacteroidia;o__Chitinophagales;f__Saprospiraceae;g__;s__	N/A	N/A	N/A	N/A	N/A	GCA_016710625.1	95.0	d__Bacteria;p__Bacteroidota;c__Bacteroidia;o__Chitinophagales;f__Saprospiraceae;g__JADJVK01;s__JADJVK01 sp016710625	75.27	0.038	d__Bacteria;p__Bacteroidota;c__Bacteroidia;o__Chitinophagales;f__Saprospiraceae;g__;s__	taxonomic classification defined by topology and ANI	classification based on placement in class-level tree	N/A	93.29	11	0.8305	N/A
R16_EKDN230028444-1A_HKTC2DSX7_L3.61	d__Bacteria;p__Cyanobacteriota;c__Cyanobacteriia;o__Cyanobacteriales;f__Microcoleaceae;g__Microcoleus;s__Microcoleus sp004292745	GCA_004292745.1	95.0	d__Bacteria;p__Cyanobacteriota;c__Cyanobacteriia;o__Cyanobacteriales;f__Microcoleaceae;g__Microcoleus;s__Microcoleus sp004292745	95.93	0.789	N/A	N/A	N/A	N/A	N/A	N/A	ani_screen	classification based on ANI only	N/A	N/A	N/A	N/A	N/A
R16_EKDN230028444-1A_HKTC2DSX7_L3.83	d__Bacteria;p__Bacteroidota;c__Bacteroidia;o__Chitinophagales;f__Saprospiraceae;g__M3007;s__	N/A	N/A	N/A	N/A	N/A	N/A	N/A	N/A	N/A	N/A	d__Bacteria;p__Bacteroidota;c__Bacteroidia;o__Chitinophagales;f__Saprospiraceae;g__M3007;s__	ANI	classification based on placement in class-level tree	GCA_022842255.1, s__M3007 sp022842255, 95.0, 78.35, 0.343; GCA_016708875.1, s__M3007 sp016708875, 95.0, 78.08, 0.335; GCA_014379065.1, s__M3007 sp014379065, 95.0, 77.7, 0.243; GCA_017303475.1, s__M3007 sp017303475, 95.0, 77.54, 0.236; GCA_016787545.1, s__M3007 sp016787545, 95.0, 76.94, 0.172; GCA_020850025.1, s__M3007 sp020850025, 95.0, 76.79, 0.195; GCA_003448025.1, s__M3007 sp003448025, 95.0, 76.66, 0.151; GCA_903905445.1, s__M3007 sp903905445, 95.0, 76.47, 0.074; GCA_016787415.1, s__M3007 sp016787415, 95.0, 76.38, 0.098; GCA_016711435.1, s__M3007 sp016711435, 95.0, 76.25, 0.108; GCA_022844265.1, s__M3007 sp022844265, 95.0, 76.18, 0.094; GCA_020849825.1, s__M3007 sp020849825, 95.0, 76.18, 0.075; GCA_020847915.1, s__M3007 sp020847915, 95.0, 76.16, 0.07; GCA_903933805.1, s__M3007 sp903933805, 95.0, 76.14, 0.072; GCA_020852155.1, s__M3007 sp020852155, 95.0, 76.14, 0.077; GCA_020847425.1, s__M3007 sp020847425, 95.0, 76.13, 0.084; GCA_016713985.1, s__M3007 sp016713985, 95.0, 76.1, 0.079; GCA_017303875.1, s__M3007 sp017303875, 95.0, 76.09, 0.071; GCA_020636025.1, s__M3007 sp020636025, 95.0, 76.05, 0.054; GCA_021298575.1, s__M3007 sp021298575, 95.0, 76.04, 0.043; GCA_013298845.1, s__M3007 sp013298845, 95.0, 75.98, 0.071; GCA_019638455.1, s__M3007 sp019638455, 95.0, 75.97, 0.069; GCA_016712415.1, s__M3007 sp016712415, 95.0, 75.96, 0.061; GCA_020160935.1, s__M3007 sp020160935, 95.0, 75.93, 0.099; GCA_016719605.1, s__M3007 sp016719605, 95.0, 75.91, 0.054; GCA_013297575.1, s__M3007 sp013297575, 95.0, 75.83, 0.042; GCA_016787345.1, s__M3007 sp016787345, 95.0, 75.83, 0.068; GCA_023151335.1, s__M3007 sp023151335, 95.0, 75.79, 0.048; GCA_020636045.1, s__M3007 sp020636045, 95.0, 75.75, 0.058; GCA_016787285.1, s__M3007 sp016787285, 95.0, 75.72, 0.05; GCA_025055285.1, s__M3007 sp025055285, 95.0, 75.7, 0.012; GCA_016787465.1, s__M3007 sp016787465, 95.0, 75.7, 0.062; GCA_016710765.1, s__M3007 sp016710765, 95.0, 75.66, 0.051; GCA_020846655.1, s__M3007 sp020846655, 95.0, 75.64, 0.086; GCA_006226345.1, s__M3007 sp006226345, 95.0, 75.63, 0.025; GCA_016716135.1, s__M3007 sp016716135, 95.0, 75.6, 0.043; GCA_019187225.1, s__M3007 sp019187225, 95.0, 75.59, 0.078; GCA_018969455.1, s__M3007 sp018969455, 95.0, 75.55, 0.073; GCA_016719895.1, s__M3007 sp016719895, 95.0, 75.52, 0.042; GCA_903925535.1, s__M3007 sp903925535, 95.0, 75.48, 0.038; GCA_025056735.1, s__M3007 sp025056735, 95.0, 75.46, 0.03; GCA_020636075.1, s__M3007 sp020636075, 95.0, 75.35, 0.038; GCA_903836265.1, s__M3007 sp903836265, 95.0, 75.32, 0.037	78.59	11	0.97676	Genome has more than 10.8% of markers with multiple hits
R16_EKDN230028444-1A_HKTC2DSX7_L3.85	d__Bacteria;p__Pseudomonadota;c__Alphaproteobacteria;o__Rhizobiales;f__Hyphomicrobiaceae;g__JABFRJ01;s__	N/A	N/A	N/A	N/A	N/A	GCA_013141255.1	95.0	d__Bacteria;p__Pseudomonadota;c__Alphaproteobacteria;o__Rhizobiales;f__Hyphomicrobiaceae;g__JABFRJ01;s__JABFRJ01 sp013141255	76.73	0.106	d__Bacteria;p__Pseudomonadota;c__Alphaproteobacteria;o__Rhizobiales;f__Hyphomicrobiaceae;g__JABFRJ01;s__	taxonomic classification defined by topology and ANI	classification based on placement in class-level tree	N/A	85.22	11	0.92132	N/A
R16_EKDN230028444-1A_HKTC2DSX7_L3.89	d__Bacteria;p__Pseudomonadota;c__Alphaproteobacteria;o__Rhodobacterales;f__Rhodobacteraceae;g__JAAFHS01;s__	N/A	N/A	N/A	N/A	N/A	GCA_013298485.1	95.0	d__Bacteria;p__Pseudomonadota;c__Alphaproteobacteria;o__Rhodobacterales;f__Rhodobacteraceae;g__JAAFHS01;s__JAAFHS01 sp013298485	79.67	0.557	d__Bacteria;p__Pseudomonadota;c__Alphaproteobacteria;o__Rhodobacterales;f__Rhodobacteraceae;g__JAAFHS01;s__	taxonomic classification defined by topology and ANI	classification based on placement in class-level tree	N/A	93.19	11	0.97248	Genome not assigned to closest species as it falls outside its pre-defined ANI radius
R16_EKDN230028444-1A_HKTC2DSX7_L3.9	d__Bacteria;p__Cyanobacteriota;c__Cyanobacteriia;o__Cyanobacteriales;f__Coleofasciculaceae;g__CADCTM01;s__	N/A	N/A	N/A	N/A	N/A	GCA_902805485.1	95.0	d__Bacteria;p__Cyanobacteriota;c__Cyanobacteriia;o__Cyanobacteriales;f__Coleofasciculaceae;g__CADCTM01;s__CADCTM01 sp902805485	77.33	0.351	d__Bacteria;p__Cyanobacteriota;c__Cyanobacteriia;o__Cyanobacteriales;f__Coleofasciculaceae;g__CADCTM01;s__	taxonomic classification defined by topology and ANI	classification based on placement in class-level tree	N/A	90.51	11	0.91677	N/A
R16_EKDN230028444-1A_HKTC2DSX7_L3.90	d__Bacteria;p__Actinomycetota;c__Actinomycetia;o__Actinomycetales;f__Kineosporiaceae;g__R-H-3;s__	N/A	N/A	N/A	N/A	N/A	N/A	N/A	N/A	N/A	N/A	d__Bacteria;p__Actinomycetota;c__Actinomycetia;o__Actinomycetales;f__Kineosporiaceae;g__R-H-3;s__	taxonomic novelty determined using RED	classification based on placement in class-level tree	N/A	81.05	11	0.93642	N/A
R17_EKDN230028445-1A_HKTC2DSX7_L3.10	d__Bacteria;p__Bacteroidota;c__Bacteroidia;o__Chitinophagales;f__Chitinophagaceae;g__Ferruginibacter;s__	N/A	N/A	N/A	N/A	N/A	N/A	N/A	N/A	N/A	N/A	d__Bacteria;p__Bacteroidota;c__Bacteroidia;o__Chitinophagales;f__Chitinophagaceae;g__Ferruginibacter;s__	ANI	classification based on placement in class-level tree	GCA_016722465.1, s__Ferruginibacter sp016722465, 95.0, 76.78, 0.172; GCA_016721725.1, s__Ferruginibacter sp016721725, 95.0, 76.74, 0.038; GCA_013141115.1, s__Ferruginibacter sp013141115, 95.0, 76.68, 0.144; GCA_945870835.1, s__Ferruginibacter pinensis_A, 95.0, 76.62, 0.141; GCA_017983695.1, s__Ferruginibacter sp017983695, 95.0, 76.6, 0.142; GCA_016713965.1, s__Ferruginibacter sp016713965, 95.0, 76.6, 0.118; GCA_014377975.1, s__Ferruginibacter sp014377975, 95.0, 76.57, 0.146; GCA_016715365.1, s__Ferruginibacter sp016715365, 95.0, 76.54, 0.119; GCA_013288745.1, s__Ferruginibacter sp013288745, 95.0, 76.52, 0.136; GCA_016710595.1, s__Ferruginibacter sp016710595, 95.0, 76.49, 0.099; GCF_020783315.1, s__Ferruginibacter lapsinanis, 95.0, 76.48, 0.145; GCA_018268085.1, s__Ferruginibacter sp018268085, 95.0, 76.48, 0.07; GCA_903837525.1, s__Ferruginibacter sp903837525, 95.0, 76.44, 0.154; GCA_903831575.1, s__Ferruginibacter sp903831575, 95.0, 76.43, 0.085; GCF_020042285.1, s__Ferruginibacter sp020042285, 95.0, 76.42, 0.103; GCA_016721385.1, s__Ferruginibacter sp016721385, 95.0, 76.41, 0.147; GCA_016710935.1, s__Ferruginibacter sp016710935, 95.0, 76.39, 0.127; GCA_019638575.1, s__Ferruginibacter sp019638575, 95.0, 76.31, 0.116; GCA_016786725.1, s__Ferruginibacter sp016786725, 95.0, 76.28, 0.1; GCA_018268185.1, s__Ferruginibacter sp018268185, 95.0, 76.28, 0.057; GCA_945865645.1, s__Ferruginibacter pinensis_B, 95.0, 76.25, 0.15; GCA_018268135.1, s__Ferruginibacter sp018268135, 95.0, 76.25, 0.128; GCA_014379905.1, s__Ferruginibacter sp014379905, 95.0, 76.25, 0.089; GCA_016703625.1, s__Ferruginibacter sp016703625, 95.0, 76.23, 0.087; GCA_019638525.1, s__Ferruginibacter sp018268155, 95.0, 76.18, 0.141; GCA_002352045.1, s__Ferruginibacter sp002352045, 95.0, 76.18, 0.125; GCA_002336815.1, s__Ferruginibacter sp002336815, 95.0, 76.17, 0.093; GCA_903871575.1, s__Ferruginibacter sp903871575, 95.0, 76.14, 0.095; GCA_014379625.1, s__Ferruginibacter sp014379625, 95.0, 76.14, 0.125; GCA_002400445.1, s__Ferruginibacter sp002400445, 95.0, 76.09, 0.075; GCA_013141435.1, s__Ferruginibacter sp013141435, 95.0, 76.07, 0.095; GCF_024343615.1, s__Ferruginibacter sp024343615, 95.0, 76.06, 0.055; GCA_903858475.1, s__Ferruginibacter sp903858475, 95.0, 76.05, 0.09; GCA_017988335.1, s__Ferruginibacter sp017988335, 95.0, 76.05, 0.152; GCA_002343985.1, s__Ferruginibacter sp002343985, 95.0, 76.05, 0.042; GCA_024642285.1, s__Ferruginibacter sp024642285, 95.0, 76.04, 0.094; GCA_016710745.1, s__Ferruginibacter sp016710745, 95.0, 76.04, 0.081; GCA_016720775.1, s__Ferruginibacter sp016720775, 95.0, 76.04, 0.071; GCA_018057635.1, s__Ferruginibacter sp018057635, 95.0, 76.03, 0.078; GCA_018266775.1, s__Ferruginibacter sp018266775, 95.0, 76.03, 0.084; GCA_014377385.1, s__Ferruginibacter sp014377385, 95.0, 76.02, 0.073; GCA_016699815.1, s__Ferruginibacter sp002381005, 95.0, 76.01, 0.114; GCA_945872815.1, s__Ferruginibacter pinensis_C, 95.0, 76.01, 0.079; GCA_016710165.1, s__Ferruginibacter sp016710165, 95.0, 76.01, 0.057; GCA_903878475.1, s__Ferruginibacter sp903878475, 95.0, 75.99, 0.094; GCA_020059395.1, s__Ferruginibacter sp020059395, 95.0, 75.99, 0.096; GCA_018268175.1, s__Ferruginibacter sp018268175, 95.0, 75.95, 0.073; GCA_001898465.1, s__Ferruginibacter sp001898465, 95.0, 75.9, 0.088; GCA_023422565.1, s__Ferruginibacter sp023422565, 95.0, 75.88, 0.046; GCA_019638635.1, s__Ferruginibacter sp019638635, 95.0, 75.86, 0.064; GCA_019638485.1, s__Ferruginibacter sp019638485, 95.0, 75.84, 0.048; GCA_009885535.1, s__Ferruginibacter sp009885535, 95.0, 75.8, 0.088; GCA_023390215.1, s__Ferruginibacter sp023390215, 95.0, 75.8, 0.046; GCA_018266615.1, s__Ferruginibacter sp018266615, 95.0, 75.8, 0.056; GCA_023433345.1, s__Ferruginibacter sp023433345, 95.0, 75.75, 0.036; GCA_013298665.1, s__Ferruginibacter sp013298665, 95.0, 75.68, 0.031; GCA_015655125.1, s__Ferruginibacter sp015655125, 95.0, 75.64, 0.064; GCA_003455235.1, s__Ferruginibacter sp003455235, 95.0, 75.62, 0.043; GCA_018882645.1, s__Ferruginibacter sp018882645, 95.0, 75.62, 0.058; GCA_018266715.1, s__Ferruginibacter sp018266715, 95.0, 75.57, 0.101; GCA_023417815.1, s__Ferruginibacter sp023417815, 95.0, 75.55, 0.032; GCA_003534175.1, s__Ferruginibacter sp003534175, 95.0, 75.5, 0.042; GCA_017303335.1, s__Ferruginibacter sp017303335, 95.0, 75.48, 0.034	91.56	11	0.94178	N/A
R17_EKDN230028445-1A_HKTC2DSX7_L3.34	d__Bacteria;p__Pseudomonadota;c__Alphaproteobacteria;o__Rhodobacterales;f__Rhodobacteraceae;g__Cypionkella;s__Cypionkella sp013298675	GCA_013298675.1	95.0	d__Bacteria;p__Pseudomonadota;c__Alphaproteobacteria;o__Rhodobacterales;f__Rhodobacteraceae;g__Cypionkella;s__Cypionkella sp013298675	98.2	0.721	N/A	N/A	N/A	N/A	N/A	N/A	ani_screen	classification based on ANI only	N/A	N/A	N/A	N/A	N/A
R17_EKDN230028445-1A_HKTC2DSX7_L3.44	d__Bacteria;p__Pseudomonadota;c__Alphaproteobacteria;o__Rhizobiales;f__Hyphomicrobiaceae;g__JABFRJ01;s__	N/A	N/A	N/A	N/A	N/A	GCA_013141255.1	95.0	d__Bacteria;p__Pseudomonadota;c__Alphaproteobacteria;o__Rhizobiales;f__Hyphomicrobiaceae;g__JABFRJ01;s__JABFRJ01 sp013141255	76.75	0.103	d__Bacteria;p__Pseudomonadota;c__Alphaproteobacteria;o__Rhizobiales;f__Hyphomicrobiaceae;g__JABFRJ01;s__	taxonomic classification defined by topology and ANI	classification based on placement in class-level tree	N/A	86.28	11	0.91911	N/A
R17_EKDN230028445-1A_HKTC2DSX7_L3.45	d__Bacteria;p__Pseudomonadota;c__Alphaproteobacteria;o__Rhodobacterales;f__Rhodobacteraceae;g__JAJNPS01;s__	N/A	N/A	N/A	N/A	N/A	GCA_021155205.1	95.0	d__Bacteria;p__Pseudomonadota;c__Alphaproteobacteria;o__Rhodobacterales;f__Rhodobacteraceae;g__JAJNPS01;s__JAJNPS01 sp021155205	83.78	0.794	d__Bacteria;p__Pseudomonadota;c__Alphaproteobacteria;o__Rhodobacterales;f__Rhodobacteraceae;g__JAJNPS01;s__	taxonomic classification defined by topology and ANI	classification based on placement in class-level tree	N/A	65.68	11	0.98942	Genome not assigned to closest species as it falls outside its pre-defined ANI radius
R17_EKDN230028445-1A_HKTC2DSX7_L3.46	d__Bacteria;p__Pseudomonadota;c__Gammaproteobacteria;o__Xanthomonadales;f__Xanthomonadaceae;g__SCMT01;s__	N/A	N/A	N/A	N/A	N/A	GCA_017302135.1	95.0	d__Bacteria;p__Pseudomonadota;c__Gammaproteobacteria;o__Xanthomonadales;f__Xanthomonadaceae;g__SCMT01;s__SCMT01 sp017302135	92.52	0.789	d__Bacteria;p__Pseudomonadota;c__Gammaproteobacteria;o__Xanthomonadales;f__Xanthomonadaceae;g__SCMT01;s__	taxonomic classification defined by topology and ANI	classification based on placement in class-level tree	GCA_013141175.1, s__SCMT01 sp013141175, 95.0, 90.24, 0.788; GCA_020692565.1, s__SCMT01 sp020692565, 95.0, 84.09, 0.676; GCA_011526085.1, s__SCMT01 sp011526085, 95.0, 83.79, 0.687; GCA_005502915.1, s__SCMT01 sp005502915, 95.0, 81.91, 0.574; GCA_019634715.1, s__SCMT01 sp019634715, 95.0, 81.87, 0.553; GCA_019510125.1, s__SCMT01 sp019510125, 95.0, 81.84, 0.643; GCA_023392975.1, s__SCMT01 sp023392975, 95.0, 81.79, 0.666; GCA_016789405.1, s__SCMT01 sp016789405, 95.0, 81.15, 0.522; GCA_008015835.1, s__SCMT01 sp008015835, 95.0, 81.01, 0.551; GCA_020852215.1, s__SCMT01 sp020852215, 95.0, 80.75, 0.596; GCA_017990865.1, s__SCMT01 sp017990865, 95.0, 80.61, 0.62; GCA_008015095.1, s__SCMT01 sp008015095, 95.0, 78.97, 0.429	90.37	11	0.99622	Genome not assigned to closest species as it falls outside its pre-defined ANI radius
R17_EKDN230028445-1A_HKTC2DSX7_L3.6	d__Bacteria;p__Cyanobacteriota;c__Cyanobacteriia;o__Cyanobacteriales;f__Coleofasciculaceae;g__CADCTM01;s__	N/A	N/A	N/A	N/A	N/A	GCA_902805485.1	95.0	d__Bacteria;p__Cyanobacteriota;c__Cyanobacteriia;o__Cyanobacteriales;f__Coleofasciculaceae;g__CADCTM01;s__CADCTM01 sp902805485	77.33	0.35	d__Bacteria;p__Cyanobacteriota;c__Cyanobacteriia;o__Cyanobacteriales;f__Coleofasciculaceae;g__CADCTM01;s__	taxonomic classification defined by topology and ANI	classification based on placement in class-level tree	N/A	90.09	11	0.91677	N/A
R18_EKDN230028446-1A_HKTC2DSX7_L3.13	d__Bacteria;p__Pseudomonadota;c__Alphaproteobacteria;o__Sphingomonadales;f__Sphingomonadaceae;g__Aquisediminimonas;s__	N/A	N/A	N/A	N/A	N/A	GCA_002478575.1	95.0	d__Bacteria;p__Pseudomonadota;c__Alphaproteobacteria;o__Sphingomonadales;f__Sphingomonadaceae;g__Aquisediminimonas;s__Aquisediminimonas sp002478575	76.41	0.146	d__Bacteria;p__Pseudomonadota;c__Alphaproteobacteria;o__Sphingomonadales;f__Sphingomonadaceae;g__Aquisediminimonas;s__	taxonomic classification defined by topology and ANI	classification based on placement in class-level tree	GCA_016714795.1, s__Aquisediminimonas sp016714795, 95.0, 77.23, 0.174; GCA_009923795.1, s__Aquisediminimonas sp009923795, 95.0, 77.08, 0.13; GCA_903839675.1, s__Aquisediminimonas sp903839675, 95.0, 77.04, 0.145; GCA_903958285.1, s__Aquisediminimonas sp903958285, 95.0, 77.01, 0.159; GCA_005518185.1, s__Aquisediminimonas godavariana, 95.0, 76.92, 0.169; GCA_016704425.1, s__Aquisediminimonas sp016704425, 95.0, 76.84, 0.109; GCF_019443285.1, s__Aquisediminimonas profunda, 95.0, 76.77, 0.098; GCA_945860425.1, s__Aquisediminimonas paucimobilis_A, 95.0, 76.63, 0.135; GCA_009920915.1, s__Aquisediminimonas sp009920915, 95.0, 76.51, 0.117; GCA_024645025.1, s__Aquisediminimonas sp024645025, 95.0, 76.46, 0.114; GCA_018970965.1, s__Aquisediminimonas sp018970965, 95.0, 76.33, 0.105	89.43	11	0.94818	N/A
R18_EKDN230028446-1A_HKTC2DSX7_L3.16	d__Bacteria;p__Actinomycetota;c__Thermoleophilia;o__Solirubrobacterales;f__Solirubrobacteraceae;g__JAGIBJ01;s__	N/A	N/A	N/A	N/A	N/A	GCA_017744415.1	95.0	d__Bacteria;p__Actinomycetota;c__Thermoleophilia;o__Solirubrobacterales;f__Solirubrobacteraceae;g__JAGIBJ01;s__JAGIBJ01 sp017744415	81.8	0.617	d__Bacteria;p__Actinomycetota;c__Thermoleophilia;o__Solirubrobacterales;f__Solirubrobacteraceae;g__JAGIBJ01;s__	taxonomic classification defined by topology and ANI	classification based on placement in class-level tree	GCA_023404805.1, s__JAGIBJ01 sp023404805, 95.0, 80.16, 0.47; GCA_023429855.1, s__JAGIBJ01 sp023429855, 95.0, 79.89, 0.481; GCA_016463515.1, s__JAGIBJ01 sp016463515, 95.0, 79.36, 0.382	89.08	11	0.97417	Genome not assigned to closest species as it falls outside its pre-defined ANI radius
R18_EKDN230028446-1A_HKTC2DSX7_L3.17	d__Bacteria;p__Pseudomonadota;c__Gammaproteobacteria;o__Enterobacterales;f__Enterobacteriaceae;g__Yersinia;s__	N/A	N/A	N/A	N/A	N/A	N/A	N/A	N/A	N/A	N/A	d__Bacteria;p__Pseudomonadota;c__Gammaproteobacteria;o__Enterobacterales;f__Enterobacteriaceae;g__Yersinia;s__	taxonomic classification defined by topology and ANI	classification based on placement in class-level tree	GCF_000173735.1, s__Yersinia aldovae, 95.0, 86.19, 0.868; GCF_001152565.1, s__Yersinia pekkanenii, 95.0, 83.14, 0.762; GCF_002082245.2, s__Yersinia enterocolitica_E, 95.0, 83.08, 0.78; GCF_900635455.1, s__Yersinia intermedia, 95.0, 83.03, 0.783; GCF_001047675.1, s__Yersinia aleksiciae, 95.0, 82.95, 0.637; GCF_902726545.1, s__Yersinia artesiana, 95.0, 82.74, 0.728; GCF_013282725.1, s__Yersinia mollaretii, 95.0, 82.65, 0.714; GCF_003600645.1, s__Yersinia rochesterensis, 95.0, 82.62, 0.708; GCF_902170785.1, s__Yersinia proxima, 95.0, 82.57, 0.762; GCF_009831415.1, s__Yersinia canariae, 95.0, 82.54, 0.742; GCF_902170305.1, s__Yersinia alsatica, 95.0, 82.53, 0.734; GCF_900460525.1, s__Yersinia kristensenii, 95.0, 82.51, 0.728; GCF_902170565.1, s__Yersinia thracica, 95.0, 82.49, 0.729; GCF_901472495.1, s__Yersinia enterocolitica, 95.0, 82.46, 0.769; GCF_013282745.1, s__Yersinia bercovieri, 95.0, 82.43, 0.719; GCF_000754805.1, s__Yersinia frederiksenii, 95.0, 82.38, 0.743; GCF_902726565.1, s__Yersinia vastinensis, 95.0, 82.19, 0.708; GCF_004124235.1, s__Yersinia hibernica, 95.0, 82.18, 0.733; GCF_000173775.1, s__Yersinia rohdei, 95.0, 82.17, 0.704; GCF_001053095.1, s__Yersinia similis, 95.0, 81.81, 0.671; GCF_000312485.1, s__Yersinia massiliensis, 95.0, 81.72, 0.695; GCF_900460465.1, s__Yersinia pestis, 95.0, 81.72, 0.671; GCF_001112925.1, s__Yersinia nurmii, 95.0, 80.69, 0.513; GCF_001656035.1, s__Yersinia entomophaga, 95.0, 80.55, 0.557; GCF_000754815.1, s__Yersinia ruckeri, 95.0, 80.26, 0.521	95.75	11	0.98207	Genome not assigned to closest species as it falls outside its pre-defined ANI radius
R18_EKDN230028446-1A_HKTC2DSX7_L3.18	d__Bacteria;p__Pseudomonadota;c__Gammaproteobacteria;o__Burkholderiales;f__Burkholderiaceae_B;g__Aquabacterium;s__	N/A	N/A	N/A	N/A	N/A	GCA_021768455.1	95.0	d__Bacteria;p__Pseudomonadota;c__Gammaproteobacteria;o__Burkholderiales;f__Burkholderiaceae_B;g__Aquabacterium;s__Aquabacterium sp021768455	81.44	0.555	d__Bacteria;p__Pseudomonadota;c__Gammaproteobacteria;o__Burkholderiales;f__Burkholderiaceae_B;g__Aquabacterium;s__	taxonomic classification defined by topology and ANI	classification based on placement in class-level tree	GCF_004362855.1, s__Aquabacterium commune, 95.0, 81.53, 0.63; GCA_023266355.1, s__Aquabacterium sp903894125, 95.6, 81.52, 0.605; GCA_016195855.1, s__Aquabacterium sp016195855, 95.0, 81.49, 0.637; GCF_000768065.1, s__Aquabacterium sp000768065, 95.0, 81.44, 0.639; GCA_005502875.1, s__Aquabacterium sp005502875, 95.0, 81.17, 0.564; GCA_001770725.1, s__Aquabacterium sp001770725, 95.0, 81.02, 0.584; GCA_022566735.1, s__Aquabacterium sp022566735, 95.0, 81.01, 0.571; GCA_016234775.1, s__Aquabacterium sp016234775, 95.0, 80.98, 0.545; GCF_001447195.1, s__Aquabacterium parvum, 95.0, 80.96, 0.563; GCA_017989885.1, s__Aquabacterium sp017989885, 95.0, 80.94, 0.486; GCA_016000265.1, s__Aquabacterium sp016000265, 95.0, 80.84, 0.577; GCA_001770775.1, s__Aquabacterium sp001770775, 95.0, 80.78, 0.498; GCA_003963115.1, s__Aquabacterium sp003963115, 95.0, 80.75, 0.623; GCA_004297345.1, s__Aquabacterium sp004297345, 95.0, 80.7, 0.508; GCA_017994835.1, s__Aquabacterium sp017994835, 95.0, 80.66, 0.414; GCF_004310865.1, s__Aquabacterium lacunae, 95.0, 80.57, 0.507; GCA_016185075.1, s__Aquabacterium sp016185075, 95.0, 80.54, 0.478; GCF_003100395.1, s__Aquabacterium olei, 95.0, 80.5, 0.551; GCA_903871865.1, s__Aquabacterium sp903871865, 95.6, 80.49, 0.45; GCA_021819435.1, s__Aquabacterium sp021819435, 95.0, 80.44, 0.56; GCA_913773725.1, s__Aquabacterium sp913773725, 95.0, 80.39, 0.496; GCA_019112875.1, s__Aquabacterium excrementipullorum, 95.0, 80.2, 0.529; GCA_014378415.1, s__Aquabacterium sp014378415, 95.0, 80.16, 0.48; GCF_009909205.1, s__Aquabacterium fontiphilum, 95.0, 80.14, 0.474; GCF_918741295.1, s__Aquabacterium sp918741295, 95.0, 80.09, 0.583; GCF_003933735.1, s__Aquabacterium soli, 95.0, 80.06, 0.549; GCA_002339015.1, s__Aquabacterium sp002339015, 95.0, 79.96, 0.475; GCA_013822685.1, s__Aquabacterium sp013822685, 95.0, 79.93, 0.531; GCA_943908475.1, s__Aquabacterium sp943908475, 95.0, 79.71, 0.441; GCA_016219375.1, s__Aquabacterium sp016219375, 95.0, 78.54, 0.39; GCA_004322345.1, s__Aquabacterium sp004322345, 95.0, 78.15, 0.327	72.63	11	0.98126	Genome not assigned to closest species as it falls outside its pre-defined ANI radius;Genome has more than 12.5% of markers with multiple hits
R18_EKDN230028446-1A_HKTC2DSX7_L3.19	d__Bacteria;p__Pseudomonadota;c__Gammaproteobacteria;o__Steroidobacterales;f__Steroidobacteraceae;g__CAIOHZ01;s__	N/A	N/A	N/A	N/A	N/A	GCA_903858165.1	95.0	d__Bacteria;p__Pseudomonadota;c__Gammaproteobacteria;o__Steroidobacterales;f__Steroidobacteraceae;g__CAIOHZ01;s__CAIOHZ01 sp903858165	78.55	0.31	d__Bacteria;p__Pseudomonadota;c__Gammaproteobacteria;o__Steroidobacterales;f__Steroidobacteraceae;g__CAIOHZ01;s__	taxonomic classification defined by topology and ANI	classification based on placement in class-level tree	N/A	75.37	11	0.91268	N/A
R18_EKDN230028446-1A_HKTC2DSX7_L3.30	d__Bacteria;p__Cyanobacteriota;c__Cyanobacteriia;o__Cyanobacteriales;f__Microcoleaceae;g__Microcoleus;s__Microcoleus sp004292745	GCA_004292745.1	95.0	d__Bacteria;p__Cyanobacteriota;c__Cyanobacteriia;o__Cyanobacteriales;f__Microcoleaceae;g__Microcoleus;s__Microcoleus sp004292745	95.98	0.875	N/A	N/A	N/A	N/A	N/A	N/A	ani_screen	classification based on ANI only	GCA_020882975.1, s__Microcoleus sp020882975, 95.0, 95.07, 0.813	N/A	N/A	N/A	N/A
R18_EKDN230028446-1A_HKTC2DSX7_L3.52	d__Bacteria;p__Actinomycetota;c__Acidimicrobiia;o__Acidimicrobiales;f__;g__;s__	N/A	N/A	N/A	N/A	N/A	N/A	N/A	N/A	N/A	N/A	d__Bacteria;p__Actinomycetota;c__Acidimicrobiia;o__Acidimicrobiales;f__;g__;s__	taxonomic novelty determined using RED	classification based on placement in class-level tree	N/A	72.35	11	0.68838	N/A
R18_EKDN230028446-1A_HKTC2DSX7_L3.54	d__Bacteria;p__Pseudomonadota;c__Gammaproteobacteria;o__Enterobacterales_A;f__Aeromonadaceae;g__Aeromonas;s__Aeromonas popoffii	GCF_000820025.1	95.0	d__Bacteria;p__Pseudomonadota;c__Gammaproteobacteria;o__Enterobacterales_A;f__Aeromonadaceae;g__Aeromonas;s__Aeromonas popoffii	98.7	0.936	N/A	N/A	N/A	N/A	N/A	N/A	ani_screen	classification based on ANI only	N/A	N/A	N/A	N/A	N/A
R18_EKDN230028446-1A_HKTC2DSX7_L3.57	d__Bacteria;p__Cyanobacteriota;c__Cyanobacteriia;o__Cyanobacteriales;f__Coleofasciculaceae;g__CADCTM01;s__	N/A	N/A	N/A	N/A	N/A	GCA_902805485.1	95.0	d__Bacteria;p__Cyanobacteriota;c__Cyanobacteriia;o__Cyanobacteriales;f__Coleofasciculaceae;g__CADCTM01;s__CADCTM01 sp902805485	77.3	0.353	d__Bacteria;p__Cyanobacteriota;c__Cyanobacteriia;o__Cyanobacteriales;f__Coleofasciculaceae;g__CADCTM01;s__	taxonomic classification defined by topology and ANI	classification based on placement in class-level tree	N/A	90.74	11	0.91678	N/A
R18_EKDN230028446-1A_HKTC2DSX7_L3.6	d__Bacteria;p__Actinomycetota;c__Thermoleophilia;o__Solirubrobacterales;f__Solirubrobacteraceae;g__JAGIBJ01;s__	N/A	N/A	N/A	N/A	N/A	GCA_017744415.1	95.0	d__Bacteria;p__Actinomycetota;c__Thermoleophilia;o__Solirubrobacterales;f__Solirubrobacteraceae;g__JAGIBJ01;s__JAGIBJ01 sp017744415	80.0	0.544	d__Bacteria;p__Actinomycetota;c__Thermoleophilia;o__Solirubrobacterales;f__Solirubrobacteraceae;g__JAGIBJ01;s__	taxonomic classification defined by topology and ANI	classification based on placement in class-level tree	GCA_023404805.1, s__JAGIBJ01 sp023404805, 95.0, 79.12, 0.461; GCA_023429855.1, s__JAGIBJ01 sp023429855, 95.0, 79.12, 0.36; GCA_016463515.1, s__JAGIBJ01 sp016463515, 95.0, 78.46, 0.3	64.17	11	0.97248	Genome not assigned to closest species as it falls outside its pre-defined ANI radius
R18_EKDN230028446-1A_HKTC2DSX7_L3.60	d__Bacteria;p__Pseudomonadota;c__Gammaproteobacteria;o__Xanthomonadales;f__Xanthomonadaceae;g__SCMT01;s__	N/A	N/A	N/A	N/A	N/A	GCA_017302135.1	95.0	d__Bacteria;p__Pseudomonadota;c__Gammaproteobacteria;o__Xanthomonadales;f__Xanthomonadaceae;g__SCMT01;s__SCMT01 sp017302135	92.56	0.773	d__Bacteria;p__Pseudomonadota;c__Gammaproteobacteria;o__Xanthomonadales;f__Xanthomonadaceae;g__SCMT01;s__	taxonomic classification defined by topology and ANI	classification based on placement in class-level tree	GCA_013141175.1, s__SCMT01 sp013141175, 95.0, 90.17, 0.775; GCA_020692565.1, s__SCMT01 sp020692565, 95.0, 84.14, 0.666; GCA_011526085.1, s__SCMT01 sp011526085, 95.0, 83.73, 0.674; GCA_019634715.1, s__SCMT01 sp019634715, 95.0, 81.89, 0.579; GCA_005502915.1, s__SCMT01 sp005502915, 95.0, 81.88, 0.571; GCA_019510125.1, s__SCMT01 sp019510125, 95.0, 81.84, 0.634; GCA_023392975.1, s__SCMT01 sp023392975, 95.0, 81.73, 0.655; GCA_016789405.1, s__SCMT01 sp016789405, 95.0, 81.2, 0.522; GCA_008015835.1, s__SCMT01 sp008015835, 95.0, 80.93, 0.543; GCA_020852215.1, s__SCMT01 sp020852215, 95.0, 80.77, 0.587; GCA_017990865.1, s__SCMT01 sp017990865, 95.0, 80.62, 0.607; GCA_008015095.1, s__SCMT01 sp008015095, 95.0, 78.91, 0.435	88.7	11	0.99601	Genome not assigned to closest species as it falls outside its pre-defined ANI radius
R18_EKDN230028446-1A_HKTC2DSX7_L3.61	d__Bacteria;p__Pseudomonadota;c__Alphaproteobacteria;o__Rhodobacterales;f__Rhodobacteraceae;g__JAJNPS01;s__	N/A	N/A	N/A	N/A	N/A	GCA_021155205.1	95.0	d__Bacteria;p__Pseudomonadota;c__Alphaproteobacteria;o__Rhodobacterales;f__Rhodobacteraceae;g__JAJNPS01;s__JAJNPS01 sp021155205	84.14	0.782	d__Bacteria;p__Pseudomonadota;c__Alphaproteobacteria;o__Rhodobacterales;f__Rhodobacteraceae;g__JAJNPS01;s__	taxonomic classification defined by topology and ANI	classification based on placement in class-level tree	N/A	79.92	11	0.99068	Genome not assigned to closest species as it falls outside its pre-defined ANI radius
R18_EKDN230028446-1A_HKTC2DSX7_L3.70	d__Bacteria;p__Bacteroidota;c__Bacteroidia;o__Cytophagales;f__Spirosomaceae;g__Rudanella;s__	N/A	N/A	N/A	N/A	N/A	GCA_004292855.1	95.0	d__Bacteria;p__Bacteroidota;c__Bacteroidia;o__Cytophagales;f__Spirosomaceae;g__Rudanella;s__Rudanella sp004292855	79.05	0.504	d__Bacteria;p__Bacteroidota;c__Bacteroidia;o__Cytophagales;f__Spirosomaceae;g__Rudanella;s__	taxonomic classification defined by topology and ANI	classification based on placement in class-level tree	GCF_000383955.1, s__Rudanella lutea, 95.0, 77.91, 0.325; GCF_009184635.1, s__Rudanella paleaurantiibacter, 95.0, 77.74, 0.337	85.34	11	0.96828	Genome not assigned to closest species as it falls outside its pre-defined ANI radius
R18_EKDN230028446-1A_HKTC2DSX7_L3.73	d__Bacteria;p__Actinomycetota;c__Actinomycetia;o__Actinomycetales;f__Kineosporiaceae;g__R-H-3;s__	N/A	N/A	N/A	N/A	N/A	N/A	N/A	N/A	N/A	N/A	d__Bacteria;p__Actinomycetota;c__Actinomycetia;o__Actinomycetales;f__Kineosporiaceae;g__R-H-3;s__	taxonomic novelty determined using RED	classification based on placement in class-level tree	N/A	88.4	11	0.93312	N/A
R18_EKDN230028446-1A_HKTC2DSX7_L3.78	d__Bacteria;p__Actinomycetota;c__Acidimicrobiia;o__Acidimicrobiales;f__Ilumatobacteraceae;g__VFMC01;s__	N/A	N/A	N/A	N/A	N/A	N/A	N/A	N/A	N/A	N/A	d__Bacteria;p__Actinomycetota;c__Acidimicrobiia;o__Acidimicrobiales;f__Ilumatobacteraceae;g__VFMC01;s__	taxonomic classification defined by topology and ANI	classification based on placement in class-level tree	GCA_009704985.1, s__VFMC01 sp009704985, 95.0, 82.16, 0.587; GCA_020637235.1, s__VFMC01 sp020637235, 95.0, 81.17, 0.535; GCA_006515795.1, s__VFMC01 sp006515795, 95.0, 79.16, 0.373	61.39	11	0.91724	Genome not assigned to closest species as it falls outside its pre-defined ANI radius
R18_EKDN230028446-1A_HKTC2DSX7_L3.8	d__Bacteria;p__Bacteroidota;c__Bacteroidia;o__Chitinophagales;f__Chitinophagaceae;g__Ferruginibacter;s__	N/A	N/A	N/A	N/A	N/A	N/A	N/A	N/A	N/A	N/A	d__Bacteria;p__Bacteroidota;c__Bacteroidia;o__Chitinophagales;f__Chitinophagaceae;g__Ferruginibacter;s__	ANI	classification based on placement in class-level tree	GCA_016721725.1, s__Ferruginibacter sp016721725, 95.0, 76.83, 0.024; GCA_016722465.1, s__Ferruginibacter sp016722465, 95.0, 76.57, 0.172; GCA_945870835.1, s__Ferruginibacter pinensis_A, 95.0, 76.52, 0.103; GCA_903837525.1, s__Ferruginibacter sp903837525, 95.0, 76.4, 0.114; GCA_013141115.1, s__Ferruginibacter sp013141115, 95.0, 76.4, 0.164; GCA_017983695.1, s__Ferruginibacter sp017983695, 95.0, 76.37, 0.142; GCA_016710935.1, s__Ferruginibacter sp016710935, 95.0, 76.3, 0.116; GCA_016721385.1, s__Ferruginibacter sp016721385, 95.0, 76.29, 0.106; GCF_020783315.1, s__Ferruginibacter lapsinanis, 95.0, 76.29, 0.111; GCA_014377975.1, s__Ferruginibacter sp014377975, 95.0, 76.28, 0.147; GCA_002336815.1, s__Ferruginibacter sp002336815, 95.0, 76.23, 0.078; GCA_016710595.1, s__Ferruginibacter sp016710595, 95.0, 76.23, 0.079; GCA_903871575.1, s__Ferruginibacter sp903871575, 95.0, 76.2, 0.066; GCA_018268185.1, s__Ferruginibacter sp018268185, 95.0, 76.19, 0.036; GCA_016715365.1, s__Ferruginibacter sp016715365, 95.0, 76.19, 0.099; GCA_014379625.1, s__Ferruginibacter sp014379625, 95.0, 76.18, 0.135; GCA_903831575.1, s__Ferruginibacter sp903831575, 95.0, 76.17, 0.068; GCA_013288745.1, s__Ferruginibacter sp013288745, 95.0, 76.16, 0.103; GCF_020042285.1, s__Ferruginibacter sp020042285, 95.0, 76.12, 0.093; GCA_018268135.1, s__Ferruginibacter sp018268135, 95.0, 76.12, 0.086; GCA_019638575.1, s__Ferruginibacter sp019638575, 95.0, 76.12, 0.1; GCA_017988335.1, s__Ferruginibacter sp017988335, 95.0, 76.1, 0.106; GCA_002352045.1, s__Ferruginibacter sp002352045, 95.0, 76.06, 0.099; GCA_013141435.1, s__Ferruginibacter sp013141435, 95.0, 76.03, 0.069; GCA_019638525.1, s__Ferruginibacter sp018268155, 95.0, 76.03, 0.106; GCA_014377385.1, s__Ferruginibacter sp014377385, 95.0, 76.02, 0.059; GCA_016713965.1, s__Ferruginibacter sp016713965, 95.0, 76.0, 0.081; GCA_018268085.1, s__Ferruginibacter sp018268085, 95.0, 75.98, 0.055; GCA_014379905.1, s__Ferruginibacter sp014379905, 95.0, 75.98, 0.098; GCA_016786725.1, s__Ferruginibacter sp016786725, 95.0, 75.97, 0.087; GCA_018266775.1, s__Ferruginibacter sp018266775, 95.0, 75.95, 0.093; GCA_945865645.1, s__Ferruginibacter pinensis_B, 95.0, 75.93, 0.106; GCA_018268175.1, s__Ferruginibacter sp018268175, 95.0, 75.91, 0.053; GCA_016699815.1, s__Ferruginibacter sp002381005, 95.0, 75.91, 0.074; GCA_020059395.1, s__Ferruginibacter sp020059395, 95.0, 75.89, 0.087; GCF_024343615.1, s__Ferruginibacter sp024343615, 95.0, 75.89, 0.055; GCA_016720775.1, s__Ferruginibacter sp016720775, 95.0, 75.88, 0.062; GCA_903858475.1, s__Ferruginibacter sp903858475, 95.0, 75.88, 0.077; GCA_016710165.1, s__Ferruginibacter sp016710165, 95.0, 75.88, 0.045; GCA_024642285.1, s__Ferruginibacter sp024642285, 95.0, 75.86, 0.074; GCA_016703625.1, s__Ferruginibacter sp016703625, 95.0, 75.85, 0.07; GCA_003455235.1, s__Ferruginibacter sp003455235, 95.0, 75.83, 0.037; GCA_001898465.1, s__Ferruginibacter sp001898465, 95.0, 75.82, 0.069; GCA_002400445.1, s__Ferruginibacter sp002400445, 95.0, 75.8, 0.055; GCA_002343985.1, s__Ferruginibacter sp002343985, 95.0, 75.76, 0.031; GCA_016710745.1, s__Ferruginibacter sp016710745, 95.0, 75.74, 0.07; GCA_019638635.1, s__Ferruginibacter sp019638635, 95.0, 75.73, 0.051; GCA_018266615.1, s__Ferruginibacter sp018266615, 95.0, 75.71, 0.035; GCA_903878475.1, s__Ferruginibacter sp903878475, 95.0, 75.64, 0.068; GCA_018266715.1, s__Ferruginibacter sp018266715, 95.0, 75.59, 0.076; GCA_009885535.1, s__Ferruginibacter sp009885535, 95.0, 75.58, 0.07; GCA_018882645.1, s__Ferruginibacter sp018882645, 95.0, 75.51, 0.045; GCA_003534175.1, s__Ferruginibacter sp003534175, 95.0, 75.49, 0.035; GCA_018057635.1, s__Ferruginibacter sp018057635, 95.0, 75.48, 0.061; GCA_015655125.1, s__Ferruginibacter sp015655125, 95.0, 75.42, 0.055; GCA_023433345.1, s__Ferruginibacter sp023433345, 95.0, 75.42, 0.026; GCA_945872815.1, s__Ferruginibacter pinensis_C, 95.0, 75.39, 0.059; GCA_023417815.1, s__Ferruginibacter sp023417815, 95.0, 75.38, 0.026; GCA_019638485.1, s__Ferruginibacter sp019638485, 95.0, 75.37, 0.033; GCA_017303335.1, s__Ferruginibacter sp017303335, 95.0, 75.27, 0.026; GCA_013298665.1, s__Ferruginibacter sp013298665, 95.0, 75.26, 0.036; GCA_023422565.1, s__Ferruginibacter sp023422565, 95.0, 75.17, 0.041; GCA_023390215.1, s__Ferruginibacter sp023390215, 95.0, 75.09, 0.042	79.58	11	0.94285	N/A
R19_EKDN230028447-1A_HKTC2DSX7_L3.29	d__Bacteria;p__Pseudomonadota;c__Gammaproteobacteria;o__Burkholderiales;f__Burkholderiaceae_B;g__Aquabacterium_A;s__	N/A	N/A	N/A	N/A	N/A	N/A	N/A	N/A	N/A	N/A	d__Bacteria;p__Pseudomonadota;c__Gammaproteobacteria;o__Burkholderiales;f__Burkholderiaceae_B;g__Aquabacterium_A;s__	taxonomic classification defined by topology and ANI	classification based on placement in class-level tree	GCA_001770815.1, s__Aquabacterium_A sp001770815, 95.0, 81.26, 0.561; GCF_005403045.1, s__Aquabacterium_A pictum, 95.0, 81.06, 0.581; GCA_017999135.1, s__Aquabacterium_A sp017999135, 95.0, 80.6, 0.448; GCA_017992055.1, s__Aquabacterium_A sp017992055, 95.0, 80.03, 0.563; GCF_002198735.1, s__Aquabacterium_A sp002198735, 95.0, 79.98, 0.53; GCA_016721465.1, s__Aquabacterium_A sp016721465, 95.0, 79.77, 0.521; GCA_016213205.1, s__Aquabacterium_A sp016213205, 95.0, 79.75, 0.499; GCA_016790515.1, s__Aquabacterium_A sp016790515, 95.0, 79.51, 0.444; GCA_945878355.1, s__Aquabacterium_A sp945878355, 95.0, 79.04, 0.38; GCA_010030205.1, s__Aquabacterium_A sp010030205, 95.0, 78.93, 0.344; GCA_023150345.1, s__Aquabacterium_A sp023150345, 95.0, 78.64, 0.325; GCA_013360485.1, s__Aquabacterium_A sp013360485, 95.0, 78.58, 0.298; GCF_013266755.1, s__Aquabacterium_A terrae, 95.0, 78.55, 0.44	66.87	11	0.97673	Genome not assigned to closest species as it falls outside its pre-defined ANI radius;Genome has more than 14.2% of markers with multiple hits
R19_EKDN230028447-1A_HKTC2DSX7_L3.47	d__Bacteria;p__Planctomycetota;c__Planctomycetia;o__Planctomycetales;f__Planctomycetaceae;g__TH-plancto1;s__	N/A	N/A	N/A	N/A	N/A	GCA_003671275.1	95.0	d__Bacteria;p__Planctomycetota;c__Planctomycetia;o__Planctomycetales;f__Planctomycetaceae;g__TH-plancto1;s__TH-plancto1 sp003671275	80.32	0.313	d__Bacteria;p__Planctomycetota;c__Planctomycetia;o__Planctomycetales;f__Planctomycetaceae;g__TH-plancto1;s__	taxonomic classification defined by topology and ANI	classification based on placement in class-level tree	GCA_003669575.1, s__TH-plancto1 sp003669575, 95.0, 77.64, 0.298	83.12	11	0.95182	N/A
R19_EKDN230028447-1A_HKTC2DSX7_L3.5	d__Bacteria;p__Pseudomonadota;c__Alphaproteobacteria;o__Sphingomonadales;f__Sphingomonadaceae;g__Novosphingobium;s__	N/A	N/A	N/A	N/A	N/A	N/A	N/A	N/A	N/A	N/A	d__Bacteria;p__Pseudomonadota;c__Alphaproteobacteria;o__Sphingomonadales;f__Sphingomonadaceae;g__Novosphingobium;s__	taxonomic classification defined by topology and ANI	classification based on placement in class-level tree	GCA_002440635.1, s__Novosphingobium sp002440635, 95.0, 81.47, 0.712; GCA_009885425.1, s__Novosphingobium sp009885425, 95.0, 81.4, 0.596; GCA_017987575.1, s__Novosphingobium sp017987575, 95.0, 81.01, 0.567; GCA_017302615.1, s__Novosphingobium sp017302615, 95.0, 80.9, 0.67; GCA_018334165.1, s__Novosphingobium sp018334165, 95.0, 80.85, 0.567; GCA_020852455.1, s__Novosphingobium sp020852455, 95.0, 80.49, 0.611; GCA_013822005.1, s__Novosphingobium sp013822005, 95.0, 80.48, 0.508; GCA_015657645.1, s__Novosphingobium sp015657645, 95.0, 79.82, 0.492; GCA_013141325.1, s__Novosphingobium sp013141325, 95.0, 79.81, 0.48; GCA_016719755.1, s__Novosphingobium sp016719755, 95.0, 79.75, 0.573; GCF_002198665.1, s__Novosphingobium sp002198665, 95.0, 79.61, 0.585; GCF_014652615.1, s__Novosphingobium arvoryzae, 95.0, 79.52, 0.56; GCA_021299075.1, s__Novosphingobium sp021299075, 95.0, 79.5, 0.416; GCA_024236215.1, s__Novosphingobium sp024236215, 95.0, 79.45, 0.548; GCA_009926135.1, s__Novosphingobium sp009926135, 95.0, 79.14, 0.498; GCA_018241045.1, s__Novosphingobium sp018241045, 95.0, 79.14, 0.402; GCA_002454125.1, s__Novosphingobium sp002454125, 95.0, 79.13, 0.485; GCF_007954425.1, s__Novosphingobium ginsenosidimutans, 95.0, 79.09, 0.546; GCF_002813245.1, s__Novosphingobium kunmingense, 95.0, 79.03, 0.458; GCA_017302775.1, s__Novosphingobium sp017302775, 95.0, 78.57, 0.353; GCA_018240895.1, s__Novosphingobium sp018240895, 95.0, 78.54, 0.467; GCA_024642085.1, s__Novosphingobium sp024642085, 95.0, 78.22, 0.382; GCF_014230305.1, s__Novosphingobium aerophilum, 95.0, 78.2, 0.37; GCA_020848655.1, s__Novosphingobium sp020848655, 95.0, 78.16, 0.334; GCF_014230355.1, s__Novosphingobium piscinae, 95.0, 78.15, 0.378; GCF_005145025.1, s__Novosphingobium sp005145025, 95.0, 78.14, 0.376; GCA_018242165.1, s__Novosphingobium sp018242165, 95.0, 78.13, 0.368; GCF_009707465.1, s__Novosphingobium sp009707465, 95.0, 78.1, 0.356; GCF_014230315.1, s__Novosphingobium flavum, 95.0, 78.08, 0.385; GCA_001725355.1, s__Novosphingobium sp001725355, 95.0, 78.03, 0.354; GCA_019510335.1, s__Novosphingobium sp019510335, 95.0, 78.01, 0.252; GCF_000807925.1, s__Novosphingobium subterraneum, 95.0, 78.0, 0.317; GCF_001014975.1, s__Novosphingobium sp002336885, 95.0, 77.98, 0.389; GCF_020179475.1, s__Novosphingobium huizhouense, 95.0, 77.97, 0.373; GCF_002855555.1, s__Novosphingobium sp002855555, 95.0, 77.95, 0.356; GCF_001590965.1, s__Novosphingobium lentum, 95.0, 77.95, 0.399; GCF_012927405.1, s__Novosphingobium olei, 95.0, 77.91, 0.328; GCA_004211435.1, s__Novosphingobium sp004211435, 95.0, 77.88, 0.32; GCA_023266625.1, s__Novosphingobium sp023266625, 95.0, 77.88, 0.319; GCF_015694345.1, s__Novosphingobium jiangmenense, 95.0, 77.87, 0.348; GCA_013791705.1, s__Novosphingobium sp013791705, 95.0, 77.85, 0.307; GCA_015661825.1, s__Novosphingobium capsulatum_A, 95.0, 77.84, 0.279; GCA_020200285.1, s__Novosphingobium sp020200285, 95.0, 77.83, 0.305; GCF_900117425.1, s__Novosphingobium sp900117425, 95.0, 77.82, 0.351; GCF_003454795.1, s__Novosphingobium sp003454795, 95.0, 77.81, 0.311; GCF_019075875.1, s__Novosphingobium sp019075875, 95.0, 77.8, 0.372; GCA_945906105.1, s__Novosphingobium sp945906105, 95.0, 77.78, 0.334; GCF_020179425.1, s__Novosphingobium percolationis, 95.0, 77.78, 0.368; GCF_007830315.1, s__Novosphingobium taihuense, 95.0, 77.76, 0.317; GCF_014652555.1, s__Novosphingobium colocasiae, 95.0, 77.76, 0.342; GCA_021782155.1, s__Novosphingobium sp021782155, 95.0, 77.76, 0.294; GCA_019748365.1, s__Novosphingobium sp019748365, 95.0, 77.75, 0.359; GCF_007991615.1, s__Novosphingobium sediminis, 95.0, 77.75, 0.333; GCA_018971065.1, s__Novosphingobium sp018971065, 95.0, 77.72, 0.28; GCF_000013325.1, s__Novosphingobium aromaticivorans, 95.0, 77.7, 0.328; GCF_014652855.1, s__Novosphingobium pokkalii, 95.0, 77.64, 0.35; GCF_900113255.1, s__Novosphingobium sp900113255, 95.0, 77.62, 0.288; GCF_012932495.1, s__Novosphingobium sp012932495, 95.0, 77.58, 0.327; GCF_020404405.1, s__Novosphingobium sp020404405, 95.0, 77.57, 0.365; GCF_009909235.1, s__Novosphingobium ovatum, 95.0, 77.57, 0.259; GCA_903911985.1, s__Novosphingobium sp903911985, 95.0, 77.55, 0.173; GCF_001519075.1, s__Novosphingobium fuchskuhlense, 95.0, 77.53, 0.327; GCA_903828025.1, s__Novosphingobium sp903828025, 95.0, 77.53, 0.271; GCF_900176395.1, s__Novosphingobium sp900176395, 95.0, 77.51, 0.308; GCF_004341845.1, s__Novosphingobium sp004341845, 95.0, 77.5, 0.28; GCF_001598375.1, s__Novosphingobium capsulatum, 95.0, 77.49, 0.339; GCF_006874585.1, s__Novosphingobium sp006874585, 95.0, 77.48, 0.308; GCF_012641335.1, s__Novosphingobium sp012641335, 95.0, 77.48, 0.311; GCA_903970225.1, s__Novosphingobium sp903970225, 95.0, 77.47, 0.255; GCA_945906005.1, s__Novosphingobium sp945906005, 95.0, 77.44, 0.206; GCF_002556635.1, s__Novosphingobium sp002556635, 95.0, 77.42, 0.293; GCF_004342985.1, s__Novosphingobium sp004342985, 95.0, 77.41, 0.254; GCF_017163935.1, s__Novosphingobium sp017163935, 95.0, 77.38, 0.257; GCF_001598555.1, s__Novosphingobium rosa, 95.0, 77.38, 0.271; GCF_000445125.1, s__Novosphingobium lindaniclasticum, 95.0, 77.35, 0.243; GCF_009746585.1, s__Novosphingobium aquimarinum, 95.0, 77.33, 0.263; GCF_014640675.1, s__Novosphingobium endophyticum, 95.0, 77.28, 0.28; GCF_014196525.1, s__Novosphingobium sediminicola, 95.0, 77.27, 0.265; GCF_014204535.1, s__Novosphingobium chloroacetimidivorans, 95.0, 77.27, 0.316; GCF_902506425.1, s__Novosphingobium sp902506425, 95.0, 77.24, 0.252; GCA_903834285.1, s__Novosphingobium sp903834285, 95.0, 77.23, 0.286; GCA_025153475.1, s__Novosphingobium sp025153475, 95.0, 77.17, 0.283; GCF_021227995.1, s__Novosphingobium sp021227995, 95.0, 77.17, 0.296; GCF_900168325.1, s__Novosphingobium mathurense, 95.0, 77.11, 0.248; GCF_014196615.1, s__Novosphingobium fluoreni, 95.0, 77.11, 0.241; GCA_024236175.1, s__Novosphingobium sp024236175, 95.0, 77.1, 0.249; GCF_013408095.1, s__Novosphingobium marinum, 95.0, 77.09, 0.223; GCF_000767465.1, s__Novosphingobium pentaromativorans, 95.0, 77.07, 0.265; GCF_001298105.1, s__Novosphingobium sp001298105, 95.0, 77.04, 0.28; GCF_012275515.1, s__Novosphingobium sp001898925, 95.0, 77.03, 0.297; GCF_013149295.1, s__Novosphingobium sp013149295, 95.0, 77.01, 0.302; GCF_002916655.1, s__Novosphingobium sp002916655, 95.0, 76.96, 0.186; GCF_000192575.1, s__Novosphingobium nitrogenifigens, 95.0, 76.94, 0.254; GCA_903858875.1, s__Novosphingobium sp903858875, 95.0, 76.91, 0.178; GCA_903923465.1, s__Novosphingobium sp903923465, 95.0, 76.89, 0.2; GCA_020446595.1, s__Novosphingobium sp020446595, 95.0, 76.88, 0.153; GCA_020446505.1, s__Novosphingobium sp020446505, 95.0, 76.77, 0.195; GCA_002336765.1, s__Novosphingobium sp002336765, 95.0, 76.67, 0.17; GCA_019090585.1, s__Novosphingobium sp019090585, 95.0, 76.35, 0.13; GCA_020446575.1, s__Novosphingobium sp020446575, 95.0, 76.19, 0.099	67.21	11	0.98504	Genome not assigned to closest species as it falls outside its pre-defined ANI radius
R1_EKDN230028429-1A_HKTC2DSX7_L3.11	d__Bacteria;p__Pseudomonadota;c__Gammaproteobacteria;o__Burkholderiales;f__Burkholderiaceae_B;g__Hydrogenophaga;s__	N/A	N/A	N/A	N/A	N/A	GCA_014773545.1	95.0	d__Bacteria;p__Pseudomonadota;c__Gammaproteobacteria;o__Burkholderiales;f__Burkholderiaceae_B;g__Hydrogenophaga;s__Hydrogenophaga sp014773545	77.02	0.22	d__Bacteria;p__Pseudomonadota;c__Gammaproteobacteria;o__Burkholderiales;f__Burkholderiaceae_B;g__Hydrogenophaga;s__	taxonomic classification defined by topology and ANI	classification based on placement in class-level tree	GCF_001571225.1, s__Hydrogenophaga palleronii, 95.0, 77.11, 0.241; GCF_020510445.1, s__Hydrogenophaga sp001770905, 95.0, 77.03, 0.276; GCF_013387465.1, s__Hydrogenophaga aromaticivorans, 95.0, 77.02, 0.27; GCF_002001205.1, s__Hydrogenophaga sp002001205, 95.0, 77.0, 0.261; GCF_021729865.1, s__Hydrogenophaga sp021729865, 95.0, 76.99, 0.267; GCF_010104355.1, s__Hydrogenophaga sp010104355, 95.0, 76.95, 0.261; GCA_013823505.1, s__Hydrogenophaga sp013823505, 95.0, 76.9, 0.252; GCA_018780075.1, s__Hydrogenophaga sp018780075, 95.0, 76.9, 0.27; GCA_018335615.1, s__Hydrogenophaga sp018335615, 95.0, 76.87, 0.178; GCF_001592305.1, s__Hydrogenophaga taeniospiralis, 95.0, 76.85, 0.3; GCA_945890705.1, s__Hydrogenophaga intermedia_C, 95.0, 76.85, 0.224; GCA_003599455.1, s__Hydrogenophaga sp003599455, 95.0, 76.84, 0.28; GCF_001713375.1, s__Hydrogenophaga sp001713375, 95.0, 76.84, 0.287; GCA_022844385.1, s__Hydrogenophaga sp022844385, 95.0, 76.81, 0.246; GCA_002842215.1, s__Hydrogenophaga sp002842215, 95.0, 76.81, 0.237; GCF_002127265.1, s__Hydrogenophaga sp002127265, 95.0, 76.8, 0.25; GCA_011391745.1, s__Hydrogenophaga sp011391745, 95.0, 76.79, 0.23; GCA_018903185.1, s__Hydrogenophaga sp018903185, 95.0, 76.79, 0.12; GCA_011390835.1, s__Hydrogenophaga sp011390835, 95.0, 76.77, 0.211; GCF_011388215.1, s__Hydrogenophaga sp011388215, 95.0, 76.77, 0.252; GCF_001428625.1, s__Hydrogenophaga sp001428625, 95.0, 76.75, 0.265; GCA_020047875.1, s__Hydrogenophaga sp020047875, 95.0, 76.74, 0.146; GCF_001571145.1, s__Hydrogenophaga flava, 95.0, 76.74, 0.248; GCA_945869245.1, s__Hydrogenophaga intermedia_B, 95.0, 76.72, 0.248; GCF_001761385.1, s__Hydrogenophaga crassostreae, 95.0, 76.72, 0.22; GCF_003417535.1, s__Hydrogenophaga borbori, 95.0, 76.72, 0.252; GCA_018993155.1, s__Hydrogenophaga sp018993155, 95.0, 76.71, 0.261; GCA_011391495.1, s__Hydrogenophaga sp011391495, 95.0, 76.71, 0.226; GCF_009859475.1, s__Hydrogenophaga sp009859475, 95.0, 76.7, 0.285; GCF_004795855.1, s__Hydrogenophaga sp004795855, 95.0, 76.69, 0.23; GCA_019264445.1, s__Hydrogenophaga sp019264445, 95.0, 76.69, 0.276; GCA_016741995.1, s__Hydrogenophaga sp016741995, 95.0, 76.69, 0.2; GCA_011772445.1, s__Hydrogenophaga sp011772445, 95.0, 76.69, 0.228; GCF_005503365.1, s__Hydrogenophaga sp005503365, 95.0, 76.67, 0.267; GCA_021154985.1, s__Hydrogenophaga sp021154985, 95.0, 76.67, 0.254; GCA_013823485.1, s__Hydrogenophaga sp013823485, 95.0, 76.66, 0.198; GCA_003241965.1, s__Hydrogenophaga sp003241965, 95.0, 76.65, 0.285; GCA_018780385.1, s__Hydrogenophaga sp018780385, 95.0, 76.64, 0.23; GCF_000723405.1, s__Hydrogenophaga intermedia, 95.0, 76.62, 0.235; GCA_006227785.1, s__Hydrogenophaga sp006227785, 95.0, 76.6, 0.126; GCF_023715105.1, s__Hydrogenophaga intermedia_A, 95.0, 76.59, 0.235; GCA_019635465.1, s__Hydrogenophaga sp019635465, 95.0, 76.59, 0.183; GCA_018333605.1, s__Hydrogenophaga sp018333605, 95.0, 76.59, 0.165; GCA_002840835.1, s__Hydrogenophaga sp002840835, 95.0, 76.58, 0.207; GCA_013823655.1, s__Hydrogenophaga sp013823655, 95.0, 76.58, 0.196; GCF_001592285.1, s__Hydrogenophaga pseudoflava, 95.0, 76.56, 0.243; GCF_002127215.1, s__Hydrogenophaga sp002127215, 95.0, 76.56, 0.228; GCA_023415035.1, s__Hydrogenophaga sp023415035, 95.0, 76.42, 0.174; GCA_011390855.1, s__Hydrogenophaga sp011390855, 95.0, 76.38, 0.085; GCA_006227825.1, s__Hydrogenophaga sp006227825, 95.0, 76.33, 0.146; GCA_016790705.1, s__Hydrogenophaga sp016790705, 95.0, 76.22, 0.161; GCF_021401345.1, s__Hydrogenophaga sp021401345, 95.0, 76.19, 0.23; GCA_021166755.1, s__Hydrogenophaga sp021166755, 95.0, 76.02, 0.143	85.78	11	0.96918	N/A
R1_EKDN230028429-1A_HKTC2DSX7_L3.15	d__Bacteria;p__Bacteroidota;c__Bacteroidia;o__Flavobacteriales;f__Flavobacteriaceae;g__Flavobacterium;s__	N/A	N/A	N/A	N/A	N/A	GCF_003634825.1	95.0	d__Bacteria;p__Bacteroidota;c__Bacteroidia;o__Flavobacteriales;f__Flavobacteriaceae;g__Flavobacterium;s__Flavobacterium sp003634825	82.39	0.671	d__Bacteria;p__Bacteroidota;c__Bacteroidia;o__Flavobacteriales;f__Flavobacteriaceae;g__Flavobacterium;s__	taxonomic classification defined by topology and ANI	classification based on placement in class-level tree	GCF_002754315.1, s__Flavobacterium sp002754315, 95.0, 81.46, 0.707; GCF_000812945.1, s__Flavobacterium sp000812945, 95.0, 81.45, 0.724; GCF_007097265.1, s__Flavobacterium gawalongense, 95.0, 81.4, 0.674; GCF_000744835.1, s__Flavobacterium sp000744835, 95.0, 81.2, 0.707; GCF_004349315.1, s__Flavobacterium ranwuense, 95.0, 81.19, 0.645; GCF_900110375.1, s__Flavobacterium sinopsychrotolerans, 95.0, 81.1, 0.63; GCF_004349195.1, s__Flavobacterium rhamnosiphilum, 95.0, 80.94, 0.676; GCF_003634755.1, s__Flavobacterium limicola, 95.0, 80.71, 0.622; GCF_003314435.2, s__Flavobacterium petrolei, 95.0, 80.71, 0.625; GCF_003312425.1, s__Flavobacterium psychrolimnae, 95.0, 80.69, 0.633; GCF_003350545.1, s__Flavobacterium glaciei, 95.0, 80.46, 0.584; GCF_900108015.1, s__Flavobacterium urumqiense, 95.0, 80.38, 0.63; GCF_004349085.1, s__Flavobacterium caseinilyticum, 95.0, 80.34, 0.582; GCF_900112975.1, s__Flavobacterium xueshanense, 95.0, 80.22, 0.602; GCF_004349135.1, s__Flavobacterium sandaracinum, 95.0, 80.07, 0.593; GCF_003968755.1, s__Flavobacterium sp003968755, 95.0, 80.05, 0.579; GCF_900129705.1, s__Flavobacterium granuli, 95.0, 79.5, 0.515; GCA_024642105.1, s__Flavobacterium sp024642105, 95.0, 79.44, 0.435; GCF_020911885.1, s__Flavobacterium sp020911885, 95.0, 79.38, 0.507; GCF_007097245.1, s__Flavobacterium restrictum, 95.0, 79.33, 0.519; GCF_015277675.1, s__Flavobacterium soyangense, 95.0, 79.3, 0.496; GCF_007097385.1, s__Flavobacterium sp007097385, 95.0, 79.21, 0.535; GCF_009909155.2, s__Flavobacterium undicola, 95.0, 79.16, 0.459; GCA_002382495.1, s__Flavobacterium sp002382495, 95.0, 79.13, 0.375; GCA_001800905.1, s__Flavobacterium sp001800905, 95.0, 79.13, 0.401; GCF_013284035.1, s__Flavobacterium sp003096795, 95.0, 79.08, 0.507; GCF_000252125.1, s__Flavobacterium frigoris_A, 95.0, 79.07, 0.465; GCF_900106645.1, s__Flavobacterium degerlachei, 95.0, 79.06, 0.469; GCF_019351435.1, s__Flavobacterium taihuense, 95.0, 79.06, 0.556; GCF_003097655.1, s__Flavobacterium laiguense, 95.0, 79.04, 0.527; GCA_017988155.1, s__Flavobacterium sp017988155, 95.0, 79.01, 0.342; GCA_023259675.1, s__Flavobacterium sp023259675, 95.0, 79.0, 0.427; GCF_023278045.1, s__Flavobacterium sp023278045, 95.0, 79.0, 0.458; GCF_020886055.1, s__Flavobacterium sp020886055, 95.0, 79.0, 0.393; GCF_020885975.1, s__Flavobacterium sp020885975, 95.0, 78.98, 0.367; GCF_001404985.1, s__Flavobacterium aquidurense_B, 95.0, 78.95, 0.444; GCF_001427905.1, s__Flavobacterium sp001427905, 95.0, 78.89, 0.462; GCF_020991455.1, s__Flavobacterium sp020991455, 95.0, 78.84, 0.496; GCF_001422725.1, s__Flavobacterium sp001422725, 95.0, 78.82, 0.47; GCF_003254745.1, s__Flavobacterium aquariorum, 95.0, 78.82, 0.521; GCF_000737695.1, s__Flavobacterium hydatis, 95.0, 78.79, 0.449; GCF_004349355.1, s__Flavobacterium cellulosilyticum, 95.0, 78.77, 0.441; GCF_000832125.1, s__Flavobacterium hibernum, 95.0, 78.76, 0.459; GCF_001975985.1, s__Flavobacterium sp001975985, 95.0, 78.76, 0.469; GCF_006438875.1, s__Flavobacterium pectinovorum_A, 95.0, 78.76, 0.493; GCF_015351595.1, s__Flavobacterium sp015351595, 95.0, 78.76, 0.472; GCF_001602525.1, s__Flavobacterium chilense, 95.0, 78.76, 0.442; GCF_000708595.2, s__Flavobacterium sp000708595, 95.0, 78.74, 0.462; GCF_000813005.1, s__Flavobacterium sp000813005, 95.0, 78.73, 0.453; GCF_014844035.1, s__Flavobacterium sp014844035, 95.0, 78.73, 0.495; GCA_017984035.1, s__Flavobacterium sp017984035, 95.0, 78.72, 0.435; GCF_015594725.1, s__Flavobacterium sp015594725, 95.0, 78.72, 0.439; GCF_900187965.1, s__Flavobacterium sp900187965, 95.0, 78.71, 0.478; GCF_004362015.1, s__Flavobacterium sp004362015, 95.0, 78.69, 0.479; GCA_900107365.1, s__Flavobacterium aquidurense, 95.0, 78.69, 0.464; GCF_009707955.1, s__Flavobacterium sp009707955, 95.0, 78.69, 0.502; GCF_003668995.1, s__Flavobacterium sp003668995, 95.0, 78.68, 0.422; GCF_017948595.1, s__Flavobacterium geliluteum, 95.0, 78.67, 0.453; GCF_009711165.2, s__Flavobacterium sp009711165, 95.0, 78.65, 0.49; GCF_020905345.1, s__Flavobacterium sp020905345, 95.0, 78.65, 0.453; GCA_900129595.1, s__Flavobacterium frigidimaris, 95.0, 78.65, 0.461; GCF_000282055.1, s__Flavobacterium sp000282055, 95.0, 78.64, 0.488; GCF_009789235.1, s__Flavobacterium hydrocarbonoxydans, 95.0, 78.64, 0.485; GCF_004368785.1, s__Flavobacterium sp004368785, 95.0, 78.63, 0.478; GCF_900142735.1, s__Flavobacterium saccharophilum, 95.0, 78.63, 0.484; GCF_009664855.1, s__Flavobacterium sp009664855, 95.0, 78.63, 0.462; GCF_002222055.1, s__Flavobacterium araucananum, 95.0, 78.6, 0.47; GCF_004119495.1, s__Flavobacterium sp004119495, 95.0, 78.59, 0.45; GCF_020911925.1, s__Flavobacterium sp001027725, 95.0, 78.59, 0.427; GCF_011751075.1, s__Flavobacterium sp011751075, 95.0, 78.58, 0.401; GCF_002217355.1, s__Flavobacterium oncorhynchi, 95.0, 78.58, 0.462; GCA_001507425.1, s__Flavobacterium sp001507425, 95.0, 78.58, 0.476; GCF_902804475.1, s__Flavobacterium bizetiae, 95.0, 78.57, 0.467; GCF_002217395.1, s__Flavobacterium plurextorum, 95.0, 78.57, 0.472; GCF_009711135.1, s__Flavobacterium sp009711135, 95.0, 78.57, 0.459; GCF_003202405.1, s__Flavobacterium hydrophilum, 95.0, 78.56, 0.429; GCF_004362055.1, s__Flavobacterium sp004362055, 95.0, 78.55, 0.45; GCF_004339525.1, s__Flavobacterium sp004339525, 95.0, 78.55, 0.515; GCF_002754195.1, s__Flavobacterium sp002754195, 95.0, 78.55, 0.519; GCF_902804485.1, s__Flavobacterium collinsii, 95.0, 78.53, 0.399; GCF_002217285.1, s__Flavobacterium hercynium, 95.0, 78.5, 0.424; GCF_900142715.1, s__Flavobacterium pectinovorum, 95.0, 78.48, 0.499; GCA_017997335.1, s__Flavobacterium sp017997335, 95.0, 78.48, 0.372; GCF_001686925.1, s__Flavobacterium piscis, 95.0, 78.48, 0.484; GCF_903819435.1, s__Flavobacterium salmonis, 95.0, 78.46, 0.43; GCF_004345565.1, s__Flavobacterium circumlabens, 95.0, 78.44, 0.407; GCF_001662485.1, s__Flavobacterium succinicans_A, 95.0, 78.43, 0.366; GCF_003105115.1, s__Flavobacterium sp003105115, 95.0, 78.42, 0.432; GCA_023251135.1, s__Flavobacterium sp023251135, 95.0, 78.42, 0.412; GCF_007341385.1, s__Flavobacterium daemonense, 95.0, 78.36, 0.422; GCF_002217475.1, s__Flavobacterium tructae, 95.0, 78.34, 0.396; GCF_902506345.1, s__Flavobacterium sp902506345, 95.0, 78.34, 0.449; GCF_903469665.1, s__Flavobacterium sp903469665, 95.0, 78.33, 0.381; GCF_003996965.1, s__Flavobacterium cupreum, 95.0, 78.32, 0.416; GCF_018383905.1, s__Flavobacterium branchiicola, 95.0, 78.29, 0.444; GCF_020991415.1, s__Flavobacterium sp020991415, 95.0, 78.28, 0.433; GCF_009674775.1, s__Flavobacterium sp009674775, 95.0, 78.19, 0.424; GCF_000611675.1, s__Flavobacterium succinicans, 95.0, 77.97, 0.386; GCF_001529295.1, s__Flavobacterium sp001529295, 95.0, 77.96, 0.35	62.42	11	0.98515	Genome not assigned to closest species as it falls outside its pre-defined ANI radius
R1_EKDN230028429-1A_HKTC2DSX7_L3.26	d__Bacteria;p__Pseudomonadota;c__Alphaproteobacteria;o__Rhizobiales;f__Beijerinckiaceae;g__Rhabdaerophilum;s__	N/A	N/A	N/A	N/A	N/A	GCA_009773635.1	95.0	d__Bacteria;p__Pseudomonadota;c__Alphaproteobacteria;o__Rhizobiales;f__Beijerinckiaceae;g__Rhabdaerophilum;s__Rhabdaerophilum sp009773635	82.38	0.705	d__Bacteria;p__Pseudomonadota;c__Alphaproteobacteria;o__Rhizobiales;f__Beijerinckiaceae;g__Rhabdaerophilum;s__	taxonomic classification defined by topology and ANI	classification based on placement in class-level tree	GCA_002256205.1, s__Rhabdaerophilum sp002256205, 95.0, 80.69, 0.699; GCA_009846685.1, s__Rhabdaerophilum sp009846685, 95.0, 79.28, 0.557; GCA_020161575.1, s__Rhabdaerophilum sp020161575, 95.0, 79.07, 0.482; GCF_008641065.1, s__Rhabdaerophilum calidifontis, 95.0, 78.93, 0.52; GCA_002928875.1, s__Rhabdaerophilum sp002928875, 95.0, 78.36, 0.397; GCA_020161475.1, s__Rhabdaerophilum sp020161475, 95.0, 78.36, 0.325; GCA_020252645.1, s__Rhabdaerophilum sp020252645, 95.0, 78.08, 0.382; GCA_020253445.1, s__Rhabdaerophilum sp020253445, 95.0, 77.94, 0.391; GCA_020252865.1, s__Rhabdaerophilum sp020252865, 95.0, 77.9, 0.313; GCA_017302635.1, s__Rhabdaerophilum sp017302635, 95.0, 77.9, 0.369	69.2	11	0.98266	Genome not assigned to closest species as it falls outside its pre-defined ANI radius
R1_EKDN230028429-1A_HKTC2DSX7_L3.34	d__Bacteria;p__Pseudomonadota;c__Gammaproteobacteria;o__Burkholderiales;f__Burkholderiaceae_B;g__Limnohabitans;s__	N/A	N/A	N/A	N/A	N/A	N/A	N/A	N/A	N/A	N/A	d__Bacteria;p__Pseudomonadota;c__Gammaproteobacteria;o__Burkholderiales;f__Burkholderiaceae_B;g__Limnohabitans;s__	taxonomic classification defined by topology and ANI	classification based on placement in class-level tree	GCF_003063475.1, s__Limnohabitans curvus, 95.0, 88.71, 0.85; GCA_002282445.1, s__Limnohabitans sp002282445, 95.0, 88.71, 0.779; GCF_003063545.1, s__Limnohabitans sp003063545, 95.0, 88.29, 0.823; GCA_903952885.1, s__Limnohabitans sp903952885, 95.0, 85.56, 0.729; GCA_903886485.1, s__Limnohabitans sp903886485, 95.0, 84.67, 0.788; GCA_903856995.1, s__Limnohabitans sp903856995, 95.0, 84.2, 0.654; GCF_002778325.1, s__Limnohabitans sp002778325, 95.0, 83.45, 0.762; GCF_002778315.1, s__Limnohabitans sp002778315, 95.0, 80.73, 0.673; GCA_903892175.1, s__Limnohabitans sp903892175, 95.0, 80.38, 0.558; GCA_903832625.1, s__Limnohabitans sp903832625, 95.0, 80.18, 0.572; GCA_903845315.1, s__Limnohabitans sp903845315, 95.0, 79.72, 0.408; GCA_903906635.1, s__Limnohabitans sp903906635, 95.0, 79.52, 0.514; GCA_903925445.1, s__Limnohabitans sp903925445, 95.0, 79.4, 0.465; GCA_903880855.1, s__Limnohabitans sp903880855, 95.0, 78.6, 0.327; GCA_009923345.1, s__Limnohabitans sp009923345, 95.0, 78.17, 0.332; GCA_002347905.1, s__Limnohabitans sp002347905, 95.0, 78.17, 0.344; GCA_903956845.1, s__Limnohabitans sp903956845, 95.0, 78.16, 0.29; GCA_018969975.1, s__Limnohabitans sp018969975, 95.0, 78.05, 0.263; GCA_018882835.1, s__Limnohabitans sp018882835, 95.0, 78.0, 0.359; GCA_005786815.1, s__Limnohabitans sp005786815, 95.0, 77.83, 0.284; GCA_945890735.1, s__Limnohabitans sp945890735, 95.0, 77.79, 0.269; GCA_945882755.1, s__Limnohabitans sp945882755, 95.0, 77.77, 0.233; GCA_903850735.1, s__Limnohabitans sp903850735, 95.0, 77.69, 0.339; GCA_009923505.1, s__Limnohabitans sp009923505, 95.0, 77.68, 0.26; GCA_945861305.1, s__Limnohabitans sp945861305, 95.0, 77.65, 0.224; GCA_018883455.1, s__Limnohabitans sp018883455, 95.0, 77.63, 0.284; GCA_945873925.1, s__Limnohabitans sp945873925, 95.0, 77.6, 0.25; GCA_945899335.1, s__Limnohabitans sp945899335, 95.0, 77.58, 0.229; GCA_945871945.1, s__Limnohabitans sp945871945, 95.0, 77.53, 0.23; GCA_018883305.1, s__Limnohabitans sp018883305, 95.0, 77.48, 0.238; GCA_945901665.1, s__Limnohabitans sp945901665, 95.0, 77.44, 0.222; GCA_945901125.1, s__Limnohabitans sp945901125, 95.0, 77.42, 0.221; GCA_945901225.1, s__Limnohabitans sp945901225, 95.0, 77.36, 0.231; GCA_009925585.1, s__Limnohabitans sp009925585, 95.0, 77.35, 0.217; GCA_903887325.1, s__Limnohabitans sp903887325, 95.0, 77.33, 0.222; GCA_945870575.1, s__Limnohabitans sp945870575, 95.0, 77.33, 0.224; GCA_009921465.1, s__Limnohabitans sp009921465, 95.0, 77.32, 0.174; GCA_013205525.1, s__Limnohabitans sp013205525, 95.0, 77.22, 0.209; GCA_009693225.1, s__Limnohabitans sp009693225, 95.0, 77.2, 0.174; GCA_009919175.1, s__Limnohabitans sp009919175, 95.0, 77.2, 0.236; GCA_945907335.1, s__Limnohabitans sp945907335, 95.0, 77.18, 0.205; GCA_009927495.1, s__Limnohabitans sp009927495, 95.0, 76.92, 0.223; GCA_903864315.1, s__Limnohabitans sp903864315, 95.0, 76.91, 0.126; GCA_005789825.1, s__Limnohabitans sp005789825, 95.0, 76.89, 0.183; GCA_903861115.1, s__Limnohabitans sp903861115, 95.0, 76.85, 0.126; GCA_903876885.1, s__Limnohabitans sp903876885, 95.0, 76.77, 0.029; GCA_009927195.1, s__Limnohabitans sp009927195, 95.0, 76.74, 0.181; GCA_009693305.1, s__Limnohabitans sp009693305, 95.0, 76.69, 0.118; GCA_023262645.1, s__Limnohabitans sp023262645, 95.0, 76.65, 0.143; GCA_903838355.1, s__Limnohabitans sp903838355, 95.0, 76.59, 0.15; GCA_903865035.1, s__Limnohabitans sp903865035, 95.0, 76.55, 0.115; GCA_903910745.1, s__Limnohabitans sp903910745, 95.0, 76.54, 0.036; GCA_903887655.1, s__Limnohabitans sp903887655, 95.0, 76.45, 0.1; GCA_903844385.1, s__Limnohabitans sp903844385, 95.0, 76.44, 0.124; GCA_903842945.1, s__Limnohabitans sp903842945, 95.0, 76.42, 0.092; GCA_903933115.1, s__Limnohabitans sp903933115, 95.0, 76.3, 0.129; GCA_903831655.1, s__Limnohabitans sp903831655, 95.0, 76.27, 0.083; GCA_903871545.1, s__Limnohabitans sp903871545, 95.0, 76.27, 0.038; GCA_009921265.1, s__Limnohabitans sp009921265, 95.0, 76.25, 0.104; GCA_903896615.1, s__Limnohabitans sp903896615, 95.0, 76.2, 0.024; GCA_903830725.1, s__Limnohabitans sp903830725, 95.0, 76.03, 0.039; GCA_903949285.1, s__Limnohabitans sp903949285, 95.0, 75.95, 0.056; GCA_903828695.1, s__Limnohabitans sp903828695, 95.0, 75.79, 0.059	78.09	11	0.99478	Genome not assigned to closest species as it falls outside its pre-defined ANI radius
R1_EKDN230028429-1A_HKTC2DSX7_L3.50	d__Bacteria;p__Pseudomonadota;c__Alphaproteobacteria;o__Sphingomonadales;f__Sphingomonadaceae;g__Sphingorhabdus_B;s__	N/A	N/A	N/A	N/A	N/A	GCA_013297725.1	95.0	d__Bacteria;p__Pseudomonadota;c__Alphaproteobacteria;o__Sphingomonadales;f__Sphingomonadaceae;g__Sphingorhabdus_B;s__Sphingorhabdus_B sp013297725	78.93	0.418	d__Bacteria;p__Pseudomonadota;c__Alphaproteobacteria;o__Sphingomonadales;f__Sphingomonadaceae;g__Sphingorhabdus_B;s__	taxonomic classification defined by topology and ANI	classification based on placement in class-level tree	GCA_016721875.1, s__Sphingorhabdus_B sp016721875, 95.0, 78.28, 0.316; GCA_002255985.1, s__Sphingorhabdus_B sp002255985, 95.0, 78.06, 0.183; GCF_003367235.1, s__Sphingorhabdus_B pulchriflava, 95.0, 77.93, 0.281; GCA_016720115.1, s__Sphingorhabdus_B sp016720115, 95.0, 77.86, 0.308; GCA_017987825.1, s__Sphingorhabdus_B sp017987825, 95.0, 77.8, 0.262; GCA_016707885.1, s__Sphingorhabdus_B sp016707885, 95.0, 77.71, 0.297; GCA_002282385.1, s__Sphingorhabdus_B sp002282385, 95.0, 77.58, 0.166; GCA_020847445.1, s__Sphingorhabdus_B sp020847445, 95.0, 77.58, 0.319; GCA_023910635.1, s__Sphingorhabdus_B sp023910635, 95.0, 77.44, 0.177; GCA_002299195.1, s__Sphingorhabdus_B sp002299195, 95.0, 77.34, 0.164; GCA_001464315.1, s__Sphingorhabdus_B sp001464315, 95.0, 77.34, 0.189; GCF_009769755.1, s__Sphingorhabdus_B profundilacus, 95.0, 77.3, 0.212; GCA_016462305.1, s__Sphingorhabdus_B sp016462305, 95.0, 77.26, 0.162; GCA_945862485.1, s__Sphingorhabdus_B sp945862485, 95.0, 77.25, 0.181; GCF_009768975.1, s__Sphingorhabdus_B lacus, 95.0, 77.25, 0.208; GCA_023262005.1, s__Sphingorhabdus_B sp023262005, 95.0, 77.23, 0.216; GCF_014196595.1, s__Sphingorhabdus_B rigui, 95.0, 77.22, 0.152; GCA_016742125.1, s__Sphingorhabdus_B sp016742125, 95.0, 77.19, 0.173; GCA_945882965.1, s__Sphingorhabdus_B sp945882965, 95.0, 77.16, 0.167; GCA_021298455.1, s__Sphingorhabdus_B sp021298455, 95.0, 77.16, 0.224; GCA_002479765.1, s__Sphingorhabdus_B sp002479765, 95.0, 77.14, 0.158; GCF_007280415.1, s__Sphingorhabdus_B contaminans, 95.0, 77.12, 0.187; GCA_013823985.1, s__Sphingorhabdus_B sp013823985, 95.0, 77.11, 0.202; GCA_021300355.1, s__Sphingorhabdus_B sp021300355, 95.0, 77.06, 0.175; GCF_003933235.1, s__Sphingorhabdus_B wooponensis, 95.0, 77.04, 0.152; GCA_002278855.1, s__Sphingorhabdus_B sp002278855, 95.0, 76.95, 0.133; GCA_021741065.1, s__Sphingorhabdus_B sp021741065, 95.0, 76.85, 0.148; GCA_021732525.1, s__Sphingorhabdus_B sp021732525, 95.0, 76.81, 0.178; GCA_903868245.1, s__Sphingorhabdus_B sp903868245, 95.0, 76.79, 0.174; GCA_903821685.1, s__Sphingorhabdus_B sp903821685, 95.0, 76.76, 0.131; GCA_012032285.1, s__Sphingorhabdus_B sp012032285, 95.0, 76.62, 0.146; GCA_002299895.1, s__Sphingorhabdus_B sp002299895, 95.0, 76.58, 0.167; GCF_001889025.1, s__Sphingorhabdus_B lutea, 95.0, 75.95, 0.057	63.46	11	0.98284	N/A
R1_EKDN230028429-1A_HKTC2DSX7_L3.51	d__Bacteria;p__Pseudomonadota;c__Alphaproteobacteria;o__Rhizobiales;f__Beijerinckiaceae;g__28-YEA-48;s__	N/A	N/A	N/A	N/A	N/A	GCA_945901195.1	95.0	d__Bacteria;p__Pseudomonadota;c__Alphaproteobacteria;o__Rhizobiales;f__Beijerinckiaceae;g__28-YEA-48;s__28-YEA-48 sp945901195	78.09	0.336	d__Bacteria;p__Pseudomonadota;c__Alphaproteobacteria;o__Rhizobiales;f__Beijerinckiaceae;g__28-YEA-48;s__	taxonomic classification defined by topology and ANI	classification based on placement in class-level tree	GCA_903847605.1, s__28-YEA-48 sp903847605, 95.0, 77.9, 0.453; GCA_903851305.1, s__28-YEA-48 sp903851305, 95.0, 76.96, 0.129; GCA_903861645.1, s__28-YEA-48 sp903861645, 95.0, 76.89, 0.138; GCF_900104955.1, s__28-YEA-48 sp900104955, 95.0, 76.8, 0.161; GCA_945878875.1, s__28-YEA-48 sp945878875, 95.0, 76.72, 0.149; GCA_001898965.1, s__28-YEA-48 sp001898965, 95.0, 76.63, 0.169; GCA_903889985.1, s__28-YEA-48 sp903889985, 95.0, 76.46, 0.099; GCA_903902915.1, s__28-YEA-48 sp903902915, 95.0, 76.43, 0.135; GCA_019747375.1, s__28-YEA-48 sp019747375, 95.0, 76.42, 0.094; GCA_903918155.1, s__28-YEA-48 sp903918155, 95.0, 76.42, 0.157; GCA_903916165.1, s__28-YEA-48 sp903916165, 95.0, 76.41, 0.139; GCA_903885755.1, s__28-YEA-48 sp903885755, 95.0, 76.38, 0.09; GCA_903931945.1, s__28-YEA-48 sp903931945, 95.0, 76.25, 0.092; GCA_903825465.1, s__28-YEA-48 sp903825465, 95.0, 76.08, 0.08; GCA_903932565.1, s__28-YEA-48 sp903932565, 95.0, 75.98, 0.078; GCA_903884435.1, s__28-YEA-48 sp903884435, 95.0, 75.97, 0.113; GCA_903897875.1, s__28-YEA-48 sp903897875, 95.0, 75.93, 0.083; GCA_900299065.1, s__28-YEA-48 sp900299065, 95.0, 75.86, 0.082; GCA_903903935.1, s__28-YEA-48 sp903903935, 95.0, 75.74, 0.111	78.27	11	0.97756	N/A
R1_EKDN230028429-1A_HKTC2DSX7_L3.65	d__Bacteria;p__Verrucomicrobiota;c__Verrucomicrobiae;o__Verrucomicrobiales;f__V1-33;g__JAGNEJ01;s__	N/A	N/A	N/A	N/A	N/A	GCA_018003315.1	95.0	d__Bacteria;p__Verrucomicrobiota;c__Verrucomicrobiae;o__Verrucomicrobiales;f__V1-33;g__JAGNEJ01;s__JAGNEJ01 sp018003315	75.2	0.04	d__Bacteria;p__Verrucomicrobiota;c__Verrucomicrobiae;o__Verrucomicrobiales;f__V1-33;g__JAGNEJ01;s__	taxonomic classification defined by topology and ANI	classification based on placement in class-level tree	N/A	72.93	11	0.8733	N/A
R1_EKDN230028429-1A_HKTC2DSX7_L3.8	d__Bacteria;p__Pseudomonadota;c__Alphaproteobacteria;o__Rhizobiales;f__Aestuariivirgaceae;g__Aestuariivirga;s__	N/A	N/A	N/A	N/A	N/A	GCA_020029455.1	95.0	d__Bacteria;p__Pseudomonadota;c__Alphaproteobacteria;o__Rhizobiales;f__Aestuariivirgaceae;g__Aestuariivirga;s__Aestuariivirga sp020029455	76.22	0.112	d__Bacteria;p__Pseudomonadota;c__Alphaproteobacteria;o__Rhizobiales;f__Aestuariivirgaceae;g__Aestuariivirga;s__	taxonomic classification defined by topology and ANI	classification based on placement in class-level tree	GCA_016710435.1, s__Aestuariivirga sp016710435, 95.0, 76.61, 0.119; GCA_016792825.1, s__Aestuariivirga sp016792825, 95.0, 76.4, 0.078; GCF_015714715.1, s__Aestuariivirga litoralis_A, 95.0, 76.36, 0.102; GCA_016792865.1, s__Aestuariivirga sp016792865, 95.0, 76.34, 0.112; GCA_020252405.1, s__Aestuariivirga sp020252405, 95.0, 76.26, 0.06; GCA_020161855.1, s__Aestuariivirga sp020161855, 95.0, 76.17, 0.093; GCA_020252395.1, s__Aestuariivirga sp020252395, 95.0, 76.14, 0.062; GCA_902826365.1, s__Aestuariivirga sp902826365, 95.0, 76.14, 0.097; GCA_903930095.1, s__Aestuariivirga sp903930095, 95.0, 76.1, 0.052; GCA_003151375.1, s__Aestuariivirga sp003151375, 95.0, 76.07, 0.072; GCA_009885825.1, s__Aestuariivirga sp009885825, 95.0, 76.05, 0.09; GCA_016185245.1, s__Aestuariivirga sp016185245, 95.0, 76.04, 0.047; GCA_012032065.1, s__Aestuariivirga sp012032065, 95.0, 76.02, 0.064; GCA_020441605.1, s__Aestuariivirga sp020441605, 95.0, 75.97, 0.047; GCA_023266715.1, s__Aestuariivirga sp023266715, 95.0, 75.96, 0.062; GCF_003234965.1, s__Aestuariivirga litoralis, 95.0, 75.87, 0.071; GCA_020252385.1, s__Aestuariivirga sp020252385, 95.0, 75.87, 0.058; GCA_022842165.1, s__Aestuariivirga sp022842165, 95.0, 75.73, 0.07; GCA_945889445.1, s__Aestuariivirga sp945889445, 95.0, 75.69, 0.062; GCA_900298995.1, s__Aestuariivirga sp900298995, 95.0, 75.69, 0.053; GCA_014380505.1, s__Aestuariivirga sp014380505, 95.0, 75.62, 0.046	84.93	11	0.96335	N/A
R1_EKDN230028429-1A_HKTC2DSX7_L3.9	d__Bacteria;p__Planctomycetota;c__Planctomycetia;o__Planctomycetales;f__Planctomycetaceae;g__TH-plancto1;s__	N/A	N/A	N/A	N/A	N/A	GCA_003669575.1	95.0	d__Bacteria;p__Planctomycetota;c__Planctomycetia;o__Planctomycetales;f__Planctomycetaceae;g__TH-plancto1;s__TH-plancto1 sp003669575	77.75	0.307	d__Bacteria;p__Planctomycetota;c__Planctomycetia;o__Planctomycetales;f__Planctomycetaceae;g__TH-plancto1;s__	taxonomic classification defined by topology and ANI	classification based on placement in class-level tree	GCA_003671275.1, s__TH-plancto1 sp003671275, 95.0, 78.36, 0.233	81.71	11	0.96531	N/A
R20_EKDN230028448-1A_HKTC2DSX7_L3.19	d__Bacteria;p__Pseudomonadota;c__Gammaproteobacteria;o__Burkholderiales;f__Burkholderiaceae_B;g__Leptothrix;s__	N/A	N/A	N/A	N/A	N/A	GCF_000019785.1	95.0	d__Bacteria;p__Pseudomonadota;c__Gammaproteobacteria;o__Burkholderiales;f__Burkholderiaceae_B;g__Leptothrix;s__Leptothrix cholodnii	91.38	0.819	d__Bacteria;p__Pseudomonadota;c__Gammaproteobacteria;o__Burkholderiales;f__Burkholderiaceae_B;g__Leptothrix;s__	taxonomic classification defined by topology and ANI	classification based on placement in class-level tree	GCF_004216565.1, s__Leptothrix mobilis, 95.0, 82.64, 0.649	55.81	11	0.9953	Genome not assigned to closest species as it falls outside its pre-defined ANI radius
R20_EKDN230028448-1A_HKTC2DSX7_L3.2	d__Bacteria;p__Planctomycetota;c__Planctomycetia;o__Planctomycetales;f__Planctomycetaceae;g__TH-plancto1;s__	N/A	N/A	N/A	N/A	N/A	GCA_003671275.1	95.0	d__Bacteria;p__Planctomycetota;c__Planctomycetia;o__Planctomycetales;f__Planctomycetaceae;g__TH-plancto1;s__TH-plancto1 sp003671275	80.48	0.295	d__Bacteria;p__Planctomycetota;c__Planctomycetia;o__Planctomycetales;f__Planctomycetaceae;g__TH-plancto1;s__	taxonomic classification defined by topology and ANI	classification based on placement in class-level tree	GCA_003669575.1, s__TH-plancto1 sp003669575, 95.0, 77.81, 0.284	82.16	11	0.95307	N/A
R20_EKDN230028448-1A_HKTC2DSX7_L3.23	d__Bacteria;p__Pseudomonadota;c__Gammaproteobacteria;o__Burkholderiales;f__Burkholderiaceae_B;g__Aquabacterium_A;s__	N/A	N/A	N/A	N/A	N/A	N/A	N/A	N/A	N/A	N/A	d__Bacteria;p__Pseudomonadota;c__Gammaproteobacteria;o__Burkholderiales;f__Burkholderiaceae_B;g__Aquabacterium_A;s__	taxonomic classification defined by topology and ANI	classification based on placement in class-level tree	GCA_001770815.1, s__Aquabacterium_A sp001770815, 95.0, 81.29, 0.562; GCF_005403045.1, s__Aquabacterium_A pictum, 95.0, 80.89, 0.598; GCA_017999135.1, s__Aquabacterium_A sp017999135, 95.0, 80.4, 0.495; GCA_017992055.1, s__Aquabacterium_A sp017992055, 95.0, 80.06, 0.574; GCF_002198735.1, s__Aquabacterium_A sp002198735, 95.0, 79.93, 0.538; GCA_016213205.1, s__Aquabacterium_A sp016213205, 95.0, 79.76, 0.493; GCA_016721465.1, s__Aquabacterium_A sp016721465, 95.0, 79.61, 0.519; GCA_016790515.1, s__Aquabacterium_A sp016790515, 95.0, 79.59, 0.44; GCA_945878355.1, s__Aquabacterium_A sp945878355, 95.0, 78.99, 0.391; GCA_010030205.1, s__Aquabacterium_A sp010030205, 95.0, 78.9, 0.352; GCF_013266755.1, s__Aquabacterium_A terrae, 95.0, 78.83, 0.422; GCA_023150345.1, s__Aquabacterium_A sp023150345, 95.0, 78.64, 0.331; GCA_013360485.1, s__Aquabacterium_A sp013360485, 95.0, 78.43, 0.295	80.04	11	0.97634	Genome not assigned to closest species as it falls outside its pre-defined ANI radius
R20_EKDN230028448-1A_HKTC2DSX7_L3.40	d__Bacteria;p__Bacteroidota;c__Bacteroidia;o__Cytophagales;f__Catalimonadaceae;g__;s__	N/A	N/A	N/A	N/A	N/A	N/A	N/A	N/A	N/A	N/A	d__Bacteria;p__Bacteroidota;c__Bacteroidia;o__Cytophagales;f__Catalimonadaceae;g__;s__	taxonomic novelty determined using RED	classification based on placement in class-level tree	N/A	78.79	11	0.91438	N/A
R21_EKDN230028449-1A_HKTC2DSX7_L3.22	d__Bacteria;p__Planctomycetota;c__Planctomycetia;o__Planctomycetales;f__Planctomycetaceae;g__TH-plancto1;s__	N/A	N/A	N/A	N/A	N/A	GCA_003671275.1	95.0	d__Bacteria;p__Planctomycetota;c__Planctomycetia;o__Planctomycetales;f__Planctomycetaceae;g__TH-plancto1;s__TH-plancto1 sp003671275	80.39	0.307	d__Bacteria;p__Planctomycetota;c__Planctomycetia;o__Planctomycetales;f__Planctomycetaceae;g__TH-plancto1;s__	taxonomic classification defined by topology and ANI	classification based on placement in class-level tree	GCA_003669575.1, s__TH-plancto1 sp003669575, 95.0, 77.8, 0.281	81.23	11	0.95238	N/A
R22_EKDN230028450-1A_HKTC2DSX7_L3.10	d__Bacteria;p__Pseudomonadota;c__Gammaproteobacteria;o__Xanthomonadales;f__Xanthomonadaceae;g__SCMT01;s__	N/A	N/A	N/A	N/A	N/A	GCA_017302135.1	95.0	d__Bacteria;p__Pseudomonadota;c__Gammaproteobacteria;o__Xanthomonadales;f__Xanthomonadaceae;g__SCMT01;s__SCMT01 sp017302135	92.65	0.762	d__Bacteria;p__Pseudomonadota;c__Gammaproteobacteria;o__Xanthomonadales;f__Xanthomonadaceae;g__SCMT01;s__	taxonomic classification defined by topology and ANI	classification based on placement in class-level tree	GCA_013141175.1, s__SCMT01 sp013141175, 95.0, 90.15, 0.752; GCA_020692565.1, s__SCMT01 sp020692565, 95.0, 84.15, 0.631; GCA_011526085.1, s__SCMT01 sp011526085, 95.0, 83.76, 0.663; GCA_019634715.1, s__SCMT01 sp019634715, 95.0, 81.98, 0.575; GCA_005502915.1, s__SCMT01 sp005502915, 95.0, 81.91, 0.575; GCA_019510125.1, s__SCMT01 sp019510125, 95.0, 81.87, 0.599; GCA_023392975.1, s__SCMT01 sp023392975, 95.0, 81.65, 0.613; GCA_016789405.1, s__SCMT01 sp016789405, 95.0, 81.18, 0.539; GCA_008015835.1, s__SCMT01 sp008015835, 95.0, 80.93, 0.559; GCA_020852215.1, s__SCMT01 sp020852215, 95.0, 80.71, 0.547; GCA_017990865.1, s__SCMT01 sp017990865, 95.0, 80.54, 0.569; GCA_008015095.1, s__SCMT01 sp008015095, 95.0, 78.95, 0.403	86.75	11	0.99594	Genome not assigned to closest species as it falls outside its pre-defined ANI radius
R22_EKDN230028450-1A_HKTC2DSX7_L3.2	d__Bacteria;p__Bdellovibrionota;c__Bdellovibrionia;o__Bdellovibrionales;f__JAGQZY01;g__JACKAL01;s__	N/A	N/A	N/A	N/A	N/A	GCA_020635085.1	95.0	d__Bacteria;p__Bdellovibrionota;c__Bdellovibrionia;o__Bdellovibrionales;f__JAGQZY01;g__JACKAL01;s__JACKAL01 sp020635085	77.39	0.062	d__Bacteria;p__Bdellovibrionota;c__Bdellovibrionia;o__Bdellovibrionales;f__JAGQZY01;g__JACKAL01;s__	taxonomic classification defined by topology and ANI	classification based on placement in class-level tree	N/A	90.29	11	0.88961	N/A
R22_EKDN230028450-1A_HKTC2DSX7_L3.20	d__Bacteria;p__Cyanobacteriota;c__Cyanobacteriia;o__Cyanobacteriales;f__Microcoleaceae;g__Microcoleus;s__	N/A	N/A	N/A	N/A	N/A	N/A	N/A	N/A	N/A	N/A	d__Bacteria;p__Cyanobacteriota;c__Cyanobacteriia;o__Cyanobacteriales;f__Microcoleaceae;g__Microcoleus;s__	taxonomic classification defined by topology and ANI	classification based on placement in class-level tree	GCA_013299185.1, s__Microcoleus sp013299185, 95.0, 91.79, 0.822; GCA_004292955.1, s__Microcoleus sp004292955, 95.0, 91.74, 0.792; GCA_004293365.1, s__Microcoleus sp004293365, 95.0, 90.88, 0.779; GCA_013299165.1, s__Microcoleus sp013299165, 95.0, 88.65, 0.789; GCF_015207455.1, s__Microcoleus sp015207455, 95.0, 87.49, 0.711; GCF_015207505.1, s__Microcoleus sp015207505, 95.0, 87.45, 0.715; GCA_014695295.1, s__Microcoleus sp014695295, 95.0, 87.32, 0.721; GCA_003003725.1, s__Microcoleus sp003003725, 95.0, 87.31, 0.657; GCF_015207285.1, s__Microcoleus sp015207285, 95.0, 87.22, 0.693; GCF_013179805.1, s__Microcoleus asticus, 95.0, 87.21, 0.715; GCA_014695175.1, s__Microcoleus sp014695175, 95.0, 87.01, 0.679; GCF_000317475.1, s__Microcoleus sp000317475, 95.0, 87.0, 0.772; GCF_022701275.1, s__Microcoleus vaginatus_A, 95.0, 87.0, 0.73; GCF_022701255.1, s__Microcoleus vaginatus_B, 95.0, 86.83, 0.725; GCA_003542015.1, s__Microcoleus sp003542015, 95.0, 83.91, 0.65; GCA_003483675.1, s__Microcoleus sp003483675, 95.0, 83.81, 0.636; GCF_002412335.2, s__Microcoleus bourrellyi, 95.0, 83.72, 0.629; GCA_004294385.1, s__Microcoleus sp004294385, 95.0, 83.66, 0.628; GCF_021648855.1, s__Microcoleus sp021648855, 95.0, 83.25, 0.63; GCA_020882975.1, s__Microcoleus sp020882975, 95.0, 82.95, 0.658; GCA_020883125.1, s__Microcoleus sp020883125, 95.0, 82.92, 0.631; GCA_004292745.1, s__Microcoleus sp004292745, 95.0, 82.89, 0.619; GCA_012035135.1, s__Microcoleus sp012035135, 95.0, 82.87, 0.613; GCA_012034575.1, s__Microcoleus sp012034575, 95.0, 81.02, 0.608	79.54	11	0.98978	Genome not assigned to closest species as it falls outside its pre-defined ANI radius
R22_EKDN230028450-1A_HKTC2DSX7_L3.28	d__Bacteria;p__Cyanobacteriota;c__Cyanobacteriia;o__Cyanobacteriales;f__Microcoleaceae;g__Microcoleus;s__Microcoleus sp004292745	GCA_004292745.1	95.0	d__Bacteria;p__Cyanobacteriota;c__Cyanobacteriia;o__Cyanobacteriales;f__Microcoleaceae;g__Microcoleus;s__Microcoleus sp004292745	95.87	0.868	N/A	N/A	N/A	N/A	N/A	N/A	ani_screen	classification based on ANI only	N/A	N/A	N/A	N/A	N/A
R22_EKDN230028450-1A_HKTC2DSX7_L3.29	d__Bacteria;p__Actinomycetota;c__Acidimicrobiia;o__Acidimicrobiales;f__Ilumatobacteraceae;g__JAENVT01;s__	N/A	N/A	N/A	N/A	N/A	GCA_016650435.1	95.0	d__Bacteria;p__Actinomycetota;c__Acidimicrobiia;o__Acidimicrobiales;f__Ilumatobacteraceae;g__JAENVT01;s__JAENVT01 sp016650435	77.59	0.199	d__Bacteria;p__Actinomycetota;c__Acidimicrobiia;o__Acidimicrobiales;f__Ilumatobacteraceae;g__JAENVT01;s__	taxonomic classification defined by topology and ANI	classification based on placement in class-level tree	N/A	77.06	11	0.86853	N/A
R22_EKDN230028450-1A_HKTC2DSX7_L3.31	d__Bacteria;p__Pseudomonadota;c__Gammaproteobacteria;o__Steroidobacterales;f__Steroidobacteraceae;g__ZC4RG30;s__	N/A	N/A	N/A	N/A	N/A	GCA_015655465.1	95.0	d__Bacteria;p__Pseudomonadota;c__Gammaproteobacteria;o__Steroidobacterales;f__Steroidobacteraceae;g__ZC4RG30;s__ZC4RG30 sp015655465	79.46	0.398	d__Bacteria;p__Pseudomonadota;c__Gammaproteobacteria;o__Steroidobacterales;f__Steroidobacteraceae;g__ZC4RG30;s__	taxonomic classification defined by topology and ANI	classification based on placement in class-level tree	GCA_016720075.1, s__ZC4RG30 sp016720075, 95.0, 79.23, 0.467; GCA_003242275.1, s__ZC4RG30 sp003242275, 95.0, 78.29, 0.302; GCA_903868595.1, s__ZC4RG30 sp903868595, 95.0, 77.52, 0.22; GCA_903908825.1, s__ZC4RG30 sp903908825, 95.0, 77.28, 0.182	79.52	11	0.96962	N/A
R22_EKDN230028450-1A_HKTC2DSX7_L3.40	d__Bacteria;p__Pseudomonadota;c__Alphaproteobacteria;o__Rhizobiales;f__Beijerinckiaceae;g__Rhabdaerophilum;s__	N/A	N/A	N/A	N/A	N/A	N/A	N/A	N/A	N/A	N/A	d__Bacteria;p__Pseudomonadota;c__Alphaproteobacteria;o__Rhizobiales;f__Beijerinckiaceae;g__Rhabdaerophilum;s__	ANI	classification based on placement in class-level tree	GCA_020253445.1, s__Rhabdaerophilum sp020253445, 95.0, 77.82, 0.296; GCA_002928875.1, s__Rhabdaerophilum sp002928875, 95.0, 77.8, 0.273; GCF_008641065.1, s__Rhabdaerophilum calidifontis, 95.0, 77.78, 0.256; GCA_020252645.1, s__Rhabdaerophilum sp020252645, 95.0, 77.71, 0.331; GCA_009773635.1, s__Rhabdaerophilum sp009773635, 95.0, 77.65, 0.308; GCA_017302635.1, s__Rhabdaerophilum sp017302635, 95.0, 77.64, 0.305; GCA_020252865.1, s__Rhabdaerophilum sp020252865, 95.0, 77.54, 0.289; GCA_020161575.1, s__Rhabdaerophilum sp020161575, 95.0, 77.53, 0.308; GCA_009846685.1, s__Rhabdaerophilum sp009846685, 95.0, 77.31, 0.24; GCA_002256205.1, s__Rhabdaerophilum sp002256205, 95.0, 77.21, 0.285; GCA_020161475.1, s__Rhabdaerophilum sp020161475, 95.0, 77.02, 0.205	84.27	11	0.9354	N/A
R22_EKDN230028450-1A_HKTC2DSX7_L3.47	d__Bacteria;p__Bacteroidota;c__Bacteroidia;o__AKYH767;f__Palsa-965;g__VBWE01;s__	N/A	N/A	N/A	N/A	N/A	GCA_006218065.1	95.0	d__Bacteria;p__Bacteroidota;c__Bacteroidia;o__AKYH767;f__Palsa-965;g__VBWE01;s__VBWE01 sp006218065	77.39	0.267	d__Bacteria;p__Bacteroidota;c__Bacteroidia;o__AKYH767;f__Palsa-965;g__VBWE01;s__	taxonomic classification defined by topology and ANI	classification based on placement in class-level tree	N/A	79.19	11	0.8913	N/A
R22_EKDN230028450-1A_HKTC2DSX7_L3.52	d__Bacteria;p__Bacteroidota;c__Bacteroidia;o__Chitinophagales;f__Chitinophagaceae;g__Ferruginibacter;s__	N/A	N/A	N/A	N/A	N/A	N/A	N/A	N/A	N/A	N/A	d__Bacteria;p__Bacteroidota;c__Bacteroidia;o__Chitinophagales;f__Chitinophagaceae;g__Ferruginibacter;s__	ANI	classification based on placement in class-level tree	GCA_016722465.1, s__Ferruginibacter sp016722465, 95.0, 76.74, 0.17; GCA_013141115.1, s__Ferruginibacter sp013141115, 95.0, 76.69, 0.152; GCA_945870835.1, s__Ferruginibacter pinensis_A, 95.0, 76.62, 0.14; GCA_903837525.1, s__Ferruginibacter sp903837525, 95.0, 76.6, 0.157; GCA_016721725.1, s__Ferruginibacter sp016721725, 95.0, 76.58, 0.036; GCA_016710595.1, s__Ferruginibacter sp016710595, 95.0, 76.54, 0.103; GCF_020783315.1, s__Ferruginibacter lapsinanis, 95.0, 76.51, 0.143; GCA_945865645.1, s__Ferruginibacter pinensis_B, 95.0, 76.49, 0.15; GCA_017983695.1, s__Ferruginibacter sp017983695, 95.0, 76.48, 0.144; GCA_014377975.1, s__Ferruginibacter sp014377975, 95.0, 76.48, 0.149; GCA_016715365.1, s__Ferruginibacter sp016715365, 95.0, 76.43, 0.12; GCA_016721385.1, s__Ferruginibacter sp016721385, 95.0, 76.38, 0.148; GCA_019638575.1, s__Ferruginibacter sp019638575, 95.0, 76.37, 0.114; GCA_013288745.1, s__Ferruginibacter sp013288745, 95.0, 76.36, 0.131; GCA_018268135.1, s__Ferruginibacter sp018268135, 95.0, 76.36, 0.131; GCF_020042285.1, s__Ferruginibacter sp020042285, 95.0, 76.35, 0.101; GCA_016710935.1, s__Ferruginibacter sp016710935, 95.0, 76.31, 0.127; GCA_020059395.1, s__Ferruginibacter sp020059395, 95.0, 76.29, 0.095; GCA_018268085.1, s__Ferruginibacter sp018268085, 95.0, 76.25, 0.071; GCA_014379905.1, s__Ferruginibacter sp014379905, 95.0, 76.22, 0.089; GCA_903871575.1, s__Ferruginibacter sp903871575, 95.0, 76.22, 0.097; GCA_014379625.1, s__Ferruginibacter sp014379625, 95.0, 76.21, 0.119; GCA_016713965.1, s__Ferruginibacter sp016713965, 95.0, 76.2, 0.119; GCA_002336815.1, s__Ferruginibacter sp002336815, 95.0, 76.17, 0.096; GCA_017988335.1, s__Ferruginibacter sp017988335, 95.0, 76.16, 0.153; GCA_002400445.1, s__Ferruginibacter sp002400445, 95.0, 76.16, 0.071; GCA_014377385.1, s__Ferruginibacter sp014377385, 95.0, 76.16, 0.074; GCA_016710745.1, s__Ferruginibacter sp016710745, 95.0, 76.16, 0.081; GCA_019638525.1, s__Ferruginibacter sp018268155, 95.0, 76.15, 0.145; GCA_013141435.1, s__Ferruginibacter sp013141435, 95.0, 76.15, 0.097; GCA_016786725.1, s__Ferruginibacter sp016786725, 95.0, 76.14, 0.099; GCA_018268185.1, s__Ferruginibacter sp018268185, 95.0, 76.14, 0.059; GCA_016720775.1, s__Ferruginibacter sp016720775, 95.0, 76.12, 0.073; GCA_002352045.1, s__Ferruginibacter sp002352045, 95.0, 76.1, 0.124; GCF_024343615.1, s__Ferruginibacter sp024343615, 95.0, 76.06, 0.051; GCA_016703625.1, s__Ferruginibacter sp016703625, 95.0, 76.05, 0.09; GCA_018266775.1, s__Ferruginibacter sp018266775, 95.0, 76.0, 0.087; GCA_903831575.1, s__Ferruginibacter sp903831575, 95.0, 76.0, 0.086; GCA_001898465.1, s__Ferruginibacter sp001898465, 95.0, 75.99, 0.088; GCA_018268175.1, s__Ferruginibacter sp018268175, 95.0, 75.97, 0.068; GCA_002343985.1, s__Ferruginibacter sp002343985, 95.0, 75.96, 0.045; GCA_024642285.1, s__Ferruginibacter sp024642285, 95.0, 75.96, 0.091; GCA_016699815.1, s__Ferruginibacter sp002381005, 95.0, 75.93, 0.111; GCA_903858475.1, s__Ferruginibacter sp903858475, 95.0, 75.92, 0.093; GCA_903878475.1, s__Ferruginibacter sp903878475, 95.0, 75.91, 0.096; GCA_945872815.1, s__Ferruginibacter pinensis_C, 95.0, 75.9, 0.08; GCA_018057635.1, s__Ferruginibacter sp018057635, 95.0, 75.87, 0.085; GCA_016710165.1, s__Ferruginibacter sp016710165, 95.0, 75.85, 0.06; GCA_019638635.1, s__Ferruginibacter sp019638635, 95.0, 75.84, 0.064; GCA_023433345.1, s__Ferruginibacter sp023433345, 95.0, 75.81, 0.035; GCA_018266715.1, s__Ferruginibacter sp018266715, 95.0, 75.74, 0.109; GCA_009885535.1, s__Ferruginibacter sp009885535, 95.0, 75.73, 0.092; GCA_015655125.1, s__Ferruginibacter sp015655125, 95.0, 75.73, 0.064; GCA_003455235.1, s__Ferruginibacter sp003455235, 95.0, 75.64, 0.044; GCA_019638485.1, s__Ferruginibacter sp019638485, 95.0, 75.64, 0.045; GCA_023422565.1, s__Ferruginibacter sp023422565, 95.0, 75.63, 0.048; GCA_023390215.1, s__Ferruginibacter sp023390215, 95.0, 75.6, 0.044; GCA_017303335.1, s__Ferruginibacter sp017303335, 95.0, 75.55, 0.032; GCA_003534175.1, s__Ferruginibacter sp003534175, 95.0, 75.51, 0.04; GCA_023417815.1, s__Ferruginibacter sp023417815, 95.0, 75.5, 0.034; GCA_018882645.1, s__Ferruginibacter sp018882645, 95.0, 75.45, 0.062; GCA_018266615.1, s__Ferruginibacter sp018266615, 95.0, 75.45, 0.06; GCA_013298665.1, s__Ferruginibacter sp013298665, 95.0, 75.4, 0.032	93.07	11	0.94228	N/A
R22_EKDN230028450-1A_HKTC2DSX7_L3.54	d__Bacteria;p__Pseudomonadota;c__Gammaproteobacteria;o__Steroidobacterales;f__Steroidobacteraceae;g__CAIOHZ01;s__	N/A	N/A	N/A	N/A	N/A	GCA_903858165.1	95.0	d__Bacteria;p__Pseudomonadota;c__Gammaproteobacteria;o__Steroidobacterales;f__Steroidobacteraceae;g__CAIOHZ01;s__CAIOHZ01 sp903858165	78.89	0.291	d__Bacteria;p__Pseudomonadota;c__Gammaproteobacteria;o__Steroidobacterales;f__Steroidobacteraceae;g__CAIOHZ01;s__	taxonomic classification defined by topology and ANI	classification based on placement in class-level tree	N/A	93.68	11	0.91669	N/A
R22_EKDN230028450-1A_HKTC2DSX7_L3.68	d__Bacteria;p__Cyanobacteriota;c__Cyanobacteriia;o__Cyanobacteriales;f__Coleofasciculaceae;g__CADCTM01;s__	N/A	N/A	N/A	N/A	N/A	GCA_902805485.1	95.0	d__Bacteria;p__Cyanobacteriota;c__Cyanobacteriia;o__Cyanobacteriales;f__Coleofasciculaceae;g__CADCTM01;s__CADCTM01 sp902805485	77.27	0.352	d__Bacteria;p__Cyanobacteriota;c__Cyanobacteriia;o__Cyanobacteriales;f__Coleofasciculaceae;g__CADCTM01;s__	taxonomic classification defined by topology and ANI	classification based on placement in class-level tree	N/A	89.26	11	0.91667	N/A
R22_EKDN230028450-1A_HKTC2DSX7_L3.7	d__Bacteria;p__Pseudomonadota;c__Alphaproteobacteria;o__Rhodobacterales;f__Rhodobacteraceae;g__JAJNPS01;s__	N/A	N/A	N/A	N/A	N/A	GCA_021155205.1	95.0	d__Bacteria;p__Pseudomonadota;c__Alphaproteobacteria;o__Rhodobacterales;f__Rhodobacteraceae;g__JAJNPS01;s__JAJNPS01 sp021155205	84.0	0.768	d__Bacteria;p__Pseudomonadota;c__Alphaproteobacteria;o__Rhodobacterales;f__Rhodobacteraceae;g__JAJNPS01;s__	taxonomic classification defined by topology and ANI	classification based on placement in class-level tree	N/A	83.12	11	0.99112	Genome not assigned to closest species as it falls outside its pre-defined ANI radius
R22_EKDN230028450-1A_HKTC2DSX7_L3.78	d__Bacteria;p__Pseudomonadota;c__Alphaproteobacteria;o__Rhodobacterales;f__Rhodobacteraceae;g__Cypionkella;s__Cypionkella sp013298675	GCA_013298675.1	95.0	d__Bacteria;p__Pseudomonadota;c__Alphaproteobacteria;o__Rhodobacterales;f__Rhodobacteraceae;g__Cypionkella;s__Cypionkella sp013298675	97.96	0.749	N/A	N/A	N/A	N/A	N/A	N/A	ani_screen	classification based on ANI only	N/A	N/A	N/A	N/A	N/A
R22_EKDN230028450-1A_HKTC2DSX7_L3.83	d__Bacteria;p__Pseudomonadota;c__Alphaproteobacteria;o__Rhizobiales;f__Hyphomicrobiaceae;g__JABFRJ01;s__	N/A	N/A	N/A	N/A	N/A	GCA_013141255.1	95.0	d__Bacteria;p__Pseudomonadota;c__Alphaproteobacteria;o__Rhizobiales;f__Hyphomicrobiaceae;g__JABFRJ01;s__JABFRJ01 sp013141255	76.69	0.113	d__Bacteria;p__Pseudomonadota;c__Alphaproteobacteria;o__Rhizobiales;f__Hyphomicrobiaceae;g__JABFRJ01;s__	taxonomic classification defined by topology and ANI	classification based on placement in class-level tree	N/A	90.51	11	0.92028	N/A
R23_EKDN230028451-1A_HKTC2DSX7_L4.13	d__Bacteria;p__Pseudomonadota;c__Alphaproteobacteria;o__Rhodobacterales;f__Rhodobacteraceae;g__JAJNPS01;s__	N/A	N/A	N/A	N/A	N/A	GCA_021155205.1	95.0	d__Bacteria;p__Pseudomonadota;c__Alphaproteobacteria;o__Rhodobacterales;f__Rhodobacteraceae;g__JAJNPS01;s__JAJNPS01 sp021155205	84.1	0.801	d__Bacteria;p__Pseudomonadota;c__Alphaproteobacteria;o__Rhodobacterales;f__Rhodobacteraceae;g__JAJNPS01;s__	taxonomic classification defined by topology and ANI	classification based on placement in class-level tree	N/A	82.14	11	0.99035	Genome not assigned to closest species as it falls outside its pre-defined ANI radius
R23_EKDN230028451-1A_HKTC2DSX7_L4.23	d__Bacteria;p__Cyanobacteriota;c__Cyanobacteriia;o__Cyanobacteriales;f__Microcoleaceae;g__Microcoleus;s__	N/A	N/A	N/A	N/A	N/A	N/A	N/A	N/A	N/A	N/A	d__Bacteria;p__Cyanobacteriota;c__Cyanobacteriia;o__Cyanobacteriales;f__Microcoleaceae;g__Microcoleus;s__	taxonomic classification defined by topology and ANI	classification based on placement in class-level tree	GCA_004292955.1, s__Microcoleus sp004292955, 95.0, 91.71, 0.781; GCA_013299185.1, s__Microcoleus sp013299185, 95.0, 91.71, 0.817; GCA_004293365.1, s__Microcoleus sp004293365, 95.0, 90.79, 0.783; GCA_013299165.1, s__Microcoleus sp013299165, 95.0, 88.59, 0.785; GCF_015207455.1, s__Microcoleus sp015207455, 95.0, 87.44, 0.701; GCA_014695295.1, s__Microcoleus sp014695295, 95.0, 87.36, 0.72; GCF_015207505.1, s__Microcoleus sp015207505, 95.0, 87.25, 0.698; GCF_013179805.1, s__Microcoleus asticus, 95.0, 87.24, 0.704; GCA_003003725.1, s__Microcoleus sp003003725, 95.0, 87.19, 0.648; GCF_015207285.1, s__Microcoleus sp015207285, 95.0, 87.11, 0.681; GCA_014695175.1, s__Microcoleus sp014695175, 95.0, 86.98, 0.659; GCF_000317475.1, s__Microcoleus sp000317475, 95.0, 86.95, 0.765; GCF_022701275.1, s__Microcoleus vaginatus_A, 95.0, 86.89, 0.725; GCF_022701255.1, s__Microcoleus vaginatus_B, 95.0, 86.71, 0.725; GCA_003542015.1, s__Microcoleus sp003542015, 95.0, 83.92, 0.65; GCA_003483675.1, s__Microcoleus sp003483675, 95.0, 83.73, 0.653; GCF_002412335.2, s__Microcoleus bourrellyi, 95.0, 83.61, 0.639; GCA_004294385.1, s__Microcoleus sp004294385, 95.0, 83.49, 0.612; GCF_021648855.1, s__Microcoleus sp021648855, 95.0, 83.16, 0.64; GCA_012035135.1, s__Microcoleus sp012035135, 95.0, 82.95, 0.632; GCA_020882975.1, s__Microcoleus sp020882975, 95.0, 82.87, 0.634; GCA_004292745.1, s__Microcoleus sp004292745, 95.0, 82.83, 0.635; GCA_020883125.1, s__Microcoleus sp020883125, 95.0, 82.8, 0.612; GCA_012034575.1, s__Microcoleus sp012034575, 95.0, 81.03, 0.595	73.17	11	0.99002	Genome not assigned to closest species as it falls outside its pre-defined ANI radius
R23_EKDN230028451-1A_HKTC2DSX7_L4.26	d__Bacteria;p__Pseudomonadota;c__Gammaproteobacteria;o__Burkholderiales;f__Burkholderiaceae_B;g__;s__	N/A	N/A	N/A	N/A	N/A	N/A	N/A	N/A	N/A	N/A	d__Bacteria;p__Pseudomonadota;c__Gammaproteobacteria;o__Burkholderiales;f__Burkholderiaceae_B;g__;s__	taxonomic classification fully defined by topology	classification based on placement in class-level tree	N/A	78.53	11	0.9166	N/A
R23_EKDN230028451-1A_HKTC2DSX7_L4.30	d__Bacteria;p__Pseudomonadota;c__Alphaproteobacteria;o__Rhizobiales;f__Aestuariivirgaceae;g__Aestuariivirga;s__	N/A	N/A	N/A	N/A	N/A	N/A	N/A	N/A	N/A	N/A	d__Bacteria;p__Pseudomonadota;c__Alphaproteobacteria;o__Rhizobiales;f__Aestuariivirgaceae;g__Aestuariivirga;s__	ANI	classification based on placement in class-level tree	GCA_016710435.1, s__Aestuariivirga sp016710435, 95.0, 77.28, 0.205; GCA_022842165.1, s__Aestuariivirga sp022842165, 95.0, 77.09, 0.169; GCA_016792865.1, s__Aestuariivirga sp016792865, 95.0, 77.04, 0.187; GCA_020161855.1, s__Aestuariivirga sp020161855, 95.0, 76.97, 0.168; GCA_945889445.1, s__Aestuariivirga sp945889445, 95.0, 76.91, 0.134; GCA_016792825.1, s__Aestuariivirga sp016792825, 95.0, 76.89, 0.132; GCA_020252395.1, s__Aestuariivirga sp020252395, 95.0, 76.85, 0.126; GCA_012032065.1, s__Aestuariivirga sp012032065, 95.0, 76.81, 0.125; GCF_003234965.1, s__Aestuariivirga litoralis, 95.0, 76.65, 0.171; GCF_015714715.1, s__Aestuariivirga litoralis_A, 95.0, 76.65, 0.167; GCA_014380505.1, s__Aestuariivirga sp014380505, 95.0, 76.63, 0.071; GCA_900298995.1, s__Aestuariivirga sp900298995, 95.0, 76.63, 0.111; GCA_020029455.1, s__Aestuariivirga sp020029455, 95.0, 76.62, 0.161; GCA_902826365.1, s__Aestuariivirga sp902826365, 95.0, 76.61, 0.138; GCA_020252405.1, s__Aestuariivirga sp020252405, 95.0, 76.52, 0.127; GCA_903930095.1, s__Aestuariivirga sp903930095, 95.0, 76.44, 0.112; GCA_020252385.1, s__Aestuariivirga sp020252385, 95.0, 76.4, 0.122; GCA_009885825.1, s__Aestuariivirga sp009885825, 95.0, 76.38, 0.13; GCA_023266715.1, s__Aestuariivirga sp023266715, 95.0, 76.33, 0.124; GCA_016185245.1, s__Aestuariivirga sp016185245, 95.0, 76.23, 0.145; GCA_020441605.1, s__Aestuariivirga sp020441605, 95.0, 75.97, 0.082; GCA_003151375.1, s__Aestuariivirga sp003151375, 95.0, 75.66, 0.048	85.44	11	0.94479	N/A
R23_EKDN230028451-1A_HKTC2DSX7_L4.33	d__Bacteria;p__Cyanobacteriota;c__Cyanobacteriia;o__Cyanobacteriales;f__Coleofasciculaceae;g__CADCTM01;s__	N/A	N/A	N/A	N/A	N/A	GCA_902805485.1	95.0	d__Bacteria;p__Cyanobacteriota;c__Cyanobacteriia;o__Cyanobacteriales;f__Coleofasciculaceae;g__CADCTM01;s__CADCTM01 sp902805485	77.34	0.352	d__Bacteria;p__Cyanobacteriota;c__Cyanobacteriia;o__Cyanobacteriales;f__Coleofasciculaceae;g__CADCTM01;s__	taxonomic classification defined by topology and ANI	classification based on placement in class-level tree	N/A	90.74	11	0.91677	N/A
R23_EKDN230028451-1A_HKTC2DSX7_L4.40	d__Bacteria;p__Cyanobacteriota;c__Cyanobacteriia;o__Cyanobacteriales;f__Microcoleaceae;g__Microcoleus;s__Microcoleus sp004292745	GCA_004292745.1	95.0	d__Bacteria;p__Cyanobacteriota;c__Cyanobacteriia;o__Cyanobacteriales;f__Microcoleaceae;g__Microcoleus;s__Microcoleus sp004292745	95.96	0.865	N/A	N/A	N/A	N/A	N/A	N/A	ani_screen	classification based on ANI only	GCA_020882975.1, s__Microcoleus sp020882975, 95.0, 95.03, 0.813	N/A	N/A	N/A	N/A
R23_EKDN230028451-1A_HKTC2DSX7_L4.42	d__Bacteria;p__Bdellovibrionota;c__Bdellovibrionia;o__Bdellovibrionales;f__JAGQZY01;g__JACKAL01;s__	N/A	N/A	N/A	N/A	N/A	GCA_020635085.1	95.0	d__Bacteria;p__Bdellovibrionota;c__Bdellovibrionia;o__Bdellovibrionales;f__JAGQZY01;g__JACKAL01;s__JACKAL01 sp020635085	76.54	0.06	d__Bacteria;p__Bdellovibrionota;c__Bdellovibrionia;o__Bdellovibrionales;f__JAGQZY01;g__JACKAL01;s__	taxonomic classification defined by topology and ANI	classification based on placement in class-level tree	N/A	74.04	11	0.88914	N/A
R23_EKDN230028451-1A_HKTC2DSX7_L4.51	d__Bacteria;p__Pseudomonadota;c__Gammaproteobacteria;o__Steroidobacterales;f__Steroidobacteraceae;g__CAIOHZ01;s__	N/A	N/A	N/A	N/A	N/A	GCA_903858165.1	95.0	d__Bacteria;p__Pseudomonadota;c__Gammaproteobacteria;o__Steroidobacterales;f__Steroidobacteraceae;g__CAIOHZ01;s__CAIOHZ01 sp903858165	78.69	0.292	d__Bacteria;p__Pseudomonadota;c__Gammaproteobacteria;o__Steroidobacterales;f__Steroidobacteraceae;g__CAIOHZ01;s__	taxonomic classification defined by topology and ANI	classification based on placement in class-level tree	N/A	89.06	11	0.91436	N/A
R23_EKDN230028451-1A_HKTC2DSX7_L4.57	d__Bacteria;p__Pseudomonadota;c__Alphaproteobacteria;o__Rhizobiales;f__Hyphomicrobiaceae;g__JABFRJ01;s__	N/A	N/A	N/A	N/A	N/A	GCA_013141255.1	95.0	d__Bacteria;p__Pseudomonadota;c__Alphaproteobacteria;o__Rhizobiales;f__Hyphomicrobiaceae;g__JABFRJ01;s__JABFRJ01 sp013141255	76.88	0.108	d__Bacteria;p__Pseudomonadota;c__Alphaproteobacteria;o__Rhizobiales;f__Hyphomicrobiaceae;g__JABFRJ01;s__	taxonomic classification defined by topology and ANI	classification based on placement in class-level tree	N/A	94.5	11	0.92084	N/A
R23_EKDN230028451-1A_HKTC2DSX7_L4.58	d__Bacteria;p__Pseudomonadota;c__Alphaproteobacteria;o__Rhizobiales;f__Beijerinckiaceae;g__Rhabdaerophilum;s__	N/A	N/A	N/A	N/A	N/A	N/A	N/A	N/A	N/A	N/A	d__Bacteria;p__Pseudomonadota;c__Alphaproteobacteria;o__Rhizobiales;f__Beijerinckiaceae;g__Rhabdaerophilum;s__	ANI	classification based on placement in class-level tree	GCA_020253445.1, s__Rhabdaerophilum sp020253445, 95.0, 77.6, 0.27; GCA_020252865.1, s__Rhabdaerophilum sp020252865, 95.0, 77.53, 0.227; GCF_008641065.1, s__Rhabdaerophilum calidifontis, 95.0, 77.52, 0.242; GCA_009773635.1, s__Rhabdaerophilum sp009773635, 95.0, 77.52, 0.266; GCA_002928875.1, s__Rhabdaerophilum sp002928875, 95.0, 77.49, 0.27; GCA_017302635.1, s__Rhabdaerophilum sp017302635, 95.0, 77.41, 0.29; GCA_020161575.1, s__Rhabdaerophilum sp020161575, 95.0, 77.4, 0.282; GCA_020252645.1, s__Rhabdaerophilum sp020252645, 95.0, 77.37, 0.307; GCA_009846685.1, s__Rhabdaerophilum sp009846685, 95.0, 77.06, 0.207; GCA_002256205.1, s__Rhabdaerophilum sp002256205, 95.0, 76.92, 0.281; GCA_020161475.1, s__Rhabdaerophilum sp020161475, 95.0, 76.82, 0.181	69.26	11	0.93742	N/A
R23_EKDN230028451-1A_HKTC2DSX7_L4.60	d__Bacteria;p__Bacteroidota;c__Bacteroidia;o__Chitinophagales;f__Chitinophagaceae;g__Ferruginibacter;s__	N/A	N/A	N/A	N/A	N/A	N/A	N/A	N/A	N/A	N/A	d__Bacteria;p__Bacteroidota;c__Bacteroidia;o__Chitinophagales;f__Chitinophagaceae;g__Ferruginibacter;s__	ANI	classification based on placement in class-level tree	GCA_016721725.1, s__Ferruginibacter sp016721725, 95.0, 77.02, 0.036; GCA_013141115.1, s__Ferruginibacter sp013141115, 95.0, 76.74, 0.144; GCA_016722465.1, s__Ferruginibacter sp016722465, 95.0, 76.7, 0.175; GCA_945870835.1, s__Ferruginibacter pinensis_A, 95.0, 76.66, 0.133; GCA_016710595.1, s__Ferruginibacter sp016710595, 95.0, 76.65, 0.095; GCA_903837525.1, s__Ferruginibacter sp903837525, 95.0, 76.63, 0.149; GCF_020783315.1, s__Ferruginibacter lapsinanis, 95.0, 76.53, 0.136; GCF_020042285.1, s__Ferruginibacter sp020042285, 95.0, 76.53, 0.097; GCA_014377975.1, s__Ferruginibacter sp014377975, 95.0, 76.51, 0.143; GCA_016721385.1, s__Ferruginibacter sp016721385, 95.0, 76.5, 0.14; GCA_017983695.1, s__Ferruginibacter sp017983695, 95.0, 76.47, 0.136; GCA_016715365.1, s__Ferruginibacter sp016715365, 95.0, 76.45, 0.117; GCA_013288745.1, s__Ferruginibacter sp013288745, 95.0, 76.42, 0.126; GCA_016713965.1, s__Ferruginibacter sp016713965, 95.0, 76.38, 0.107; GCA_002352045.1, s__Ferruginibacter sp002352045, 95.0, 76.35, 0.117; GCA_014379905.1, s__Ferruginibacter sp014379905, 95.0, 76.31, 0.087; GCA_018268185.1, s__Ferruginibacter sp018268185, 95.0, 76.28, 0.057; GCA_018268135.1, s__Ferruginibacter sp018268135, 95.0, 76.27, 0.125; GCA_016710935.1, s__Ferruginibacter sp016710935, 95.0, 76.27, 0.125; GCA_016786725.1, s__Ferruginibacter sp016786725, 95.0, 76.25, 0.096; GCA_019638575.1, s__Ferruginibacter sp019638575, 95.0, 76.25, 0.105; GCA_001898465.1, s__Ferruginibacter sp001898465, 95.0, 76.24, 0.086; GCA_945865645.1, s__Ferruginibacter pinensis_B, 95.0, 76.23, 0.147; GCA_002336815.1, s__Ferruginibacter sp002336815, 95.0, 76.22, 0.086; GCA_016699815.1, s__Ferruginibacter sp002381005, 95.0, 76.22, 0.109; GCA_018268085.1, s__Ferruginibacter sp018268085, 95.0, 76.19, 0.069; GCA_019638525.1, s__Ferruginibacter sp018268155, 95.0, 76.19, 0.135; GCA_018057635.1, s__Ferruginibacter sp018057635, 95.0, 76.16, 0.081; GCA_014379625.1, s__Ferruginibacter sp014379625, 95.0, 76.15, 0.121; GCA_017988335.1, s__Ferruginibacter sp017988335, 95.0, 76.14, 0.145; GCA_018268175.1, s__Ferruginibacter sp018268175, 95.0, 76.1, 0.071; GCF_024343615.1, s__Ferruginibacter sp024343615, 95.0, 76.09, 0.048; GCA_016710745.1, s__Ferruginibacter sp016710745, 95.0, 76.08, 0.077; GCA_016703625.1, s__Ferruginibacter sp016703625, 95.0, 76.07, 0.086; GCA_002400445.1, s__Ferruginibacter sp002400445, 95.0, 76.05, 0.077; GCA_023433345.1, s__Ferruginibacter sp023433345, 95.0, 76.03, 0.034; GCA_903871575.1, s__Ferruginibacter sp903871575, 95.0, 76.03, 0.092; GCA_014377385.1, s__Ferruginibacter sp014377385, 95.0, 76.03, 0.074; GCA_903878475.1, s__Ferruginibacter sp903878475, 95.0, 76.02, 0.089; GCA_018266775.1, s__Ferruginibacter sp018266775, 95.0, 76.01, 0.09; GCA_013141435.1, s__Ferruginibacter sp013141435, 95.0, 75.99, 0.094; GCA_016720775.1, s__Ferruginibacter sp016720775, 95.0, 75.98, 0.069; GCA_020059395.1, s__Ferruginibacter sp020059395, 95.0, 75.98, 0.095; GCA_024642285.1, s__Ferruginibacter sp024642285, 95.0, 75.97, 0.09; GCA_009885535.1, s__Ferruginibacter sp009885535, 95.0, 75.97, 0.091; GCA_903858475.1, s__Ferruginibacter sp903858475, 95.0, 75.95, 0.092; GCA_945872815.1, s__Ferruginibacter pinensis_C, 95.0, 75.92, 0.073; GCA_002343985.1, s__Ferruginibacter sp002343985, 95.0, 75.91, 0.044; GCA_903831575.1, s__Ferruginibacter sp903831575, 95.0, 75.86, 0.087; GCA_016710165.1, s__Ferruginibacter sp016710165, 95.0, 75.85, 0.056; GCA_019638485.1, s__Ferruginibacter sp019638485, 95.0, 75.83, 0.046; GCA_018266615.1, s__Ferruginibacter sp018266615, 95.0, 75.82, 0.051; GCA_018266715.1, s__Ferruginibacter sp018266715, 95.0, 75.81, 0.101; GCA_019638635.1, s__Ferruginibacter sp019638635, 95.0, 75.81, 0.061; GCA_017303335.1, s__Ferruginibacter sp017303335, 95.0, 75.75, 0.032; GCA_023422565.1, s__Ferruginibacter sp023422565, 95.0, 75.74, 0.045; GCA_018882645.1, s__Ferruginibacter sp018882645, 95.0, 75.74, 0.064; GCA_015655125.1, s__Ferruginibacter sp015655125, 95.0, 75.69, 0.06; GCA_003455235.1, s__Ferruginibacter sp003455235, 95.0, 75.59, 0.046; GCA_023390215.1, s__Ferruginibacter sp023390215, 95.0, 75.54, 0.044; GCA_003534175.1, s__Ferruginibacter sp003534175, 95.0, 75.52, 0.046; GCA_023417815.1, s__Ferruginibacter sp023417815, 95.0, 75.49, 0.035; GCA_013298665.1, s__Ferruginibacter sp013298665, 95.0, 75.47, 0.033	93.72	11	0.94206	N/A
R23_EKDN230028451-1A_HKTC2DSX7_L4.7	d__Bacteria;p__Actinomycetota;c__Actinomycetia;o__Actinomycetales;f__Kineosporiaceae;g__R-H-3;s__	N/A	N/A	N/A	N/A	N/A	N/A	N/A	N/A	N/A	N/A	d__Bacteria;p__Actinomycetota;c__Actinomycetia;o__Actinomycetales;f__Kineosporiaceae;g__R-H-3;s__	taxonomic novelty determined using RED	classification based on placement in class-level tree	N/A	69.97	11	0.93593	N/A
R24_EKDN230028452-1A_HKTTNDSX7_L4.1	d__Bacteria;p__Cyanobacteriota;c__Cyanobacteriia;o__Cyanobacteriales;f__Microcoleaceae;g__Microcoleus;s__	N/A	N/A	N/A	N/A	N/A	N/A	N/A	N/A	N/A	N/A	d__Bacteria;p__Cyanobacteriota;c__Cyanobacteriia;o__Cyanobacteriales;f__Microcoleaceae;g__Microcoleus;s__	taxonomic classification defined by topology and ANI	classification based on placement in class-level tree	GCA_013299185.1, s__Microcoleus sp013299185, 95.0, 92.03, 0.803; GCA_004292955.1, s__Microcoleus sp004292955, 95.0, 91.95, 0.784; GCA_004293365.1, s__Microcoleus sp004293365, 95.0, 91.12, 0.762; GCA_013299165.1, s__Microcoleus sp013299165, 95.0, 88.93, 0.771; GCF_015207455.1, s__Microcoleus sp015207455, 95.0, 87.74, 0.714; GCF_015207505.1, s__Microcoleus sp015207505, 95.0, 87.63, 0.711; GCA_003003725.1, s__Microcoleus sp003003725, 95.0, 87.63, 0.694; GCA_014695295.1, s__Microcoleus sp014695295, 95.0, 87.58, 0.703; GCF_013179805.1, s__Microcoleus asticus, 95.0, 87.45, 0.699; GCF_015207285.1, s__Microcoleus sp015207285, 95.0, 87.38, 0.696; GCF_022701275.1, s__Microcoleus vaginatus_A, 95.0, 87.23, 0.711; GCF_000317475.1, s__Microcoleus sp000317475, 95.0, 87.2, 0.756; GCA_014695175.1, s__Microcoleus sp014695175, 95.0, 87.2, 0.696; GCF_022701255.1, s__Microcoleus vaginatus_B, 95.0, 86.96, 0.715; GCA_003542015.1, s__Microcoleus sp003542015, 95.0, 84.16, 0.736; GCA_003483675.1, s__Microcoleus sp003483675, 95.0, 84.08, 0.698; GCA_004294385.1, s__Microcoleus sp004294385, 95.0, 83.83, 0.682; GCF_002412335.2, s__Microcoleus bourrellyi, 95.0, 83.77, 0.707; GCF_021648855.1, s__Microcoleus sp021648855, 95.0, 83.43, 0.719; GCA_012035135.1, s__Microcoleus sp012035135, 95.0, 83.14, 0.699; GCA_020882975.1, s__Microcoleus sp020882975, 95.0, 83.09, 0.643; GCA_004292745.1, s__Microcoleus sp004292745, 95.0, 82.97, 0.712; GCA_020883125.1, s__Microcoleus sp020883125, 95.0, 82.93, 0.662; GCA_012034575.1, s__Microcoleus sp012034575, 95.0, 81.2, 0.581	89.2	11	0.99011	Genome not assigned to closest species as it falls outside its pre-defined ANI radius
R24_EKDN230028452-1A_HKTTNDSX7_L4.12	d__Bacteria;p__Pseudomonadota;c__Gammaproteobacteria;o__Steroidobacterales;f__Steroidobacteraceae;g__CAIOHZ01;s__	N/A	N/A	N/A	N/A	N/A	GCA_903858165.1	95.0	d__Bacteria;p__Pseudomonadota;c__Gammaproteobacteria;o__Steroidobacterales;f__Steroidobacteraceae;g__CAIOHZ01;s__CAIOHZ01 sp903858165	78.58	0.317	d__Bacteria;p__Pseudomonadota;c__Gammaproteobacteria;o__Steroidobacterales;f__Steroidobacteraceae;g__CAIOHZ01;s__	taxonomic classification defined by topology and ANI	classification based on placement in class-level tree	N/A	83.97	11	0.91566	N/A
R24_EKDN230028452-1A_HKTTNDSX7_L4.13	d__Bacteria;p__Actinomycetota;c__Actinomycetia;o__Actinomycetales;f__Kineosporiaceae;g__R-H-3;s__	N/A	N/A	N/A	N/A	N/A	N/A	N/A	N/A	N/A	N/A	d__Bacteria;p__Actinomycetota;c__Actinomycetia;o__Actinomycetales;f__Kineosporiaceae;g__R-H-3;s__	taxonomic novelty determined using RED	classification based on placement in class-level tree	N/A	84.93	11	0.93209	N/A
R24_EKDN230028452-1A_HKTTNDSX7_L4.14	d__Bacteria;p__Pseudomonadota;c__Alphaproteobacteria;o__Rhodobacterales;f__Rhodobacteraceae;g__Cypionkella;s__Cypionkella sp013298675	GCA_013298675.1	95.0	d__Bacteria;p__Pseudomonadota;c__Alphaproteobacteria;o__Rhodobacterales;f__Rhodobacteraceae;g__Cypionkella;s__Cypionkella sp013298675	97.81	0.761	N/A	N/A	N/A	N/A	N/A	N/A	ani_screen	classification based on ANI only	N/A	N/A	N/A	N/A	N/A
R24_EKDN230028452-1A_HKTTNDSX7_L4.15	d__Bacteria;p__Pseudomonadota;c__Alphaproteobacteria;o__Rhizobiales;f__Aestuariivirgaceae;g__Aestuariivirga;s__	N/A	N/A	N/A	N/A	N/A	N/A	N/A	N/A	N/A	N/A	d__Bacteria;p__Pseudomonadota;c__Alphaproteobacteria;o__Rhizobiales;f__Aestuariivirgaceae;g__Aestuariivirga;s__	ANI	classification based on placement in class-level tree	GCA_016710435.1, s__Aestuariivirga sp016710435, 95.0, 77.13, 0.2; GCA_022842165.1, s__Aestuariivirga sp022842165, 95.0, 77.08, 0.162; GCA_016792865.1, s__Aestuariivirga sp016792865, 95.0, 77.06, 0.178; GCA_020029455.1, s__Aestuariivirga sp020029455, 95.0, 76.8, 0.16; GCA_012032065.1, s__Aestuariivirga sp012032065, 95.0, 76.78, 0.127; GCA_020252395.1, s__Aestuariivirga sp020252395, 95.0, 76.75, 0.13; GCF_015714715.1, s__Aestuariivirga litoralis_A, 95.0, 76.74, 0.157; GCA_020161855.1, s__Aestuariivirga sp020161855, 95.0, 76.7, 0.174; GCA_945889445.1, s__Aestuariivirga sp945889445, 95.0, 76.65, 0.148; GCA_016792825.1, s__Aestuariivirga sp016792825, 95.0, 76.64, 0.121; GCA_020252405.1, s__Aestuariivirga sp020252405, 95.0, 76.55, 0.132; GCF_003234965.1, s__Aestuariivirga litoralis, 95.0, 76.54, 0.17; GCA_902826365.1, s__Aestuariivirga sp902826365, 95.0, 76.54, 0.155; GCA_023266715.1, s__Aestuariivirga sp023266715, 95.0, 76.5, 0.118; GCA_900298995.1, s__Aestuariivirga sp900298995, 95.0, 76.5, 0.12; GCA_009885825.1, s__Aestuariivirga sp009885825, 95.0, 76.48, 0.13; GCA_903930095.1, s__Aestuariivirga sp903930095, 95.0, 76.46, 0.117; GCA_014380505.1, s__Aestuariivirga sp014380505, 95.0, 76.42, 0.074; GCA_016185245.1, s__Aestuariivirga sp016185245, 95.0, 76.41, 0.123; GCA_020252385.1, s__Aestuariivirga sp020252385, 95.0, 76.33, 0.133; GCA_020441605.1, s__Aestuariivirga sp020441605, 95.0, 76.15, 0.075; GCA_003151375.1, s__Aestuariivirga sp003151375, 95.0, 75.62, 0.047	79.64	11	0.9452	N/A
R24_EKDN230028452-1A_HKTTNDSX7_L4.31	d__Bacteria;p__Actinomycetota;c__Thermoleophilia;o__Solirubrobacterales;f__Solirubrobacteraceae;g__JAGIBJ01;s__	N/A	N/A	N/A	N/A	N/A	GCA_017744415.1	95.0	d__Bacteria;p__Actinomycetota;c__Thermoleophilia;o__Solirubrobacterales;f__Solirubrobacteraceae;g__JAGIBJ01;s__JAGIBJ01 sp017744415	81.8	0.589	d__Bacteria;p__Actinomycetota;c__Thermoleophilia;o__Solirubrobacterales;f__Solirubrobacteraceae;g__JAGIBJ01;s__	taxonomic classification defined by topology and ANI	classification based on placement in class-level tree	GCA_023404805.1, s__JAGIBJ01 sp023404805, 95.0, 80.15, 0.459; GCA_023429855.1, s__JAGIBJ01 sp023429855, 95.0, 79.79, 0.467; GCA_016463515.1, s__JAGIBJ01 sp016463515, 95.0, 79.41, 0.381	89.43	11	0.97368	Genome not assigned to closest species as it falls outside its pre-defined ANI radius
R24_EKDN230028452-1A_HKTTNDSX7_L4.35	d__Bacteria;p__Pseudomonadota;c__Alphaproteobacteria;o__Rhodobacterales;f__Rhodobacteraceae;g__JAJNPS01;s__	N/A	N/A	N/A	N/A	N/A	GCA_021155205.1	95.0	d__Bacteria;p__Pseudomonadota;c__Alphaproteobacteria;o__Rhodobacterales;f__Rhodobacteraceae;g__JAJNPS01;s__JAJNPS01 sp021155205	84.01	0.793	d__Bacteria;p__Pseudomonadota;c__Alphaproteobacteria;o__Rhodobacterales;f__Rhodobacteraceae;g__JAJNPS01;s__	taxonomic classification defined by topology and ANI	classification based on placement in class-level tree	N/A	79.66	11	0.99081	Genome not assigned to closest species as it falls outside its pre-defined ANI radius
R24_EKDN230028452-1A_HKTTNDSX7_L4.37	d__Bacteria;p__Pseudomonadota;c__Gammaproteobacteria;o__Steroidobacterales;f__Steroidobacteraceae;g__ZC4RG30;s__	N/A	N/A	N/A	N/A	N/A	GCA_015655465.1	95.0	d__Bacteria;p__Pseudomonadota;c__Gammaproteobacteria;o__Steroidobacterales;f__Steroidobacteraceae;g__ZC4RG30;s__ZC4RG30 sp015655465	79.18	0.388	d__Bacteria;p__Pseudomonadota;c__Gammaproteobacteria;o__Steroidobacterales;f__Steroidobacteraceae;g__ZC4RG30;s__	taxonomic classification defined by topology and ANI	classification based on placement in class-level tree	GCA_016720075.1, s__ZC4RG30 sp016720075, 95.0, 78.98, 0.433; GCA_003242275.1, s__ZC4RG30 sp003242275, 95.0, 78.15, 0.268; GCA_903868595.1, s__ZC4RG30 sp903868595, 95.0, 77.31, 0.214; GCA_903908825.1, s__ZC4RG30 sp903908825, 95.0, 76.94, 0.159	66.28	11	0.96895	N/A
R24_EKDN230028452-1A_HKTTNDSX7_L4.39	d__Bacteria;p__Bdellovibrionota;c__Bdellovibrionia;o__Bdellovibrionales;f__JAGQZY01;g__JACKAL01;s__	N/A	N/A	N/A	N/A	N/A	GCA_020635085.1	95.0	d__Bacteria;p__Bdellovibrionota;c__Bdellovibrionia;o__Bdellovibrionales;f__JAGQZY01;g__JACKAL01;s__JACKAL01 sp020635085	77.11	0.052	d__Bacteria;p__Bdellovibrionota;c__Bdellovibrionia;o__Bdellovibrionales;f__JAGQZY01;g__JACKAL01;s__	taxonomic classification defined by topology and ANI	classification based on placement in class-level tree	N/A	67.07	11	0.88656	N/A
R24_EKDN230028452-1A_HKTTNDSX7_L4.41	d__Bacteria;p__Pseudomonadota;c__Alphaproteobacteria;o__Sphingomonadales;f__Sphingomonadaceae;g__Aquisediminimonas;s__	N/A	N/A	N/A	N/A	N/A	GCA_002478575.1	95.0	d__Bacteria;p__Pseudomonadota;c__Alphaproteobacteria;o__Sphingomonadales;f__Sphingomonadaceae;g__Aquisediminimonas;s__Aquisediminimonas sp002478575	76.5	0.146	d__Bacteria;p__Pseudomonadota;c__Alphaproteobacteria;o__Sphingomonadales;f__Sphingomonadaceae;g__Aquisediminimonas;s__	taxonomic classification defined by topology and ANI	classification based on placement in class-level tree	GCA_016714795.1, s__Aquisediminimonas sp016714795, 95.0, 77.19, 0.173; GCA_009923795.1, s__Aquisediminimonas sp009923795, 95.0, 77.17, 0.113; GCA_903839675.1, s__Aquisediminimonas sp903839675, 95.0, 76.88, 0.14; GCA_005518185.1, s__Aquisediminimonas godavariana, 95.0, 76.84, 0.164; GCA_945860425.1, s__Aquisediminimonas paucimobilis_A, 95.0, 76.75, 0.124; GCA_016704425.1, s__Aquisediminimonas sp016704425, 95.0, 76.73, 0.103; GCA_903958285.1, s__Aquisediminimonas sp903958285, 95.0, 76.69, 0.165; GCF_019443285.1, s__Aquisediminimonas profunda, 95.0, 76.58, 0.105; GCA_024645025.1, s__Aquisediminimonas sp024645025, 95.0, 76.41, 0.109; GCA_009920915.1, s__Aquisediminimonas sp009920915, 95.0, 76.27, 0.117; GCA_018970965.1, s__Aquisediminimonas sp018970965, 95.0, 76.14, 0.109	82.66	11	0.94809	N/A
R24_EKDN230028452-1A_HKTTNDSX7_L4.43	d__Bacteria;p__Cyanobacteriota;c__Cyanobacteriia;o__Cyanobacteriales;f__Microcoleaceae;g__Microcoleus;s__Microcoleus sp004292745	GCA_004292745.1	95.0	d__Bacteria;p__Cyanobacteriota;c__Cyanobacteriia;o__Cyanobacteriales;f__Microcoleaceae;g__Microcoleus;s__Microcoleus sp004292745	96.03	0.847	N/A	N/A	N/A	N/A	N/A	N/A	ani_screen	classification based on ANI only	N/A	N/A	N/A	N/A	N/A
R24_EKDN230028452-1A_HKTTNDSX7_L4.46	d__Bacteria;p__Bacteroidota;c__Bacteroidia;o__Chitinophagales;f__Chitinophagaceae;g__Ferruginibacter;s__	N/A	N/A	N/A	N/A	N/A	N/A	N/A	N/A	N/A	N/A	d__Bacteria;p__Bacteroidota;c__Bacteroidia;o__Chitinophagales;f__Chitinophagaceae;g__Ferruginibacter;s__	ANI	classification based on placement in class-level tree	GCA_016721725.1, s__Ferruginibacter sp016721725, 95.0, 77.03, 0.041; GCA_016722465.1, s__Ferruginibacter sp016722465, 95.0, 76.85, 0.163; GCA_945870835.1, s__Ferruginibacter pinensis_A, 95.0, 76.8, 0.144; GCA_903837525.1, s__Ferruginibacter sp903837525, 95.0, 76.78, 0.158; GCA_016710595.1, s__Ferruginibacter sp016710595, 95.0, 76.77, 0.109; GCA_013141115.1, s__Ferruginibacter sp013141115, 95.0, 76.69, 0.149; GCA_016715365.1, s__Ferruginibacter sp016715365, 95.0, 76.63, 0.125; GCA_014377975.1, s__Ferruginibacter sp014377975, 95.0, 76.59, 0.151; GCA_016713965.1, s__Ferruginibacter sp016713965, 95.0, 76.59, 0.124; GCF_020783315.1, s__Ferruginibacter lapsinanis, 95.0, 76.58, 0.149; GCA_017983695.1, s__Ferruginibacter sp017983695, 95.0, 76.57, 0.144; GCA_016721385.1, s__Ferruginibacter sp016721385, 95.0, 76.48, 0.153; GCF_020042285.1, s__Ferruginibacter sp020042285, 95.0, 76.44, 0.105; GCA_945865645.1, s__Ferruginibacter pinensis_B, 95.0, 76.42, 0.153; GCA_013288745.1, s__Ferruginibacter sp013288745, 95.0, 76.41, 0.141; GCA_001898465.1, s__Ferruginibacter sp001898465, 95.0, 76.4, 0.094; GCA_019638575.1, s__Ferruginibacter sp019638575, 95.0, 76.38, 0.117; GCA_016710935.1, s__Ferruginibacter sp016710935, 95.0, 76.37, 0.131; GCA_903831575.1, s__Ferruginibacter sp903831575, 95.0, 76.37, 0.089; GCA_018268185.1, s__Ferruginibacter sp018268185, 95.0, 76.35, 0.06; GCA_002336815.1, s__Ferruginibacter sp002336815, 95.0, 76.34, 0.095; GCA_014379905.1, s__Ferruginibacter sp014379905, 95.0, 76.31, 0.09; GCA_016786725.1, s__Ferruginibacter sp016786725, 95.0, 76.28, 0.101; GCA_016710745.1, s__Ferruginibacter sp016710745, 95.0, 76.24, 0.083; GCA_017988335.1, s__Ferruginibacter sp017988335, 95.0, 76.22, 0.156; GCA_018057635.1, s__Ferruginibacter sp018057635, 95.0, 76.22, 0.083; GCA_016720775.1, s__Ferruginibacter sp016720775, 95.0, 76.21, 0.079; GCA_019638485.1, s__Ferruginibacter sp019638485, 95.0, 76.21, 0.047; GCA_018268135.1, s__Ferruginibacter sp018268135, 95.0, 76.21, 0.132; GCA_903871575.1, s__Ferruginibacter sp903871575, 95.0, 76.19, 0.098; GCA_019638525.1, s__Ferruginibacter sp018268155, 95.0, 76.18, 0.148; GCA_016703625.1, s__Ferruginibacter sp016703625, 95.0, 76.18, 0.091; GCA_020059395.1, s__Ferruginibacter sp020059395, 95.0, 76.18, 0.098; GCA_016699815.1, s__Ferruginibacter sp002381005, 95.0, 76.16, 0.117; GCA_018268085.1, s__Ferruginibacter sp018268085, 95.0, 76.16, 0.076; GCA_013141435.1, s__Ferruginibacter sp013141435, 95.0, 76.15, 0.102; GCA_014379625.1, s__Ferruginibacter sp014379625, 95.0, 76.13, 0.119; GCA_024642285.1, s__Ferruginibacter sp024642285, 95.0, 76.12, 0.098; GCA_002352045.1, s__Ferruginibacter sp002352045, 95.0, 76.11, 0.126; GCA_002343985.1, s__Ferruginibacter sp002343985, 95.0, 76.1, 0.044; GCA_903878475.1, s__Ferruginibacter sp903878475, 95.0, 76.08, 0.099; GCF_024343615.1, s__Ferruginibacter sp024343615, 95.0, 76.05, 0.052; GCA_018268175.1, s__Ferruginibacter sp018268175, 95.0, 76.03, 0.075; GCA_002400445.1, s__Ferruginibacter sp002400445, 95.0, 76.02, 0.08; GCA_016710165.1, s__Ferruginibacter sp016710165, 95.0, 76.02, 0.061; GCA_014377385.1, s__Ferruginibacter sp014377385, 95.0, 75.99, 0.075; GCA_019638635.1, s__Ferruginibacter sp019638635, 95.0, 75.98, 0.064; GCA_018266775.1, s__Ferruginibacter sp018266775, 95.0, 75.98, 0.086; GCA_903858475.1, s__Ferruginibacter sp903858475, 95.0, 75.97, 0.095; GCA_945872815.1, s__Ferruginibacter pinensis_C, 95.0, 75.91, 0.084; GCA_018266615.1, s__Ferruginibacter sp018266615, 95.0, 75.9, 0.06; GCA_023433345.1, s__Ferruginibacter sp023433345, 95.0, 75.85, 0.037; GCA_003455235.1, s__Ferruginibacter sp003455235, 95.0, 75.83, 0.044; GCA_018266715.1, s__Ferruginibacter sp018266715, 95.0, 75.82, 0.109; GCA_023422565.1, s__Ferruginibacter sp023422565, 95.0, 75.79, 0.05; GCA_023417815.1, s__Ferruginibacter sp023417815, 95.0, 75.78, 0.037; GCA_015655125.1, s__Ferruginibacter sp015655125, 95.0, 75.76, 0.065; GCA_009885535.1, s__Ferruginibacter sp009885535, 95.0, 75.75, 0.096; GCA_017303335.1, s__Ferruginibacter sp017303335, 95.0, 75.67, 0.036; GCA_013298665.1, s__Ferruginibacter sp013298665, 95.0, 75.6, 0.038; GCA_003534175.1, s__Ferruginibacter sp003534175, 95.0, 75.59, 0.042; GCA_023390215.1, s__Ferruginibacter sp023390215, 95.0, 75.37, 0.046; GCA_018882645.1, s__Ferruginibacter sp018882645, 95.0, 75.34, 0.064	96.15	11	0.94249	N/A
R24_EKDN230028452-1A_HKTTNDSX7_L4.47	d__Bacteria;p__Pseudomonadota;c__Alphaproteobacteria;o__Rhizobiales;f__Beijerinckiaceae;g__Rhabdaerophilum;s__	N/A	N/A	N/A	N/A	N/A	N/A	N/A	N/A	N/A	N/A	d__Bacteria;p__Pseudomonadota;c__Alphaproteobacteria;o__Rhizobiales;f__Beijerinckiaceae;g__Rhabdaerophilum;s__	ANI	classification based on placement in class-level tree	GCA_020253445.1, s__Rhabdaerophilum sp020253445, 95.0, 77.69, 0.288; GCA_017302635.1, s__Rhabdaerophilum sp017302635, 95.0, 77.58, 0.293; GCF_008641065.1, s__Rhabdaerophilum calidifontis, 95.0, 77.48, 0.245; GCA_009773635.1, s__Rhabdaerophilum sp009773635, 95.0, 77.47, 0.279; GCA_002928875.1, s__Rhabdaerophilum sp002928875, 95.0, 77.46, 0.27; GCA_020252645.1, s__Rhabdaerophilum sp020252645, 95.0, 77.44, 0.321; GCA_020161575.1, s__Rhabdaerophilum sp020161575, 95.0, 77.43, 0.289; GCA_020252865.1, s__Rhabdaerophilum sp020252865, 95.0, 77.34, 0.246; GCA_002256205.1, s__Rhabdaerophilum sp002256205, 95.0, 77.09, 0.282; GCA_020161475.1, s__Rhabdaerophilum sp020161475, 95.0, 77.01, 0.194; GCA_009846685.1, s__Rhabdaerophilum sp009846685, 95.0, 76.95, 0.212	72.71	11	0.93523	N/A
R24_EKDN230028452-1A_HKTTNDSX7_L4.53	d__Bacteria;p__Cyanobacteriota;c__Cyanobacteriia;o__Cyanobacteriales;f__Coleofasciculaceae;g__CADCTM01;s__	N/A	N/A	N/A	N/A	N/A	GCA_902805485.1	95.0	d__Bacteria;p__Cyanobacteriota;c__Cyanobacteriia;o__Cyanobacteriales;f__Coleofasciculaceae;g__CADCTM01;s__CADCTM01 sp902805485	77.36	0.352	d__Bacteria;p__Cyanobacteriota;c__Cyanobacteriia;o__Cyanobacteriales;f__Coleofasciculaceae;g__CADCTM01;s__	taxonomic classification defined by topology and ANI	classification based on placement in class-level tree	N/A	90.74	11	0.91677	N/A
R24_EKDN230028452-1A_HKTTNDSX7_L4.59	d__Bacteria;p__Actinomycetota;c__Acidimicrobiia;o__Acidimicrobiales;f__Ilumatobacteraceae;g__VFMC01;s__	N/A	N/A	N/A	N/A	N/A	N/A	N/A	N/A	N/A	N/A	d__Bacteria;p__Actinomycetota;c__Acidimicrobiia;o__Acidimicrobiales;f__Ilumatobacteraceae;g__VFMC01;s__	taxonomic classification defined by topology and ANI	classification based on placement in class-level tree	GCA_009704985.1, s__VFMC01 sp009704985, 95.0, 82.2, 0.604; GCA_020637235.1, s__VFMC01 sp020637235, 95.0, 81.47, 0.572; GCA_006515795.1, s__VFMC01 sp006515795, 95.0, 79.34, 0.41	61.59	11	0.91538	Genome not assigned to closest species as it falls outside its pre-defined ANI radius
R2_EKDN230028430-1A_HKTC2DSX7_L3.13	d__Bacteria;p__Pseudomonadota;c__Alphaproteobacteria;o__Sphingomonadales;f__Sphingomonadaceae;g__Aquisediminimonas;s__	N/A	N/A	N/A	N/A	N/A	GCA_002478575.1	95.0	d__Bacteria;p__Pseudomonadota;c__Alphaproteobacteria;o__Sphingomonadales;f__Sphingomonadaceae;g__Aquisediminimonas;s__Aquisediminimonas sp002478575	76.41	0.145	d__Bacteria;p__Pseudomonadota;c__Alphaproteobacteria;o__Sphingomonadales;f__Sphingomonadaceae;g__Aquisediminimonas;s__	taxonomic classification defined by topology and ANI	classification based on placement in class-level tree	GCA_016714795.1, s__Aquisediminimonas sp016714795, 95.0, 77.25, 0.184; GCA_016704425.1, s__Aquisediminimonas sp016704425, 95.0, 76.98, 0.117; GCA_009923795.1, s__Aquisediminimonas sp009923795, 95.0, 76.82, 0.13; GCA_005518185.1, s__Aquisediminimonas godavariana, 95.0, 76.78, 0.165; GCA_903958285.1, s__Aquisediminimonas sp903958285, 95.0, 76.74, 0.162; GCA_903839675.1, s__Aquisediminimonas sp903839675, 95.0, 76.72, 0.154; GCF_019443285.1, s__Aquisediminimonas profunda, 95.0, 76.71, 0.094; GCA_945860425.1, s__Aquisediminimonas paucimobilis_A, 95.0, 76.63, 0.135; GCA_009920915.1, s__Aquisediminimonas sp009920915, 95.0, 76.6, 0.108; GCA_024645025.1, s__Aquisediminimonas sp024645025, 95.0, 76.55, 0.102; GCA_018970965.1, s__Aquisediminimonas sp018970965, 95.0, 76.04, 0.1	86.2	11	0.94853	N/A
R2_EKDN230028430-1A_HKTC2DSX7_L3.14	d__Bacteria;p__Verrucomicrobiota;c__Verrucomicrobiae;o__Verrucomicrobiales;f__V1-33;g__JAGNEJ01;s__	N/A	N/A	N/A	N/A	N/A	GCA_018003315.1	95.0	d__Bacteria;p__Verrucomicrobiota;c__Verrucomicrobiae;o__Verrucomicrobiales;f__V1-33;g__JAGNEJ01;s__JAGNEJ01 sp018003315	75.36	0.043	d__Bacteria;p__Verrucomicrobiota;c__Verrucomicrobiae;o__Verrucomicrobiales;f__V1-33;g__JAGNEJ01;s__	taxonomic classification defined by topology and ANI	classification based on placement in class-level tree	N/A	72.53	11	0.87401	N/A
R2_EKDN230028430-1A_HKTC2DSX7_L3.23	d__Bacteria;p__Pseudomonadota;c__Alphaproteobacteria;o__Rhizobiales;f__Beijerinckiaceae;g__Rhabdaerophilum;s__	N/A	N/A	N/A	N/A	N/A	GCA_009773635.1	95.0	d__Bacteria;p__Pseudomonadota;c__Alphaproteobacteria;o__Rhizobiales;f__Beijerinckiaceae;g__Rhabdaerophilum;s__Rhabdaerophilum sp009773635	82.39	0.716	d__Bacteria;p__Pseudomonadota;c__Alphaproteobacteria;o__Rhizobiales;f__Beijerinckiaceae;g__Rhabdaerophilum;s__	taxonomic classification defined by topology and ANI	classification based on placement in class-level tree	GCA_002256205.1, s__Rhabdaerophilum sp002256205, 95.0, 80.59, 0.73; GCA_009846685.1, s__Rhabdaerophilum sp009846685, 95.0, 79.67, 0.515; GCA_020161575.1, s__Rhabdaerophilum sp020161575, 95.0, 79.35, 0.486; GCF_008641065.1, s__Rhabdaerophilum calidifontis, 95.0, 79.06, 0.506; GCA_020252645.1, s__Rhabdaerophilum sp020252645, 95.0, 78.68, 0.402; GCA_002928875.1, s__Rhabdaerophilum sp002928875, 95.0, 78.68, 0.428; GCA_020161475.1, s__Rhabdaerophilum sp020161475, 95.0, 78.47, 0.319; GCA_020253445.1, s__Rhabdaerophilum sp020253445, 95.0, 78.37, 0.421; GCA_020252865.1, s__Rhabdaerophilum sp020252865, 95.0, 78.24, 0.314; GCA_017302635.1, s__Rhabdaerophilum sp017302635, 95.0, 78.15, 0.378	70.21	11	0.98243	Genome not assigned to closest species as it falls outside its pre-defined ANI radius
R2_EKDN230028430-1A_HKTC2DSX7_L3.55	d__Bacteria;p__Verrucomicrobiota;c__Verrucomicrobiae;o__Verrucomicrobiales;f__V1-33;g__JAGNEJ01;s__	N/A	N/A	N/A	N/A	N/A	GCA_018003315.1	95.0	d__Bacteria;p__Verrucomicrobiota;c__Verrucomicrobiae;o__Verrucomicrobiales;f__V1-33;g__JAGNEJ01;s__JAGNEJ01 sp018003315	75.51	0.038	d__Bacteria;p__Verrucomicrobiota;c__Verrucomicrobiae;o__Verrucomicrobiales;f__V1-33;g__JAGNEJ01;s__	taxonomic classification defined by topology and ANI	classification based on placement in class-level tree	N/A	79.4	11	0.86319	N/A
R2_EKDN230028430-1A_HKTC2DSX7_L3.56	d__Bacteria;p__Pseudomonadota;c__Alphaproteobacteria;o__Rhizobiales;f__Beijerinckiaceae;g__28-YEA-48;s__	N/A	N/A	N/A	N/A	N/A	GCA_945901195.1	95.0	d__Bacteria;p__Pseudomonadota;c__Alphaproteobacteria;o__Rhizobiales;f__Beijerinckiaceae;g__28-YEA-48;s__28-YEA-48 sp945901195	78.14	0.337	d__Bacteria;p__Pseudomonadota;c__Alphaproteobacteria;o__Rhizobiales;f__Beijerinckiaceae;g__28-YEA-48;s__	taxonomic classification defined by topology and ANI	classification based on placement in class-level tree	GCA_903847605.1, s__28-YEA-48 sp903847605, 95.0, 77.98, 0.46; GCA_903851305.1, s__28-YEA-48 sp903851305, 95.0, 77.13, 0.126; GCA_945878875.1, s__28-YEA-48 sp945878875, 95.0, 76.89, 0.147; GCA_903861645.1, s__28-YEA-48 sp903861645, 95.0, 76.79, 0.144; GCF_900104955.1, s__28-YEA-48 sp900104955, 95.0, 76.78, 0.175; GCA_001898965.1, s__28-YEA-48 sp001898965, 95.0, 76.75, 0.177; GCA_903902915.1, s__28-YEA-48 sp903902915, 95.0, 76.64, 0.129; GCA_903918155.1, s__28-YEA-48 sp903918155, 95.0, 76.62, 0.154; GCA_019747375.1, s__28-YEA-48 sp019747375, 95.0, 76.61, 0.112; GCA_903916165.1, s__28-YEA-48 sp903916165, 95.0, 76.6, 0.133; GCA_903897875.1, s__28-YEA-48 sp903897875, 95.0, 76.39, 0.077; GCA_903889985.1, s__28-YEA-48 sp903889985, 95.0, 76.38, 0.11; GCA_903931945.1, s__28-YEA-48 sp903931945, 95.0, 76.26, 0.112; GCA_900299065.1, s__28-YEA-48 sp900299065, 95.0, 76.21, 0.088; GCA_903932565.1, s__28-YEA-48 sp903932565, 95.0, 76.15, 0.077; GCA_903825465.1, s__28-YEA-48 sp903825465, 95.0, 76.15, 0.096; GCA_903885755.1, s__28-YEA-48 sp903885755, 95.0, 76.11, 0.099; GCA_903884435.1, s__28-YEA-48 sp903884435, 95.0, 76.04, 0.113; GCA_903903935.1, s__28-YEA-48 sp903903935, 95.0, 75.86, 0.106	79.09	11	0.97817	N/A
R2_EKDN230028430-1A_HKTC2DSX7_L3.66	d__Bacteria;p__Pseudomonadota;c__Alphaproteobacteria;o__Rhizobiales;f__Aestuariivirgaceae;g__Aestuariivirga;s__	N/A	N/A	N/A	N/A	N/A	GCA_020029455.1	95.0	d__Bacteria;p__Pseudomonadota;c__Alphaproteobacteria;o__Rhizobiales;f__Aestuariivirgaceae;g__Aestuariivirga;s__Aestuariivirga sp020029455	76.19	0.118	d__Bacteria;p__Pseudomonadota;c__Alphaproteobacteria;o__Rhizobiales;f__Aestuariivirgaceae;g__Aestuariivirga;s__	taxonomic classification defined by topology and ANI	classification based on placement in class-level tree	GCA_020161855.1, s__Aestuariivirga sp020161855, 95.0, 76.44, 0.092; GCF_015714715.1, s__Aestuariivirga litoralis_A, 95.0, 76.38, 0.115; GCA_016710435.1, s__Aestuariivirga sp016710435, 95.0, 76.31, 0.133; GCA_023266715.1, s__Aestuariivirga sp023266715, 95.0, 76.29, 0.063; GCA_016792825.1, s__Aestuariivirga sp016792825, 95.0, 76.29, 0.084; GCA_903930095.1, s__Aestuariivirga sp903930095, 95.0, 76.23, 0.055; GCA_016792865.1, s__Aestuariivirga sp016792865, 95.0, 76.21, 0.117; GCA_003151375.1, s__Aestuariivirga sp003151375, 95.0, 76.16, 0.073; GCA_902826365.1, s__Aestuariivirga sp902826365, 95.0, 76.16, 0.093; GCA_020252405.1, s__Aestuariivirga sp020252405, 95.0, 76.08, 0.068; GCA_020252395.1, s__Aestuariivirga sp020252395, 95.0, 75.95, 0.065; GCA_009885825.1, s__Aestuariivirga sp009885825, 95.0, 75.95, 0.09; GCA_020252385.1, s__Aestuariivirga sp020252385, 95.0, 75.92, 0.059; GCA_020441605.1, s__Aestuariivirga sp020441605, 95.0, 75.92, 0.046; GCA_016185245.1, s__Aestuariivirga sp016185245, 95.0, 75.89, 0.054; GCA_012032065.1, s__Aestuariivirga sp012032065, 95.0, 75.89, 0.068; GCF_003234965.1, s__Aestuariivirga litoralis, 95.0, 75.86, 0.074; GCA_022842165.1, s__Aestuariivirga sp022842165, 95.0, 75.71, 0.07; GCA_014380505.1, s__Aestuariivirga sp014380505, 95.0, 75.71, 0.047; GCA_945889445.1, s__Aestuariivirga sp945889445, 95.0, 75.6, 0.073; GCA_900298995.1, s__Aestuariivirga sp900298995, 95.0, 75.58, 0.055	85.06	11	0.96313	N/A
R2_EKDN230028430-1A_HKTC2DSX7_L3.72	d__Bacteria;p__Planctomycetota;c__Planctomycetia;o__Planctomycetales;f__Planctomycetaceae;g__TH-plancto1;s__	N/A	N/A	N/A	N/A	N/A	GCA_003669575.1	95.0	d__Bacteria;p__Planctomycetota;c__Planctomycetia;o__Planctomycetales;f__Planctomycetaceae;g__TH-plancto1;s__TH-plancto1 sp003669575	77.9	0.286	d__Bacteria;p__Planctomycetota;c__Planctomycetia;o__Planctomycetales;f__Planctomycetaceae;g__TH-plancto1;s__	taxonomic classification defined by topology and ANI	classification based on placement in class-level tree	GCA_003671275.1, s__TH-plancto1 sp003671275, 95.0, 78.34, 0.212	76.05	11	0.96538	N/A
R2_EKDN230028430-1A_HKTC2DSX7_L3.74	d__Bacteria;p__Pseudomonadota;c__Alphaproteobacteria;o__Rhodobacterales;f__Rhodobacteraceae;g__Cypionkella;s__Cypionkella sp013298675	GCA_013298675.1	95.0	d__Bacteria;p__Pseudomonadota;c__Alphaproteobacteria;o__Rhodobacterales;f__Rhodobacteraceae;g__Cypionkella;s__Cypionkella sp013298675	97.85	0.667	N/A	N/A	N/A	N/A	N/A	N/A	ani_screen	classification based on ANI only	N/A	N/A	N/A	N/A	N/A
R3_EKDN230028431-1A_HKTC2DSX7_L3.18	d__Bacteria;p__Pseudomonadota;c__Gammaproteobacteria;o__Burkholderiales;f__Burkholderiaceae_B;g__Rhodoferax;s__	N/A	N/A	N/A	N/A	N/A	GCA_018780565.1	95.0	d__Bacteria;p__Pseudomonadota;c__Gammaproteobacteria;o__Burkholderiales;f__Burkholderiaceae_B;g__Rhodoferax;s__Rhodoferax sp018780565	79.92	0.438	d__Bacteria;p__Pseudomonadota;c__Gammaproteobacteria;o__Burkholderiales;f__Burkholderiaceae_B;g__Rhodoferax;s__	taxonomic classification defined by topology and ANI	classification based on placement in class-level tree	GCF_003347515.1, s__Rhodoferax sp003347515, 95.0, 81.03, 0.61; GCA_012927445.1, s__Rhodoferax sp012927445, 95.0, 80.99, 0.508; GCA_002413825.1, s__Rhodoferax sp002413825, 95.0, 80.54, 0.47; GCA_002422455.1, s__Rhodoferax sp002422455, 95.0, 80.28, 0.506; GCA_021731215.1, s__Rhodoferax sp021731215, 95.0, 80.08, 0.429; GCA_903938955.1, s__Rhodoferax sp903938955, 95.0, 79.75, 0.395; GCA_903960915.1, s__Rhodoferax sp903960915, 95.0, 79.58, 0.377; GCF_000013605.1, s__Rhodoferax ferrireducens, 95.0, 79.53, 0.458; GCA_010365055.1, s__Rhodoferax sp010365055, 95.0, 79.48, 0.39; GCA_016708345.1, s__Rhodoferax sp016708345, 95.0, 79.21, 0.378; GCA_903828665.1, s__Rhodoferax sp903828665, 95.0, 79.11, 0.341; GCA_023701345.1, s__Rhodoferax sp023701345, 95.0, 79.08, 0.357; GCA_013791765.1, s__Rhodoferax sp013791765, 95.0, 79.05, 0.39; GCA_903876735.1, s__Rhodoferax sp903876735, 95.0, 79.01, 0.353; GCF_020594515.1, s__Rhodoferax sp020594515, 95.0, 78.98, 0.37; GCA_903914175.1, s__Rhodoferax sp903914175, 95.0, 78.93, 0.325; GCA_014859475.1, s__Rhodoferax sp014859475, 95.0, 78.88, 0.38; GCF_017948265.1, s__Rhodoferax sp017948265, 95.0, 78.87, 0.373; GCA_023700745.1, s__Rhodoferax sp023700745, 95.0, 78.87, 0.354; GCA_023231075.1, s__Rhodoferax sp023231075, 95.0, 78.84, 0.349; GCA_903823025.1, s__Rhodoferax sp903823025, 95.0, 78.81, 0.349; GCA_011391545.1, s__Rhodoferax sp011391545, 95.0, 78.8, 0.365; GCA_016718155.1, s__Rhodoferax sp016718155, 95.0, 78.77, 0.352; GCA_017997975.1, s__Rhodoferax sp017997975, 95.0, 78.77, 0.297; GCA_002083775.1, s__Rhodoferax ferrireducens_A, 95.0, 78.77, 0.358; GCA_011391645.1, s__Rhodoferax sp011391645, 95.0, 78.75, 0.4; GCA_002842265.1, s__Rhodoferax sp002842265, 95.0, 78.75, 0.376; GCA_903920695.1, s__Rhodoferax sp903920695, 95.0, 78.74, 0.346; GCA_903905735.1, s__Rhodoferax sp903905735, 95.0, 78.72, 0.344; GCF_018619435.1, s__Rhodoferax sp018619435, 95.0, 78.7, 0.358; GCA_903840825.1, s__Rhodoferax sp903840825, 95.0, 78.68, 0.401; GCA_021737975.1, s__Rhodoferax sp021737975, 95.0, 78.67, 0.32; GCA_001771065.1, s__Rhodoferax sp001771065, 95.0, 78.64, 0.33; GCF_002017865.1, s__Rhodoferax fermentans, 95.0, 78.64, 0.365; GCA_017880985.1, s__Rhodoferax sp017880985, 95.0, 78.57, 0.366; GCF_013416775.1, s__Rhodoferax sp013416775, 95.0, 78.56, 0.347; GCA_008080595.1, s__Rhodoferax sp008080595, 95.0, 78.54, 0.337; GCF_019973615.1, s__Rhodoferax sp019973615, 95.0, 78.43, 0.334; GCA_007280205.1, s__Rhodoferax sp007280205, 95.0, 78.43, 0.241; GCA_945885775.1, s__Rhodoferax sp945885775, 95.0, 78.4, 0.296; GCA_903886165.1, s__Rhodoferax sp903886165, 95.0, 78.4, 0.336; GCA_014190675.1, s__Rhodoferax sp014190675, 95.0, 78.38, 0.282; GCA_009693325.1, s__Rhodoferax sp009693325, 95.0, 78.37, 0.309; GCA_002789915.1, s__Rhodoferax sp002789915, 95.0, 78.34, 0.361; GCA_903839085.1, s__Rhodoferax sp903839085, 95.0, 78.33, 0.319; GCA_903896425.1, s__Rhodoferax sp903896425, 95.0, 78.31, 0.309; GCF_001938565.1, s__Rhodoferax antarcticus, 95.0, 78.29, 0.3; GCA_903897005.1, s__Rhodoferax sp903897005, 95.0, 78.25, 0.27; GCA_001871515.1, s__Rhodoferax sp001871515, 95.0, 78.24, 0.338; GCA_002786915.1, s__Rhodoferax sp002786915, 95.0, 78.23, 0.298; GCA_903948045.1, s__Rhodoferax sp903948045, 95.0, 78.22, 0.265; GCA_016718405.1, s__Rhodoferax sp016718405, 95.0, 78.21, 0.316; GCA_903873485.1, s__Rhodoferax sp903873485, 95.0, 78.16, 0.285; GCA_945861195.1, s__Rhodoferax sp945861195, 95.0, 78.16, 0.3; GCA_002784245.1, s__Rhodoferax sp002784245, 95.0, 78.13, 0.39; GCA_903894475.1, s__Rhodoferax sp903894475, 95.0, 78.13, 0.251; GCA_003133245.1, s__Rhodoferax sp003133245, 95.0, 78.13, 0.308; GCA_016719055.1, s__Rhodoferax sp016719055, 95.0, 78.07, 0.308; GCA_009922295.1, s__Rhodoferax sp009922295, 95.0, 78.0, 0.318; GCA_020048255.1, s__Rhodoferax sp020048255, 95.0, 77.99, 0.286; GCA_018882485.1, s__Rhodoferax sp018882485, 95.0, 77.87, 0.269; GCA_903906695.1, s__Rhodoferax sp903906695, 95.0, 77.84, 0.261; GCA_020048795.1, s__Rhodoferax sp020048795, 95.0, 77.79, 0.264; GCA_018063565.1, s__Rhodoferax sp018063565, 95.0, 77.7, 0.25; GCA_903925725.1, s__Rhodoferax sp903925725, 95.0, 77.69, 0.213; GCA_903856025.1, s__Rhodoferax sp903856025, 95.0, 77.67, 0.27; GCA_018061265.1, s__Rhodoferax sp018061265, 95.0, 77.66, 0.226; GCA_002381045.1, s__Rhodoferax sp002381045, 95.0, 77.65, 0.224; GCA_903927295.1, s__Rhodoferax sp903927295, 95.0, 77.64, 0.234; GCA_020048295.1, s__Rhodoferax sp020048295, 95.0, 77.62, 0.301; GCA_903875275.1, s__Rhodoferax sp903875275, 95.0, 77.5, 0.242; GCA_021812315.1, s__Rhodoferax sp021812315, 95.0, 77.48, 0.245; GCA_903930255.1, s__Rhodoferax sp903930255, 95.0, 77.0, 0.187; GCA_903927495.1, s__Rhodoferax sp903927495, 95.0, 76.86, 0.139; GCA_903929815.1, s__Rhodoferax sp903929815, 95.0, 76.5, 0.1; GCA_903822205.1, s__Rhodoferax sp903822205, 95.0, 76.17, 0.105; GCA_903920405.1, s__Rhodoferax sp903920405, 95.0, 76.15, 0.104	70.57	11	0.97481	Genome not assigned to closest species as it falls outside its pre-defined ANI radius;Genome has more than 12.5% of markers with multiple hits
R3_EKDN230028431-1A_HKTC2DSX7_L3.25	d__Bacteria;p__Pseudomonadota;c__Gammaproteobacteria;o__Burkholderiales;f__Methylophilaceae;g__GCA-2401735;s__	N/A	N/A	N/A	N/A	N/A	N/A	N/A	N/A	N/A	N/A	d__Bacteria;p__Pseudomonadota;c__Gammaproteobacteria;o__Burkholderiales;f__Methylophilaceae;g__GCA-2401735;s__	taxonomic novelty determined using RED	classification based on placement in class-level tree	N/A	83.46	11	0.93105	N/A
R3_EKDN230028431-1A_HKTC2DSX7_L3.26	d__Bacteria;p__Pseudomonadota;c__Alphaproteobacteria;o__Rhizobiales;f__Beijerinckiaceae;g__28-YEA-48;s__	N/A	N/A	N/A	N/A	N/A	GCA_945901195.1	95.0	d__Bacteria;p__Pseudomonadota;c__Alphaproteobacteria;o__Rhizobiales;f__Beijerinckiaceae;g__28-YEA-48;s__28-YEA-48 sp945901195	78.02	0.339	d__Bacteria;p__Pseudomonadota;c__Alphaproteobacteria;o__Rhizobiales;f__Beijerinckiaceae;g__28-YEA-48;s__	taxonomic classification defined by topology and ANI	classification based on placement in class-level tree	GCA_903847605.1, s__28-YEA-48 sp903847605, 95.0, 78.07, 0.451; GCA_903851305.1, s__28-YEA-48 sp903851305, 95.0, 77.09, 0.133; GCA_903861645.1, s__28-YEA-48 sp903861645, 95.0, 76.92, 0.13; GCA_001898965.1, s__28-YEA-48 sp001898965, 95.0, 76.83, 0.169; GCF_900104955.1, s__28-YEA-48 sp900104955, 95.0, 76.76, 0.172; GCA_945878875.1, s__28-YEA-48 sp945878875, 95.0, 76.75, 0.165; GCA_019747375.1, s__28-YEA-48 sp019747375, 95.0, 76.67, 0.109; GCA_903916165.1, s__28-YEA-48 sp903916165, 95.0, 76.62, 0.14; GCA_903918155.1, s__28-YEA-48 sp903918155, 95.0, 76.5, 0.165; GCA_903889985.1, s__28-YEA-48 sp903889985, 95.0, 76.46, 0.112; GCA_903902915.1, s__28-YEA-48 sp903902915, 95.0, 76.39, 0.136; GCA_903885755.1, s__28-YEA-48 sp903885755, 95.0, 76.36, 0.094; GCA_903825465.1, s__28-YEA-48 sp903825465, 95.0, 76.33, 0.091; GCA_903931945.1, s__28-YEA-48 sp903931945, 95.0, 76.29, 0.106; GCA_900299065.1, s__28-YEA-48 sp900299065, 95.0, 76.27, 0.097; GCA_903884435.1, s__28-YEA-48 sp903884435, 95.0, 76.18, 0.098; GCA_903897875.1, s__28-YEA-48 sp903897875, 95.0, 76.02, 0.081; GCA_903932565.1, s__28-YEA-48 sp903932565, 95.0, 75.95, 0.079; GCA_903903935.1, s__28-YEA-48 sp903903935, 95.0, 75.88, 0.119	84.05	11	0.97794	N/A
R3_EKDN230028431-1A_HKTC2DSX7_L3.27	d__Bacteria;p__Planctomycetota;c__Planctomycetia;o__Planctomycetales;f__Planctomycetaceae;g__TH-plancto1;s__	N/A	N/A	N/A	N/A	N/A	GCA_003669575.1	95.0	d__Bacteria;p__Planctomycetota;c__Planctomycetia;o__Planctomycetales;f__Planctomycetaceae;g__TH-plancto1;s__TH-plancto1 sp003669575	77.85	0.297	d__Bacteria;p__Planctomycetota;c__Planctomycetia;o__Planctomycetales;f__Planctomycetaceae;g__TH-plancto1;s__	taxonomic classification defined by topology and ANI	classification based on placement in class-level tree	GCA_003671275.1, s__TH-plancto1 sp003671275, 95.0, 78.45, 0.226	84.41	11	0.96444	N/A
R3_EKDN230028431-1A_HKTC2DSX7_L3.33	d__Bacteria;p__Pseudomonadota;c__Alphaproteobacteria;o__Sphingomonadales;f__Sphingomonadaceae;g__Sphingorhabdus_B;s__	N/A	N/A	N/A	N/A	N/A	GCA_013297725.1	95.0	d__Bacteria;p__Pseudomonadota;c__Alphaproteobacteria;o__Sphingomonadales;f__Sphingomonadaceae;g__Sphingorhabdus_B;s__Sphingorhabdus_B sp013297725	79.01	0.429	d__Bacteria;p__Pseudomonadota;c__Alphaproteobacteria;o__Sphingomonadales;f__Sphingomonadaceae;g__Sphingorhabdus_B;s__	taxonomic classification defined by topology and ANI	classification based on placement in class-level tree	GCA_016721875.1, s__Sphingorhabdus_B sp016721875, 95.0, 77.91, 0.335; GCA_017987825.1, s__Sphingorhabdus_B sp017987825, 95.0, 77.77, 0.247; GCF_003367235.1, s__Sphingorhabdus_B pulchriflava, 95.0, 77.77, 0.292; GCA_016720115.1, s__Sphingorhabdus_B sp016720115, 95.0, 77.69, 0.317; GCA_016707885.1, s__Sphingorhabdus_B sp016707885, 95.0, 77.65, 0.293; GCA_020847445.1, s__Sphingorhabdus_B sp020847445, 95.0, 77.6, 0.321; GCA_002255985.1, s__Sphingorhabdus_B sp002255985, 95.0, 77.56, 0.188; GCA_001464315.1, s__Sphingorhabdus_B sp001464315, 95.0, 77.37, 0.183; GCA_016462305.1, s__Sphingorhabdus_B sp016462305, 95.0, 77.24, 0.145; GCA_023910635.1, s__Sphingorhabdus_B sp023910635, 95.0, 77.17, 0.166; GCA_945862485.1, s__Sphingorhabdus_B sp945862485, 95.0, 77.16, 0.173; GCA_016742125.1, s__Sphingorhabdus_B sp016742125, 95.0, 77.14, 0.196; GCA_002282385.1, s__Sphingorhabdus_B sp002282385, 95.0, 77.13, 0.166; GCF_009768975.1, s__Sphingorhabdus_B lacus, 95.0, 77.12, 0.219; GCF_009769755.1, s__Sphingorhabdus_B profundilacus, 95.0, 77.07, 0.225; GCA_945882965.1, s__Sphingorhabdus_B sp945882965, 95.0, 77.06, 0.18; GCA_021298455.1, s__Sphingorhabdus_B sp021298455, 95.0, 77.06, 0.227; GCF_003933235.1, s__Sphingorhabdus_B wooponensis, 95.0, 77.02, 0.145; GCA_023262005.1, s__Sphingorhabdus_B sp023262005, 95.0, 77.0, 0.231; GCA_002299195.1, s__Sphingorhabdus_B sp002299195, 95.0, 76.98, 0.172; GCA_002479765.1, s__Sphingorhabdus_B sp002479765, 95.0, 76.98, 0.171; GCA_013823985.1, s__Sphingorhabdus_B sp013823985, 95.0, 76.98, 0.222; GCF_007280415.1, s__Sphingorhabdus_B contaminans, 95.0, 76.95, 0.214; GCF_014196595.1, s__Sphingorhabdus_B rigui, 95.0, 76.89, 0.169; GCA_021300355.1, s__Sphingorhabdus_B sp021300355, 95.0, 76.81, 0.165; GCA_021741065.1, s__Sphingorhabdus_B sp021741065, 95.0, 76.77, 0.136; GCA_002278855.1, s__Sphingorhabdus_B sp002278855, 95.0, 76.72, 0.144; GCA_012032285.1, s__Sphingorhabdus_B sp012032285, 95.0, 76.71, 0.171; GCA_002299895.1, s__Sphingorhabdus_B sp002299895, 95.0, 76.63, 0.155; GCA_021732525.1, s__Sphingorhabdus_B sp021732525, 95.0, 76.61, 0.197; GCA_903821685.1, s__Sphingorhabdus_B sp903821685, 95.0, 76.61, 0.131; GCA_903868245.1, s__Sphingorhabdus_B sp903868245, 95.0, 76.61, 0.185; GCF_001889025.1, s__Sphingorhabdus_B lutea, 95.0, 75.47, 0.059	68.1	11	0.98501	N/A
R3_EKDN230028431-1A_HKTC2DSX7_L3.4	d__Bacteria;p__Pseudomonadota;c__Alphaproteobacteria;o__Rhizobiales;f__Beijerinckiaceae;g__Rhabdaerophilum;s__	N/A	N/A	N/A	N/A	N/A	GCA_009773635.1	95.0	d__Bacteria;p__Pseudomonadota;c__Alphaproteobacteria;o__Rhizobiales;f__Beijerinckiaceae;g__Rhabdaerophilum;s__Rhabdaerophilum sp009773635	82.6	0.685	d__Bacteria;p__Pseudomonadota;c__Alphaproteobacteria;o__Rhizobiales;f__Beijerinckiaceae;g__Rhabdaerophilum;s__	taxonomic classification defined by topology and ANI	classification based on placement in class-level tree	GCA_002256205.1, s__Rhabdaerophilum sp002256205, 95.0, 80.69, 0.681; GCA_009846685.1, s__Rhabdaerophilum sp009846685, 95.0, 79.46, 0.52; GCA_020161575.1, s__Rhabdaerophilum sp020161575, 95.0, 79.19, 0.477; GCF_008641065.1, s__Rhabdaerophilum calidifontis, 95.0, 79.01, 0.518; GCA_020161475.1, s__Rhabdaerophilum sp020161475, 95.0, 78.58, 0.322; GCA_002928875.1, s__Rhabdaerophilum sp002928875, 95.0, 78.48, 0.4; GCA_020252645.1, s__Rhabdaerophilum sp020252645, 95.0, 78.38, 0.403; GCA_020253445.1, s__Rhabdaerophilum sp020253445, 95.0, 78.24, 0.425; GCA_020252865.1, s__Rhabdaerophilum sp020252865, 95.0, 78.13, 0.359; GCA_017302635.1, s__Rhabdaerophilum sp017302635, 95.0, 77.96, 0.376	72.93	11	0.98267	Genome not assigned to closest species as it falls outside its pre-defined ANI radius
R3_EKDN230028431-1A_HKTC2DSX7_L3.40	d__Bacteria;p__Bacteroidota;c__Bacteroidia;o__Flavobacteriales;f__Flavobacteriaceae;g__Imtechella;s__Imtechella halotolerans	GCF_000260835.1	95.0	d__Bacteria;p__Bacteroidota;c__Bacteroidia;o__Flavobacteriales;f__Flavobacteriaceae;g__Imtechella;s__Imtechella halotolerans	99.99	0.987	N/A	N/A	N/A	N/A	N/A	N/A	ani_screen	classification based on ANI only	N/A	N/A	N/A	N/A	N/A
R3_EKDN230028431-1A_HKTC2DSX7_L3.44	d__Bacteria;p__Pseudomonadota;c__Alphaproteobacteria;o__Sphingomonadales;f__Sphingomonadaceae;g__Aquisediminimonas;s__	N/A	N/A	N/A	N/A	N/A	GCA_002478575.1	95.0	d__Bacteria;p__Pseudomonadota;c__Alphaproteobacteria;o__Sphingomonadales;f__Sphingomonadaceae;g__Aquisediminimonas;s__Aquisediminimonas sp002478575	76.7	0.131	d__Bacteria;p__Pseudomonadota;c__Alphaproteobacteria;o__Sphingomonadales;f__Sphingomonadaceae;g__Aquisediminimonas;s__	taxonomic classification defined by topology and ANI	classification based on placement in class-level tree	GCA_016714795.1, s__Aquisediminimonas sp016714795, 95.0, 77.91, 0.217; GCA_009923795.1, s__Aquisediminimonas sp009923795, 95.0, 77.19, 0.137; GCF_019443285.1, s__Aquisediminimonas profunda, 95.0, 77.02, 0.117; GCA_903958285.1, s__Aquisediminimonas sp903958285, 95.0, 76.98, 0.156; GCA_016704425.1, s__Aquisediminimonas sp016704425, 95.0, 76.88, 0.129; GCA_903839675.1, s__Aquisediminimonas sp903839675, 95.0, 76.85, 0.167; GCA_005518185.1, s__Aquisediminimonas godavariana, 95.0, 76.77, 0.195; GCA_945860425.1, s__Aquisediminimonas paucimobilis_A, 95.0, 76.75, 0.154; GCA_009920915.1, s__Aquisediminimonas sp009920915, 95.0, 76.49, 0.134; GCA_024645025.1, s__Aquisediminimonas sp024645025, 95.0, 76.4, 0.165; GCA_018970965.1, s__Aquisediminimonas sp018970965, 95.0, 76.1, 0.1	85.68	11	0.94761	N/A
R3_EKDN230028431-1A_HKTC2DSX7_L3.55	d__Bacteria;p__Pseudomonadota;c__Alphaproteobacteria;o__Sphingomonadales;f__Sphingomonadaceae;g__Aquisediminimonas;s__	N/A	N/A	N/A	N/A	N/A	GCA_002478575.1	95.0	d__Bacteria;p__Pseudomonadota;c__Alphaproteobacteria;o__Sphingomonadales;f__Sphingomonadaceae;g__Aquisediminimonas;s__Aquisediminimonas sp002478575	76.64	0.143	d__Bacteria;p__Pseudomonadota;c__Alphaproteobacteria;o__Sphingomonadales;f__Sphingomonadaceae;g__Aquisediminimonas;s__	taxonomic classification defined by topology and ANI	classification based on placement in class-level tree	GCA_009923795.1, s__Aquisediminimonas sp009923795, 95.0, 77.36, 0.118; GCA_016714795.1, s__Aquisediminimonas sp016714795, 95.0, 77.17, 0.19; GCA_945860425.1, s__Aquisediminimonas paucimobilis_A, 95.0, 77.04, 0.135; GCA_005518185.1, s__Aquisediminimonas godavariana, 95.0, 76.98, 0.159; GCA_903839675.1, s__Aquisediminimonas sp903839675, 95.0, 76.98, 0.142; GCA_016704425.1, s__Aquisediminimonas sp016704425, 95.0, 76.96, 0.108; GCA_903958285.1, s__Aquisediminimonas sp903958285, 95.0, 76.88, 0.162; GCF_019443285.1, s__Aquisediminimonas profunda, 95.0, 76.62, 0.096; GCA_024645025.1, s__Aquisediminimonas sp024645025, 95.0, 76.57, 0.114; GCA_009920915.1, s__Aquisediminimonas sp009920915, 95.0, 76.39, 0.127; GCA_018970965.1, s__Aquisediminimonas sp018970965, 95.0, 76.17, 0.098	88.0	11	0.9481	N/A
R3_EKDN230028431-1A_HKTC2DSX7_L3.6	d__Bacteria;p__Bacillota;c__Bacilli;o__Bacillales_D;f__Alkalibacillaceae;g__Allobacillus;s__Allobacillus halotolerans	GCF_018967645.1	95.0	d__Bacteria;p__Bacillota;c__Bacilli;o__Bacillales_D;f__Alkalibacillaceae;g__Allobacillus;s__Allobacillus halotolerans	99.99	0.98	N/A	N/A	N/A	N/A	N/A	N/A	ani_screen	classification based on ANI only	N/A	N/A	N/A	N/A	N/A
R3_EKDN230028431-1A_HKTC2DSX7_L3.72	d__Bacteria;p__Pseudomonadota;c__Alphaproteobacteria;o__Rhizobiales;f__Aestuariivirgaceae;g__Aestuariivirga;s__	N/A	N/A	N/A	N/A	N/A	GCA_020029455.1	95.0	d__Bacteria;p__Pseudomonadota;c__Alphaproteobacteria;o__Rhizobiales;f__Aestuariivirgaceae;g__Aestuariivirga;s__Aestuariivirga sp020029455	76.14	0.114	d__Bacteria;p__Pseudomonadota;c__Alphaproteobacteria;o__Rhizobiales;f__Aestuariivirgaceae;g__Aestuariivirga;s__	taxonomic classification defined by topology and ANI	classification based on placement in class-level tree	GCF_015714715.1, s__Aestuariivirga litoralis_A, 95.0, 76.53, 0.108; GCA_016792865.1, s__Aestuariivirga sp016792865, 95.0, 76.48, 0.118; GCA_020161855.1, s__Aestuariivirga sp020161855, 95.0, 76.45, 0.095; GCA_016792825.1, s__Aestuariivirga sp016792825, 95.0, 76.42, 0.077; GCA_016710435.1, s__Aestuariivirga sp016710435, 95.0, 76.34, 0.135; GCA_902826365.1, s__Aestuariivirga sp902826365, 95.0, 76.3, 0.089; GCA_009885825.1, s__Aestuariivirga sp009885825, 95.0, 76.24, 0.082; GCA_020252405.1, s__Aestuariivirga sp020252405, 95.0, 76.22, 0.061; GCA_003151375.1, s__Aestuariivirga sp003151375, 95.0, 76.15, 0.068; GCA_020252385.1, s__Aestuariivirga sp020252385, 95.0, 76.1, 0.058; GCA_012032065.1, s__Aestuariivirga sp012032065, 95.0, 76.03, 0.068; GCA_903930095.1, s__Aestuariivirga sp903930095, 95.0, 75.97, 0.055; GCA_020441605.1, s__Aestuariivirga sp020441605, 95.0, 75.93, 0.047; GCA_023266715.1, s__Aestuariivirga sp023266715, 95.0, 75.93, 0.061; GCF_003234965.1, s__Aestuariivirga litoralis, 95.0, 75.88, 0.081; GCA_020252395.1, s__Aestuariivirga sp020252395, 95.0, 75.87, 0.073; GCA_945889445.1, s__Aestuariivirga sp945889445, 95.0, 75.83, 0.073; GCA_016185245.1, s__Aestuariivirga sp016185245, 95.0, 75.83, 0.053; GCA_022842165.1, s__Aestuariivirga sp022842165, 95.0, 75.82, 0.069; GCA_014380505.1, s__Aestuariivirga sp014380505, 95.0, 75.76, 0.044; GCA_900298995.1, s__Aestuariivirga sp900298995, 95.0, 75.72, 0.054	82.32	11	0.96393	N/A
R3_EKDN230028431-1A_HKTC2DSX7_L3.73	d__Bacteria;p__Pseudomonadota;c__Gammaproteobacteria;o__Burkholderiales;f__Burkholderiaceae_B;g__Aquabacterium;s__	N/A	N/A	N/A	N/A	N/A	GCA_021768455.1	95.0	d__Bacteria;p__Pseudomonadota;c__Gammaproteobacteria;o__Burkholderiales;f__Burkholderiaceae_B;g__Aquabacterium;s__Aquabacterium sp021768455	81.28	0.588	d__Bacteria;p__Pseudomonadota;c__Gammaproteobacteria;o__Burkholderiales;f__Burkholderiaceae_B;g__Aquabacterium;s__	taxonomic classification defined by topology and ANI	classification based on placement in class-level tree	GCA_023266355.1, s__Aquabacterium sp903894125, 95.6, 81.6, 0.609; GCA_016195855.1, s__Aquabacterium sp016195855, 95.0, 81.54, 0.639; GCF_000768065.1, s__Aquabacterium sp000768065, 95.0, 81.33, 0.664; GCF_004362855.1, s__Aquabacterium commune, 95.0, 81.2, 0.641; GCA_022566735.1, s__Aquabacterium sp022566735, 95.0, 81.2, 0.569; GCA_005502875.1, s__Aquabacterium sp005502875, 95.0, 81.12, 0.588; GCA_001770725.1, s__Aquabacterium sp001770725, 95.0, 81.07, 0.599; GCA_016000265.1, s__Aquabacterium sp016000265, 95.0, 80.86, 0.576; GCA_004297345.1, s__Aquabacterium sp004297345, 95.0, 80.84, 0.538; GCA_017989885.1, s__Aquabacterium sp017989885, 95.0, 80.8, 0.366; GCA_001770775.1, s__Aquabacterium sp001770775, 95.0, 80.79, 0.513; GCA_016185075.1, s__Aquabacterium sp016185075, 95.0, 80.75, 0.513; GCF_001447195.1, s__Aquabacterium parvum, 95.0, 80.75, 0.597; GCA_016234775.1, s__Aquabacterium sp016234775, 95.0, 80.73, 0.565; GCA_003963115.1, s__Aquabacterium sp003963115, 95.0, 80.64, 0.645; GCA_903871865.1, s__Aquabacterium sp903871865, 95.6, 80.49, 0.422; GCA_021819435.1, s__Aquabacterium sp021819435, 95.0, 80.42, 0.567; GCA_017994835.1, s__Aquabacterium sp017994835, 95.0, 80.4, 0.424; GCF_003100395.1, s__Aquabacterium olei, 95.0, 80.35, 0.557; GCF_004310865.1, s__Aquabacterium lacunae, 95.0, 80.3, 0.54; GCF_918741295.1, s__Aquabacterium sp918741295, 95.0, 80.11, 0.563; GCA_019112875.1, s__Aquabacterium excrementipullorum, 95.0, 80.04, 0.544; GCA_913773725.1, s__Aquabacterium sp913773725, 95.0, 79.96, 0.525; GCA_013822685.1, s__Aquabacterium sp013822685, 95.0, 79.94, 0.542; GCF_003933735.1, s__Aquabacterium soli, 95.0, 79.91, 0.584; GCA_002339015.1, s__Aquabacterium sp002339015, 95.0, 79.91, 0.481; GCF_009909205.1, s__Aquabacterium fontiphilum, 95.0, 79.86, 0.489; GCA_014378415.1, s__Aquabacterium sp014378415, 95.0, 79.83, 0.502; GCA_943908475.1, s__Aquabacterium sp943908475, 95.0, 79.75, 0.485; GCA_016219375.1, s__Aquabacterium sp016219375, 95.0, 78.32, 0.374; GCA_004322345.1, s__Aquabacterium sp004322345, 95.0, 78.07, 0.347	62.34	11	0.98012	Genome has more than 10.0% of markers with multiple hits;Genome not assigned to closest species as it falls outside its pre-defined ANI radius
R3_EKDN230028431-1A_HKTC2DSX7_L3.8	d__Bacteria;p__Verrucomicrobiota;c__Verrucomicrobiae;o__Verrucomicrobiales;f__V1-33;g__JAGNEJ01;s__	N/A	N/A	N/A	N/A	N/A	GCA_018003315.1	95.0	d__Bacteria;p__Verrucomicrobiota;c__Verrucomicrobiae;o__Verrucomicrobiales;f__V1-33;g__JAGNEJ01;s__JAGNEJ01 sp018003315	75.46	0.04	d__Bacteria;p__Verrucomicrobiota;c__Verrucomicrobiae;o__Verrucomicrobiales;f__V1-33;g__JAGNEJ01;s__	taxonomic classification defined by topology and ANI	classification based on placement in class-level tree	N/A	76.94	11	0.8714	N/A
R3_EKDN230028431-1A_HKTC2DSX7_L3.9	d__Bacteria;p__Pseudomonadota;c__Alphaproteobacteria;o__Sphingomonadales;f__Sphingomonadaceae;g__Novosphingobium;s__	N/A	N/A	N/A	N/A	N/A	N/A	N/A	N/A	N/A	N/A	d__Bacteria;p__Pseudomonadota;c__Alphaproteobacteria;o__Sphingomonadales;f__Sphingomonadaceae;g__Novosphingobium;s__	taxonomic classification defined by topology and ANI	classification based on placement in class-level tree	GCA_019748365.1, s__Novosphingobium sp019748365, 95.0, 85.65, 0.764; GCF_007991615.1, s__Novosphingobium sediminis, 95.0, 85.35, 0.809; GCF_900117425.1, s__Novosphingobium sp900117425, 95.0, 85.3, 0.825; GCF_001519075.1, s__Novosphingobium fuchskuhlense, 95.0, 85.25, 0.797; GCA_903834285.1, s__Novosphingobium sp903834285, 95.0, 84.94, 0.703; GCA_903828025.1, s__Novosphingobium sp903828025, 95.0, 83.13, 0.572; GCF_020179425.1, s__Novosphingobium percolationis, 95.0, 80.46, 0.551; GCF_001014975.1, s__Novosphingobium sp002336885, 95.0, 80.41, 0.529; GCF_020179475.1, s__Novosphingobium huizhouense, 95.0, 80.35, 0.51; GCF_012927405.1, s__Novosphingobium olei, 95.0, 80.3, 0.496; GCF_015694345.1, s__Novosphingobium jiangmenense, 95.0, 80.29, 0.525; GCF_005145025.1, s__Novosphingobium sp005145025, 95.0, 80.19, 0.522; GCA_001725355.1, s__Novosphingobium sp001725355, 95.0, 80.08, 0.485; GCF_001590965.1, s__Novosphingobium lentum, 95.0, 79.85, 0.494; GCF_003454795.1, s__Novosphingobium sp003454795, 95.0, 79.74, 0.49; GCF_014652855.1, s__Novosphingobium pokkalii, 95.0, 79.72, 0.515; GCF_020404405.1, s__Novosphingobium sp020404405, 95.0, 79.68, 0.511; GCA_015661825.1, s__Novosphingobium capsulatum_A, 95.0, 79.66, 0.37; GCF_012641335.1, s__Novosphingobium sp012641335, 95.0, 79.65, 0.449; GCF_000807925.1, s__Novosphingobium subterraneum, 95.0, 79.65, 0.474; GCF_007830315.1, s__Novosphingobium taihuense, 95.0, 79.61, 0.496; GCA_002256985.1, s__Novosphingobium sp002256985, 95.0, 79.6, 0.487; GCF_001598375.1, s__Novosphingobium capsulatum, 95.0, 79.56, 0.508; GCF_000013325.1, s__Novosphingobium aromaticivorans, 95.0, 79.55, 0.463; GCF_920987055.1, s__Novosphingobium sp920987055, 95.0, 79.51, 0.407; GCF_012932495.1, s__Novosphingobium sp012932495, 95.0, 79.47, 0.503; GCF_014196055.1, s__Novosphingobium hassiacum, 95.0, 79.36, 0.449; GCF_003171715.1, s__Novosphingobium meiothermophilum, 95.0, 79.32, 0.445; GCF_900176395.1, s__Novosphingobium sp900176395, 95.0, 79.31, 0.431; GCA_021782155.1, s__Novosphingobium sp021782155, 95.0, 79.07, 0.325; GCA_002256775.1, s__Novosphingobium sp002256775, 95.0, 79.05, 0.403; GCF_014652615.1, s__Novosphingobium arvoryzae, 95.0, 79.02, 0.409; GCA_020848655.1, s__Novosphingobium sp020848655, 95.0, 78.98, 0.357; GCA_016719755.1, s__Novosphingobium sp016719755, 95.0, 78.95, 0.387; GCF_014230315.1, s__Novosphingobium flavum, 95.0, 78.94, 0.37; GCF_014230305.1, s__Novosphingobium aerophilum, 95.0, 78.84, 0.385; GCF_002855555.1, s__Novosphingobium sp002855555, 95.0, 78.78, 0.321; GCA_015657645.1, s__Novosphingobium sp015657645, 95.0, 78.69, 0.321; GCF_000192575.1, s__Novosphingobium nitrogenifigens, 95.0, 78.65, 0.359; GCF_001519055.1, s__Novosphingobium sp001519055, 95.0, 78.64, 0.411; GCF_001519065.1, s__Novosphingobium sp001519065, 95.0, 78.63, 0.428; GCA_017302615.1, s__Novosphingobium sp017302615, 95.0, 78.54, 0.335; GCF_014230355.1, s__Novosphingobium piscinae, 95.0, 78.51, 0.388; GCF_000767465.1, s__Novosphingobium pentaromativorans, 95.0, 78.51, 0.299; GCA_021299075.1, s__Novosphingobium sp021299075, 95.0, 78.49, 0.32; GCF_007954425.1, s__Novosphingobium ginsenosidimutans, 95.0, 78.48, 0.327; GCF_900113255.1, s__Novosphingobium sp900113255, 95.0, 78.47, 0.338; GCA_903832325.1, s__Novosphingobium sp903832325, 95.0, 78.47, 0.447; GCA_025153475.1, s__Novosphingobium sp025153475, 95.0, 78.47, 0.35; GCF_014652555.1, s__Novosphingobium colocasiae, 95.0, 78.46, 0.35; GCA_004211435.1, s__Novosphingobium sp004211435, 95.0, 78.46, 0.332; GCF_002813245.1, s__Novosphingobium kunmingense, 95.0, 78.44, 0.332; GCA_013791705.1, s__Novosphingobium sp013791705, 95.0, 78.43, 0.286; GCF_019075875.1, s__Novosphingobium sp019075875, 95.0, 78.42, 0.381; GCA_009926135.1, s__Novosphingobium sp009926135, 95.0, 78.42, 0.335; GCA_020852455.1, s__Novosphingobium sp020852455, 95.0, 78.42, 0.355; GCA_024236215.1, s__Novosphingobium sp024236215, 95.0, 78.39, 0.324; GCA_020853995.1, s__Novosphingobium sp020853995, 95.0, 78.39, 0.262; GCF_014204535.1, s__Novosphingobium chloroacetimidivorans, 95.0, 78.37, 0.293; GCA_002440635.1, s__Novosphingobium sp002440635, 95.0, 78.37, 0.317; GCA_018334165.1, s__Novosphingobium sp018334165, 95.0, 78.36, 0.317; GCA_018242165.1, s__Novosphingobium sp018242165, 95.0, 78.35, 0.306; GCF_002198665.1, s__Novosphingobium sp002198665, 95.0, 78.33, 0.351; GCF_001295795.1, s__Novosphingobium sp001295795, 95.0, 78.32, 0.379; GCF_002556635.1, s__Novosphingobium sp002556635, 95.0, 78.27, 0.324; GCA_002454125.1, s__Novosphingobium sp002454125, 95.0, 78.26, 0.329; GCA_018971065.1, s__Novosphingobium sp018971065, 95.0, 78.24, 0.345; GCF_001298105.1, s__Novosphingobium sp001298105, 95.0, 78.23, 0.335; GCA_013141325.1, s__Novosphingobium sp013141325, 95.0, 78.19, 0.324; GCF_013408095.1, s__Novosphingobium marinum, 95.0, 78.17, 0.229; GCF_902506425.1, s__Novosphingobium sp902506425, 95.0, 78.15, 0.297; GCA_002280675.1, s__Novosphingobium sp002280675, 95.0, 78.15, 0.362; GCF_009746585.1, s__Novosphingobium aquimarinum, 95.0, 78.14, 0.29; GCA_013822005.1, s__Novosphingobium sp013822005, 95.0, 78.12, 0.304; GCA_018241045.1, s__Novosphingobium sp018241045, 95.0, 78.11, 0.272; GCA_903893935.1, s__Novosphingobium sp903893935, 95.0, 78.1, 0.252; GCF_000429005.1, s__Novosphingobium acidiphilum, 95.0, 78.06, 0.398; GCF_900168325.1, s__Novosphingobium mathurense, 95.0, 78.05, 0.328; GCF_014196615.1, s__Novosphingobium fluoreni, 95.0, 78.04, 0.269; GCA_020200285.1, s__Novosphingobium sp020200285, 95.0, 78.03, 0.31; GCA_903970225.1, s__Novosphingobium sp903970225, 95.0, 77.87, 0.264; GCA_945906105.1, s__Novosphingobium sp945906105, 95.0, 77.79, 0.257; GCA_019510335.1, s__Novosphingobium sp019510335, 95.0, 77.78, 0.243; GCF_009707465.1, s__Novosphingobium sp009707465, 95.0, 77.78, 0.321; GCA_009885425.1, s__Novosphingobium sp009885425, 95.0, 77.73, 0.291; GCA_024236175.1, s__Novosphingobium sp024236175, 95.0, 77.69, 0.251; GCA_903848655.1, s__Novosphingobium sp903848655, 95.0, 77.66, 0.332; GCA_018240895.1, s__Novosphingobium sp018240895, 95.0, 77.65, 0.26; GCA_945906005.1, s__Novosphingobium sp945906005, 95.0, 77.61, 0.233; GCA_903923465.1, s__Novosphingobium sp903923465, 95.0, 77.56, 0.241; GCA_017987575.1, s__Novosphingobium sp017987575, 95.0, 77.54, 0.249; GCA_023266625.1, s__Novosphingobium sp023266625, 95.0, 77.52, 0.261; GCA_024642085.1, s__Novosphingobium sp024642085, 95.0, 77.46, 0.219; GCA_903911985.1, s__Novosphingobium sp903911985, 95.0, 77.37, 0.209; GCA_020446505.1, s__Novosphingobium sp020446505, 95.0, 77.35, 0.215; GCA_903868655.1, s__Novosphingobium sp903868655, 95.0, 77.28, 0.204; GCA_020446595.1, s__Novosphingobium sp020446595, 95.0, 77.08, 0.177; GCA_017302775.1, s__Novosphingobium sp017302775, 95.0, 76.82, 0.139; GCA_020446575.1, s__Novosphingobium sp020446575, 95.0, 76.68, 0.13; GCA_019090585.1, s__Novosphingobium sp019090585, 95.0, 76.43, 0.113	62.54	11	0.98434	Genome not assigned to closest species as it falls outside its pre-defined ANI radius
R4_EKDN230028432-1A_HKTC2DSX7_L3.14	d__Bacteria;p__Verrucomicrobiota;c__Verrucomicrobiae;o__Verrucomicrobiales;f__V1-33;g__JAGNEJ01;s__	N/A	N/A	N/A	N/A	N/A	GCA_018003315.1	95.0	d__Bacteria;p__Verrucomicrobiota;c__Verrucomicrobiae;o__Verrucomicrobiales;f__V1-33;g__JAGNEJ01;s__JAGNEJ01 sp018003315	75.42	0.038	d__Bacteria;p__Verrucomicrobiota;c__Verrucomicrobiae;o__Verrucomicrobiales;f__V1-33;g__JAGNEJ01;s__	taxonomic classification defined by topology and ANI	classification based on placement in class-level tree	N/A	78.29	11	0.87014	N/A
R4_EKDN230028432-1A_HKTC2DSX7_L3.22	d__Bacteria;p__Pseudomonadota;c__Alphaproteobacteria;o__Sphingomonadales;f__Sphingomonadaceae;g__Aquisediminimonas;s__	N/A	N/A	N/A	N/A	N/A	GCA_002478575.1	95.0	d__Bacteria;p__Pseudomonadota;c__Alphaproteobacteria;o__Sphingomonadales;f__Sphingomonadaceae;g__Aquisediminimonas;s__Aquisediminimonas sp002478575	76.58	0.136	d__Bacteria;p__Pseudomonadota;c__Alphaproteobacteria;o__Sphingomonadales;f__Sphingomonadaceae;g__Aquisediminimonas;s__	taxonomic classification defined by topology and ANI	classification based on placement in class-level tree	GCA_016714795.1, s__Aquisediminimonas sp016714795, 95.0, 77.19, 0.19; GCA_009923795.1, s__Aquisediminimonas sp009923795, 95.0, 77.07, 0.113; GCA_903958285.1, s__Aquisediminimonas sp903958285, 95.0, 77.02, 0.156; GCA_005518185.1, s__Aquisediminimonas godavariana, 95.0, 76.98, 0.155; GCA_903839675.1, s__Aquisediminimonas sp903839675, 95.0, 76.89, 0.142; GCF_019443285.1, s__Aquisediminimonas profunda, 95.0, 76.83, 0.098; GCA_016704425.1, s__Aquisediminimonas sp016704425, 95.0, 76.82, 0.11; GCA_024645025.1, s__Aquisediminimonas sp024645025, 95.0, 76.65, 0.119; GCA_945860425.1, s__Aquisediminimonas paucimobilis_A, 95.0, 76.6, 0.118; GCA_009920915.1, s__Aquisediminimonas sp009920915, 95.0, 76.3, 0.122; GCA_018970965.1, s__Aquisediminimonas sp018970965, 95.0, 75.97, 0.098	89.93	11	0.94862	N/A
R4_EKDN230028432-1A_HKTC2DSX7_L3.29	d__Bacteria;p__Pseudomonadota;c__Gammaproteobacteria;o__Burkholderiales;f__Methylophilaceae;g__;s__	N/A	N/A	N/A	N/A	N/A	N/A	N/A	N/A	N/A	N/A	d__Bacteria;p__Pseudomonadota;c__Gammaproteobacteria;o__Burkholderiales;f__Methylophilaceae;g__;s__	taxonomic classification fully defined by topology	classification based on placement in class-level tree	N/A	62.88	11	0.91918	N/A
R4_EKDN230028432-1A_HKTC2DSX7_L3.3	d__Bacteria;p__Verrucomicrobiota;c__Verrucomicrobiae;o__Verrucomicrobiales;f__Akkermansiaceae;g__Luteolibacter;s__	N/A	N/A	N/A	N/A	N/A	GCA_945885485.1	95.0	d__Bacteria;p__Verrucomicrobiota;c__Verrucomicrobiae;o__Verrucomicrobiales;f__Akkermansiaceae;g__Luteolibacter;s__Luteolibacter sp945885485	86.62	0.795	d__Bacteria;p__Verrucomicrobiota;c__Verrucomicrobiae;o__Verrucomicrobiales;f__Akkermansiaceae;g__Luteolibacter;s__	taxonomic classification defined by topology and ANI	classification based on placement in class-level tree	GCA_021298895.1, s__Luteolibacter sp021298895, 95.0, 82.53, 0.678; GCA_945870545.1, s__Luteolibacter muciniphila_A, 95.0, 78.41, 0.305; GCA_945870855.1, s__Luteolibacter sp945870855, 95.0, 78.4, 0.258; GCA_945883455.1, s__Luteolibacter sp945883455, 95.0, 78.31, 0.287; GCA_018402445.1, s__Luteolibacter sp018402445, 95.0, 78.3, 0.232; GCA_945869855.1, s__Luteolibacter sp945869855, 95.0, 78.21, 0.315; GCA_945862245.1, s__Luteolibacter sp945862245, 95.0, 78.19, 0.226; GCA_009885905.1, s__Luteolibacter sp009885905, 95.0, 78.01, 0.063; GCA_017798145.1, s__Luteolibacter sp017798145, 95.0, 77.94, 0.22; GCA_905182475.1, s__Luteolibacter sp905182475, 95.0, 77.87, 0.188; GCA_905478925.1, s__Luteolibacter sp905478925, 95.0, 77.65, 0.192; GCA_945901795.1, s__Luteolibacter muciniphila_B, 95.0, 77.63, 0.142; GCA_903906515.1, s__Luteolibacter sp903906515, 95.0, 77.28, 0.109; GCA_903919975.1, s__Luteolibacter sp903919975, 95.0, 77.26, 0.119; GCA_945879075.1, s__Luteolibacter muciniphila_C, 95.0, 77.24, 0.149; GCA_005787565.1, s__Luteolibacter sp005787565, 95.0, 77.23, 0.094; GCA_020047775.1, s__Luteolibacter sp020047775, 95.0, 77.18, 0.088; GCA_014379305.1, s__Luteolibacter sp014379305, 95.0, 77.06, 0.158; GCA_003820635.1, s__Luteolibacter sp003820635, 95.0, 76.99, 0.105; GCF_016595435.1, s__Luteolibacter pohnpeiensis, 95.0, 76.88, 0.072; GCA_023253625.1, s__Luteolibacter sp023253625, 95.0, 76.85, 0.094; GCA_945869465.1, s__Luteolibacter sp945869465, 95.0, 76.84, 0.094; GCA_002307065.1, s__Luteolibacter sp002307065, 95.0, 76.82, 0.107; GCA_903909905.1, s__Luteolibacter sp903909905, 95.0, 76.81, 0.142; GCA_018969605.1, s__Luteolibacter sp018969605, 95.0, 76.8, 0.127; GCA_913063525.1, s__Luteolibacter sp913063525, 95.0, 76.79, 0.101; GCA_903837825.1, s__Luteolibacter sp903837825, 95.0, 76.74, 0.077; GCA_004294095.1, s__Luteolibacter sp004294095, 95.0, 76.62, 0.075; GCA_007126655.1, s__Luteolibacter sp007126655, 95.0, 76.52, 0.074; GCA_021733795.1, s__Luteolibacter sp021733795, 95.0, 76.5, 0.073; GCA_019634595.1, s__Luteolibacter sp019634595, 95.0, 76.48, 0.082; GCF_018137965.1, s__Luteolibacter ambystomatis, 95.0, 76.47, 0.085; GCF_016595465.1, s__Luteolibacter yonseiensis, 95.0, 76.46, 0.106; GCA_012032235.1, s__Luteolibacter sp012032235, 95.0, 76.42, 0.076; GCA_016871685.1, s__Luteolibacter sp016871685, 95.0, 76.35, 0.07; GCA_017301995.1, s__Luteolibacter sp017301995, 95.0, 76.25, 0.078; GCA_024233135.1, s__Luteolibacter sp024233135, 95.0, 76.24, 0.079; GCA_903826205.1, s__Luteolibacter sp903826205, 95.0, 76.22, 0.057; GCA_903908495.1, s__Luteolibacter sp903908495, 95.0, 76.17, 0.062; GCA_903888515.1, s__Luteolibacter sp903888515, 95.0, 76.07, 0.065; GCA_008932935.1, s__Luteolibacter sp008932935, 95.0, 76.03, 0.046; GCA_903875675.1, s__Luteolibacter sp903875675, 95.0, 75.94, 0.041; GCA_903934285.1, s__Luteolibacter sp903934285, 95.0, 75.92, 0.071; GCA_903930425.1, s__Luteolibacter sp903930425, 95.0, 75.88, 0.056; GCA_903827375.1, s__Luteolibacter sp903827375, 95.0, 75.81, 0.049; GCA_008932955.1, s__Luteolibacter sp008932955, 95.0, 75.51, 0.054	89.95	11	0.98892	Genome not assigned to closest species as it falls outside its pre-defined ANI radius
R4_EKDN230028432-1A_HKTC2DSX7_L3.33	d__Bacteria;p__Planctomycetota;c__Planctomycetia;o__Planctomycetales;f__Planctomycetaceae;g__TH-plancto1;s__	N/A	N/A	N/A	N/A	N/A	GCA_003669575.1	95.0	d__Bacteria;p__Planctomycetota;c__Planctomycetia;o__Planctomycetales;f__Planctomycetaceae;g__TH-plancto1;s__TH-plancto1 sp003669575	77.76	0.284	d__Bacteria;p__Planctomycetota;c__Planctomycetia;o__Planctomycetales;f__Planctomycetaceae;g__TH-plancto1;s__	taxonomic classification defined by topology and ANI	classification based on placement in class-level tree	GCA_003671275.1, s__TH-plancto1 sp003671275, 95.0, 78.29, 0.215	72.41	11	0.96644	N/A
R4_EKDN230028432-1A_HKTC2DSX7_L3.37	d__Bacteria;p__Cyanobacteriota;c__Cyanobacteriia;o__Cyanobacteriales;f__Microcoleaceae;g__Microcoleus;s__	N/A	N/A	N/A	N/A	N/A	N/A	N/A	N/A	N/A	N/A	d__Bacteria;p__Cyanobacteriota;c__Cyanobacteriia;o__Cyanobacteriales;f__Microcoleaceae;g__Microcoleus;s__	taxonomic classification defined by topology and ANI	classification based on placement in class-level tree	GCA_013299185.1, s__Microcoleus sp013299185, 95.0, 91.79, 0.839; GCA_004292955.1, s__Microcoleus sp004292955, 95.0, 91.61, 0.83; GCA_004293365.1, s__Microcoleus sp004293365, 95.0, 91.04, 0.814; GCA_013299165.1, s__Microcoleus sp013299165, 95.0, 89.02, 0.832; GCF_015207455.1, s__Microcoleus sp015207455, 95.0, 87.9, 0.742; GCF_015207505.1, s__Microcoleus sp015207505, 95.0, 87.77, 0.756; GCA_014695295.1, s__Microcoleus sp014695295, 95.0, 87.72, 0.771; GCF_013179805.1, s__Microcoleus asticus, 95.0, 87.68, 0.76; GCF_015207285.1, s__Microcoleus sp015207285, 95.0, 87.59, 0.732; GCA_003003725.1, s__Microcoleus sp003003725, 95.0, 87.59, 0.685; GCF_000317475.1, s__Microcoleus sp000317475, 95.0, 87.41, 0.82; GCA_014695175.1, s__Microcoleus sp014695175, 95.0, 87.34, 0.723; GCF_022701275.1, s__Microcoleus vaginatus_A, 95.0, 87.29, 0.783; GCF_022701255.1, s__Microcoleus vaginatus_B, 95.0, 87.14, 0.788; GCA_003542015.1, s__Microcoleus sp003542015, 95.0, 84.31, 0.698; GCA_003483675.1, s__Microcoleus sp003483675, 95.0, 84.11, 0.689; GCF_002412335.2, s__Microcoleus bourrellyi, 95.0, 83.94, 0.681; GCA_004294385.1, s__Microcoleus sp004294385, 95.0, 83.63, 0.657; GCA_012035135.1, s__Microcoleus sp012035135, 95.0, 83.31, 0.674; GCF_021648855.1, s__Microcoleus sp021648855, 95.0, 83.22, 0.683; GCA_004292745.1, s__Microcoleus sp004292745, 95.0, 83.0, 0.671; GCA_020883125.1, s__Microcoleus sp020883125, 95.0, 82.96, 0.657; GCA_020882975.1, s__Microcoleus sp020882975, 95.0, 82.94, 0.684; GCA_012034575.1, s__Microcoleus sp012034575, 95.0, 81.17, 0.631	88.2	11	0.98968	Genome not assigned to closest species as it falls outside its pre-defined ANI radius
R4_EKDN230028432-1A_HKTC2DSX7_L3.47	d__Bacteria;p__Pseudomonadota;c__Alphaproteobacteria;o__Rhizobiales;f__Beijerinckiaceae;g__28-YEA-48;s__	N/A	N/A	N/A	N/A	N/A	GCA_945901195.1	95.0	d__Bacteria;p__Pseudomonadota;c__Alphaproteobacteria;o__Rhizobiales;f__Beijerinckiaceae;g__28-YEA-48;s__28-YEA-48 sp945901195	78.22	0.349	d__Bacteria;p__Pseudomonadota;c__Alphaproteobacteria;o__Rhizobiales;f__Beijerinckiaceae;g__28-YEA-48;s__	taxonomic classification defined by topology and ANI	classification based on placement in class-level tree	GCA_903847605.1, s__28-YEA-48 sp903847605, 95.0, 78.04, 0.46; GCA_903861645.1, s__28-YEA-48 sp903861645, 95.0, 76.93, 0.13; GCA_903851305.1, s__28-YEA-48 sp903851305, 95.0, 76.81, 0.144; GCA_019747375.1, s__28-YEA-48 sp019747375, 95.0, 76.81, 0.111; GCA_001898965.1, s__28-YEA-48 sp001898965, 95.0, 76.8, 0.163; GCA_903889985.1, s__28-YEA-48 sp903889985, 95.0, 76.78, 0.106; GCA_945878875.1, s__28-YEA-48 sp945878875, 95.0, 76.76, 0.173; GCF_900104955.1, s__28-YEA-48 sp900104955, 95.0, 76.75, 0.17; GCA_903902915.1, s__28-YEA-48 sp903902915, 95.0, 76.67, 0.146; GCA_903916165.1, s__28-YEA-48 sp903916165, 95.0, 76.66, 0.135; GCA_903918155.1, s__28-YEA-48 sp903918155, 95.0, 76.55, 0.174; GCA_903931945.1, s__28-YEA-48 sp903931945, 95.0, 76.39, 0.105; GCA_903897875.1, s__28-YEA-48 sp903897875, 95.0, 76.29, 0.081; GCA_903825465.1, s__28-YEA-48 sp903825465, 95.0, 76.29, 0.091; GCA_903885755.1, s__28-YEA-48 sp903885755, 95.0, 76.29, 0.099; GCA_903932565.1, s__28-YEA-48 sp903932565, 95.0, 76.22, 0.087; GCA_903884435.1, s__28-YEA-48 sp903884435, 95.0, 76.19, 0.094; GCA_900299065.1, s__28-YEA-48 sp900299065, 95.0, 76.14, 0.102; GCA_903903935.1, s__28-YEA-48 sp903903935, 95.0, 76.07, 0.119	87.9	11	0.97801	N/A
R4_EKDN230028432-1A_HKTC2DSX7_L3.50	d__Bacteria;p__Pseudomonadota;c__Alphaproteobacteria;o__Rhizobiales;f__Aestuariivirgaceae;g__Aestuariivirga;s__	N/A	N/A	N/A	N/A	N/A	GCA_020029455.1	95.0	d__Bacteria;p__Pseudomonadota;c__Alphaproteobacteria;o__Rhizobiales;f__Aestuariivirgaceae;g__Aestuariivirga;s__Aestuariivirga sp020029455	76.17	0.118	d__Bacteria;p__Pseudomonadota;c__Alphaproteobacteria;o__Rhizobiales;f__Aestuariivirgaceae;g__Aestuariivirga;s__	taxonomic classification defined by topology and ANI	classification based on placement in class-level tree	GCA_016710435.1, s__Aestuariivirga sp016710435, 95.0, 76.58, 0.133; GCA_016792825.1, s__Aestuariivirga sp016792825, 95.0, 76.53, 0.082; GCF_015714715.1, s__Aestuariivirga litoralis_A, 95.0, 76.51, 0.114; GCA_003151375.1, s__Aestuariivirga sp003151375, 95.0, 76.48, 0.076; GCA_020161855.1, s__Aestuariivirga sp020161855, 95.0, 76.4, 0.097; GCA_016792865.1, s__Aestuariivirga sp016792865, 95.0, 76.35, 0.118; GCA_902826365.1, s__Aestuariivirga sp902826365, 95.0, 76.34, 0.088; GCA_016185245.1, s__Aestuariivirga sp016185245, 95.0, 76.28, 0.047; GCA_009885825.1, s__Aestuariivirga sp009885825, 95.0, 76.28, 0.083; GCA_020252405.1, s__Aestuariivirga sp020252405, 95.0, 76.2, 0.062; GCA_020252385.1, s__Aestuariivirga sp020252385, 95.0, 76.14, 0.059; GCA_945889445.1, s__Aestuariivirga sp945889445, 95.0, 76.08, 0.071; GCA_903930095.1, s__Aestuariivirga sp903930095, 95.0, 76.04, 0.056; GCA_022842165.1, s__Aestuariivirga sp022842165, 95.0, 76.03, 0.077; GCA_012032065.1, s__Aestuariivirga sp012032065, 95.0, 75.99, 0.071; GCA_020441605.1, s__Aestuariivirga sp020441605, 95.0, 75.94, 0.046; GCF_003234965.1, s__Aestuariivirga litoralis, 95.0, 75.91, 0.077; GCA_020252395.1, s__Aestuariivirga sp020252395, 95.0, 75.88, 0.067; GCA_023266715.1, s__Aestuariivirga sp023266715, 95.0, 75.86, 0.066; GCA_014380505.1, s__Aestuariivirga sp014380505, 95.0, 75.71, 0.047; GCA_900298995.1, s__Aestuariivirga sp900298995, 95.0, 75.58, 0.053	86.79	11	0.96338	N/A
R4_EKDN230028432-1A_HKTC2DSX7_L3.60	d__Bacteria;p__Verrucomicrobiota;c__Verrucomicrobiae;o__Verrucomicrobiales;f__Verrucomicrobiaceae;g__CAINXC01;s__	N/A	N/A	N/A	N/A	N/A	GCA_903854655.1	95.0	d__Bacteria;p__Verrucomicrobiota;c__Verrucomicrobiae;o__Verrucomicrobiales;f__Verrucomicrobiaceae;g__CAINXC01;s__CAINXC01 sp903854655	76.25	0.089	d__Bacteria;p__Verrucomicrobiota;c__Verrucomicrobiae;o__Verrucomicrobiales;f__Verrucomicrobiaceae;g__CAINXC01;s__	taxonomic classification defined by topology and ANI	classification based on placement in class-level tree	N/A	73.23	11	0.91965	N/A
R4_EKDN230028432-1A_HKTC2DSX7_L3.70	d__Bacteria;p__Pseudomonadota;c__Gammaproteobacteria;o__Burkholderiales;f__Burkholderiaceae_B;g__Rubrivivax;s__	N/A	N/A	N/A	N/A	N/A	GCA_024641925.1	95.0	d__Bacteria;p__Pseudomonadota;c__Gammaproteobacteria;o__Burkholderiales;f__Burkholderiaceae_B;g__Rubrivivax;s__Rubrivivax sp024641925	80.56	0.501	d__Bacteria;p__Pseudomonadota;c__Gammaproteobacteria;o__Burkholderiales;f__Burkholderiaceae_B;g__Rubrivivax;s__	taxonomic classification defined by topology and ANI	classification based on placement in class-level tree	GCF_004016505.1, s__Rubrivivax rivuli, 95.0, 79.99, 0.48; GCA_022842305.1, s__Rubrivivax sp022842305, 95.0, 79.99, 0.439; GCA_001295905.1, s__Rubrivivax sp001295905, 95.0, 79.91, 0.478; GCA_001295865.1, s__Rubrivivax sp001295865, 95.0, 79.81, 0.477; GCA_016709385.1, s__Rubrivivax sp016709385, 95.0, 79.59, 0.441; GCA_013822265.1, s__Rubrivivax sp013822265, 95.0, 79.51, 0.453; GCA_903914615.1, s__Rubrivivax sp903914615, 95.0, 79.49, 0.399; GCA_014859905.1, s__Rubrivivax sp014859905, 95.0, 79.38, 0.311; GCA_016704535.1, s__Rubrivivax sp016704535, 95.0, 79.37, 0.436; GCF_904426505.1, s__Rubrivivax sp904426505, 95.0, 79.34, 0.451; GCA_903828235.1, s__Rubrivivax sp903828235, 95.0, 79.32, 0.456; GCA_020720385.1, s__Rubrivivax sp020720385, 95.0, 79.26, 0.484; GCA_011391855.1, s__Rubrivivax sp011391855, 95.0, 79.25, 0.483; GCA_022842595.1, s__Rubrivivax sp022842595, 95.0, 79.2, 0.429; GCA_023657425.1, s__Rubrivivax sp023657425, 95.0, 79.14, 0.455; GCA_016707445.1, s__Rubrivivax sp016707445, 95.0, 79.14, 0.383; GCA_020248945.1, s__Rubrivivax sp020248945, 95.0, 79.11, 0.461; GCA_016790395.1, s__Rubrivivax sp016790395, 95.0, 79.02, 0.454; GCA_016719535.1, s__Rubrivivax sp016719535, 95.0, 79.01, 0.45; GCA_903822435.1, s__Rubrivivax sp903822435, 95.0, 79.01, 0.401; GCA_020161065.1, s__Rubrivivax sp020161065, 95.0, 79.0, 0.467; GCA_018780805.1, s__Rubrivivax sp018780805, 95.0, 78.91, 0.417; GCA_019635315.1, s__Rubrivivax sp019635315, 95.0, 78.84, 0.447; GCA_001464055.1, s__Rubrivivax sp001464055, 95.0, 78.79, 0.395; GCA_022843905.1, s__Rubrivivax sp022843905, 95.0, 78.74, 0.445; GCA_903938815.1, s__Rubrivivax sp903938815, 95.0, 78.66, 0.377; GCA_024235855.1, s__Rubrivivax sp024235855, 95.0, 78.54, 0.389; GCF_004016515.1, s__Rubrivivax albus, 95.0, 78.45, 0.406; GCA_021300575.1, s__Rubrivivax sp021300575, 95.0, 78.37, 0.356; GCA_022842825.1, s__Rubrivivax sp022842825, 95.0, 78.35, 0.372; GCA_016789865.1, s__Rubrivivax sp016789865, 95.0, 78.32, 0.374; GCA_016790225.1, s__Rubrivivax sp016790225, 95.0, 78.31, 0.34; GCA_016788525.1, s__Rubrivivax sp016788525, 95.0, 78.28, 0.35; GCA_018971105.1, s__Rubrivivax sp018971105, 95.0, 78.27, 0.327; GCF_000190375.1, s__Rubrivivax benzoatilyticus, 95.0, 78.26, 0.391; GCA_024235915.1, s__Rubrivivax sp024235915, 95.0, 78.23, 0.354; GCA_021298085.1, s__Rubrivivax sp021298085, 95.0, 78.2, 0.33; GCA_016223165.1, s__Rubrivivax sp016223165, 95.0, 78.18, 0.438; GCA_903885585.1, s__Rubrivivax sp903885585, 95.0, 78.14, 0.297; GCF_000284255.1, s__Rubrivivax gelatinosus_A, 95.0, 78.13, 0.371; GCF_016583785.1, s__Rubrivivax gelatinosus_B, 95.0, 78.11, 0.349; GCA_001725505.1, s__Rubrivivax sp001725505, 95.0, 78.06, 0.372; GCF_004340905.1, s__Rubrivivax gelatinosus, 95.0, 78.04, 0.364; GCA_020248915.1, s__Rubrivivax sp020248915, 95.0, 78.03, 0.377; GCA_016716535.1, s__Rubrivivax sp016716535, 95.0, 78.01, 0.377; GCA_020851615.1, s__Rubrivivax sp020851615, 95.0, 77.92, 0.377; GCA_021297985.1, s__Rubrivivax sp021297985, 95.0, 77.92, 0.334; GCA_001724995.1, s__Rubrivivax sp001724995, 95.0, 77.89, 0.341; GCA_016790435.1, s__Rubrivivax sp016790435, 95.0, 77.87, 0.301; GCA_016790425.1, s__Rubrivivax sp016790425, 95.0, 77.83, 0.365; GCA_016789955.1, s__Rubrivivax sp016789955, 95.0, 77.76, 0.335; GCA_018241895.1, s__Rubrivivax sp018241895, 95.0, 77.73, 0.362; GCA_020852865.1, s__Rubrivivax sp020852865, 95.0, 77.68, 0.35; GCA_024641945.1, s__Rubrivivax sp024641945, 95.0, 77.65, 0.299; GCA_024235895.1, s__Rubrivivax sp011525985, 95.0, 77.59, 0.31; GCA_903876715.1, s__Rubrivivax sp903876715, 95.0, 77.23, 0.254; GCA_009923895.1, s__Rubrivivax sp009923895, 95.0, 77.2, 0.294; GCA_016191995.1, s__Rubrivivax sp016191995, 95.0, 77.11, 0.294; GCA_903834645.1, s__Rubrivivax sp903834645, 95.0, 77.04, 0.315	91.48	11	0.98274	Genome not assigned to closest species as it falls outside its pre-defined ANI radius
R4_EKDN230028432-1A_HKTC2DSX7_L3.76	d__Bacteria;p__Pseudomonadota;c__Alphaproteobacteria;o__Sphingomonadales;f__Sphingomonadaceae;g__Sphingorhabdus_B;s__	N/A	N/A	N/A	N/A	N/A	GCA_013297725.1	95.0	d__Bacteria;p__Pseudomonadota;c__Alphaproteobacteria;o__Sphingomonadales;f__Sphingomonadaceae;g__Sphingorhabdus_B;s__Sphingorhabdus_B sp013297725	79.27	0.42	d__Bacteria;p__Pseudomonadota;c__Alphaproteobacteria;o__Sphingomonadales;f__Sphingomonadaceae;g__Sphingorhabdus_B;s__	taxonomic classification defined by topology and ANI	classification based on placement in class-level tree	GCA_016721875.1, s__Sphingorhabdus_B sp016721875, 95.0, 78.18, 0.323; GCF_003367235.1, s__Sphingorhabdus_B pulchriflava, 95.0, 78.13, 0.273; GCA_016720115.1, s__Sphingorhabdus_B sp016720115, 95.0, 77.99, 0.315; GCA_016707885.1, s__Sphingorhabdus_B sp016707885, 95.0, 77.9, 0.27; GCA_017987825.1, s__Sphingorhabdus_B sp017987825, 95.0, 77.73, 0.242; GCA_002255985.1, s__Sphingorhabdus_B sp002255985, 95.0, 77.65, 0.194; GCA_020847445.1, s__Sphingorhabdus_B sp020847445, 95.0, 77.58, 0.339; GCA_023262005.1, s__Sphingorhabdus_B sp023262005, 95.0, 77.46, 0.213; GCA_013823985.1, s__Sphingorhabdus_B sp013823985, 95.0, 77.36, 0.2; GCA_001464315.1, s__Sphingorhabdus_B sp001464315, 95.0, 77.35, 0.181; GCF_009769755.1, s__Sphingorhabdus_B profundilacus, 95.0, 77.31, 0.226; GCA_002282385.1, s__Sphingorhabdus_B sp002282385, 95.0, 77.2, 0.176; GCA_016742125.1, s__Sphingorhabdus_B sp016742125, 95.0, 77.16, 0.188; GCA_021298455.1, s__Sphingorhabdus_B sp021298455, 95.0, 77.14, 0.219; GCA_023910635.1, s__Sphingorhabdus_B sp023910635, 95.0, 77.1, 0.184; GCF_009768975.1, s__Sphingorhabdus_B lacus, 95.0, 77.09, 0.197; GCA_002299195.1, s__Sphingorhabdus_B sp002299195, 95.0, 77.05, 0.151; GCF_007280415.1, s__Sphingorhabdus_B contaminans, 95.0, 77.03, 0.199; GCA_945882965.1, s__Sphingorhabdus_B sp945882965, 95.0, 77.03, 0.167; GCA_021300355.1, s__Sphingorhabdus_B sp021300355, 95.0, 77.02, 0.172; GCA_021741065.1, s__Sphingorhabdus_B sp021741065, 95.0, 77.02, 0.137; GCF_014196595.1, s__Sphingorhabdus_B rigui, 95.0, 76.94, 0.176; GCA_945862485.1, s__Sphingorhabdus_B sp945862485, 95.0, 76.94, 0.156; GCA_016462305.1, s__Sphingorhabdus_B sp016462305, 95.0, 76.92, 0.149; GCA_002479765.1, s__Sphingorhabdus_B sp002479765, 95.0, 76.87, 0.175; GCF_003933235.1, s__Sphingorhabdus_B wooponensis, 95.0, 76.87, 0.154; GCA_021732525.1, s__Sphingorhabdus_B sp021732525, 95.0, 76.85, 0.169; GCA_903868245.1, s__Sphingorhabdus_B sp903868245, 95.0, 76.84, 0.165; GCA_002278855.1, s__Sphingorhabdus_B sp002278855, 95.0, 76.76, 0.141; GCA_012032285.1, s__Sphingorhabdus_B sp012032285, 95.0, 76.73, 0.175; GCA_903821685.1, s__Sphingorhabdus_B sp903821685, 95.0, 76.54, 0.13; GCA_002299895.1, s__Sphingorhabdus_B sp002299895, 95.0, 76.53, 0.143; GCF_001889025.1, s__Sphingorhabdus_B lutea, 95.0, 76.08, 0.06	58.71	11	0.9854	N/A
R4_EKDN230028432-1A_HKTC2DSX7_L3.9	d__Bacteria;p__Pseudomonadota;c__Alphaproteobacteria;o__Rhizobiales;f__Aestuariivirgaceae;g__Aestuariivirga;s__	N/A	N/A	N/A	N/A	N/A	GCA_020029455.1	95.0	d__Bacteria;p__Pseudomonadota;c__Alphaproteobacteria;o__Rhizobiales;f__Aestuariivirgaceae;g__Aestuariivirga;s__Aestuariivirga sp020029455	76.25	0.091	d__Bacteria;p__Pseudomonadota;c__Alphaproteobacteria;o__Rhizobiales;f__Aestuariivirgaceae;g__Aestuariivirga;s__	taxonomic classification defined by topology and ANI	classification based on placement in class-level tree	GCA_016792865.1, s__Aestuariivirga sp016792865, 95.0, 76.32, 0.107; GCA_016710435.1, s__Aestuariivirga sp016710435, 95.0, 76.3, 0.113; GCA_023266715.1, s__Aestuariivirga sp023266715, 95.0, 76.29, 0.075; GCA_020161855.1, s__Aestuariivirga sp020161855, 95.0, 76.25, 0.085; GCA_016792825.1, s__Aestuariivirga sp016792825, 95.0, 76.21, 0.08; GCF_003234965.1, s__Aestuariivirga litoralis, 95.0, 76.19, 0.069; GCF_015714715.1, s__Aestuariivirga litoralis_A, 95.0, 76.16, 0.09; GCA_012032065.1, s__Aestuariivirga sp012032065, 95.0, 76.06, 0.06; GCA_902826365.1, s__Aestuariivirga sp902826365, 95.0, 76.03, 0.091; GCA_022842165.1, s__Aestuariivirga sp022842165, 95.0, 76.02, 0.08; GCA_003151375.1, s__Aestuariivirga sp003151375, 95.0, 76.02, 0.054; GCA_009885825.1, s__Aestuariivirga sp009885825, 95.0, 75.99, 0.079; GCA_020252405.1, s__Aestuariivirga sp020252405, 95.0, 75.99, 0.062; GCA_020441605.1, s__Aestuariivirga sp020441605, 95.0, 75.97, 0.039; GCA_020252385.1, s__Aestuariivirga sp020252385, 95.0, 75.95, 0.045; GCA_903930095.1, s__Aestuariivirga sp903930095, 95.0, 75.95, 0.049; GCA_014380505.1, s__Aestuariivirga sp014380505, 95.0, 75.91, 0.052; GCA_900298995.1, s__Aestuariivirga sp900298995, 95.0, 75.85, 0.055; GCA_016185245.1, s__Aestuariivirga sp016185245, 95.0, 75.8, 0.053; GCA_020252395.1, s__Aestuariivirga sp020252395, 95.0, 75.74, 0.061; GCA_945889445.1, s__Aestuariivirga sp945889445, 95.0, 75.69, 0.07	66.69	11	0.9653	N/A
R5_EKDN230028433-1A_HKTC2DSX7_L3.13	d__Bacteria;p__Pseudomonadota;c__Alphaproteobacteria;o__Rhizobiales;f__Aestuariivirgaceae;g__Aestuariivirga;s__	N/A	N/A	N/A	N/A	N/A	GCA_020029455.1	95.0	d__Bacteria;p__Pseudomonadota;c__Alphaproteobacteria;o__Rhizobiales;f__Aestuariivirgaceae;g__Aestuariivirga;s__Aestuariivirga sp020029455	76.28	0.114	d__Bacteria;p__Pseudomonadota;c__Alphaproteobacteria;o__Rhizobiales;f__Aestuariivirgaceae;g__Aestuariivirga;s__	taxonomic classification defined by topology and ANI	classification based on placement in class-level tree	GCA_016710435.1, s__Aestuariivirga sp016710435, 95.0, 76.69, 0.125; GCF_015714715.1, s__Aestuariivirga litoralis_A, 95.0, 76.62, 0.115; GCA_016792865.1, s__Aestuariivirga sp016792865, 95.0, 76.42, 0.12; GCA_016792825.1, s__Aestuariivirga sp016792825, 95.0, 76.38, 0.083; GCA_020252385.1, s__Aestuariivirga sp020252385, 95.0, 76.34, 0.062; GCA_020161855.1, s__Aestuariivirga sp020161855, 95.0, 76.29, 0.09; GCA_903930095.1, s__Aestuariivirga sp903930095, 95.0, 76.22, 0.055; GCA_009885825.1, s__Aestuariivirga sp009885825, 95.0, 76.21, 0.083; GCF_003234965.1, s__Aestuariivirga litoralis, 95.0, 76.14, 0.076; GCA_003151375.1, s__Aestuariivirga sp003151375, 95.0, 76.13, 0.078; GCA_902826365.1, s__Aestuariivirga sp902826365, 95.0, 76.11, 0.1; GCA_020252405.1, s__Aestuariivirga sp020252405, 95.0, 76.1, 0.064; GCA_016185245.1, s__Aestuariivirga sp016185245, 95.0, 76.06, 0.052; GCA_022842165.1, s__Aestuariivirga sp022842165, 95.0, 76.05, 0.076; GCA_012032065.1, s__Aestuariivirga sp012032065, 95.0, 75.96, 0.067; GCA_020252395.1, s__Aestuariivirga sp020252395, 95.0, 75.95, 0.068; GCA_945889445.1, s__Aestuariivirga sp945889445, 95.0, 75.91, 0.069; GCA_023266715.1, s__Aestuariivirga sp023266715, 95.0, 75.84, 0.067; GCA_900298995.1, s__Aestuariivirga sp900298995, 95.0, 75.7, 0.054; GCA_020441605.1, s__Aestuariivirga sp020441605, 95.0, 75.69, 0.044; GCA_014380505.1, s__Aestuariivirga sp014380505, 95.0, 75.65, 0.049	92.95	11	0.963	N/A
R5_EKDN230028433-1A_HKTC2DSX7_L3.18	d__Bacteria;p__Pseudomonadota;c__Alphaproteobacteria;o__Caulobacterales;f__Caulobacteraceae;g__Brevundimonas;s__	N/A	N/A	N/A	N/A	N/A	GCA_006515835.1	95.0	d__Bacteria;p__Pseudomonadota;c__Alphaproteobacteria;o__Caulobacterales;f__Caulobacteraceae;g__Brevundimonas;s__Brevundimonas sp006515835	90.17	0.771	d__Bacteria;p__Pseudomonadota;c__Alphaproteobacteria;o__Caulobacterales;f__Caulobacteraceae;g__Brevundimonas;s__	taxonomic classification defined by topology and ANI	classification based on placement in class-level tree	GCA_002343425.1, s__Brevundimonas sp002343425, 95.0, 88.61, 0.824; GCA_002483305.1, s__Brevundimonas sp002483305, 95.0, 88.36, 0.816; GCA_004296955.1, s__Brevundimonas sp004296955, 95.0, 88.17, 0.849; GCA_018826515.1, s__Brevundimonas sp018826515, 95.0, 87.67, 0.831; GCA_019746095.1, s__Brevundimonas sp019746095, 95.0, 87.49, 0.821; GCF_001427825.1, s__Brevundimonas sp001427825, 95.0, 86.33, 0.811; GCF_011927945.1, s__Brevundimonas alba, 95.0, 84.23, 0.786; GCA_016183935.1, s__Brevundimonas sp016183935, 95.0, 84.21, 0.741; GCA_018820665.1, s__Brevundimonas sp018820665, 95.0, 84.09, 0.705; GCF_014196335.1, s__Brevundimonas lenta, 95.0, 83.82, 0.816; GCF_014202075.1, s__Brevundimonas basaltis, 95.0, 83.68, 0.761; GCF_001425945.1, s__Brevundimonas sp001425945, 95.0, 83.47, 0.793; GCA_023259385.1, s__Brevundimonas sp023259385, 95.0, 83.26, 0.73; GCA_023424215.1, s__Brevundimonas sp023424215, 95.0, 82.89, 0.718; GCF_900116065.1, s__Brevundimonas viscosa, 95.0, 82.88, 0.756; GCA_012270135.1, s__Brevundimonas sp012270135, 95.0, 82.81, 0.63; GCA_015234495.1, s__Brevundimonas sp015234495, 95.0, 82.77, 0.574; GCA_023434265.1, s__Brevundimonas sp023434265, 95.0, 82.73, 0.708; GCF_006547065.1, s__Brevundimonas sp006547065, 95.0, 82.68, 0.766; GCA_016742215.1, s__Brevundimonas sp016742215, 95.0, 82.63, 0.537; GCA_013912005.1, s__Brevundimonas sp013912005, 95.0, 82.6, 0.766; GCA_001794825.1, s__Brevundimonas sp001794825, 95.0, 82.53, 0.768; GCA_023433655.1, s__Brevundimonas sp023433655, 95.0, 82.45, 0.632; GCA_023416055.1, s__Brevundimonas sp023416055, 95.0, 82.31, 0.564; GCA_016463295.1, s__Brevundimonas sp016463295, 95.0, 81.93, 0.695; GCF_002002865.1, s__Brevundimonas sp002002865, 95.0, 81.8, 0.68; GCF_011064825.1, s__Brevundimonas mediterranea_A, 95.0657, 81.69, 0.655; GCF_017487405.1, s__Brevundimonas goettingensis, 95.0, 81.68, 0.736; GCA_002280785.1, s__Brevundimonas subvibrioides_B, 95.0, 81.67, 0.725; GCF_000144605.1, s__Brevundimonas subvibrioides, 95.0, 81.66, 0.705; GCA_024711185.1, s__Brevundimonas sp024711185, 95.0, 81.56, 0.594; GCA_017302335.1, s__Brevundimonas sp017302335, 95.0, 81.51, 0.635; GCA_018820275.1, s__Brevundimonas sp018820275, 95.0, 81.46, 0.68; GCA_002479495.1, s__Brevundimonas sp002479495, 95.0, 81.43, 0.708; GCA_004210735.1, s__Brevundimonas sp004210735, 95.0, 81.36, 0.655; GCA_943913055.1, s__Brevundimonas sp943913055, 95.0, 81.34, 0.64; GCA_002434505.1, s__Brevundimonas sp002434505, 95.0, 81.34, 0.657; GCF_003627995.1, s__Brevundimonas naejangsanensis_B, 95.0, 81.33, 0.68; GCA_013912065.1, s__Brevundimonas sp013912065, 95.0, 81.32, 0.655; GCA_019636155.1, s__Brevundimonas sp019636155, 95.0, 81.28, 0.725; GCF_902506205.1, s__Brevundimonas sp902506205, 95.0, 81.24, 0.645; GCF_023503965.1, s__Brevundimonas albigilva, 95.0, 81.24, 0.698; GCF_017487345.1, s__Brevundimonas pondensis, 95.0, 81.21, 0.698; GCF_014196125.1, s__Brevundimonas mediterranea, 95.0657, 81.19, 0.68; GCF_014199955.1, s__Brevundimonas aurantiaca, 95.0, 81.16, 0.657; GCA_945874855.1, s__Brevundimonas vancanneytii_A, 95.0, 81.14, 0.587; GCF_004614235.1, s__Brevundimonas intermedia, 95.0, 81.13, 0.685; GCF_017795885.1, s__Brevundimonas sp017795885, 95.0, 81.13, 0.662; GCF_002157625.1, s__Brevundimonas sp002157625, 95.0, 81.1, 0.645; GCF_002979535.1, s__Brevundimonas sp002979535, 95.0, 81.1, 0.695; GCF_001424025.1, s__Brevundimonas sp001424025, 95.0, 81.08, 0.665; GCA_022712235.1, s__Brevundimonas sp022712235, 95.0, 81.05, 0.587; GCA_018820205.1, s__Brevundimonas sp018820205, 95.0, 81.04, 0.612; GCA_943913355.1, s__Brevundimonas sp943913355, 95.0, 81.03, 0.69; GCA_002292165.1, s__Brevundimonas sp002292165, 95.0, 81.01, 0.665; GCA_023390245.1, s__Brevundimonas sp023390245, 95.0, 80.98, 0.637; GCA_000335735.1, s__Brevundimonas sp000335735, 95.0, 80.97, 0.607; GCA_003248965.1, s__Brevundimonas sp003248965, 95.0, 80.96, 0.632; GCF_004683885.1, s__Brevundimonas sp004683885, 95.0, 80.93, 0.63; GCF_014218725.1, s__Brevundimonas huaxiensis, 95.2477, 80.92, 0.65; GCA_000318405.1, s__Brevundimonas diminuta_B, 95.0, 80.89, 0.642; GCF_001592205.1, s__Brevundimonas vesicularis, 95.0, 80.89, 0.615; GCF_022654015.1, s__Brevundimonas diminuta_C, 95.107, 80.86, 0.637; GCF_005484585.1, s__Brevundimonas sp005484585, 95.2477, 80.86, 0.652; GCA_003248455.1, s__Brevundimonas sp003248455, 95.0, 80.84, 0.65; GCA_019748095.1, s__Brevundimonas sp019748095, 95.0, 80.82, 0.632; GCA_016463485.1, s__Brevundimonas sp016463485, 95.0, 80.82, 0.65; GCF_014204545.1, s__Brevundimonas vesicularis_B, 95.0, 80.8, 0.65; GCF_003934285.1, s__Brevundimonas fluminis, 95.0, 80.8, 0.683; GCF_000701445.1, s__Brevundimonas bacteroides, 95.0, 80.79, 0.642; GCA_023451375.1, s__Brevundimonas sp023451375, 95.0, 80.79, 0.635; GCA_023386645.1, s__Brevundimonas sp023386645, 95.0, 80.76, 0.62; GCA_019748055.1, s__Brevundimonas sp019748055, 95.0, 80.75, 0.612; GCA_002280475.1, s__Brevundimonas subvibrioides_C, 95.0, 80.73, 0.668; GCF_017086445.1, s__Brevundimonas vesicularis_A, 95.0, 80.71, 0.662; GCF_023147505.1, s__Brevundimonas sp002484265, 95.0, 80.68, 0.627; GCF_016429195.1, s__Brevundimonas sp016429195, 95.0, 80.67, 0.62; GCF_020524625.1, s__Brevundimonas poindexterae, 95.0, 80.66, 0.599; GCA_001796045.1, s__Brevundimonas sp001796045, 95.0, 80.66, 0.537; GCF_017744255.1, s__Brevundimonas sp017744255, 95.0, 80.57, 0.635; GCF_001295975.1, s__Brevundimonas sp001295975, 95.0, 80.55, 0.622; GCF_016654005.1, s__Brevundimonas nasdae, 95.0, 80.54, 0.65; GCA_002479325.1, s__Brevundimonas sp002479325, 95.0, 80.52, 0.594; GCA_023456105.1, s__Brevundimonas sp023456105, 95.0, 80.45, 0.602; GCF_016656965.1, s__Brevundimonas vitisensis, 95.0, 80.44, 0.642; GCA_016742135.1, s__Brevundimonas sp016742135, 95.0, 80.4, 0.605; GCA_018608325.1, s__Brevundimonas sp018608325, 95.0, 80.39, 0.577; GCF_019443405.1, s__Brevundimonas sp019443405, 95.0, 80.31, 0.622; GCA_018826885.1, s__Brevundimonas sp018826885, 95.0, 80.26, 0.554; GCF_003704105.1, s__Brevundimonas lutea, 95.0, 80.22, 0.567; GCF_000466985.1, s__Brevundimonas abyssalis, 95.0, 80.22, 0.579; GCF_014199945.1, s__Brevundimonas variabilis, 95.0, 80.14, 0.554; GCA_013823285.1, s__Brevundimonas sp013823285, 95.0, 80.11, 0.552; GCA_003241825.1, s__Brevundimonas sp003241825, 95.0, 79.96, 0.496; GCA_019747095.1, s__Brevundimonas sp019747095, 95.0, 79.81, 0.547; GCA_023409795.1, s__Brevundimonas sp023409795, 95.0, 79.81, 0.479; GCA_020253595.1, s__Brevundimonas sp020253595, 95.0, 79.8, 0.484; GCA_013693835.1, s__Brevundimonas sp002426005, 95.0, 78.99, 0.451; GCA_002483865.1, s__Brevundimonas sp002483865, 95.0, 78.91, 0.355	67.25	11	0.99657	Genome has more than 11.7% of markers with multiple hits;Genome not assigned to closest species as it falls outside its pre-defined ANI radius
R5_EKDN230028433-1A_HKTC2DSX7_L3.29	d__Bacteria;p__Cyanobacteriota;c__Cyanobacteriia;o__Cyanobacteriales;f__Microcoleaceae;g__Microcoleus;s__	N/A	N/A	N/A	N/A	N/A	N/A	N/A	N/A	N/A	N/A	d__Bacteria;p__Cyanobacteriota;c__Cyanobacteriia;o__Cyanobacteriales;f__Microcoleaceae;g__Microcoleus;s__	taxonomic classification defined by topology and ANI	classification based on placement in class-level tree	GCA_013299185.1, s__Microcoleus sp013299185, 95.0, 91.6, 0.817; GCA_004292955.1, s__Microcoleus sp004292955, 95.0, 91.56, 0.78; GCA_004293365.1, s__Microcoleus sp004293365, 95.0, 90.9, 0.788; GCA_013299165.1, s__Microcoleus sp013299165, 95.0, 88.92, 0.782; GCF_015207455.1, s__Microcoleus sp015207455, 95.0, 87.82, 0.711; GCF_015207505.1, s__Microcoleus sp015207505, 95.0, 87.67, 0.713; GCA_014695295.1, s__Microcoleus sp014695295, 95.0, 87.63, 0.72; GCF_015207285.1, s__Microcoleus sp015207285, 95.0, 87.58, 0.691; GCA_003003725.1, s__Microcoleus sp003003725, 95.0, 87.55, 0.687; GCF_013179805.1, s__Microcoleus asticus, 95.0, 87.54, 0.709; GCF_000317475.1, s__Microcoleus sp000317475, 95.0, 87.23, 0.771; GCF_022701275.1, s__Microcoleus vaginatus_A, 95.0, 87.18, 0.733; GCA_014695175.1, s__Microcoleus sp014695175, 95.0, 87.16, 0.687; GCF_022701255.1, s__Microcoleus vaginatus_B, 95.0, 87.02, 0.73; GCA_003542015.1, s__Microcoleus sp003542015, 95.0, 84.25, 0.722; GCA_003483675.1, s__Microcoleus sp003483675, 95.0, 84.08, 0.712; GCF_002412335.2, s__Microcoleus bourrellyi, 95.0, 84.08, 0.696; GCA_004294385.1, s__Microcoleus sp004294385, 95.0, 83.67, 0.67; GCA_012035135.1, s__Microcoleus sp012035135, 95.0, 83.28, 0.689; GCF_021648855.1, s__Microcoleus sp021648855, 95.0, 83.24, 0.702; GCA_020882975.1, s__Microcoleus sp020882975, 95.0, 83.11, 0.643; GCA_004292745.1, s__Microcoleus sp004292745, 95.0, 83.08, 0.697; GCA_020883125.1, s__Microcoleus sp020883125, 95.0, 83.07, 0.655; GCA_012034575.1, s__Microcoleus sp012034575, 95.0, 81.18, 0.596	91.06	11	0.98968	Genome not assigned to closest species as it falls outside its pre-defined ANI radius
R5_EKDN230028433-1A_HKTC2DSX7_L3.3	d__Bacteria;p__Pseudomonadota;c__Gammaproteobacteria;o__Burkholderiales;f__Methylophilaceae;g__GCA-2401735;s__	N/A	N/A	N/A	N/A	N/A	N/A	N/A	N/A	N/A	N/A	d__Bacteria;p__Pseudomonadota;c__Gammaproteobacteria;o__Burkholderiales;f__Methylophilaceae;g__GCA-2401735;s__	taxonomic novelty determined using RED	classification based on placement in class-level tree	N/A	78.65	11	0.93197	N/A
R5_EKDN230028433-1A_HKTC2DSX7_L3.32	d__Bacteria;p__Pseudomonadota;c__Alphaproteobacteria;o__Rhizobiales;f__Beijerinckiaceae;g__28-YEA-48;s__	N/A	N/A	N/A	N/A	N/A	GCA_945901195.1	95.0	d__Bacteria;p__Pseudomonadota;c__Alphaproteobacteria;o__Rhizobiales;f__Beijerinckiaceae;g__28-YEA-48;s__28-YEA-48 sp945901195	78.24	0.344	d__Bacteria;p__Pseudomonadota;c__Alphaproteobacteria;o__Rhizobiales;f__Beijerinckiaceae;g__28-YEA-48;s__	taxonomic classification defined by topology and ANI	classification based on placement in class-level tree	GCA_903847605.1, s__28-YEA-48 sp903847605, 95.0, 78.16, 0.461; GCA_903851305.1, s__28-YEA-48 sp903851305, 95.0, 77.1, 0.138; GCA_019747375.1, s__28-YEA-48 sp019747375, 95.0, 77.04, 0.112; GCA_903861645.1, s__28-YEA-48 sp903861645, 95.0, 76.93, 0.135; GCA_903889985.1, s__28-YEA-48 sp903889985, 95.0, 76.92, 0.112; GCA_945878875.1, s__28-YEA-48 sp945878875, 95.0, 76.87, 0.175; GCA_903916165.1, s__28-YEA-48 sp903916165, 95.0, 76.85, 0.146; GCF_900104955.1, s__28-YEA-48 sp900104955, 95.0, 76.85, 0.168; GCA_001898965.1, s__28-YEA-48 sp001898965, 95.0, 76.78, 0.171; GCA_903902915.1, s__28-YEA-48 sp903902915, 95.0, 76.59, 0.145; GCA_903918155.1, s__28-YEA-48 sp903918155, 95.0, 76.53, 0.17; GCA_903931945.1, s__28-YEA-48 sp903931945, 95.0, 76.47, 0.11; GCA_903885755.1, s__28-YEA-48 sp903885755, 95.0, 76.38, 0.094; GCA_903897875.1, s__28-YEA-48 sp903897875, 95.0, 76.34, 0.088; GCA_903825465.1, s__28-YEA-48 sp903825465, 95.0, 76.33, 0.092; GCA_903903935.1, s__28-YEA-48 sp903903935, 95.0, 76.15, 0.111; GCA_903884435.1, s__28-YEA-48 sp903884435, 95.0, 76.13, 0.112; GCA_900299065.1, s__28-YEA-48 sp900299065, 95.0, 76.06, 0.1; GCA_903932565.1, s__28-YEA-48 sp903932565, 95.0, 76.04, 0.084	89.49	11	0.97743	N/A
R5_EKDN230028433-1A_HKTC2DSX7_L3.37	d__Bacteria;p__Pseudomonadota;c__Alphaproteobacteria;o__Sphingomonadales;f__Sphingomonadaceae;g__Aquisediminimonas;s__	N/A	N/A	N/A	N/A	N/A	GCA_002478575.1	95.0	d__Bacteria;p__Pseudomonadota;c__Alphaproteobacteria;o__Sphingomonadales;f__Sphingomonadaceae;g__Aquisediminimonas;s__Aquisediminimonas sp002478575	76.32	0.147	d__Bacteria;p__Pseudomonadota;c__Alphaproteobacteria;o__Sphingomonadales;f__Sphingomonadaceae;g__Aquisediminimonas;s__	taxonomic classification defined by topology and ANI	classification based on placement in class-level tree	GCA_016714795.1, s__Aquisediminimonas sp016714795, 95.0, 77.2, 0.171; GCA_016704425.1, s__Aquisediminimonas sp016704425, 95.0, 77.13, 0.116; GCA_009923795.1, s__Aquisediminimonas sp009923795, 95.0, 77.03, 0.123; GCA_005518185.1, s__Aquisediminimonas godavariana, 95.0, 76.96, 0.17; GCA_903839675.1, s__Aquisediminimonas sp903839675, 95.0, 76.88, 0.15; GCF_019443285.1, s__Aquisediminimonas profunda, 95.0, 76.88, 0.1; GCA_903958285.1, s__Aquisediminimonas sp903958285, 95.0, 76.87, 0.171; GCA_024645025.1, s__Aquisediminimonas sp024645025, 95.0, 76.62, 0.117; GCA_945860425.1, s__Aquisediminimonas paucimobilis_A, 95.0, 76.54, 0.135; GCA_009920915.1, s__Aquisediminimonas sp009920915, 95.0, 76.46, 0.12; GCA_018970965.1, s__Aquisediminimonas sp018970965, 95.0, 75.96, 0.114	90.15	11	0.94928	N/A
R5_EKDN230028433-1A_HKTC2DSX7_L3.38	d__Bacteria;p__Actinomycetota;c__Acidimicrobiia;o__Acidimicrobiales;f__;g__;s__	N/A	N/A	N/A	N/A	N/A	N/A	N/A	N/A	N/A	N/A	d__Bacteria;p__Actinomycetota;c__Acidimicrobiia;o__Acidimicrobiales;f__;g__;s__	taxonomic classification fully defined by topology	classification based on placement in class-level tree	N/A	84.05	11	0.58005	N/A
R5_EKDN230028433-1A_HKTC2DSX7_L3.52	d__Bacteria;p__Planctomycetota;c__Planctomycetia;o__Planctomycetales;f__Planctomycetaceae;g__TH-plancto1;s__	N/A	N/A	N/A	N/A	N/A	GCA_003669575.1	95.0	d__Bacteria;p__Planctomycetota;c__Planctomycetia;o__Planctomycetales;f__Planctomycetaceae;g__TH-plancto1;s__TH-plancto1 sp003669575	77.87	0.284	d__Bacteria;p__Planctomycetota;c__Planctomycetia;o__Planctomycetales;f__Planctomycetaceae;g__TH-plancto1;s__	taxonomic classification defined by topology and ANI	classification based on placement in class-level tree	GCA_003671275.1, s__TH-plancto1 sp003671275, 95.0, 78.48, 0.209	76.78	11	0.9656	N/A
R6_EKDN230028434-1A_HKTC2DSX7_L3.21	d__Bacteria;p__Planctomycetota;c__Planctomycetia;o__Planctomycetales;f__Planctomycetaceae;g__TH-plancto1;s__	N/A	N/A	N/A	N/A	N/A	GCA_003669575.1	95.0	d__Bacteria;p__Planctomycetota;c__Planctomycetia;o__Planctomycetales;f__Planctomycetaceae;g__TH-plancto1;s__TH-plancto1 sp003669575	77.87	0.295	d__Bacteria;p__Planctomycetota;c__Planctomycetia;o__Planctomycetales;f__Planctomycetaceae;g__TH-plancto1;s__	taxonomic classification defined by topology and ANI	classification based on placement in class-level tree	GCA_003671275.1, s__TH-plancto1 sp003671275, 95.0, 78.45, 0.223	81.49	11	0.96486	N/A
R6_EKDN230028434-1A_HKTC2DSX7_L3.25	d__Bacteria;p__Bacteroidota;c__Bacteroidia;o__Chitinophagales;f__Saprospiraceae;g__JAAFJT01;s__	N/A	N/A	N/A	N/A	N/A	GCA_016787525.1	95.0	d__Bacteria;p__Bacteroidota;c__Bacteroidia;o__Chitinophagales;f__Saprospiraceae;g__JAAFJT01;s__JAAFJT01 sp016787525	75.92	0.152	d__Bacteria;p__Bacteroidota;c__Bacteroidia;o__Chitinophagales;f__Saprospiraceae;g__JAAFJT01;s__	taxonomic classification defined by topology and ANI	classification based on placement in class-level tree	GCA_013298955.1, s__JAAFJT01 sp013298955, 95.0, 76.69, 0.082	66.97	11	0.92456	N/A
R6_EKDN230028434-1A_HKTC2DSX7_L3.38	d__Bacteria;p__Pseudomonadota;c__Alphaproteobacteria;o__Rhizobiales;f__Beijerinckiaceae;g__28-YEA-48;s__	N/A	N/A	N/A	N/A	N/A	GCA_945901195.1	95.0	d__Bacteria;p__Pseudomonadota;c__Alphaproteobacteria;o__Rhizobiales;f__Beijerinckiaceae;g__28-YEA-48;s__28-YEA-48 sp945901195	78.15	0.34	d__Bacteria;p__Pseudomonadota;c__Alphaproteobacteria;o__Rhizobiales;f__Beijerinckiaceae;g__28-YEA-48;s__	taxonomic classification defined by topology and ANI	classification based on placement in class-level tree	GCA_903847605.1, s__28-YEA-48 sp903847605, 95.0, 77.96, 0.46; GCA_945878875.1, s__28-YEA-48 sp945878875, 95.0, 76.91, 0.172; GCA_903861645.1, s__28-YEA-48 sp903861645, 95.0, 76.89, 0.132; GCA_001898965.1, s__28-YEA-48 sp001898965, 95.0, 76.85, 0.165; GCA_019747375.1, s__28-YEA-48 sp019747375, 95.0, 76.85, 0.114; GCF_900104955.1, s__28-YEA-48 sp900104955, 95.0, 76.79, 0.178; GCA_903851305.1, s__28-YEA-48 sp903851305, 95.0, 76.77, 0.138; GCA_903889985.1, s__28-YEA-48 sp903889985, 95.0, 76.71, 0.103; GCA_903902915.1, s__28-YEA-48 sp903902915, 95.0, 76.62, 0.147; GCA_903916165.1, s__28-YEA-48 sp903916165, 95.0, 76.57, 0.144; GCA_903918155.1, s__28-YEA-48 sp903918155, 95.0, 76.54, 0.17; GCA_903932565.1, s__28-YEA-48 sp903932565, 95.0, 76.32, 0.086; GCA_903931945.1, s__28-YEA-48 sp903931945, 95.0, 76.32, 0.11; GCA_903885755.1, s__28-YEA-48 sp903885755, 95.0, 76.26, 0.092; GCA_903825465.1, s__28-YEA-48 sp903825465, 95.0, 76.24, 0.09; GCA_903903935.1, s__28-YEA-48 sp903903935, 95.0, 76.18, 0.117; GCA_903897875.1, s__28-YEA-48 sp903897875, 95.0, 76.16, 0.086; GCA_903884435.1, s__28-YEA-48 sp903884435, 95.0, 76.11, 0.101; GCA_900299065.1, s__28-YEA-48 sp900299065, 95.0, 75.97, 0.09	88.36	11	0.97764	N/A
R6_EKDN230028434-1A_HKTC2DSX7_L3.43	d__Bacteria;p__Pseudomonadota;c__Alphaproteobacteria;o__Sphingomonadales;f__Sphingomonadaceae;g__Novosphingobium;s__	N/A	N/A	N/A	N/A	N/A	N/A	N/A	N/A	N/A	N/A	d__Bacteria;p__Pseudomonadota;c__Alphaproteobacteria;o__Sphingomonadales;f__Sphingomonadaceae;g__Novosphingobium;s__	taxonomic classification defined by topology and ANI	classification based on placement in class-level tree	GCA_013822005.1, s__Novosphingobium sp013822005, 95.0, 87.27, 0.757; GCA_018334165.1, s__Novosphingobium sp018334165, 95.0, 87.14, 0.668; GCA_020852455.1, s__Novosphingobium sp020852455, 95.0, 83.77, 0.739; GCA_002440635.1, s__Novosphingobium sp002440635, 95.0, 81.89, 0.624; GCA_017302615.1, s__Novosphingobium sp017302615, 95.0, 81.13, 0.58; GCA_016719755.1, s__Novosphingobium sp016719755, 95.0, 80.59, 0.538; GCA_015657645.1, s__Novosphingobium sp015657645, 95.0, 80.59, 0.513; GCF_002198665.1, s__Novosphingobium sp002198665, 95.0, 80.58, 0.577; GCA_013141325.1, s__Novosphingobium sp013141325, 95.0, 80.54, 0.59; GCA_024236215.1, s__Novosphingobium sp024236215, 95.0, 80.48, 0.528; GCA_009885425.1, s__Novosphingobium sp009885425, 95.0, 80.09, 0.638; GCA_002454125.1, s__Novosphingobium sp002454125, 95.0, 80.05, 0.534; GCA_017987575.1, s__Novosphingobium sp017987575, 95.0, 79.97, 0.567; GCA_021299075.1, s__Novosphingobium sp021299075, 95.0, 79.97, 0.541; GCF_014652615.1, s__Novosphingobium arvoryzae, 95.0, 79.92, 0.507; GCA_009926135.1, s__Novosphingobium sp009926135, 95.0, 79.84, 0.476; GCA_018241045.1, s__Novosphingobium sp018241045, 95.0, 79.75, 0.372; GCF_007954425.1, s__Novosphingobium ginsenosidimutans, 95.0, 79.7, 0.493; GCF_002813245.1, s__Novosphingobium kunmingense, 95.0, 79.54, 0.497; GCA_018240895.1, s__Novosphingobium sp018240895, 95.0, 79.14, 0.415; GCF_014230305.1, s__Novosphingobium aerophilum, 95.0, 78.93, 0.385; GCA_018242165.1, s__Novosphingobium sp018242165, 95.0, 78.83, 0.448; GCF_014230355.1, s__Novosphingobium piscinae, 95.0, 78.75, 0.361; GCF_002855555.1, s__Novosphingobium sp002855555, 95.0, 78.75, 0.367; GCA_020848655.1, s__Novosphingobium sp020848655, 95.0, 78.65, 0.338; GCF_014230315.1, s__Novosphingobium flavum, 95.0, 78.59, 0.367; GCA_017302775.1, s__Novosphingobium sp017302775, 95.0, 78.57, 0.305; GCA_024642085.1, s__Novosphingobium sp024642085, 95.0, 78.56, 0.382; GCF_020179475.1, s__Novosphingobium huizhouense, 95.0, 78.5, 0.37; GCF_020179425.1, s__Novosphingobium percolationis, 95.0, 78.47, 0.361; GCF_001014975.1, s__Novosphingobium sp002336885, 95.0, 78.46, 0.349; GCF_001590965.1, s__Novosphingobium lentum, 95.0, 78.43, 0.387; GCF_009707465.1, s__Novosphingobium sp009707465, 95.0, 78.35, 0.327; GCF_005145025.1, s__Novosphingobium sp005145025, 95.0, 78.29, 0.373; GCF_012927405.1, s__Novosphingobium olei, 95.0, 78.28, 0.338; GCA_001725355.1, s__Novosphingobium sp001725355, 95.0, 78.24, 0.344; GCA_004211435.1, s__Novosphingobium sp004211435, 95.0, 78.21, 0.31; GCF_019075875.1, s__Novosphingobium sp019075875, 95.0, 78.2, 0.355; GCA_021782155.1, s__Novosphingobium sp021782155, 95.0, 78.19, 0.322; GCA_013791705.1, s__Novosphingobium sp013791705, 95.0, 78.17, 0.292; GCF_003454795.1, s__Novosphingobium sp003454795, 95.0, 78.16, 0.313; GCF_014652855.1, s__Novosphingobium pokkalii, 95.0, 78.16, 0.349; GCF_015694345.1, s__Novosphingobium jiangmenense, 95.0, 78.16, 0.333; GCA_018971065.1, s__Novosphingobium sp018971065, 95.0, 78.15, 0.301; GCF_014652555.1, s__Novosphingobium colocasiae, 95.0, 78.13, 0.32; GCA_020200285.1, s__Novosphingobium sp020200285, 95.0, 78.08, 0.389; GCF_001598375.1, s__Novosphingobium capsulatum, 95.0, 78.04, 0.347; GCF_900176395.1, s__Novosphingobium sp900176395, 95.0, 78.03, 0.294; GCF_001519075.1, s__Novosphingobium fuchskuhlense, 95.0, 78.03, 0.307; GCA_015661825.1, s__Novosphingobium capsulatum_A, 95.0, 78.0, 0.289; GCA_019748365.1, s__Novosphingobium sp019748365, 95.0, 77.98, 0.312; GCF_900117425.1, s__Novosphingobium sp900117425, 95.0, 77.98, 0.335; GCF_000013325.1, s__Novosphingobium aromaticivorans, 95.0, 77.98, 0.286; GCF_012932495.1, s__Novosphingobium sp012932495, 95.0, 77.97, 0.334; GCF_000807925.1, s__Novosphingobium subterraneum, 95.0, 77.95, 0.31; GCF_020404405.1, s__Novosphingobium sp020404405, 95.0, 77.95, 0.336; GCF_006874585.1, s__Novosphingobium sp006874585, 95.0, 77.95, 0.322; GCF_007830315.1, s__Novosphingobium taihuense, 95.0, 77.93, 0.309; GCA_023266625.1, s__Novosphingobium sp023266625, 95.0, 77.93, 0.313; GCF_900113255.1, s__Novosphingobium sp900113255, 95.0, 77.89, 0.283; GCF_004341845.1, s__Novosphingobium sp004341845, 95.0, 77.86, 0.315; GCF_014204535.1, s__Novosphingobium chloroacetimidivorans, 95.0, 77.85, 0.282; GCA_945906105.1, s__Novosphingobium sp945906105, 95.0, 77.85, 0.295; GCA_019510335.1, s__Novosphingobium sp019510335, 95.0, 77.82, 0.268; GCF_007991615.1, s__Novosphingobium sediminis, 95.0, 77.82, 0.322; GCA_025153475.1, s__Novosphingobium sp025153475, 95.0, 77.8, 0.302; GCF_000767465.1, s__Novosphingobium pentaromativorans, 95.0, 77.8, 0.287; GCF_002556635.1, s__Novosphingobium sp002556635, 95.0, 77.78, 0.287; GCF_004342985.1, s__Novosphingobium sp004342985, 95.0, 77.77, 0.281; GCA_903828025.1, s__Novosphingobium sp903828025, 95.0, 77.77, 0.267; GCF_000445125.1, s__Novosphingobium lindaniclasticum, 95.0, 77.75, 0.255; GCF_014640675.1, s__Novosphingobium endophyticum, 95.0, 77.72, 0.261; GCA_903834285.1, s__Novosphingobium sp903834285, 95.0, 77.69, 0.266; GCF_021227995.1, s__Novosphingobium sp021227995, 95.0, 77.68, 0.295; GCA_945906005.1, s__Novosphingobium sp945906005, 95.0, 77.68, 0.252; GCF_900168325.1, s__Novosphingobium mathurense, 95.0, 77.59, 0.26; GCF_013408095.1, s__Novosphingobium marinum, 95.0, 77.57, 0.212; GCA_024236175.1, s__Novosphingobium sp024236175, 95.0, 77.57, 0.25; GCF_001298105.1, s__Novosphingobium sp001298105, 95.0, 77.51, 0.288; GCA_903970225.1, s__Novosphingobium sp903970225, 95.0, 77.48, 0.232; GCF_009746585.1, s__Novosphingobium aquimarinum, 95.0, 77.48, 0.272; GCF_012275515.1, s__Novosphingobium sp001898925, 95.0, 77.47, 0.257; GCF_012641335.1, s__Novosphingobium sp012641335, 95.0, 77.45, 0.277; GCF_902506425.1, s__Novosphingobium sp902506425, 95.0, 77.44, 0.259; GCF_009909235.1, s__Novosphingobium ovatum, 95.0, 77.41, 0.25; GCF_000192575.1, s__Novosphingobium nitrogenifigens, 95.0, 77.41, 0.23; GCF_001598555.1, s__Novosphingobium rosa, 95.0, 77.4, 0.278; GCF_014196525.1, s__Novosphingobium sediminicola, 95.0, 77.39, 0.262; GCF_014196615.1, s__Novosphingobium fluoreni, 95.0, 77.38, 0.233; GCF_017163935.1, s__Novosphingobium sp017163935, 95.0, 77.38, 0.278; GCA_903923465.1, s__Novosphingobium sp903923465, 95.0, 77.35, 0.225; GCF_013149295.1, s__Novosphingobium sp013149295, 95.0, 77.29, 0.256; GCF_002916655.1, s__Novosphingobium sp002916655, 95.0, 77.2, 0.201; GCA_020446505.1, s__Novosphingobium sp020446505, 95.0, 77.19, 0.202; GCA_020446595.1, s__Novosphingobium sp020446595, 95.0, 77.09, 0.188; GCA_903911985.1, s__Novosphingobium sp903911985, 95.0, 77.03, 0.196; GCA_002336765.1, s__Novosphingobium sp002336765, 95.0, 76.92, 0.208; GCA_903858875.1, s__Novosphingobium sp903858875, 95.0, 76.9, 0.184; GCA_019090585.1, s__Novosphingobium sp019090585, 95.0, 76.49, 0.152; GCA_020446575.1, s__Novosphingobium sp020446575, 95.0, 76.45, 0.154	73.8	11	0.99227	Genome not assigned to closest species as it falls outside its pre-defined ANI radius
R6_EKDN230028434-1A_HKTC2DSX7_L3.44	d__Bacteria;p__Bacteroidota;c__Bacteroidia;o__Chitinophagales;f__Saprospiraceae;g__JAAFJT01;s__	N/A	N/A	N/A	N/A	N/A	GCA_013298955.1	95.0	d__Bacteria;p__Bacteroidota;c__Bacteroidia;o__Chitinophagales;f__Saprospiraceae;g__JAAFJT01;s__JAAFJT01 sp013298955	88.54	0.752	d__Bacteria;p__Bacteroidota;c__Bacteroidia;o__Chitinophagales;f__Saprospiraceae;g__JAAFJT01;s__	taxonomic classification defined by topology and ANI	classification based on placement in class-level tree	GCA_016787525.1, s__JAAFJT01 sp016787525, 95.0, 75.24, 0.056	95.79	11	0.99135	Genome not assigned to closest species as it falls outside its pre-defined ANI radius
R6_EKDN230028434-1A_HKTC2DSX7_L3.5	d__Bacteria;p__Pseudomonadota;c__Gammaproteobacteria;o__Burkholderiales;f__Methylophilaceae;g__GCA-2401735;s__	N/A	N/A	N/A	N/A	N/A	N/A	N/A	N/A	N/A	N/A	d__Bacteria;p__Pseudomonadota;c__Gammaproteobacteria;o__Burkholderiales;f__Methylophilaceae;g__GCA-2401735;s__	taxonomic novelty determined using RED	classification based on placement in class-level tree	N/A	77.42	11	0.93129	N/A
R6_EKDN230028434-1A_HKTC2DSX7_L3.50	d__Bacteria;p__Pseudomonadota;c__Gammaproteobacteria;o__Burkholderiales;f__Burkholderiaceae_B;g__Aquabacterium;s__	N/A	N/A	N/A	N/A	N/A	N/A	N/A	N/A	N/A	N/A	d__Bacteria;p__Pseudomonadota;c__Gammaproteobacteria;o__Burkholderiales;f__Burkholderiaceae_B;g__Aquabacterium;s__	ANI	classification based on placement in class-level tree	GCF_004310865.1, s__Aquabacterium lacunae, 95.0, 79.4, 0.455; GCF_004362855.1, s__Aquabacterium commune, 95.0, 79.38, 0.396; GCA_016195855.1, s__Aquabacterium sp016195855, 95.0, 79.35, 0.428; GCF_000768065.1, s__Aquabacterium sp000768065, 95.0, 79.32, 0.454; GCA_001770725.1, s__Aquabacterium sp001770725, 95.0, 79.27, 0.404; GCA_023266355.1, s__Aquabacterium sp903894125, 95.6, 79.25, 0.396; GCF_009909205.1, s__Aquabacterium fontiphilum, 95.0, 79.15, 0.355; GCA_017989885.1, s__Aquabacterium sp017989885, 95.0, 79.07, 0.3; GCA_001770775.1, s__Aquabacterium sp001770775, 95.0, 79.05, 0.37; GCA_017994835.1, s__Aquabacterium sp017994835, 95.0, 79.05, 0.299; GCF_003933735.1, s__Aquabacterium soli, 95.0, 79.04, 0.46; GCA_021819435.1, s__Aquabacterium sp021819435, 95.0, 79.0, 0.388; GCA_005502875.1, s__Aquabacterium sp005502875, 95.0, 78.93, 0.384; GCA_019112875.1, s__Aquabacterium excrementipullorum, 95.0, 78.93, 0.416; GCA_013822685.1, s__Aquabacterium sp013822685, 95.0, 78.9, 0.422; GCA_003963115.1, s__Aquabacterium sp003963115, 95.0, 78.89, 0.395; GCA_002339015.1, s__Aquabacterium sp002339015, 95.0, 78.85, 0.425; GCF_001447195.1, s__Aquabacterium parvum, 95.0, 78.85, 0.407; GCA_016185075.1, s__Aquabacterium sp016185075, 95.0, 78.85, 0.316; GCF_003100395.1, s__Aquabacterium olei, 95.0, 78.83, 0.349; GCF_918741295.1, s__Aquabacterium sp918741295, 95.0, 78.79, 0.434; GCA_943908475.1, s__Aquabacterium sp943908475, 95.0, 78.78, 0.387; GCA_021768455.1, s__Aquabacterium sp021768455, 95.0, 78.74, 0.384; GCA_004297345.1, s__Aquabacterium sp004297345, 95.0, 78.66, 0.357; GCA_016000265.1, s__Aquabacterium sp016000265, 95.0, 78.65, 0.376; GCA_016234775.1, s__Aquabacterium sp016234775, 95.0, 78.62, 0.363; GCA_022566735.1, s__Aquabacterium sp022566735, 95.0, 78.45, 0.385; GCA_913773725.1, s__Aquabacterium sp913773725, 95.0, 78.44, 0.358; GCA_903871865.1, s__Aquabacterium sp903871865, 95.6, 78.22, 0.231; GCA_014378415.1, s__Aquabacterium sp014378415, 95.0, 78.2, 0.366; GCA_016219375.1, s__Aquabacterium sp016219375, 95.0, 78.0, 0.296; GCA_004322345.1, s__Aquabacterium sp004322345, 95.0, 77.61, 0.255	82.92	11	0.96737	N/A
R6_EKDN230028434-1A_HKTC2DSX7_L3.53	d__Bacteria;p__Verrucomicrobiota;c__Verrucomicrobiae;o__Verrucomicrobiales;f__Akkermansiaceae;g__Luteolibacter;s__	N/A	N/A	N/A	N/A	N/A	GCA_945885485.1	95.0	d__Bacteria;p__Verrucomicrobiota;c__Verrucomicrobiae;o__Verrucomicrobiales;f__Akkermansiaceae;g__Luteolibacter;s__Luteolibacter sp945885485	82.66	0.508	d__Bacteria;p__Verrucomicrobiota;c__Verrucomicrobiae;o__Verrucomicrobiales;f__Akkermansiaceae;g__Luteolibacter;s__	taxonomic classification defined by topology and ANI	classification based on placement in class-level tree	GCA_021298895.1, s__Luteolibacter sp021298895, 95.0, 80.57, 0.463; GCA_945883455.1, s__Luteolibacter sp945883455, 95.0, 77.61, 0.15; GCA_945870545.1, s__Luteolibacter muciniphila_A, 95.0, 77.5, 0.151; GCA_945869855.1, s__Luteolibacter sp945869855, 95.0, 77.43, 0.158; GCA_945870855.1, s__Luteolibacter sp945870855, 95.0, 77.39, 0.15; GCA_945862245.1, s__Luteolibacter sp945862245, 95.0, 77.35, 0.133; GCA_018402445.1, s__Luteolibacter sp018402445, 95.0, 77.34, 0.165; GCA_905478925.1, s__Luteolibacter sp905478925, 95.0, 77.28, 0.145; GCA_905182475.1, s__Luteolibacter sp905182475, 95.0, 77.27, 0.143; GCA_017798145.1, s__Luteolibacter sp017798145, 95.0, 76.97, 0.131; GCA_945901795.1, s__Luteolibacter muciniphila_B, 95.0, 76.94, 0.084; GCA_903906515.1, s__Luteolibacter sp903906515, 95.0, 76.88, 0.072; GCA_020047775.1, s__Luteolibacter sp020047775, 95.0, 76.77, 0.046; GCF_016595435.1, s__Luteolibacter pohnpeiensis, 95.0, 76.67, 0.064; GCA_945879075.1, s__Luteolibacter muciniphila_C, 95.0, 76.57, 0.074; GCA_903919975.1, s__Luteolibacter sp903919975, 95.0, 76.55, 0.081; GCA_945869465.1, s__Luteolibacter sp945869465, 95.0, 76.53, 0.043; GCA_003820635.1, s__Luteolibacter sp003820635, 95.0, 76.53, 0.07; GCA_014379305.1, s__Luteolibacter sp014379305, 95.0, 76.48, 0.073; GCA_023253625.1, s__Luteolibacter sp023253625, 95.0, 76.45, 0.047; GCA_913063525.1, s__Luteolibacter sp913063525, 95.0, 76.44, 0.05; GCA_021733795.1, s__Luteolibacter sp021733795, 95.0, 76.38, 0.049; GCA_012032235.1, s__Luteolibacter sp012032235, 95.0, 76.34, 0.042; GCA_005787565.1, s__Luteolibacter sp005787565, 95.0, 76.34, 0.058; GCA_002307065.1, s__Luteolibacter sp002307065, 95.0, 76.27, 0.061; GCA_004294095.1, s__Luteolibacter sp004294095, 95.0, 76.27, 0.054; GCA_903934285.1, s__Luteolibacter sp903934285, 95.0, 76.18, 0.045; GCF_016595465.1, s__Luteolibacter yonseiensis, 95.0, 76.12, 0.072; GCA_009885905.1, s__Luteolibacter sp009885905, 95.0, 76.09, 0.033; GCA_024233135.1, s__Luteolibacter sp024233135, 95.0, 76.05, 0.038; GCA_018969605.1, s__Luteolibacter sp018969605, 95.0, 76.0, 0.063; GCA_903837825.1, s__Luteolibacter sp903837825, 95.0, 75.92, 0.055; GCA_903908495.1, s__Luteolibacter sp903908495, 95.0, 75.91, 0.037; GCA_903888515.1, s__Luteolibacter sp903888515, 95.0, 75.89, 0.047; GCA_903826205.1, s__Luteolibacter sp903826205, 95.0, 75.81, 0.041; GCA_903909905.1, s__Luteolibacter sp903909905, 95.0, 75.8, 0.059; GCA_016871685.1, s__Luteolibacter sp016871685, 95.0, 75.76, 0.029; GCA_903930425.1, s__Luteolibacter sp903930425, 95.0, 75.71, 0.022; GCF_018137965.1, s__Luteolibacter ambystomatis, 95.0, 75.7, 0.042; GCA_903875675.1, s__Luteolibacter sp903875675, 95.0, 75.69, 0.035; GCA_007126655.1, s__Luteolibacter sp007126655, 95.0, 75.59, 0.046; GCA_019634595.1, s__Luteolibacter sp019634595, 95.0, 75.59, 0.043; GCA_903827375.1, s__Luteolibacter sp903827375, 95.0, 75.57, 0.032; GCA_017301995.1, s__Luteolibacter sp017301995, 95.0, 75.46, 0.053; GCA_008932955.1, s__Luteolibacter sp008932955, 95.0, 75.32, 0.018; GCA_008932935.1, s__Luteolibacter sp008932935, 95.0, 74.94, 0.024	68.04	11	0.98767	Genome not assigned to closest species as it falls outside its pre-defined ANI radius
R6_EKDN230028434-1A_HKTC2DSX7_L3.56	d__Bacteria;p__Pseudomonadota;c__Alphaproteobacteria;o__Sphingomonadales;f__Sphingomonadaceae;g__Novosphingobium;s__	N/A	N/A	N/A	N/A	N/A	N/A	N/A	N/A	N/A	N/A	d__Bacteria;p__Pseudomonadota;c__Alphaproteobacteria;o__Sphingomonadales;f__Sphingomonadaceae;g__Novosphingobium;s__	taxonomic classification defined by topology and ANI	classification based on placement in class-level tree	GCA_019748365.1, s__Novosphingobium sp019748365, 95.0, 85.93, 0.8; GCF_007991615.1, s__Novosphingobium sediminis, 95.0, 85.63, 0.841; GCF_900117425.1, s__Novosphingobium sp900117425, 95.0, 85.56, 0.849; GCF_001519075.1, s__Novosphingobium fuchskuhlense, 95.0, 85.45, 0.837; GCA_903834285.1, s__Novosphingobium sp903834285, 95.0, 84.95, 0.741; GCA_903828025.1, s__Novosphingobium sp903828025, 95.0, 83.13, 0.59; GCF_020179425.1, s__Novosphingobium percolationis, 95.0, 80.63, 0.574; GCF_001014975.1, s__Novosphingobium sp002336885, 95.0, 80.33, 0.547; GCF_020179475.1, s__Novosphingobium huizhouense, 95.0, 80.26, 0.57; GCF_005145025.1, s__Novosphingobium sp005145025, 95.0, 80.25, 0.552; GCA_001725355.1, s__Novosphingobium sp001725355, 95.0, 80.24, 0.514; GCF_015694345.1, s__Novosphingobium jiangmenense, 95.0, 80.23, 0.543; GCF_012927405.1, s__Novosphingobium olei, 95.0, 80.13, 0.535; GCF_001590965.1, s__Novosphingobium lentum, 95.0, 79.86, 0.511; GCA_015661825.1, s__Novosphingobium capsulatum_A, 95.0, 79.84, 0.424; GCF_003454795.1, s__Novosphingobium sp003454795, 95.0, 79.79, 0.52; GCA_002256985.1, s__Novosphingobium sp002256985, 95.0, 79.71, 0.548; GCF_000013325.1, s__Novosphingobium aromaticivorans, 95.0, 79.7, 0.493; GCF_007830315.1, s__Novosphingobium taihuense, 95.0, 79.63, 0.528; GCF_003171715.1, s__Novosphingobium meiothermophilum, 95.0, 79.59, 0.482; GCF_014652855.1, s__Novosphingobium pokkalii, 95.0, 79.58, 0.544; GCF_000807925.1, s__Novosphingobium subterraneum, 95.0, 79.55, 0.509; GCF_020404405.1, s__Novosphingobium sp020404405, 95.0, 79.52, 0.54; GCF_900176395.1, s__Novosphingobium sp900176395, 95.0, 79.5, 0.47; GCF_001598375.1, s__Novosphingobium capsulatum, 95.0, 79.45, 0.537; GCF_012641335.1, s__Novosphingobium sp012641335, 95.0, 79.41, 0.47; GCF_012932495.1, s__Novosphingobium sp012932495, 95.0, 79.37, 0.535; GCF_014196055.1, s__Novosphingobium hassiacum, 95.0, 79.37, 0.482; GCF_920987055.1, s__Novosphingobium sp920987055, 95.0, 79.26, 0.46; GCA_002256775.1, s__Novosphingobium sp002256775, 95.0, 79.17, 0.417; GCA_016719755.1, s__Novosphingobium sp016719755, 95.0, 79.04, 0.409; GCA_021782155.1, s__Novosphingobium sp021782155, 95.0, 79.0, 0.344; GCA_020848655.1, s__Novosphingobium sp020848655, 95.0, 78.97, 0.398; GCF_014652615.1, s__Novosphingobium arvoryzae, 95.0, 78.93, 0.464; GCF_014230355.1, s__Novosphingobium piscinae, 95.0, 78.91, 0.423; GCA_015657645.1, s__Novosphingobium sp015657645, 95.0, 78.84, 0.359; GCF_014230305.1, s__Novosphingobium aerophilum, 95.0, 78.77, 0.431; GCF_014230315.1, s__Novosphingobium flavum, 95.0, 78.76, 0.406; GCF_014652555.1, s__Novosphingobium colocasiae, 95.0, 78.69, 0.385; GCA_013791705.1, s__Novosphingobium sp013791705, 95.0, 78.65, 0.321; GCF_001519065.1, s__Novosphingobium sp001519065, 95.0, 78.65, 0.493; GCF_001519055.1, s__Novosphingobium sp001519055, 95.0, 78.64, 0.459; GCF_019075875.1, s__Novosphingobium sp019075875, 95.0, 78.62, 0.41; GCA_017302615.1, s__Novosphingobium sp017302615, 95.0, 78.61, 0.372; GCF_007954425.1, s__Novosphingobium ginsenosidimutans, 95.0, 78.6, 0.364; GCA_903832325.1, s__Novosphingobium sp903832325, 95.0, 78.56, 0.48; GCA_025153475.1, s__Novosphingobium sp025153475, 95.0, 78.55, 0.385; GCA_009926135.1, s__Novosphingobium sp009926135, 95.0, 78.54, 0.359; GCA_021299075.1, s__Novosphingobium sp021299075, 95.0, 78.53, 0.327; GCF_002855555.1, s__Novosphingobium sp002855555, 95.0, 78.53, 0.35; GCA_004211435.1, s__Novosphingobium sp004211435, 95.0, 78.49, 0.344; GCF_900113255.1, s__Novosphingobium sp900113255, 95.0, 78.48, 0.367; GCA_018334165.1, s__Novosphingobium sp018334165, 95.0, 78.45, 0.342; GCF_000767465.1, s__Novosphingobium pentaromativorans, 95.0, 78.44, 0.31; GCA_024236215.1, s__Novosphingobium sp024236215, 95.0, 78.43, 0.361; GCA_002280675.1, s__Novosphingobium sp002280675, 95.0, 78.43, 0.378; GCA_020853995.1, s__Novosphingobium sp020853995, 95.0, 78.4, 0.281; GCF_000192575.1, s__Novosphingobium nitrogenifigens, 95.0, 78.39, 0.394; GCA_018241045.1, s__Novosphingobium sp018241045, 95.0, 78.38, 0.273; GCA_002454125.1, s__Novosphingobium sp002454125, 95.0, 78.37, 0.342; GCA_018242165.1, s__Novosphingobium sp018242165, 95.0, 78.36, 0.335; GCA_020852455.1, s__Novosphingobium sp020852455, 95.0, 78.36, 0.375; GCA_018971065.1, s__Novosphingobium sp018971065, 95.0, 78.36, 0.357; GCF_002198665.1, s__Novosphingobium sp002198665, 95.0, 78.33, 0.386; GCF_014204535.1, s__Novosphingobium chloroacetimidivorans, 95.0, 78.32, 0.336; GCA_002440635.1, s__Novosphingobium sp002440635, 95.0, 78.32, 0.35; GCF_001298105.1, s__Novosphingobium sp001298105, 95.0, 78.28, 0.369; GCF_002556635.1, s__Novosphingobium sp002556635, 95.0, 78.24, 0.376; GCF_001295795.1, s__Novosphingobium sp001295795, 95.0, 78.24, 0.423; GCA_903970225.1, s__Novosphingobium sp903970225, 95.0, 78.24, 0.28; GCF_002813245.1, s__Novosphingobium kunmingense, 95.0, 78.23, 0.389; GCF_902506425.1, s__Novosphingobium sp902506425, 95.0, 78.23, 0.334; GCF_900168325.1, s__Novosphingobium mathurense, 95.0, 78.15, 0.332; GCA_903893935.1, s__Novosphingobium sp903893935, 95.0, 78.14, 0.265; GCA_020200285.1, s__Novosphingobium sp020200285, 95.0, 78.1, 0.309; GCF_009746585.1, s__Novosphingobium aquimarinum, 95.0, 78.03, 0.318; GCF_000429005.1, s__Novosphingobium acidiphilum, 95.0, 78.0, 0.439; GCA_013822005.1, s__Novosphingobium sp013822005, 95.0, 77.99, 0.302; GCF_009707465.1, s__Novosphingobium sp009707465, 95.0, 77.93, 0.344; GCF_014196615.1, s__Novosphingobium fluoreni, 95.0, 77.93, 0.296; GCA_013141325.1, s__Novosphingobium sp013141325, 95.0, 77.9, 0.315; GCF_013408095.1, s__Novosphingobium marinum, 95.0, 77.89, 0.263; GCA_945906105.1, s__Novosphingobium sp945906105, 95.0, 77.86, 0.276; GCA_023266625.1, s__Novosphingobium sp023266625, 95.0, 77.78, 0.294; GCA_024236175.1, s__Novosphingobium sp024236175, 95.0, 77.71, 0.26; GCA_903848655.1, s__Novosphingobium sp903848655, 95.0, 77.68, 0.365; GCA_009885425.1, s__Novosphingobium sp009885425, 95.0, 77.66, 0.272; GCA_903923465.1, s__Novosphingobium sp903923465, 95.0, 77.63, 0.279; GCA_945906005.1, s__Novosphingobium sp945906005, 95.0, 77.61, 0.237; GCA_017987575.1, s__Novosphingobium sp017987575, 95.0, 77.6, 0.272; GCA_019510335.1, s__Novosphingobium sp019510335, 95.0, 77.51, 0.252; GCA_018240895.1, s__Novosphingobium sp018240895, 95.0, 77.5, 0.276; GCA_020446505.1, s__Novosphingobium sp020446505, 95.0, 77.47, 0.242; GCA_024642085.1, s__Novosphingobium sp024642085, 95.0, 77.4, 0.246; GCA_903868655.1, s__Novosphingobium sp903868655, 95.0, 77.39, 0.22; GCA_903911985.1, s__Novosphingobium sp903911985, 95.0, 77.21, 0.227; GCA_020446595.1, s__Novosphingobium sp020446595, 95.0, 77.18, 0.177; GCA_017302775.1, s__Novosphingobium sp017302775, 95.0, 76.94, 0.141; GCA_020446575.1, s__Novosphingobium sp020446575, 95.0, 76.86, 0.134; GCA_019090585.1, s__Novosphingobium sp019090585, 95.0, 76.48, 0.123	56.01	11	0.98363	Genome not assigned to closest species as it falls outside its pre-defined ANI radius
R6_EKDN230028434-1A_HKTC2DSX7_L3.57	d__Bacteria;p__Pseudomonadota;c__Alphaproteobacteria;o__Sphingomonadales;f__Sphingomonadaceae;g__Aquisediminimonas;s__	N/A	N/A	N/A	N/A	N/A	GCA_002478575.1	95.0	d__Bacteria;p__Pseudomonadota;c__Alphaproteobacteria;o__Sphingomonadales;f__Sphingomonadaceae;g__Aquisediminimonas;s__Aquisediminimonas sp002478575	76.58	0.148	d__Bacteria;p__Pseudomonadota;c__Alphaproteobacteria;o__Sphingomonadales;f__Sphingomonadaceae;g__Aquisediminimonas;s__	taxonomic classification defined by topology and ANI	classification based on placement in class-level tree	GCA_016714795.1, s__Aquisediminimonas sp016714795, 95.0, 77.01, 0.184; GCA_009923795.1, s__Aquisediminimonas sp009923795, 95.0, 76.95, 0.108; GCA_005518185.1, s__Aquisediminimonas godavariana, 95.0, 76.93, 0.161; GCA_903839675.1, s__Aquisediminimonas sp903839675, 95.0, 76.92, 0.142; GCA_945860425.1, s__Aquisediminimonas paucimobilis_A, 95.0, 76.78, 0.116; GCA_016704425.1, s__Aquisediminimonas sp016704425, 95.0, 76.77, 0.108; GCA_903958285.1, s__Aquisediminimonas sp903958285, 95.0, 76.74, 0.156; GCA_024645025.1, s__Aquisediminimonas sp024645025, 95.0, 76.57, 0.114; GCF_019443285.1, s__Aquisediminimonas profunda, 95.0, 76.55, 0.098; GCA_009920915.1, s__Aquisediminimonas sp009920915, 95.0, 76.43, 0.116; GCA_018970965.1, s__Aquisediminimonas sp018970965, 95.0, 76.2, 0.103	85.62	11	0.94908	N/A
R6_EKDN230028434-1A_HKTC2DSX7_L3.58	d__Bacteria;p__Pseudomonadota;c__Alphaproteobacteria;o__Rhizobiales;f__Aestuariivirgaceae;g__Aestuariivirga;s__	N/A	N/A	N/A	N/A	N/A	GCA_020029455.1	95.0	d__Bacteria;p__Pseudomonadota;c__Alphaproteobacteria;o__Rhizobiales;f__Aestuariivirgaceae;g__Aestuariivirga;s__Aestuariivirga sp020029455	76.25	0.114	d__Bacteria;p__Pseudomonadota;c__Alphaproteobacteria;o__Rhizobiales;f__Aestuariivirgaceae;g__Aestuariivirga;s__	taxonomic classification defined by topology and ANI	classification based on placement in class-level tree	GCF_015714715.1, s__Aestuariivirga litoralis_A, 95.0, 76.58, 0.106; GCA_016710435.1, s__Aestuariivirga sp016710435, 95.0, 76.57, 0.133; GCA_016792865.1, s__Aestuariivirga sp016792865, 95.0, 76.53, 0.119; GCA_016792825.1, s__Aestuariivirga sp016792825, 95.0, 76.49, 0.084; GCA_020161855.1, s__Aestuariivirga sp020161855, 95.0, 76.38, 0.09; GCA_016185245.1, s__Aestuariivirga sp016185245, 95.0, 76.23, 0.046; GCA_902826365.1, s__Aestuariivirga sp902826365, 95.0, 76.18, 0.096; GCA_020252405.1, s__Aestuariivirga sp020252405, 95.0, 76.17, 0.063; GCA_009885825.1, s__Aestuariivirga sp009885825, 95.0, 76.14, 0.086; GCA_012032065.1, s__Aestuariivirga sp012032065, 95.0, 76.12, 0.067; GCA_903930095.1, s__Aestuariivirga sp903930095, 95.0, 76.03, 0.055; GCA_003151375.1, s__Aestuariivirga sp003151375, 95.0, 76.01, 0.066; GCF_003234965.1, s__Aestuariivirga litoralis, 95.0, 75.96, 0.075; GCA_020252385.1, s__Aestuariivirga sp020252385, 95.0, 75.94, 0.063; GCA_022842165.1, s__Aestuariivirga sp022842165, 95.0, 75.93, 0.071; GCA_020441605.1, s__Aestuariivirga sp020441605, 95.0, 75.89, 0.042; GCA_023266715.1, s__Aestuariivirga sp023266715, 95.0, 75.87, 0.064; GCA_020252395.1, s__Aestuariivirga sp020252395, 95.0, 75.85, 0.073; GCA_014380505.1, s__Aestuariivirga sp014380505, 95.0, 75.85, 0.044; GCA_945889445.1, s__Aestuariivirga sp945889445, 95.0, 75.79, 0.072; GCA_900298995.1, s__Aestuariivirga sp900298995, 95.0, 75.77, 0.054	93.23	11	0.96321	N/A
R6_EKDN230028434-1A_HKTC2DSX7_L3.62	d__Bacteria;p__Verrucomicrobiota;c__Verrucomicrobiae;o__Verrucomicrobiales;f__V1-33;g__JAGNEJ01;s__	N/A	N/A	N/A	N/A	N/A	GCA_018003315.1	95.0	d__Bacteria;p__Verrucomicrobiota;c__Verrucomicrobiae;o__Verrucomicrobiales;f__V1-33;g__JAGNEJ01;s__JAGNEJ01 sp018003315	75.57	0.039	d__Bacteria;p__Verrucomicrobiota;c__Verrucomicrobiae;o__Verrucomicrobiales;f__V1-33;g__JAGNEJ01;s__	taxonomic classification defined by topology and ANI	classification based on placement in class-level tree	N/A	74.44	11	0.87175	N/A
R6_EKDN230028434-1A_HKTC2DSX7_L3.68	d__Bacteria;p__Cyanobacteriota;c__Cyanobacteriia;o__Cyanobacteriales;f__Microcoleaceae;g__Microcoleus;s__	N/A	N/A	N/A	N/A	N/A	N/A	N/A	N/A	N/A	N/A	d__Bacteria;p__Cyanobacteriota;c__Cyanobacteriia;o__Cyanobacteriales;f__Microcoleaceae;g__Microcoleus;s__	taxonomic classification defined by topology and ANI	classification based on placement in class-level tree	GCA_013299185.1, s__Microcoleus sp013299185, 95.0, 91.71, 0.805; GCA_004292955.1, s__Microcoleus sp004292955, 95.0, 91.52, 0.784; GCA_004293365.1, s__Microcoleus sp004293365, 95.0, 90.93, 0.781; GCA_013299165.1, s__Microcoleus sp013299165, 95.0, 88.86, 0.783; GCF_015207455.1, s__Microcoleus sp015207455, 95.0, 87.84, 0.711; GCA_014695295.1, s__Microcoleus sp014695295, 95.0, 87.66, 0.717; GCF_015207505.1, s__Microcoleus sp015207505, 95.0, 87.64, 0.705; GCA_003003725.1, s__Microcoleus sp003003725, 95.0, 87.63, 0.701; GCF_015207285.1, s__Microcoleus sp015207285, 95.0, 87.57, 0.696; GCF_013179805.1, s__Microcoleus asticus, 95.0, 87.49, 0.715; GCF_000317475.1, s__Microcoleus sp000317475, 95.0, 87.24, 0.768; GCF_022701275.1, s__Microcoleus vaginatus_A, 95.0, 87.22, 0.733; GCA_014695175.1, s__Microcoleus sp014695175, 95.0, 87.17, 0.686; GCF_022701255.1, s__Microcoleus vaginatus_B, 95.0, 87.08, 0.727; GCA_003542015.1, s__Microcoleus sp003542015, 95.0, 84.33, 0.729; GCF_002412335.2, s__Microcoleus bourrellyi, 95.0, 84.25, 0.701; GCA_003483675.1, s__Microcoleus sp003483675, 95.0, 84.23, 0.712; GCA_004294385.1, s__Microcoleus sp004294385, 95.0, 83.7, 0.674; GCA_012035135.1, s__Microcoleus sp012035135, 95.0, 83.3, 0.693; GCF_021648855.1, s__Microcoleus sp021648855, 95.0, 83.25, 0.713; GCA_020882975.1, s__Microcoleus sp020882975, 95.0, 83.19, 0.642; GCA_004292745.1, s__Microcoleus sp004292745, 95.0, 83.13, 0.702; GCA_020883125.1, s__Microcoleus sp020883125, 95.0, 83.07, 0.65; GCA_012034575.1, s__Microcoleus sp012034575, 95.0, 81.22, 0.596	84.77	11	0.98958	Genome not assigned to closest species as it falls outside its pre-defined ANI radius
R6_EKDN230028434-1A_HKTC2DSX7_L3.9	d__Bacteria;p__Verrucomicrobiota;c__Verrucomicrobiae;o__Verrucomicrobiales;f__Akkermansiaceae;g__Luteolibacter;s__	N/A	N/A	N/A	N/A	N/A	GCA_945885485.1	95.0	d__Bacteria;p__Verrucomicrobiota;c__Verrucomicrobiae;o__Verrucomicrobiales;f__Akkermansiaceae;g__Luteolibacter;s__Luteolibacter sp945885485	86.59	0.816	d__Bacteria;p__Verrucomicrobiota;c__Verrucomicrobiae;o__Verrucomicrobiales;f__Akkermansiaceae;g__Luteolibacter;s__	taxonomic classification defined by topology and ANI	classification based on placement in class-level tree	GCA_021298895.1, s__Luteolibacter sp021298895, 95.0, 82.42, 0.687; GCA_945862245.1, s__Luteolibacter sp945862245, 95.0, 78.34, 0.226; GCA_945870545.1, s__Luteolibacter muciniphila_A, 95.0, 78.33, 0.295; GCA_018402445.1, s__Luteolibacter sp018402445, 95.0, 78.29, 0.237; GCA_945883455.1, s__Luteolibacter sp945883455, 95.0, 78.27, 0.289; GCA_945869855.1, s__Luteolibacter sp945869855, 95.0, 78.2, 0.324; GCA_945870855.1, s__Luteolibacter sp945870855, 95.0, 78.17, 0.266; GCA_009885905.1, s__Luteolibacter sp009885905, 95.0, 78.08, 0.065; GCA_905182475.1, s__Luteolibacter sp905182475, 95.0, 77.91, 0.188; GCA_017798145.1, s__Luteolibacter sp017798145, 95.0, 77.86, 0.21; GCA_905478925.1, s__Luteolibacter sp905478925, 95.0, 77.62, 0.192; GCA_945901795.1, s__Luteolibacter muciniphila_B, 95.0, 77.42, 0.149; GCA_903919975.1, s__Luteolibacter sp903919975, 95.0, 77.32, 0.111; GCA_903906515.1, s__Luteolibacter sp903906515, 95.0, 77.27, 0.104; GCA_005787565.1, s__Luteolibacter sp005787565, 95.0, 77.25, 0.09; GCA_002307065.1, s__Luteolibacter sp002307065, 95.0, 77.21, 0.112; GCA_945879075.1, s__Luteolibacter muciniphila_C, 95.0, 77.14, 0.149; GCF_016595435.1, s__Luteolibacter pohnpeiensis, 95.0, 77.12, 0.067; GCA_020047775.1, s__Luteolibacter sp020047775, 95.0, 77.04, 0.088; GCA_945869465.1, s__Luteolibacter sp945869465, 95.0, 77.0, 0.092; GCA_003820635.1, s__Luteolibacter sp003820635, 95.0, 76.96, 0.103; GCA_023253625.1, s__Luteolibacter sp023253625, 95.0, 76.9, 0.094; GCA_903909905.1, s__Luteolibacter sp903909905, 95.0, 76.85, 0.146; GCA_014379305.1, s__Luteolibacter sp014379305, 95.0, 76.81, 0.159; GCA_913063525.1, s__Luteolibacter sp913063525, 95.0, 76.81, 0.098; GCA_018969605.1, s__Luteolibacter sp018969605, 95.0, 76.68, 0.129; GCA_012032235.1, s__Luteolibacter sp012032235, 95.0, 76.63, 0.076; GCA_004294095.1, s__Luteolibacter sp004294095, 95.0, 76.58, 0.077; GCF_016595465.1, s__Luteolibacter yonseiensis, 95.0, 76.53, 0.093; GCA_903837825.1, s__Luteolibacter sp903837825, 95.0, 76.52, 0.074; GCA_019634595.1, s__Luteolibacter sp019634595, 95.0, 76.43, 0.081; GCA_007126655.1, s__Luteolibacter sp007126655, 95.0, 76.42, 0.072; GCA_021733795.1, s__Luteolibacter sp021733795, 95.0, 76.4, 0.062; GCA_017301995.1, s__Luteolibacter sp017301995, 95.0, 76.39, 0.069; GCA_903826205.1, s__Luteolibacter sp903826205, 95.0, 76.37, 0.06; GCF_018137965.1, s__Luteolibacter ambystomatis, 95.0, 76.26, 0.071; GCA_024233135.1, s__Luteolibacter sp024233135, 95.0, 76.25, 0.067; GCA_016871685.1, s__Luteolibacter sp016871685, 95.0, 76.17, 0.07; GCA_008932935.1, s__Luteolibacter sp008932935, 95.0, 76.14, 0.046; GCA_903827375.1, s__Luteolibacter sp903827375, 95.0, 76.07, 0.042; GCA_903888515.1, s__Luteolibacter sp903888515, 95.0, 76.01, 0.062; GCA_903908495.1, s__Luteolibacter sp903908495, 95.0, 76.01, 0.066; GCA_903934285.1, s__Luteolibacter sp903934285, 95.0, 75.9, 0.062; GCA_903875675.1, s__Luteolibacter sp903875675, 95.0, 75.85, 0.038; GCA_903930425.1, s__Luteolibacter sp903930425, 95.0, 75.7, 0.055; GCA_008932955.1, s__Luteolibacter sp008932955, 95.0, 75.67, 0.059	89.95	11	0.98921	Genome not assigned to closest species as it falls outside its pre-defined ANI radius
R7_EKDN230028435-1A_HKTC2DSX7_L3.1	d__Bacteria;p__Bacteroidota;c__Bacteroidia;o__Flavobacteriales;f__Flavobacteriaceae;g__Flavobacterium;s__	N/A	N/A	N/A	N/A	N/A	N/A	N/A	N/A	N/A	N/A	d__Bacteria;p__Bacteroidota;c__Bacteroidia;o__Flavobacteriales;f__Flavobacteriaceae;g__Flavobacterium;s__	ANI	classification based on placement in class-level tree	GCA_019565575.1, s__Flavobacterium covae, 95.0, 79.34, 0.321; GCF_002530675.1, s__Flavobacterium columnare, 95.0, 79.05, 0.343; GCF_019565505.1, s__Flavobacterium davisii, 95.0, 78.94, 0.311; GCF_004122165.1, s__Flavobacterium amnicola, 95.0, 78.94, 0.37; GCF_900142035.1, s__Flavobacterium terrae, 95.0, 78.92, 0.361; GCF_004959765.1, s__Flavobacterium sp004959765, 95.0, 78.76, 0.331; GCF_019565455.1, s__Flavobacterium oreochromis, 95.0, 78.73, 0.35; GCF_023635005.1, s__Flavobacterium sp023635005, 95.0, 78.71, 0.306; GCF_023634845.1, s__Flavobacterium amniphilum, 95.0, 78.37, 0.224; GCA_018062725.1, s__Flavobacterium sp018062725, 95.0, 78.2, 0.338; GCA_023427845.1, s__Flavobacterium sp023427845, 95.0, 78.15, 0.035; GCF_004745595.1, s__Flavobacterium humi, 95.0, 77.98, 0.117; GCF_022836875.1, s__Flavobacterium enshiense_A, 95.0, 77.88, 0.121; GCF_022012335.1, s__Flavobacterium sp022012335, 95.0, 77.87, 0.152; GCF_021608265.1, s__Flavobacterium sp021608265, 95.0, 77.86, 0.091; GCF_000498535.1, s__Flavobacterium limnosediminis, 95.0, 77.8, 0.119; GCF_013389455.1, s__Flavobacterium inviolabile, 95.0, 77.77, 0.108; GCF_004801375.1, s__Flavobacterium supellecticarium, 95.0, 77.77, 0.093; GCF_900100625.1, s__Flavobacterium saliperosum, 95.0, 77.75, 0.122; GCA_023446155.1, s__Flavobacterium sp023446155, 95.0, 77.73, 0.082; GCF_000498475.1, s__Flavobacterium cauense, 95.0, 77.66, 0.128; GCF_900111965.1, s__Flavobacterium swingsii, 95.0, 77.65, 0.299; GCF_010119235.1, s__Flavobacterium phycosphaerae, 95.0, 77.62, 0.13; GCF_000757385.1, s__Flavobacterium aquatile, 95.0, 77.62, 0.175; GCF_011742145.1, s__Flavobacterium sp011742145, 95.0, 77.59, 0.139; GCF_000498495.1, s__Flavobacterium enshiense, 95.0, 77.58, 0.121; GCA_023213215.1, s__Flavobacterium sp023213215, 95.0, 77.57, 0.101; GCF_024496085.1, s__Flavobacterium cerinum_A, 95.0, 77.57, 0.117; GCA_013298525.1, s__Flavobacterium sp013298525, 95.0, 77.57, 0.209; GCF_008806775.1, s__Flavobacterium luteum, 95.0, 77.57, 0.158; GCA_024710485.1, s__Flavobacterium sp024710485, 95.0, 77.55, 0.12; GCA_903913315.1, s__Flavobacterium sp903913315, 95.0, 77.55, 0.191; GCA_018883065.1, s__Flavobacterium sp018883065, 95.0, 77.55, 0.083; GCF_004797125.1, s__Flavobacterium sangjuense, 95.0, 77.54, 0.153; GCF_002217405.1, s__Flavobacterium psychrophilum, 95.0, 77.53, 0.259; GCF_004329815.1, s__Flavobacterium silvisoli, 95.0, 77.52, 0.131; GCF_012911605.1, s__Flavobacterium solisilvae, 95.0, 77.5, 0.24; GCA_945872875.1, s__Flavobacterium psychrophilum_N, 95.0, 77.49, 0.29; GCF_004362665.1, s__Flavobacterium dankookense, 95.0, 77.49, 0.206; GCF_014642275.1, s__Flavobacterium lutivivi, 95.0, 77.47, 0.23; GCF_014486675.1, s__Flavobacterium macrobrachii, 95.0, 77.46, 0.194; GCA_003525665.1, s__Flavobacterium sp003525665, 95.0, 77.46, 0.196; GCA_002256285.1, s__Flavobacterium sp002256285, 95.0, 77.45, 0.052; GCF_014486695.1, s__Flavobacterium buctense, 95.0, 77.44, 0.151; GCF_023195775.1, s__Flavobacterium sp023195775, 95.0, 77.43, 0.152; GCF_002917885.1, s__Flavobacterium croceum, 95.0, 77.43, 0.184; GCA_020161455.1, s__Flavobacterium sp020161455, 95.0, 77.42, 0.2; GCF_000430025.1, s__Flavobacterium suncheonense, 95.0, 77.41, 0.115; GCF_003268855.1, s__Flavobacterium aciduliphilum, 95.0, 77.4, 0.178; GCA_002786385.1, s__Flavobacterium sp002786385, 95.0, 77.39, 0.156; GCA_017303755.1, s__Flavobacterium sp017303755, 95.0, 77.38, 0.161; GCF_003634825.1, s__Flavobacterium sp003634825, 95.0, 77.38, 0.205; GCF_013072765.1, s__Flavobacterium sp013072765, 95.0, 77.38, 0.142; GCF_011392125.1, s__Flavobacterium lotistagni, 95.0, 77.34, 0.05; GCA_001464475.1, s__Flavobacterium sp001464475, 95.0, 77.33, 0.224; GCF_018413465.1, s__Flavobacterium sp018413465, 95.0, 77.32, 0.093; GCF_003634455.1, s__Flavobacterium endophyticum, 95.0, 77.32, 0.099; GCA_024709705.1, s__Flavobacterium sp024709705, 95.0, 77.31, 0.172; GCF_014638005.1, s__Flavobacterium orientale, 95.0, 77.29, 0.162; GCF_021608185.1, s__Flavobacterium sp021608185, 95.0, 77.28, 0.153; GCA_903838055.1, s__Flavobacterium sp903838055, 95.0, 77.28, 0.214; GCA_002352205.1, s__Flavobacterium sp002352205, 95.0, 77.25, 0.147; GCF_003268815.1, s__Flavobacterium lacus, 95.0, 77.24, 0.136; GCA_016787805.1, s__Flavobacterium sp016787805, 95.0, 77.22, 0.164; GCA_024644655.1, s__Flavobacterium sp024644655, 95.0, 77.21, 0.159; GCA_943913405.1, s__Flavobacterium sp943913405, 95.0, 77.2, 0.13; GCA_016714905.1, s__Flavobacterium sp016714905, 95.0, 77.18, 0.106; GCA_022730285.1, s__Flavobacterium psychrophilum_C, 95.0, 77.18, 0.221; GCA_016721735.1, s__Flavobacterium sp016721735, 95.0, 77.17, 0.106; GCF_004122105.1, s__Flavobacterium stagni, 95.0, 77.15, 0.101; GCA_016718345.1, s__Flavobacterium sp016718345, 95.0, 77.15, 0.178; GCF_004349355.1, s__Flavobacterium cellulosilyticum, 95.0, 77.14, 0.164; GCF_007109225.1, s__Flavobacterium sp007109225, 95.0, 77.13, 0.116; GCA_023434025.1, s__Flavobacterium sp023434025, 95.0, 77.13, 0.107; GCF_000422705.1, s__Flavobacterium soli, 95.0, 77.13, 0.143; GCF_004122145.1, s__Flavobacterium piscinae, 95.0, 77.13, 0.142; GCA_020048955.1, s__Flavobacterium sp020048955, 95.0, 77.11, 0.203; GCA_903879645.1, s__Flavobacterium sp903879645, 95.0, 77.1, 0.198; GCA_903819815.1, s__Flavobacterium sp903819815, 95.0, 77.08, 0.152; GCA_020403245.1, s__Flavobacterium sp020403245, 95.0, 77.05, 0.157; GCF_000425465.1, s__Flavobacterium filum, 95.0, 77.05, 0.172; GCA_018267095.1, s__Flavobacterium sp018267095, 95.0, 77.04, 0.072; GCF_900100375.1, s__Flavobacterium noncentrifugens, 95.0, 77.02, 0.058; GCA_019752245.1, s__Flavobacterium sp019752245, 95.0, 76.98, 0.173; GCA_903902795.1, s__Flavobacterium sp903902795, 95.0, 76.96, 0.127; GCA_017302935.1, s__Flavobacterium sp017302935, 95.0, 76.93, 0.157; GCF_003097635.1, s__Flavobacterium psychrotolerans, 95.0, 76.9, 0.111; GCA_022709825.1, s__Flavobacterium sp022709825, 95.0, 76.89, 0.212; GCA_013822155.1, s__Flavobacterium sp013822155, 95.0, 76.89, 0.151; GCF_002217205.1, s__Flavobacterium branchiophilum, 95.0, 76.87, 0.117; GCA_002428305.1, s__Flavobacterium sp002428305, 95.0, 76.73, 0.173; GCA_002483285.1, s__Flavobacterium sp002483285, 95.0, 76.7, 0.045; GCA_002296885.1, s__Flavobacterium sp002296885, 95.0, 76.69, 0.127; GCA_903839195.1, s__Flavobacterium sp903839195, 95.0, 76.65, 0.187; GCA_903879875.1, s__Flavobacterium sp903879875, 95.0, 76.64, 0.149; GCA_009693635.1, s__Flavobacterium sp009693635, 95.0, 76.64, 0.202; GCA_903842575.1, s__Flavobacterium sp903842575, 95.0, 76.56, 0.166; GCA_017987725.1, s__Flavobacterium sp017987725, 95.0, 76.43, 0.095; GCA_014378065.1, s__Flavobacterium sp014378065, 95.0, 76.36, 0.086; GCA_020720185.1, s__Flavobacterium psychrophilum_O, 95.0, 76.16, 0.167	98.37	11	0.97517	N/A
R7_EKDN230028435-1A_HKTC2DSX7_L3.13	d__Bacteria;p__Pseudomonadota;c__Alphaproteobacteria;o__Sphingomonadales;f__Sphingomonadaceae;g__Aquisediminimonas;s__	N/A	N/A	N/A	N/A	N/A	GCA_002478575.1	95.0	d__Bacteria;p__Pseudomonadota;c__Alphaproteobacteria;o__Sphingomonadales;f__Sphingomonadaceae;g__Aquisediminimonas;s__Aquisediminimonas sp002478575	76.49	0.139	d__Bacteria;p__Pseudomonadota;c__Alphaproteobacteria;o__Sphingomonadales;f__Sphingomonadaceae;g__Aquisediminimonas;s__	taxonomic classification defined by topology and ANI	classification based on placement in class-level tree	GCA_016704425.1, s__Aquisediminimonas sp016704425, 95.0, 77.22, 0.104; GCA_016714795.1, s__Aquisediminimonas sp016714795, 95.0, 77.07, 0.174; GCA_009923795.1, s__Aquisediminimonas sp009923795, 95.0, 77.01, 0.12; GCA_903839675.1, s__Aquisediminimonas sp903839675, 95.0, 76.92, 0.132; GCA_005518185.1, s__Aquisediminimonas godavariana, 95.0, 76.79, 0.146; GCA_009920915.1, s__Aquisediminimonas sp009920915, 95.0, 76.71, 0.114; GCF_019443285.1, s__Aquisediminimonas profunda, 95.0, 76.69, 0.091; GCA_903958285.1, s__Aquisediminimonas sp903958285, 95.0, 76.68, 0.151; GCA_945860425.1, s__Aquisediminimonas paucimobilis_A, 95.0, 76.66, 0.131; GCA_024645025.1, s__Aquisediminimonas sp024645025, 95.0, 76.48, 0.112; GCA_018970965.1, s__Aquisediminimonas sp018970965, 95.0, 76.26, 0.096	73.43	11	0.94958	Genome has more than 11.7% of markers with multiple hits
R7_EKDN230028435-1A_HKTC2DSX7_L3.16	d__Bacteria;p__Pseudomonadota;c__Gammaproteobacteria;o__Burkholderiales;f__Burkholderiaceae_B;g__Leptothrix;s__	N/A	N/A	N/A	N/A	N/A	GCF_000019785.1	95.0	d__Bacteria;p__Pseudomonadota;c__Gammaproteobacteria;o__Burkholderiales;f__Burkholderiaceae_B;g__Leptothrix;s__Leptothrix cholodnii	85.28	0.774	d__Bacteria;p__Pseudomonadota;c__Gammaproteobacteria;o__Burkholderiales;f__Burkholderiaceae_B;g__Leptothrix;s__	taxonomic classification defined by topology and ANI	classification based on placement in class-level tree	GCF_004216565.1, s__Leptothrix mobilis, 95.0, 84.06, 0.731	67.01	11	0.97132	Genome not assigned to closest species as it falls outside its pre-defined ANI radius
R7_EKDN230028435-1A_HKTC2DSX7_L3.29	d__Bacteria;p__Pseudomonadota;c__Alphaproteobacteria;o__Rhizobiales;f__Hyphomicrobiaceae;g__Hyphomicrobium_B;s__	N/A	N/A	N/A	N/A	N/A	GCA_016793445.1	95.0	d__Bacteria;p__Pseudomonadota;c__Alphaproteobacteria;o__Rhizobiales;f__Hyphomicrobiaceae;g__Hyphomicrobium_B;s__Hyphomicrobium_B sp016793445	77.3	0.232	d__Bacteria;p__Pseudomonadota;c__Alphaproteobacteria;o__Rhizobiales;f__Hyphomicrobiaceae;g__Hyphomicrobium_B;s__	taxonomic classification defined by topology and ANI	classification based on placement in class-level tree	GCA_013141015.1, s__Hyphomicrobium_B sp013141015, 95.0, 77.97, 0.262; GCF_000384335.2, s__Hyphomicrobium_B sp000384335, 95.0, 77.73, 0.163; GCA_016716675.1, s__Hyphomicrobium_B sp016716675, 95.0, 77.53, 0.232; GCF_000143145.1, s__Hyphomicrobium_B denitrificans, 95.0, 77.5, 0.201; GCA_003987725.1, s__Hyphomicrobium_B sp003987725, 95.0, 77.48, 0.188; GCA_017512425.1, s__Hyphomicrobium_B sp017512425, 95.0, 77.37, 0.238; GCA_019748215.1, s__Hyphomicrobium_B sp019748215, 95.0, 77.24, 0.179; GCF_013626205.1, s__Hyphomicrobium_B methylovorum, 95.0, 77.22, 0.141; GCA_018242295.1, s__Hyphomicrobium_B sp018242295, 95.0, 77.18, 0.178; GCA_021732485.1, s__Hyphomicrobium_B sp021732485, 95.0, 77.17, 0.118; GCA_019753045.1, s__Hyphomicrobium_B sp019753045, 95.0, 77.16, 0.173; GCF_900116175.1, s__Hyphomicrobium_B facile, 95.0, 77.16, 0.179; GCF_000253295.1, s__Hyphomicrobium_B sp000253295, 95.0, 77.08, 0.192; GCF_000230975.2, s__Hyphomicrobium_B denitrificans_A, 95.0, 77.08, 0.153; GCA_018242215.1, s__Hyphomicrobium_B sp018242215, 95.0, 77.04, 0.156; GCA_002928515.1, s__Hyphomicrobium_B sp002928515, 95.0, 77.04, 0.14; GCA_023390485.1, s__Hyphomicrobium_B sp023390485, 95.0, 77.02, 0.101; GCA_018242255.1, s__Hyphomicrobium_B sp018242255, 95.0, 76.92, 0.173; GCA_003987855.1, s__Hyphomicrobium_B sp003987855, 95.0, 76.91, 0.138; GCA_902825785.1, s__Hyphomicrobium_B sp902825785, 95.0, 76.8, 0.183; GCA_002928395.1, s__Hyphomicrobium_B sp002928395, 95.0, 76.7, 0.074; GCA_021812845.1, s__Hyphomicrobium_B sp021812845, 95.0, 76.4, 0.075; GCA_002928955.1, s__Hyphomicrobium_B sp002928955, 95.0, 76.36, 0.095; GCA_022843145.1, s__Hyphomicrobium_B sp022843145, 95.0, 76.35, 0.143	68.38	11	0.94219	Genome has more than 13.3% of markers with multiple hits
R7_EKDN230028435-1A_HKTC2DSX7_L3.41	d__Bacteria;p__Pseudomonadota;c__Alphaproteobacteria;o__Rhizobiales;f__Aestuariivirgaceae;g__Aestuariivirga;s__	N/A	N/A	N/A	N/A	N/A	GCA_020029455.1	95.0	d__Bacteria;p__Pseudomonadota;c__Alphaproteobacteria;o__Rhizobiales;f__Aestuariivirgaceae;g__Aestuariivirga;s__Aestuariivirga sp020029455	76.23	0.113	d__Bacteria;p__Pseudomonadota;c__Alphaproteobacteria;o__Rhizobiales;f__Aestuariivirgaceae;g__Aestuariivirga;s__	taxonomic classification defined by topology and ANI	classification based on placement in class-level tree	GCA_016792825.1, s__Aestuariivirga sp016792825, 95.0, 76.64, 0.084; GCF_015714715.1, s__Aestuariivirga litoralis_A, 95.0, 76.57, 0.109; GCA_016792865.1, s__Aestuariivirga sp016792865, 95.0, 76.48, 0.12; GCA_016710435.1, s__Aestuariivirga sp016710435, 95.0, 76.42, 0.136; GCA_902826365.1, s__Aestuariivirga sp902826365, 95.0, 76.31, 0.097; GCA_020161855.1, s__Aestuariivirga sp020161855, 95.0, 76.27, 0.092; GCA_020252405.1, s__Aestuariivirga sp020252405, 95.0, 76.25, 0.062; GCA_009885825.1, s__Aestuariivirga sp009885825, 95.0, 76.21, 0.088; GCF_003234965.1, s__Aestuariivirga litoralis, 95.0, 76.16, 0.075; GCA_023266715.1, s__Aestuariivirga sp023266715, 95.0, 76.11, 0.067; GCA_020252385.1, s__Aestuariivirga sp020252385, 95.0, 76.07, 0.058; GCA_020252395.1, s__Aestuariivirga sp020252395, 95.0, 76.06, 0.064; GCA_022842165.1, s__Aestuariivirga sp022842165, 95.0, 76.02, 0.065; GCA_903930095.1, s__Aestuariivirga sp903930095, 95.0, 76.01, 0.053; GCA_016185245.1, s__Aestuariivirga sp016185245, 95.0, 75.95, 0.05; GCA_003151375.1, s__Aestuariivirga sp003151375, 95.0, 75.94, 0.072; GCA_012032065.1, s__Aestuariivirga sp012032065, 95.0, 75.92, 0.072; GCA_945889445.1, s__Aestuariivirga sp945889445, 95.0, 75.86, 0.077; GCA_020441605.1, s__Aestuariivirga sp020441605, 95.0, 75.8, 0.045; GCA_014380505.1, s__Aestuariivirga sp014380505, 95.0, 75.78, 0.047; GCA_900298995.1, s__Aestuariivirga sp900298995, 95.0, 75.72, 0.054	89.04	11	0.96316	N/A
R8_EKDN230028436-1A_HKTC2DSX7_L3.13	d__Bacteria;p__Bacteroidota;c__Bacteroidia;o__Flavobacteriales;f__Flavobacteriaceae;g__Flavobacterium;s__	N/A	N/A	N/A	N/A	N/A	N/A	N/A	N/A	N/A	N/A	d__Bacteria;p__Bacteroidota;c__Bacteroidia;o__Flavobacteriales;f__Flavobacteriaceae;g__Flavobacterium;s__	ANI	classification based on placement in class-level tree	GCA_019565575.1, s__Flavobacterium covae, 95.0, 79.28, 0.327; GCF_002530675.1, s__Flavobacterium columnare, 95.0, 79.08, 0.344; GCF_900142035.1, s__Flavobacterium terrae, 95.0, 78.92, 0.366; GCF_019565505.1, s__Flavobacterium davisii, 95.0, 78.91, 0.31; GCF_019565455.1, s__Flavobacterium oreochromis, 95.0, 78.91, 0.346; GCF_004122165.1, s__Flavobacterium amnicola, 95.0, 78.89, 0.373; GCF_023635005.1, s__Flavobacterium sp023635005, 95.0, 78.76, 0.308; GCF_004959765.1, s__Flavobacterium sp004959765, 95.0, 78.73, 0.332; GCF_023634845.1, s__Flavobacterium amniphilum, 95.0, 78.42, 0.224; GCA_023427845.1, s__Flavobacterium sp023427845, 95.0, 78.23, 0.037; GCA_018062725.1, s__Flavobacterium sp018062725, 95.0, 78.17, 0.341; GCF_004745595.1, s__Flavobacterium humi, 95.0, 78.15, 0.123; GCF_000498535.1, s__Flavobacterium limnosediminis, 95.0, 77.95, 0.115; GCF_022836875.1, s__Flavobacterium enshiense_A, 95.0, 77.94, 0.123; GCF_022012335.1, s__Flavobacterium sp022012335, 95.0, 77.87, 0.154; GCF_013389455.1, s__Flavobacterium inviolabile, 95.0, 77.85, 0.116; GCF_900100625.1, s__Flavobacterium saliperosum, 95.0, 77.76, 0.124; GCF_900111965.1, s__Flavobacterium swingsii, 95.0, 77.76, 0.293; GCF_021608265.1, s__Flavobacterium sp021608265, 95.0, 77.74, 0.09; GCF_000498475.1, s__Flavobacterium cauense, 95.0, 77.72, 0.131; GCF_011392125.1, s__Flavobacterium lotistagni, 95.0, 77.69, 0.051; GCF_004797125.1, s__Flavobacterium sangjuense, 95.0, 77.68, 0.155; GCF_010119235.1, s__Flavobacterium phycosphaerae, 95.0, 77.64, 0.132; GCF_024496085.1, s__Flavobacterium cerinum_A, 95.0, 77.64, 0.119; GCF_004801375.1, s__Flavobacterium supellecticarium, 95.0, 77.63, 0.1; GCA_013298525.1, s__Flavobacterium sp013298525, 95.0, 77.63, 0.209; GCF_000757385.1, s__Flavobacterium aquatile, 95.0, 77.63, 0.187; GCF_011742145.1, s__Flavobacterium sp011742145, 95.0, 77.61, 0.139; GCA_023213215.1, s__Flavobacterium sp023213215, 95.0, 77.59, 0.107; GCF_002217405.1, s__Flavobacterium psychrophilum, 95.0, 77.58, 0.258; GCA_018883065.1, s__Flavobacterium sp018883065, 95.0, 77.57, 0.082; GCF_014486695.1, s__Flavobacterium buctense, 95.0, 77.57, 0.153; GCA_024710485.1, s__Flavobacterium sp024710485, 95.0, 77.56, 0.123; GCF_004329815.1, s__Flavobacterium silvisoli, 95.0, 77.56, 0.134; GCF_008806775.1, s__Flavobacterium luteum, 95.0, 77.54, 0.163; GCA_023446155.1, s__Flavobacterium sp023446155, 95.0, 77.54, 0.094; GCA_002256285.1, s__Flavobacterium sp002256285, 95.0, 77.52, 0.054; GCA_945872875.1, s__Flavobacterium psychrophilum_N, 95.0, 77.5, 0.296; GCF_012911605.1, s__Flavobacterium solisilvae, 95.0, 77.49, 0.237; GCF_023195775.1, s__Flavobacterium sp023195775, 95.0, 77.49, 0.15; GCF_003268855.1, s__Flavobacterium aciduliphilum, 95.0, 77.49, 0.178; GCF_004362665.1, s__Flavobacterium dankookense, 95.0, 77.48, 0.207; GCA_003525665.1, s__Flavobacterium sp003525665, 95.0, 77.47, 0.195; GCF_014486675.1, s__Flavobacterium macrobrachii, 95.0, 77.45, 0.196; GCF_002917885.1, s__Flavobacterium croceum, 95.0, 77.44, 0.187; GCF_014642275.1, s__Flavobacterium lutivivi, 95.0, 77.44, 0.227; GCF_018413465.1, s__Flavobacterium sp018413465, 95.0, 77.43, 0.094; GCA_903913315.1, s__Flavobacterium sp903913315, 95.0, 77.43, 0.19; GCF_003634455.1, s__Flavobacterium endophyticum, 95.0, 77.41, 0.107; GCF_000430025.1, s__Flavobacterium suncheonense, 95.0, 77.4, 0.116; GCF_000425465.1, s__Flavobacterium filum, 95.0, 77.4, 0.174; GCF_003634825.1, s__Flavobacterium sp003634825, 95.0, 77.4, 0.208; GCA_001464475.1, s__Flavobacterium sp001464475, 95.0, 77.38, 0.216; GCF_021608185.1, s__Flavobacterium sp021608185, 95.0, 77.37, 0.152; GCF_000498495.1, s__Flavobacterium enshiense, 95.0, 77.36, 0.129; GCF_003268815.1, s__Flavobacterium lacus, 95.0, 77.36, 0.139; GCA_020161455.1, s__Flavobacterium sp020161455, 95.0, 77.35, 0.208; GCA_002352205.1, s__Flavobacterium sp002352205, 95.0, 77.34, 0.146; GCF_013072765.1, s__Flavobacterium sp013072765, 95.0, 77.32, 0.146; GCF_014638005.1, s__Flavobacterium orientale, 95.0, 77.32, 0.162; GCA_024644655.1, s__Flavobacterium sp024644655, 95.0, 77.31, 0.156; GCA_002786385.1, s__Flavobacterium sp002786385, 95.0, 77.31, 0.152; GCA_903838055.1, s__Flavobacterium sp903838055, 95.0, 77.29, 0.215; GCA_017303755.1, s__Flavobacterium sp017303755, 95.0, 77.28, 0.169; GCF_007109225.1, s__Flavobacterium sp007109225, 95.0, 77.27, 0.118; GCA_943913405.1, s__Flavobacterium sp943913405, 95.0, 77.27, 0.129; GCA_024709705.1, s__Flavobacterium sp024709705, 95.0, 77.27, 0.174; GCF_000422705.1, s__Flavobacterium soli, 95.0, 77.26, 0.143; GCA_016714905.1, s__Flavobacterium sp016714905, 95.0, 77.25, 0.106; GCA_016787805.1, s__Flavobacterium sp016787805, 95.0, 77.23, 0.16; GCF_004122145.1, s__Flavobacterium piscinae, 95.0, 77.22, 0.148; GCA_016721735.1, s__Flavobacterium sp016721735, 95.0, 77.2, 0.107; GCA_020048955.1, s__Flavobacterium sp020048955, 95.0, 77.17, 0.204; GCF_004122105.1, s__Flavobacterium stagni, 95.0, 77.17, 0.104; GCA_903879645.1, s__Flavobacterium sp903879645, 95.0, 77.15, 0.197; GCA_020403245.1, s__Flavobacterium sp020403245, 95.0, 77.14, 0.156; GCA_022730285.1, s__Flavobacterium psychrophilum_C, 95.0, 77.08, 0.219; GCF_004349355.1, s__Flavobacterium cellulosilyticum, 95.0, 77.08, 0.16; GCA_017302935.1, s__Flavobacterium sp017302935, 95.0, 77.07, 0.156; GCA_023434025.1, s__Flavobacterium sp023434025, 95.0, 77.05, 0.106; GCA_016718345.1, s__Flavobacterium sp016718345, 95.0, 77.05, 0.178; GCF_003097635.1, s__Flavobacterium psychrotolerans, 95.0, 77.05, 0.112; GCF_900100375.1, s__Flavobacterium noncentrifugens, 95.0, 77.04, 0.059; GCA_903819815.1, s__Flavobacterium sp903819815, 95.0, 77.01, 0.157; GCA_019752245.1, s__Flavobacterium sp019752245, 95.0, 76.96, 0.173; GCA_903839195.1, s__Flavobacterium sp903839195, 95.0, 76.95, 0.185; GCA_022709825.1, s__Flavobacterium sp022709825, 95.0, 76.93, 0.217; GCA_013822155.1, s__Flavobacterium sp013822155, 95.0, 76.92, 0.148; GCA_018267095.1, s__Flavobacterium sp018267095, 95.0, 76.89, 0.073; GCA_903902795.1, s__Flavobacterium sp903902795, 95.0, 76.88, 0.131; GCF_002217205.1, s__Flavobacterium branchiophilum, 95.0, 76.79, 0.119; GCA_002428305.1, s__Flavobacterium sp002428305, 95.0, 76.78, 0.173; GCA_903879875.1, s__Flavobacterium sp903879875, 95.0, 76.71, 0.149; GCA_002483285.1, s__Flavobacterium sp002483285, 95.0, 76.68, 0.044; GCA_009693635.1, s__Flavobacterium sp009693635, 95.0, 76.62, 0.2; GCA_002296885.1, s__Flavobacterium sp002296885, 95.0, 76.55, 0.126; GCA_903842575.1, s__Flavobacterium sp903842575, 95.0, 76.55, 0.166; GCA_017987725.1, s__Flavobacterium sp017987725, 95.0, 76.43, 0.098; GCA_014378065.1, s__Flavobacterium sp014378065, 95.0, 76.32, 0.086; GCA_020720185.1, s__Flavobacterium psychrophilum_O, 95.0, 76.31, 0.168	98.37	11	0.97517	N/A
R8_EKDN230028436-1A_HKTC2DSX7_L3.22	d__Bacteria;p__Pseudomonadota;c__Gammaproteobacteria;o__Burkholderiales;f__Burkholderiaceae_B;g__Hydrogenophaga;s__	N/A	N/A	N/A	N/A	N/A	GCA_014773545.1	95.0	d__Bacteria;p__Pseudomonadota;c__Gammaproteobacteria;o__Burkholderiales;f__Burkholderiaceae_B;g__Hydrogenophaga;s__Hydrogenophaga sp014773545	77.14	0.199	d__Bacteria;p__Pseudomonadota;c__Gammaproteobacteria;o__Burkholderiales;f__Burkholderiaceae_B;g__Hydrogenophaga;s__	taxonomic classification defined by topology and ANI	classification based on placement in class-level tree	GCA_013823505.1, s__Hydrogenophaga sp013823505, 95.0, 77.17, 0.252; GCF_013387465.1, s__Hydrogenophaga aromaticivorans, 95.0, 77.09, 0.243; GCA_018780075.1, s__Hydrogenophaga sp018780075, 95.0, 77.09, 0.257; GCA_003599455.1, s__Hydrogenophaga sp003599455, 95.0, 77.03, 0.281; GCF_021729865.1, s__Hydrogenophaga sp021729865, 95.0, 76.96, 0.27; GCA_002842215.1, s__Hydrogenophaga sp002842215, 95.0, 76.94, 0.246; GCF_001571225.1, s__Hydrogenophaga palleronii, 95.0, 76.94, 0.239; GCA_018903185.1, s__Hydrogenophaga sp018903185, 95.0, 76.94, 0.125; GCF_002127265.1, s__Hydrogenophaga sp002127265, 95.0, 76.91, 0.237; GCA_945890705.1, s__Hydrogenophaga intermedia_C, 95.0, 76.91, 0.201; GCF_002001205.1, s__Hydrogenophaga sp002001205, 95.0, 76.91, 0.257; GCA_022844385.1, s__Hydrogenophaga sp022844385, 95.0, 76.89, 0.246; GCF_020510445.1, s__Hydrogenophaga sp001770905, 95.0, 76.87, 0.279; GCA_019264445.1, s__Hydrogenophaga sp019264445, 95.0, 76.87, 0.259; GCF_010104355.1, s__Hydrogenophaga sp010104355, 95.0, 76.86, 0.279; GCA_019635465.1, s__Hydrogenophaga sp019635465, 95.0, 76.86, 0.183; GCF_001592305.1, s__Hydrogenophaga taeniospiralis, 95.0, 76.85, 0.29; GCA_011390835.1, s__Hydrogenophaga sp011390835, 95.0, 76.84, 0.237; GCF_001713375.1, s__Hydrogenophaga sp001713375, 95.0, 76.82, 0.279; GCA_002840835.1, s__Hydrogenophaga sp002840835, 95.0, 76.82, 0.176; GCA_003241965.1, s__Hydrogenophaga sp003241965, 95.0, 76.8, 0.261; GCA_018780385.1, s__Hydrogenophaga sp018780385, 95.0, 76.8, 0.246; GCF_001428625.1, s__Hydrogenophaga sp001428625, 95.0, 76.79, 0.272; GCA_011391745.1, s__Hydrogenophaga sp011391745, 95.0, 76.79, 0.21; GCF_009859475.1, s__Hydrogenophaga sp009859475, 95.0, 76.78, 0.261; GCA_013823655.1, s__Hydrogenophaga sp013823655, 95.0, 76.76, 0.188; GCA_018335615.1, s__Hydrogenophaga sp018335615, 95.0, 76.76, 0.172; GCA_945869245.1, s__Hydrogenophaga intermedia_B, 95.0, 76.75, 0.214; GCF_003417535.1, s__Hydrogenophaga borbori, 95.0, 76.74, 0.252; GCF_011388215.1, s__Hydrogenophaga sp011388215, 95.0, 76.74, 0.246; GCA_018993155.1, s__Hydrogenophaga sp018993155, 95.0, 76.73, 0.263; GCF_005503365.1, s__Hydrogenophaga sp005503365, 95.0, 76.73, 0.254; GCF_000723405.1, s__Hydrogenophaga intermedia, 95.0, 76.71, 0.254; GCA_020047875.1, s__Hydrogenophaga sp020047875, 95.0, 76.7, 0.138; GCA_018333605.1, s__Hydrogenophaga sp018333605, 95.0, 76.7, 0.172; GCA_021154985.1, s__Hydrogenophaga sp021154985, 95.0, 76.7, 0.243; GCF_004795855.1, s__Hydrogenophaga sp004795855, 95.0, 76.7, 0.214; GCA_011772445.1, s__Hydrogenophaga sp011772445, 95.0, 76.68, 0.252; GCA_023415035.1, s__Hydrogenophaga sp023415035, 95.0, 76.68, 0.174; GCA_011391495.1, s__Hydrogenophaga sp011391495, 95.0, 76.61, 0.221; GCF_023715105.1, s__Hydrogenophaga intermedia_A, 95.0, 76.6, 0.243; GCF_001571145.1, s__Hydrogenophaga flava, 95.0, 76.54, 0.241; GCA_016741995.1, s__Hydrogenophaga sp016741995, 95.0, 76.53, 0.214; GCA_013823485.1, s__Hydrogenophaga sp013823485, 95.0, 76.52, 0.192; GCF_001761385.1, s__Hydrogenophaga crassostreae, 95.0, 76.48, 0.21; GCF_002127215.1, s__Hydrogenophaga sp002127215, 95.0, 76.48, 0.243; GCF_001592285.1, s__Hydrogenophaga pseudoflava, 95.0, 76.42, 0.261; GCA_006227825.1, s__Hydrogenophaga sp006227825, 95.0, 76.38, 0.179; GCF_021401345.1, s__Hydrogenophaga sp021401345, 95.0, 76.34, 0.225; GCA_016790705.1, s__Hydrogenophaga sp016790705, 95.0, 76.29, 0.156; GCA_011390855.1, s__Hydrogenophaga sp011390855, 95.0, 76.29, 0.098; GCA_021166755.1, s__Hydrogenophaga sp021166755, 95.0, 76.24, 0.145; GCA_006227785.1, s__Hydrogenophaga sp006227785, 95.0, 76.08, 0.114	75.87	11	0.969	N/A
R8_EKDN230028436-1A_HKTC2DSX7_L3.23	d__Bacteria;p__Pseudomonadota;c__Alphaproteobacteria;o__Sphingomonadales;f__Sphingomonadaceae;g__Aquisediminimonas;s__	N/A	N/A	N/A	N/A	N/A	GCA_002478575.1	95.0	d__Bacteria;p__Pseudomonadota;c__Alphaproteobacteria;o__Sphingomonadales;f__Sphingomonadaceae;g__Aquisediminimonas;s__Aquisediminimonas sp002478575	76.33	0.139	d__Bacteria;p__Pseudomonadota;c__Alphaproteobacteria;o__Sphingomonadales;f__Sphingomonadaceae;g__Aquisediminimonas;s__	taxonomic classification defined by topology and ANI	classification based on placement in class-level tree	GCA_016704425.1, s__Aquisediminimonas sp016704425, 95.0, 77.22, 0.106; GCA_016714795.1, s__Aquisediminimonas sp016714795, 95.0, 77.17, 0.183; GCA_903839675.1, s__Aquisediminimonas sp903839675, 95.0, 77.04, 0.14; GCA_009923795.1, s__Aquisediminimonas sp009923795, 95.0, 76.98, 0.122; GCA_005518185.1, s__Aquisediminimonas godavariana, 95.0, 76.9, 0.16; GCA_903958285.1, s__Aquisediminimonas sp903958285, 95.0, 76.79, 0.171; GCA_945860425.1, s__Aquisediminimonas paucimobilis_A, 95.0, 76.79, 0.122; GCF_019443285.1, s__Aquisediminimonas profunda, 95.0, 76.73, 0.099; GCA_018970965.1, s__Aquisediminimonas sp018970965, 95.0, 76.55, 0.112; GCA_009920915.1, s__Aquisediminimonas sp009920915, 95.0, 76.4, 0.123; GCA_024645025.1, s__Aquisediminimonas sp024645025, 95.0, 76.32, 0.119	80.6	11	0.94767	Genome has more than 10.0% of markers with multiple hits
R8_EKDN230028436-1A_HKTC2DSX7_L3.36	d__Bacteria;p__Pseudomonadota;c__Gammaproteobacteria;o__Burkholderiales;f__Burkholderiaceae_B;g__Leptothrix;s__	N/A	N/A	N/A	N/A	N/A	GCF_000019785.1	95.0	d__Bacteria;p__Pseudomonadota;c__Gammaproteobacteria;o__Burkholderiales;f__Burkholderiaceae_B;g__Leptothrix;s__Leptothrix cholodnii	85.08	0.744	d__Bacteria;p__Pseudomonadota;c__Gammaproteobacteria;o__Burkholderiales;f__Burkholderiaceae_B;g__Leptothrix;s__	taxonomic classification defined by topology and ANI	classification based on placement in class-level tree	GCF_004216565.1, s__Leptothrix mobilis, 95.0, 83.81, 0.724	68.7	11	0.97284	Genome not assigned to closest species as it falls outside its pre-defined ANI radius
R8_EKDN230028436-1A_HKTC2DSX7_L3.39	d__Bacteria;p__Pseudomonadota;c__Alphaproteobacteria;o__Rhizobiales;f__Aestuariivirgaceae;g__Aestuariivirga;s__	N/A	N/A	N/A	N/A	N/A	GCA_020029455.1	95.0	d__Bacteria;p__Pseudomonadota;c__Alphaproteobacteria;o__Rhizobiales;f__Aestuariivirgaceae;g__Aestuariivirga;s__Aestuariivirga sp020029455	76.24	0.122	d__Bacteria;p__Pseudomonadota;c__Alphaproteobacteria;o__Rhizobiales;f__Aestuariivirgaceae;g__Aestuariivirga;s__	taxonomic classification defined by topology and ANI	classification based on placement in class-level tree	GCA_016792865.1, s__Aestuariivirga sp016792865, 95.0, 76.64, 0.118; GCA_016792825.1, s__Aestuariivirga sp016792825, 95.0, 76.55, 0.082; GCF_015714715.1, s__Aestuariivirga litoralis_A, 95.0, 76.48, 0.115; GCA_016710435.1, s__Aestuariivirga sp016710435, 95.0, 76.39, 0.129; GCA_902826365.1, s__Aestuariivirga sp902826365, 95.0, 76.38, 0.092; GCA_020161855.1, s__Aestuariivirga sp020161855, 95.0, 76.19, 0.093; GCA_003151375.1, s__Aestuariivirga sp003151375, 95.0, 76.17, 0.072; GCA_016185245.1, s__Aestuariivirga sp016185245, 95.0, 76.16, 0.048; GCA_020252405.1, s__Aestuariivirga sp020252405, 95.0, 76.16, 0.064; GCA_020252385.1, s__Aestuariivirga sp020252385, 95.0, 76.14, 0.06; GCA_012032065.1, s__Aestuariivirga sp012032065, 95.0, 76.13, 0.07; GCA_903930095.1, s__Aestuariivirga sp903930095, 95.0, 76.1, 0.055; GCA_009885825.1, s__Aestuariivirga sp009885825, 95.0, 76.05, 0.084; GCA_022842165.1, s__Aestuariivirga sp022842165, 95.0, 76.02, 0.075; GCA_023266715.1, s__Aestuariivirga sp023266715, 95.0, 75.97, 0.067; GCA_014380505.1, s__Aestuariivirga sp014380505, 95.0, 75.96, 0.044; GCA_945889445.1, s__Aestuariivirga sp945889445, 95.0, 75.94, 0.071; GCF_003234965.1, s__Aestuariivirga litoralis, 95.0, 75.9, 0.075; GCA_020441605.1, s__Aestuariivirga sp020441605, 95.0, 75.9, 0.044; GCA_900298995.1, s__Aestuariivirga sp900298995, 95.0, 75.76, 0.055; GCA_020252395.1, s__Aestuariivirga sp020252395, 95.0, 75.73, 0.067	84.59	11	0.96323	Genome has more than 10.8% of markers with multiple hits
R9_EKDN230028437-1A_HKTC2DSX7_L3.35	d__Bacteria;p__Pseudomonadota;c__Alphaproteobacteria;o__Sphingomonadales;f__Sphingomonadaceae;g__Aquisediminimonas;s__	N/A	N/A	N/A	N/A	N/A	GCA_002478575.1	95.0	d__Bacteria;p__Pseudomonadota;c__Alphaproteobacteria;o__Sphingomonadales;f__Sphingomonadaceae;g__Aquisediminimonas;s__Aquisediminimonas sp002478575	76.34	0.153	d__Bacteria;p__Pseudomonadota;c__Alphaproteobacteria;o__Sphingomonadales;f__Sphingomonadaceae;g__Aquisediminimonas;s__	taxonomic classification defined by topology and ANI	classification based on placement in class-level tree	GCA_016714795.1, s__Aquisediminimonas sp016714795, 95.0, 77.4, 0.171; GCA_009923795.1, s__Aquisediminimonas sp009923795, 95.0, 77.14, 0.125; GCA_005518185.1, s__Aquisediminimonas godavariana, 95.0, 76.98, 0.165; GCA_903839675.1, s__Aquisediminimonas sp903839675, 95.0, 76.95, 0.145; GCA_903958285.1, s__Aquisediminimonas sp903958285, 95.0, 76.85, 0.165; GCA_016704425.1, s__Aquisediminimonas sp016704425, 95.0, 76.76, 0.124; GCA_024645025.1, s__Aquisediminimonas sp024645025, 95.0, 76.63, 0.117; GCF_019443285.1, s__Aquisediminimonas profunda, 95.0, 76.58, 0.105; GCA_945860425.1, s__Aquisediminimonas paucimobilis_A, 95.0, 76.54, 0.12; GCA_009920915.1, s__Aquisediminimonas sp009920915, 95.0, 76.19, 0.117; GCA_018970965.1, s__Aquisediminimonas sp018970965, 95.0, 76.03, 0.107	85.3	11	0.94926	N/A
R9_EKDN230028437-1A_HKTC2DSX7_L3.38	d__Bacteria;p__Pseudomonadota;c__Alphaproteobacteria;o__Rhizobiales;f__Aestuariivirgaceae;g__Aestuariivirga;s__	N/A	N/A	N/A	N/A	N/A	GCA_020029455.1	95.0	d__Bacteria;p__Pseudomonadota;c__Alphaproteobacteria;o__Rhizobiales;f__Aestuariivirgaceae;g__Aestuariivirga;s__Aestuariivirga sp020029455	76.25	0.114	d__Bacteria;p__Pseudomonadota;c__Alphaproteobacteria;o__Rhizobiales;f__Aestuariivirgaceae;g__Aestuariivirga;s__	taxonomic classification defined by topology and ANI	classification based on placement in class-level tree	GCF_015714715.1, s__Aestuariivirga litoralis_A, 95.0, 76.74, 0.107; GCA_016710435.1, s__Aestuariivirga sp016710435, 95.0, 76.58, 0.13; GCA_016792825.1, s__Aestuariivirga sp016792825, 95.0, 76.39, 0.084; GCA_016792865.1, s__Aestuariivirga sp016792865, 95.0, 76.33, 0.124; GCA_902826365.1, s__Aestuariivirga sp902826365, 95.0, 76.28, 0.091; GCA_022842165.1, s__Aestuariivirga sp022842165, 95.0, 76.18, 0.068; GCA_020161855.1, s__Aestuariivirga sp020161855, 95.0, 76.15, 0.093; GCA_012032065.1, s__Aestuariivirga sp012032065, 95.0, 76.13, 0.074; GCA_020252405.1, s__Aestuariivirga sp020252405, 95.0, 76.13, 0.069; GCA_003151375.1, s__Aestuariivirga sp003151375, 95.0, 76.12, 0.076; GCA_016185245.1, s__Aestuariivirga sp016185245, 95.0, 76.08, 0.045; GCA_903930095.1, s__Aestuariivirga sp903930095, 95.0, 76.05, 0.056; GCA_009885825.1, s__Aestuariivirga sp009885825, 95.0, 76.05, 0.081; GCA_014380505.1, s__Aestuariivirga sp014380505, 95.0, 76.04, 0.046; GCA_023266715.1, s__Aestuariivirga sp023266715, 95.0, 75.99, 0.066; GCF_003234965.1, s__Aestuariivirga litoralis, 95.0, 75.99, 0.08; GCA_020252385.1, s__Aestuariivirga sp020252385, 95.0, 75.95, 0.064; GCA_945889445.1, s__Aestuariivirga sp945889445, 95.0, 75.88, 0.07; GCA_020252395.1, s__Aestuariivirga sp020252395, 95.0, 75.85, 0.074; GCA_020441605.1, s__Aestuariivirga sp020441605, 95.0, 75.83, 0.043; GCA_900298995.1, s__Aestuariivirga sp900298995, 95.0, 75.61, 0.057	86.08	11	0.96307	N/A
R9_EKDN230028437-1A_HKTC2DSX7_L3.40	d__Bacteria;p__Actinomycetota;c__Acidimicrobiia;o__Acidimicrobiales;f__Ilumatobacteraceae;g__;s__	N/A	N/A	N/A	N/A	N/A	N/A	N/A	N/A	N/A	N/A	d__Bacteria;p__Actinomycetota;c__Acidimicrobiia;o__Acidimicrobiales;f__Ilumatobacteraceae;g__;s__	taxonomic novelty determined using RED	classification based on placement in class-level tree	N/A	86.53	11	0.81203	N/A
R9_EKDN230028437-1A_HKTC2DSX7_L3.44	d__Bacteria;p__Pseudomonadota;c__Gammaproteobacteria;o__Burkholderiales;f__Burkholderiaceae_B;g__Leptothrix;s__	N/A	N/A	N/A	N/A	N/A	GCF_000019785.1	95.0	d__Bacteria;p__Pseudomonadota;c__Gammaproteobacteria;o__Burkholderiales;f__Burkholderiaceae_B;g__Leptothrix;s__Leptothrix cholodnii	85.41	0.777	d__Bacteria;p__Pseudomonadota;c__Gammaproteobacteria;o__Burkholderiales;f__Burkholderiaceae_B;g__Leptothrix;s__	taxonomic classification defined by topology and ANI	classification based on placement in class-level tree	GCF_004216565.1, s__Leptothrix mobilis, 95.0, 83.95, 0.739	74.56	11	0.97287	Genome not assigned to closest species as it falls outside its pre-defined ANI radius
V10_EKDN230028462-1A_HKTTNDSX7_L4.110	d__Bacteria;p__Pseudomonadota;c__Alphaproteobacteria;o__Rhodobacterales;f__Rhodobacteraceae;g__Cypionkella;s__	N/A	N/A	N/A	N/A	N/A	GCA_002256245.1	95.0	d__Bacteria;p__Pseudomonadota;c__Alphaproteobacteria;o__Rhodobacterales;f__Rhodobacteraceae;g__Cypionkella;s__Cypionkella sp002256245	86.05	0.788	d__Bacteria;p__Pseudomonadota;c__Alphaproteobacteria;o__Rhodobacterales;f__Rhodobacteraceae;g__Cypionkella;s__	taxonomic classification defined by topology and ANI	classification based on placement in class-level tree	GCF_001294535.1, s__Cypionkella psychrotolerans, 95.0, 86.23, 0.849; GCA_009773375.1, s__Cypionkella sp009773375, 95.0, 82.34, 0.644; GCA_001828855.1, s__Cypionkella sp001828855, 95.0, 80.46, 0.605; GCA_945860375.1, s__Cypionkella antarcticus_A, 95.0, 80.15, 0.531; GCA_024641255.1, s__Cypionkella sp024641255, 95.0, 80.15, 0.591; GCA_913062925.1, s__Cypionkella sp913062925, 95.0, 79.6, 0.469; GCA_024642045.1, s__Cypionkella sp024642045, 95.0, 79.53, 0.421; GCA_023255415.1, s__Cypionkella sp023255415, 95.0, 79.29, 0.494; GCA_018063485.1, s__Cypionkella sp018063485, 95.0, 78.86, 0.45; GCA_013298675.1, s__Cypionkella sp013298675, 95.0, 77.56, 0.284; GCA_945861995.1, s__Cypionkella antarcticus_B, 95.0, 77.02, 0.255; GCA_945862435.1, s__Cypionkella antarcticus_C, 95.0, 76.97, 0.212	79.9	11	0.9949	Genome not assigned to closest species as it falls outside its pre-defined ANI radius
V10_EKDN230028462-1A_HKTTNDSX7_L4.114	d__Bacteria;p__Bacteroidota;c__Bacteroidia;o__Bacteroidales;f__WCHB1-69;g__UBA5429;s__	N/A	N/A	N/A	N/A	N/A	GCA_017860455.1	95.0	d__Bacteria;p__Bacteroidota;c__Bacteroidia;o__Bacteroidales;f__WCHB1-69;g__UBA5429;s__UBA5429 sp017860455	87.95	0.658	d__Bacteria;p__Bacteroidota;c__Bacteroidia;o__Bacteroidales;f__WCHB1-69;g__UBA5429;s__	taxonomic classification defined by topology and ANI	classification based on placement in class-level tree	GCA_023459435.1, s__UBA5429 sp023459435, 95.0, 78.13, 0.427; GCA_002427605.1, s__UBA5429 sp002427605, 95.0, 76.78, 0.123	75.81	11	0.99062	Genome not assigned to closest species as it falls outside its pre-defined ANI radius
V10_EKDN230028462-1A_HKTTNDSX7_L4.115	d__Bacteria;p__Bacteroidota;c__Bacteroidia;o__Chitinophagales;f__Chitinophagaceae;g__Ferruginibacter;s__	N/A	N/A	N/A	N/A	N/A	GCA_002400445.1	95.0	d__Bacteria;p__Bacteroidota;c__Bacteroidia;o__Chitinophagales;f__Chitinophagaceae;g__Ferruginibacter;s__Ferruginibacter sp002400445	77.05	0.202	d__Bacteria;p__Bacteroidota;c__Bacteroidia;o__Chitinophagales;f__Chitinophagaceae;g__Ferruginibacter;s__	taxonomic classification defined by topology and ANI	classification based on placement in class-level tree	GCA_013141115.1, s__Ferruginibacter sp013141115, 95.0, 77.69, 0.173; GCA_014379905.1, s__Ferruginibacter sp014379905, 95.0, 77.26, 0.172; GCA_016715365.1, s__Ferruginibacter sp016715365, 95.0, 77.16, 0.171; GCA_016710935.1, s__Ferruginibacter sp016710935, 95.0, 77.01, 0.151; GCA_016703625.1, s__Ferruginibacter sp016703625, 95.0, 76.93, 0.145; GCA_903831575.1, s__Ferruginibacter sp903831575, 95.0, 76.92, 0.085; GCA_017983695.1, s__Ferruginibacter sp017983695, 95.0, 76.89, 0.169; GCA_018057635.1, s__Ferruginibacter sp018057635, 95.0, 76.83, 0.152; GCA_016786725.1, s__Ferruginibacter sp016786725, 95.0, 76.81, 0.162; GCA_016710745.1, s__Ferruginibacter sp016710745, 95.0, 76.76, 0.099; GCA_018268085.1, s__Ferruginibacter sp018268085, 95.0, 76.75, 0.118; GCA_015655125.1, s__Ferruginibacter sp015655125, 95.0, 76.75, 0.117; GCA_018268185.1, s__Ferruginibacter sp018268185, 95.0, 76.74, 0.126; GCF_024343615.1, s__Ferruginibacter sp024343615, 95.0, 76.72, 0.123; GCA_945870835.1, s__Ferruginibacter pinensis_A, 95.0, 76.69, 0.082; GCA_945865645.1, s__Ferruginibacter pinensis_B, 95.0, 76.67, 0.132; GCA_024642285.1, s__Ferruginibacter sp024642285, 95.0, 76.64, 0.131; GCA_018268135.1, s__Ferruginibacter sp018268135, 95.0, 76.63, 0.165; GCA_018266615.1, s__Ferruginibacter sp018266615, 95.0, 76.62, 0.084; GCA_016720775.1, s__Ferruginibacter sp016720775, 95.0, 76.61, 0.141; GCA_002352045.1, s__Ferruginibacter sp002352045, 95.0, 76.6, 0.179; GCA_016713965.1, s__Ferruginibacter sp016713965, 95.0, 76.58, 0.086; GCA_019638525.1, s__Ferruginibacter sp018268155, 95.0, 76.57, 0.139; GCA_016710165.1, s__Ferruginibacter sp016710165, 95.0, 76.55, 0.118; GCA_016722465.1, s__Ferruginibacter sp016722465, 95.0, 76.55, 0.114; GCF_020783315.1, s__Ferruginibacter lapsinanis, 95.0, 76.55, 0.111; GCA_903878475.1, s__Ferruginibacter sp903878475, 95.0, 76.55, 0.133; GCA_019638485.1, s__Ferruginibacter sp019638485, 95.0, 76.54, 0.063; GCA_016721725.1, s__Ferruginibacter sp016721725, 95.0, 76.53, 0.073; GCA_023417815.1, s__Ferruginibacter sp023417815, 95.0, 76.53, 0.064; GCA_016710595.1, s__Ferruginibacter sp016710595, 95.0, 76.52, 0.119; GCA_019638635.1, s__Ferruginibacter sp019638635, 95.0, 76.48, 0.069; GCA_023422565.1, s__Ferruginibacter sp023422565, 95.0, 76.43, 0.072; GCA_003455235.1, s__Ferruginibacter sp003455235, 95.0, 76.43, 0.13; GCA_001898465.1, s__Ferruginibacter sp001898465, 95.0, 76.41, 0.128; GCA_014377385.1, s__Ferruginibacter sp014377385, 95.0, 76.4, 0.13; GCA_020059395.1, s__Ferruginibacter sp020059395, 95.0, 76.39, 0.135; GCA_016721385.1, s__Ferruginibacter sp016721385, 95.0, 76.37, 0.116; GCA_019638575.1, s__Ferruginibacter sp019638575, 95.0, 76.37, 0.137; GCA_002343985.1, s__Ferruginibacter sp002343985, 95.0, 76.36, 0.09; GCA_017303335.1, s__Ferruginibacter sp017303335, 95.0, 76.35, 0.073; GCA_945872815.1, s__Ferruginibacter pinensis_C, 95.0, 76.34, 0.083; GCA_023433345.1, s__Ferruginibacter sp023433345, 95.0, 76.33, 0.069; GCA_016699815.1, s__Ferruginibacter sp002381005, 95.0, 76.32, 0.134; GCA_018266775.1, s__Ferruginibacter sp018266775, 95.0, 76.27, 0.127; GCA_903858475.1, s__Ferruginibacter sp903858475, 95.0, 76.27, 0.085; GCA_018268175.1, s__Ferruginibacter sp018268175, 95.0, 76.26, 0.094; GCA_003534175.1, s__Ferruginibacter sp003534175, 95.0, 76.24, 0.076; GCA_013288745.1, s__Ferruginibacter sp013288745, 95.0, 76.22, 0.102; GCF_020042285.1, s__Ferruginibacter sp020042285, 95.0, 76.18, 0.085; GCA_903837525.1, s__Ferruginibacter sp903837525, 95.0, 76.14, 0.095; GCA_018882645.1, s__Ferruginibacter sp018882645, 95.0, 76.08, 0.079; GCA_014379625.1, s__Ferruginibacter sp014379625, 95.0, 76.02, 0.083; GCA_009885535.1, s__Ferruginibacter sp009885535, 95.0, 76.01, 0.084; GCA_903871575.1, s__Ferruginibacter sp903871575, 95.0, 75.98, 0.098; GCA_013298665.1, s__Ferruginibacter sp013298665, 95.0, 75.96, 0.047; GCA_014377975.1, s__Ferruginibacter sp014377975, 95.0, 75.95, 0.1; GCA_018266715.1, s__Ferruginibacter sp018266715, 95.0, 75.95, 0.11; GCA_002336815.1, s__Ferruginibacter sp002336815, 95.0, 75.92, 0.085; GCA_013141435.1, s__Ferruginibacter sp013141435, 95.0, 75.92, 0.078; GCA_017988335.1, s__Ferruginibacter sp017988335, 95.0, 75.73, 0.095; GCA_023390215.1, s__Ferruginibacter sp023390215, 95.0, 75.63, 0.077	91.6	11	0.9524	N/A
V10_EKDN230028462-1A_HKTTNDSX7_L4.116	d__Bacteria;p__Nitrospirota;c__Nitrospiria;o__Nitrospirales;f__Nitrospiraceae;g__Nitrospira_A;s__	N/A	N/A	N/A	N/A	N/A	N/A	N/A	N/A	N/A	N/A	d__Bacteria;p__Nitrospirota;c__Nitrospiria;o__Nitrospirales;f__Nitrospiraceae;g__Nitrospira_A;s__	taxonomic classification defined by topology and ANI	classification based on placement in class-level tree	GCA_009594995.1, s__Nitrospira_A sp009594995, 95.0, 84.76, 0.742; GCA_020853775.1, s__Nitrospira_A sp020853775, 95.0, 82.88, 0.658; GCA_024998595.1, s__Nitrospira_A sp024998595, 95.0, 82.81, 0.651; GCA_014055465.1, s__Nitrospira_A sp014055465, 95.0, 82.58, 0.625; GCF_900170025.1, s__Nitrospira_A sp900170025, 95.0, 82.13, 0.623; GCA_919902505.1, s__Nitrospira_A sp919902505, 95.0, 82.08, 0.616; GCA_022226935.1, s__Nitrospira_A sp022226935, 95.0, 82.03, 0.642; GCA_009594865.1, s__Nitrospira_A sp009594865, 95.0, 82.03, 0.67; GCA_000196815.1, s__Nitrospira_A defluvii_A, 95.0, 81.92, 0.6; GCA_024998625.1, s__Nitrospira_A sp024998625, 95.0, 81.75, 0.594; GCA_024998565.1, s__Nitrospira_A sp016788925, 95.0, 81.73, 0.64; GCA_900696505.1, s__Nitrospira_A sp900696505, 95.0, 81.51, 0.642; GCA_902500995.1, s__Nitrospira_A sp902500995, 95.0, 81.49, 0.617; GCA_902500715.1, s__Nitrospira_A sp902500715, 95.0, 81.17, 0.626; GCA_902500785.1, s__Nitrospira_A sp902500785, 95.0, 80.86, 0.625; GCA_017986555.1, s__Nitrospira_A sp017986555, 95.0, 80.65, 0.55; GCA_023248215.1, s__Nitrospira_A sp023248215, 95.0, 80.29, 0.532; GCA_016788885.1, s__Nitrospira_A sp009594855, 95.0, 80.27, 0.572; GCA_024998705.1, s__Nitrospira_A sp024998705, 95.0, 80.27, 0.594; GCF_905220995.1, s__Nitrospira_A defluvii_C, 95.0, 80.25, 0.543; GCA_011525625.1, s__Nitrospira_A sp003456605, 95.0, 80.17, 0.51; GCA_018242665.1, s__Nitrospira_A sp018242665, 95.0, 80.06, 0.537; GCA_014055495.1, s__Nitrospira_A sp014055495, 95.0, 79.95, 0.522; GCA_016199015.1, s__Nitrospira_A defluvii_B, 95.0, 79.67, 0.549; GCA_013696305.1, s__Nitrospira_A sp013696305, 95.0, 79.3, 0.499; GCA_021323395.1, s__Nitrospira_A sp021323395, 95.0, 79.01, 0.47; GCA_020697375.1, s__Nitrospira_A sp020697375, 95.0, 78.63, 0.383; GCA_015709715.1, s__Nitrospira_A sp001567445, 95.0, 78.08, 0.295	80.7	11	0.97067	Genome not assigned to closest species as it falls outside its pre-defined ANI radius
V10_EKDN230028462-1A_HKTTNDSX7_L4.117	d__Bacteria;p__Pseudomonadota;c__Alphaproteobacteria;o__Rhizobiales;f__Aestuariivirgaceae;g__Aestuariivirga;s__	N/A	N/A	N/A	N/A	N/A	N/A	N/A	N/A	N/A	N/A	d__Bacteria;p__Pseudomonadota;c__Alphaproteobacteria;o__Rhizobiales;f__Aestuariivirgaceae;g__Aestuariivirga;s__	ANI	classification based on placement in class-level tree	GCA_016710435.1, s__Aestuariivirga sp016710435, 95.0, 77.94, 0.199; GCF_003234965.1, s__Aestuariivirga litoralis, 95.0, 77.6, 0.222; GCA_016792865.1, s__Aestuariivirga sp016792865, 95.0, 77.55, 0.232; GCA_020161855.1, s__Aestuariivirga sp020161855, 95.0, 77.46, 0.191; GCA_945889445.1, s__Aestuariivirga sp945889445, 95.0, 77.46, 0.21; GCA_016792825.1, s__Aestuariivirga sp016792825, 95.0, 77.4, 0.237; GCA_022842165.1, s__Aestuariivirga sp022842165, 95.0, 77.34, 0.202; GCA_020252385.1, s__Aestuariivirga sp020252385, 95.0, 77.32, 0.176; GCF_015714715.1, s__Aestuariivirga litoralis_A, 95.0, 77.29, 0.168; GCA_020252395.1, s__Aestuariivirga sp020252395, 95.0, 77.29, 0.203; GCA_020252405.1, s__Aestuariivirga sp020252405, 95.0, 77.28, 0.226; GCA_902826365.1, s__Aestuariivirga sp902826365, 95.0, 77.11, 0.243; GCA_016185245.1, s__Aestuariivirga sp016185245, 95.0, 77.08, 0.176; GCA_903930095.1, s__Aestuariivirga sp903930095, 95.0, 77.07, 0.174; GCA_009885825.1, s__Aestuariivirga sp009885825, 95.0, 76.88, 0.174; GCA_023266715.1, s__Aestuariivirga sp023266715, 95.0, 76.79, 0.169; GCA_900298995.1, s__Aestuariivirga sp900298995, 95.0, 76.77, 0.183; GCA_012032065.1, s__Aestuariivirga sp012032065, 95.0, 76.72, 0.161; GCA_020029455.1, s__Aestuariivirga sp020029455, 95.0, 76.7, 0.169; GCA_014380505.1, s__Aestuariivirga sp014380505, 95.0, 76.63, 0.14; GCA_020441605.1, s__Aestuariivirga sp020441605, 95.0, 76.22, 0.11; GCA_003151375.1, s__Aestuariivirga sp003151375, 95.0, 75.62, 0.042	74.84	11	0.9292	N/A
V10_EKDN230028462-1A_HKTTNDSX7_L4.119	d__Bacteria;p__Pseudomonadota;c__Gammaproteobacteria;o__Burkholderiales;f__Burkholderiaceae_C;g__CAIJKV01;s__	N/A	N/A	N/A	N/A	N/A	GCA_903821335.1	95.0	d__Bacteria;p__Pseudomonadota;c__Gammaproteobacteria;o__Burkholderiales;f__Burkholderiaceae_C;g__CAIJKV01;s__CAIJKV01 sp903821335	80.99	0.608	d__Bacteria;p__Pseudomonadota;c__Gammaproteobacteria;o__Burkholderiales;f__Burkholderiaceae_C;g__CAIJKV01;s__	taxonomic classification defined by topology and ANI	classification based on placement in class-level tree	N/A	90.03	11	0.9857	Genome not assigned to closest species as it falls outside its pre-defined ANI radius
V10_EKDN230028462-1A_HKTTNDSX7_L4.120	d__Bacteria;p__Pseudomonadota;c__Gammaproteobacteria;o__Beggiatoales;f__Beggiatoaceae;g__DYNO01;s__	N/A	N/A	N/A	N/A	N/A	GCA_020721025.1	95.0	d__Bacteria;p__Pseudomonadota;c__Gammaproteobacteria;o__Beggiatoales;f__Beggiatoaceae;g__DYNO01;s__DYNO01 sp020721025	80.92	0.516	d__Bacteria;p__Pseudomonadota;c__Gammaproteobacteria;o__Beggiatoales;f__Beggiatoaceae;g__DYNO01;s__	taxonomic classification defined by topology and ANI	classification based on placement in class-level tree	N/A	88.08	11	0.95686	Genome not assigned to closest species as it falls outside its pre-defined ANI radius
V10_EKDN230028462-1A_HKTTNDSX7_L4.123	d__Bacteria;p__Pseudomonadota;c__Gammaproteobacteria;o__Beggiatoales;f__Beggiatoaceae;g__DYNO01;s__	N/A	N/A	N/A	N/A	N/A	GCA_020721025.1	95.0	d__Bacteria;p__Pseudomonadota;c__Gammaproteobacteria;o__Beggiatoales;f__Beggiatoaceae;g__DYNO01;s__DYNO01 sp020721025	80.11	0.522	d__Bacteria;p__Pseudomonadota;c__Gammaproteobacteria;o__Beggiatoales;f__Beggiatoaceae;g__DYNO01;s__	taxonomic classification defined by topology and ANI	classification based on placement in class-level tree	N/A	90.71	11	0.95542	Genome not assigned to closest species as it falls outside its pre-defined ANI radius
V10_EKDN230028462-1A_HKTTNDSX7_L4.13	d__Bacteria;p__Pseudomonadota;c__Alphaproteobacteria;o__Sphingomonadales;f__Sphingomonadaceae;g__Novosphingobium;s__	N/A	N/A	N/A	N/A	N/A	N/A	N/A	N/A	N/A	N/A	d__Bacteria;p__Pseudomonadota;c__Alphaproteobacteria;o__Sphingomonadales;f__Sphingomonadaceae;g__Novosphingobium;s__	ANI	classification based on placement in class-level tree	GCA_016719755.1, s__Novosphingobium sp016719755, 95.0, 78.75, 0.306; GCA_020848655.1, s__Novosphingobium sp020848655, 95.0, 78.72, 0.381; GCF_014652615.1, s__Novosphingobium arvoryzae, 95.0, 78.49, 0.343; GCF_001590965.1, s__Novosphingobium lentum, 95.0, 78.4, 0.32; GCA_017302615.1, s__Novosphingobium sp017302615, 95.0, 78.4, 0.332; GCA_024236215.1, s__Novosphingobium sp024236215, 95.0, 78.38, 0.302; GCF_001014975.1, s__Novosphingobium sp002336885, 95.0, 78.31, 0.306; GCF_002855555.1, s__Novosphingobium sp002855555, 95.0, 78.29, 0.343; GCA_020852455.1, s__Novosphingobium sp020852455, 95.0, 78.27, 0.313; GCF_002813245.1, s__Novosphingobium kunmingense, 95.0, 78.25, 0.285; GCA_018334165.1, s__Novosphingobium sp018334165, 95.0, 78.22, 0.295; GCF_001590985.1, s__Novosphingobium naphthalenivorans, 95.0, 78.21, 0.313; GCA_025153475.1, s__Novosphingobium sp025153475, 95.0, 78.21, 0.299; GCF_002198665.1, s__Novosphingobium sp002198665, 95.0, 78.2, 0.299; GCF_900113255.1, s__Novosphingobium sp900113255, 95.0, 78.19, 0.296; GCF_006874585.1, s__Novosphingobium sp006874585, 95.0, 78.19, 0.31; GCF_014652555.1, s__Novosphingobium colocasiae, 95.0, 78.18, 0.31; GCA_001725355.1, s__Novosphingobium sp001725355, 95.0, 78.18, 0.295; GCA_002440635.1, s__Novosphingobium sp002440635, 95.0, 78.16, 0.293; GCA_021299075.1, s__Novosphingobium sp021299075, 95.0, 78.15, 0.308; GCA_018241045.1, s__Novosphingobium sp018241045, 95.0, 78.14, 0.245; GCA_015657645.1, s__Novosphingobium sp015657645, 95.0, 78.13, 0.314; GCA_009926135.1, s__Novosphingobium sp009926135, 95.0, 78.12, 0.257; GCF_014230305.1, s__Novosphingobium aerophilum, 95.0, 78.1, 0.275; GCF_020404405.1, s__Novosphingobium sp020404405, 95.0, 78.09, 0.282; GCA_945906005.1, s__Novosphingobium sp945906005, 95.0, 78.06, 0.281; GCF_005145025.1, s__Novosphingobium sp005145025, 95.0, 78.06, 0.314; GCF_020179425.1, s__Novosphingobium percolationis, 95.0, 78.06, 0.291; GCF_012927405.1, s__Novosphingobium olei, 95.0, 78.05, 0.273; GCF_007954425.1, s__Novosphingobium ginsenosidimutans, 95.0, 78.05, 0.27; GCF_022832385.1, s__Novosphingobium sp022832385, 95.0, 78.02, 0.287; GCA_013141325.1, s__Novosphingobium sp013141325, 95.0, 78.02, 0.351; GCF_022832375.1, s__Novosphingobium sp022832375, 95.0, 78.01, 0.332; GCF_020179475.1, s__Novosphingobium huizhouense, 95.0, 78.01, 0.271; GCA_024236175.1, s__Novosphingobium sp024236175, 95.0, 78.0, 0.312; GCF_000272475.1, s__Novosphingobium sp000272475, 95.0, 77.99, 0.234; GCF_002556635.1, s__Novosphingobium sp002556635, 95.0, 77.98, 0.308; GCF_007991615.1, s__Novosphingobium sediminis, 95.0, 77.98, 0.246; GCF_000767465.1, s__Novosphingobium pentaromativorans, 95.0, 77.97, 0.254; GCF_001421325.1, s__Novosphingobium sp001421325, 95.0, 77.97, 0.273; GCA_004211435.1, s__Novosphingobium sp004211435, 95.0, 77.95, 0.295; GCF_000445125.1, s__Novosphingobium lindaniclasticum, 95.0, 77.94, 0.25; GCA_018240895.1, s__Novosphingobium sp018240895, 95.0, 77.93, 0.304; GCF_001298105.1, s__Novosphingobium sp001298105, 95.0, 77.92, 0.284; GCF_014230355.1, s__Novosphingobium piscinae, 95.0, 77.92, 0.269; GCA_013791705.1, s__Novosphingobium sp013791705, 95.0, 77.9, 0.306; GCA_021782155.1, s__Novosphingobium sp021782155, 95.0, 77.89, 0.253; GCA_015661825.1, s__Novosphingobium capsulatum_A, 95.0, 77.89, 0.244; GCF_022832435.1, s__Novosphingobium sp022832435, 95.0, 77.87, 0.261; GCA_018971065.1, s__Novosphingobium sp018971065, 95.0, 77.87, 0.271; GCF_014230315.1, s__Novosphingobium flavum, 95.0, 77.86, 0.247; GCF_014652855.1, s__Novosphingobium pokkalii, 95.0, 77.86, 0.309; GCF_013408095.1, s__Novosphingobium marinum, 95.0, 77.85, 0.239; GCF_900168325.1, s__Novosphingobium mathurense, 95.0, 77.84, 0.285; GCA_013822005.1, s__Novosphingobium sp013822005, 95.0, 77.83, 0.321; GCF_014640675.1, s__Novosphingobium endophyticum, 95.0, 77.81, 0.311; GCA_017745295.1, s__Novosphingobium sp017745295, 95.0, 77.81, 0.265; GCF_004342985.1, s__Novosphingobium sp004342985, 95.0, 77.79, 0.293; GCF_002149965.1, s__Novosphingobium panipatense, 95.0, 77.78, 0.302; GCF_014196615.1, s__Novosphingobium fluoreni, 95.0, 77.76, 0.237; GCF_004341845.1, s__Novosphingobium sp004341845, 95.0, 77.75, 0.33; GCF_002896965.1, s__Novosphingobium guangzhouense, 95.0, 77.75, 0.3; GCF_000876675.2, s__Novosphingobium sp000876675, 95.0, 77.74, 0.294; GCF_019075875.1, s__Novosphingobium sp019075875, 95.0, 77.73, 0.342; GCF_014204535.1, s__Novosphingobium chloroacetimidivorans, 95.0, 77.73, 0.266; GCF_902506425.1, s__Novosphingobium sp902506425, 95.0, 77.72, 0.249; GCF_021227995.1, s__Novosphingobium sp021227995, 95.0, 77.71, 0.301; GCF_014645195.1, s__Novosphingobium indicum, 95.0, 77.7, 0.3; GCF_009856825.1, s__Novosphingobium silvae, 95.0, 77.7, 0.235; GCF_000802225.1, s__Novosphingobium malaysiense, 95.0, 77.68, 0.304; GCF_002916655.1, s__Novosphingobium sp002916655, 95.0, 77.68, 0.203; GCF_001046635.1, s__Novosphingobium barchaimii, 95.0, 77.68, 0.271; GCF_902706195.1, s__Novosphingobium sp902706195, 95.0, 77.66, 0.282; GCA_002454125.1, s__Novosphingobium sp002454125, 95.0, 77.66, 0.308; GCF_900117425.1, s__Novosphingobium sp900117425, 95.0, 77.66, 0.259; GCF_009746585.1, s__Novosphingobium aquimarinum, 95.0, 77.66, 0.273; GCA_017987575.1, s__Novosphingobium sp017987575, 95.0, 77.65, 0.281; GCF_009707465.1, s__Novosphingobium sp009707465, 95.0, 77.62, 0.202; GCF_001519075.1, s__Novosphingobium fuchskuhlense, 95.0, 77.62, 0.243; GCA_019748365.1, s__Novosphingobium sp019748365, 95.0, 77.58, 0.233; GCA_023266625.1, s__Novosphingobium sp023266625, 95.0, 77.54, 0.265; GCF_000281975.1, s__Novosphingobium sp000281975, 95.0, 77.53, 0.287; GCF_001742225.1, s__Novosphingobium resinovorum, 95.0, 77.53, 0.299; GCF_018491765.1, s__Novosphingobium profundi, 95.0, 77.53, 0.229; GCF_020524485.1, s__Novosphingobium profundi_A, 95.0, 77.43, 0.226; GCA_020446505.1, s__Novosphingobium sp020446505, 95.0, 77.4, 0.207; GCA_945906105.1, s__Novosphingobium sp945906105, 95.0, 77.4, 0.302; GCF_018417475.1, s__Novosphingobium decolorationis, 95.0, 77.39, 0.234; GCA_903970225.1, s__Novosphingobium sp903970225, 95.0, 77.38, 0.217; GCA_024642085.1, s__Novosphingobium sp024642085, 95.0, 77.34, 0.248; GCA_903834285.1, s__Novosphingobium sp903834285, 95.0, 77.34, 0.19; GCF_015865035.1, s__Novosphingobium aureum, 95.0, 77.29, 0.252; GCA_019510335.1, s__Novosphingobium sp019510335, 95.0, 77.23, 0.275; GCF_008107685.1, s__Novosphingobium sp008107685, 95.0, 77.21, 0.207; GCA_020446575.1, s__Novosphingobium sp020446575, 95.0, 77.16, 0.229; GCA_019090585.1, s__Novosphingobium sp019090585, 95.0, 77.14, 0.239; GCA_903828025.1, s__Novosphingobium sp903828025, 95.0, 77.1, 0.244; GCA_017302775.1, s__Novosphingobium sp017302775, 95.0, 77.07, 0.169; GCA_020446595.1, s__Novosphingobium sp020446595, 95.0, 77.02, 0.226; GCA_903911985.1, s__Novosphingobium sp903911985, 95.0, 76.97, 0.214	96.11	11	0.932	N/A
V10_EKDN230028462-1A_HKTTNDSX7_L4.18	d__Bacteria;p__Actinomycetota;c__Actinomycetia;o__Propionibacteriales;f__Propionibacteriaceae;g__Fen-668;s__	N/A	N/A	N/A	N/A	N/A	N/A	N/A	N/A	N/A	N/A	d__Bacteria;p__Actinomycetota;c__Actinomycetia;o__Propionibacteriales;f__Propionibacteriaceae;g__Fen-668;s__	taxonomic novelty determined using RED	classification based on placement in class-level tree	N/A	87.98	11	0.94927	N/A
V10_EKDN230028462-1A_HKTTNDSX7_L4.22	d__Bacteria;p__Pseudomonadota;c__Gammaproteobacteria;o__Burkholderiales;f__Burkholderiaceae_B;g__;s__	N/A	N/A	N/A	N/A	N/A	N/A	N/A	N/A	N/A	N/A	d__Bacteria;p__Pseudomonadota;c__Gammaproteobacteria;o__Burkholderiales;f__Burkholderiaceae_B;g__;s__	taxonomic classification fully defined by topology	classification based on placement in class-level tree	N/A	74.18	11	0.91893	N/A
V10_EKDN230028462-1A_HKTTNDSX7_L4.29	d__Bacteria;p__Pseudomonadota;c__Gammaproteobacteria;o__Burkholderiales;f__Methylophilaceae;g__Novimethylophilus;s__	N/A	N/A	N/A	N/A	N/A	GCF_003112435.1	95.0	d__Bacteria;p__Pseudomonadota;c__Gammaproteobacteria;o__Burkholderiales;f__Methylophilaceae;g__Novimethylophilus;s__Novimethylophilus kurashikiensis	78.07	0.273	d__Bacteria;p__Pseudomonadota;c__Gammaproteobacteria;o__Burkholderiales;f__Methylophilaceae;g__Novimethylophilus;s__	taxonomic classification defined by topology and ANI	classification based on placement in class-level tree	N/A	89.55	11	0.87453	N/A
V10_EKDN230028462-1A_HKTTNDSX7_L4.30	d__Bacteria;p__Campylobacterota;c__Campylobacteria;o__Campylobacterales;f__Sulfurimonadaceae;g__Sulfuricurvum;s__Sulfuricurvum sp020721585	GCA_020721585.1	95.0	d__Bacteria;p__Campylobacterota;c__Campylobacteria;o__Campylobacterales;f__Sulfurimonadaceae;g__Sulfuricurvum;s__Sulfuricurvum sp020721585	98.72	0.975	N/A	N/A	N/A	N/A	N/A	N/A	ani_screen	classification based on ANI only	N/A	N/A	N/A	N/A	N/A
V10_EKDN230028462-1A_HKTTNDSX7_L4.35	d__Bacteria;p__Bacteroidota;c__Bacteroidia;o__Bacteroidales;f__UBA4417;g__UBA4417;s__	N/A	N/A	N/A	N/A	N/A	N/A	N/A	N/A	N/A	N/A	d__Bacteria;p__Bacteroidota;c__Bacteroidia;o__Bacteroidales;f__UBA4417;g__UBA4417;s__	ANI	classification based on placement in class-level tree	GCA_016707705.1, s__UBA4417 sp016707705, 95.0, 77.13, 0.061; GCA_903887815.1, s__UBA4417 sp903887815, 95.0, 76.96, 0.074; GCA_903913645.1, s__UBA4417 sp903913645, 95.0, 76.79, 0.109; GCA_903879715.1, s__UBA4417 sp903879715, 95.0, 76.77, 0.108; GCA_002389705.1, s__UBA4417 sp002389705, 95.0, 76.68, 0.082; GCA_903822525.1, s__UBA4417 sp903822525, 95.0, 76.65, 0.092; GCA_903878265.1, s__UBA4417 sp903878265, 95.0, 76.57, 0.093; GCA_903946925.1, s__UBA4417 sp903946925, 95.0, 76.56, 0.112; GCA_903917425.1, s__UBA4417 sp903917425, 95.0, 76.42, 0.087; GCA_022711175.1, s__UBA4417 sp022711175, 95.0, 76.36, 0.042; GCA_016707785.1, s__UBA4417 sp016707785, 95.0, 76.34, 0.064; GCA_013376995.1, s__UBA4417 sp013376995, 95.0, 76.29, 0.038; GCA_020048595.1, s__UBA4417 sp020048595, 95.0, 76.25, 0.072; GCA_015657475.1, s__UBA4417 sp015657475, 95.0, 76.06, 0.043; GCA_903864265.1, s__UBA4417 sp903864265, 95.0, 76.01, 0.036	94.28	11	0.93054	N/A
V10_EKDN230028462-1A_HKTTNDSX7_L4.43	d__Bacteria;p__Pseudomonadota;c__Alphaproteobacteria;o__Rhizobiales;f__Hyphomicrobiaceae;g__Hyphomicrobium_B;s__	N/A	N/A	N/A	N/A	N/A	GCF_000143145.1	95.0	d__Bacteria;p__Pseudomonadota;c__Alphaproteobacteria;o__Rhizobiales;f__Hyphomicrobiaceae;g__Hyphomicrobium_B;s__Hyphomicrobium_B denitrificans	86.65	0.901	d__Bacteria;p__Pseudomonadota;c__Alphaproteobacteria;o__Rhizobiales;f__Hyphomicrobiaceae;g__Hyphomicrobium_B;s__	taxonomic classification defined by topology and ANI	classification based on placement in class-level tree	GCF_000230975.2, s__Hyphomicrobium_B denitrificans_A, 95.0, 84.14, 0.832; GCF_000384335.2, s__Hyphomicrobium_B sp000384335, 95.0, 79.17, 0.449; GCF_900116175.1, s__Hyphomicrobium_B facile, 95.0, 79.11, 0.481; GCA_003987725.1, s__Hyphomicrobium_B sp003987725, 95.0, 79.09, 0.477; GCA_018242295.1, s__Hyphomicrobium_B sp018242295, 95.0, 79.0, 0.463; GCA_019753045.1, s__Hyphomicrobium_B sp019753045, 95.0, 78.91, 0.47; GCF_013626205.1, s__Hyphomicrobium_B methylovorum, 95.0, 78.81, 0.45; GCF_000253295.1, s__Hyphomicrobium_B sp000253295, 95.0, 78.7, 0.485; GCA_018242215.1, s__Hyphomicrobium_B sp018242215, 95.0, 78.66, 0.441; GCA_003987855.1, s__Hyphomicrobium_B sp003987855, 95.0, 78.62, 0.38; GCA_023390485.1, s__Hyphomicrobium_B sp023390485, 95.0, 78.51, 0.251; GCA_018242255.1, s__Hyphomicrobium_B sp018242255, 95.0, 78.45, 0.4; GCA_017512425.1, s__Hyphomicrobium_B sp017512425, 95.0, 78.03, 0.295; GCA_016716675.1, s__Hyphomicrobium_B sp016716675, 95.0, 78.0, 0.297; GCA_013141015.1, s__Hyphomicrobium_B sp013141015, 95.0, 77.79, 0.232; GCA_902825785.1, s__Hyphomicrobium_B sp902825785, 95.0, 77.56, 0.24; GCA_019748215.1, s__Hyphomicrobium_B sp019748215, 95.0, 77.53, 0.241; GCA_016793445.1, s__Hyphomicrobium_B sp016793445, 95.0, 77.49, 0.243; GCA_021732485.1, s__Hyphomicrobium_B sp021732485, 95.0, 77.43, 0.195; GCA_022843145.1, s__Hyphomicrobium_B sp022843145, 95.0, 77.41, 0.202; GCA_021812845.1, s__Hyphomicrobium_B sp021812845, 95.0, 77.18, 0.144; GCA_002928395.1, s__Hyphomicrobium_B sp002928395, 95.0, 77.13, 0.114; GCA_002928515.1, s__Hyphomicrobium_B sp002928515, 95.0, 77.03, 0.148; GCA_002928955.1, s__Hyphomicrobium_B sp002928955, 95.0, 76.58, 0.141	73.35	11	0.99168	Genome not assigned to closest species as it falls outside its pre-defined ANI radius
V10_EKDN230028462-1A_HKTTNDSX7_L4.48	d__Bacteria;p__Pseudomonadota;c__Gammaproteobacteria;o__Thiotrichales;f__Thiotrichaceae;g__Thiothrix;s__Thiothrix fructosivorans	GCF_017349355.1	95.0	d__Bacteria;p__Pseudomonadota;c__Gammaproteobacteria;o__Thiotrichales;f__Thiotrichaceae;g__Thiothrix;s__Thiothrix fructosivorans	98.87	0.918	N/A	N/A	N/A	N/A	N/A	N/A	ani_screen	classification based on ANI only	N/A	N/A	N/A	N/A	N/A
V10_EKDN230028462-1A_HKTTNDSX7_L4.56	d__Bacteria;p__Campylobacterota;c__Campylobacteria;o__Campylobacterales;f__Sulfurovaceae;g__UBA1140;s__UBA1140 sp006212005	GCA_006212005.1	95.0	d__Bacteria;p__Campylobacterota;c__Campylobacteria;o__Campylobacterales;f__Sulfurovaceae;g__UBA1140;s__UBA1140 sp006212005	96.44	0.814	N/A	N/A	N/A	N/A	N/A	N/A	ani_screen	classification based on ANI only	N/A	N/A	N/A	N/A	N/A
V10_EKDN230028462-1A_HKTTNDSX7_L4.64	d__Bacteria;p__Bacteroidota;c__Bacteroidia;o__Flavobacteriales;f__Weeksellaceae;g__Cloacibacterium;s__	N/A	N/A	N/A	N/A	N/A	N/A	N/A	N/A	N/A	N/A	d__Bacteria;p__Bacteroidota;c__Bacteroidia;o__Flavobacteriales;f__Weeksellaceae;g__Cloacibacterium;s__	taxonomic classification defined by topology and ANI	classification based on placement in class-level tree	GCF_907163105.1, s__Cloacibacterium caeni_A, 95.0, 82.21, 0.643; GCF_003860565.1, s__Cloacibacterium normanense, 95.1075, 82.12, 0.638; GCF_907163125.1, s__Cloacibacterium caeni_B, 95.1075, 81.98, 0.633; GCF_002943105.1, s__Cloacibacterium sp002422665, 95.0662, 81.84, 0.623; GCF_014645495.1, s__Cloacibacterium rupense, 95.0, 81.69, 0.624; GCA_002337005.1, s__Cloacibacterium sp002337005, 95.0, 81.62, 0.602	86.69	11	0.98348	Genome not assigned to closest species as it falls outside its pre-defined ANI radius
V10_EKDN230028462-1A_HKTTNDSX7_L4.69	d__Bacteria;p__Bacteroidota;c__Bacteroidia;o__Flavobacteriales;f__Flavobacteriaceae;g__Flavobacterium;s__	N/A	N/A	N/A	N/A	N/A	N/A	N/A	N/A	N/A	N/A	d__Bacteria;p__Bacteroidota;c__Bacteroidia;o__Flavobacteriales;f__Flavobacteriaceae;g__Flavobacterium;s__	ANI	classification based on placement in class-level tree	GCF_014486675.1, s__Flavobacterium macrobrachii, 95.0, 79.71, 0.388; GCF_004362665.1, s__Flavobacterium dankookense, 95.0, 79.55, 0.386; GCF_012911605.1, s__Flavobacterium solisilvae, 95.0, 79.38, 0.427; GCA_017303755.1, s__Flavobacterium sp017303755, 95.0, 78.81, 0.39; GCA_016718345.1, s__Flavobacterium sp016718345, 95.0, 78.8, 0.292; GCF_014642275.1, s__Flavobacterium lutivivi, 95.0, 78.56, 0.357; GCA_016787805.1, s__Flavobacterium sp016787805, 95.0, 78.53, 0.371; GCF_001662485.1, s__Flavobacterium succinicans_A, 95.0, 78.48, 0.218; GCF_003634825.1, s__Flavobacterium sp003634825, 95.0, 78.37, 0.296; GCF_013072765.1, s__Flavobacterium sp013072765, 95.0, 78.34, 0.275; GCA_903842575.1, s__Flavobacterium sp903842575, 95.0, 78.18, 0.352; GCA_903879875.1, s__Flavobacterium sp903879875, 95.0, 78.15, 0.294; GCF_008806775.1, s__Flavobacterium luteum, 95.0, 78.09, 0.274; GCA_020403245.1, s__Flavobacterium sp020403245, 95.0, 78.08, 0.291; GCF_900111965.1, s__Flavobacterium swingsii, 95.0, 78.07, 0.37; GCA_903839195.1, s__Flavobacterium sp903839195, 95.0, 78.03, 0.367; GCF_002754315.1, s__Flavobacterium sp002754315, 95.0, 77.97, 0.249; GCF_000422705.1, s__Flavobacterium soli, 95.0, 77.97, 0.256; GCF_015277675.1, s__Flavobacterium soyangense, 95.0, 77.95, 0.234; GCA_024642105.1, s__Flavobacterium sp024642105, 95.0, 77.95, 0.225; GCA_021740105.1, s__Flavobacterium sp021740105, 95.0, 77.91, 0.292; GCF_003097635.1, s__Flavobacterium psychrotolerans, 95.0, 77.88, 0.252; GCA_022758945.1, s__Flavobacterium sp022758945, 95.0, 77.87, 0.285; GCA_018062725.1, s__Flavobacterium sp018062725, 95.0, 77.86, 0.291; GCA_012837155.1, s__Flavobacterium sp012837155, 95.0, 77.85, 0.212; GCA_943913405.1, s__Flavobacterium sp943913405, 95.0, 77.85, 0.209; GCA_945874225.1, s__Flavobacterium psychrophilum_M, 95.0, 77.84, 0.258; GCF_002217405.1, s__Flavobacterium psychrophilum, 95.0, 77.84, 0.321; GCA_016714905.1, s__Flavobacterium sp016714905, 95.0, 77.83, 0.212; GCF_000813005.1, s__Flavobacterium sp000813005, 95.0, 77.83, 0.231; GCF_004349315.1, s__Flavobacterium ranwuense, 95.0, 77.82, 0.243; GCF_004349195.1, s__Flavobacterium rhamnosiphilum, 95.0, 77.82, 0.264; GCF_003634755.1, s__Flavobacterium limicola, 95.0, 77.82, 0.245; GCA_903819815.1, s__Flavobacterium sp903819815, 95.0, 77.8, 0.311; GCF_003865365.1, s__Flavobacterium macacae, 95.0, 77.8, 0.224; GCF_010119235.1, s__Flavobacterium phycosphaerae, 95.0, 77.8, 0.235; GCA_945860385.1, s__Flavobacterium psychrophilum_K, 95.0, 77.77, 0.231; GCA_945861915.1, s__Flavobacterium psychrophilum_E, 95.0, 77.76, 0.261; GCF_004349085.1, s__Flavobacterium caseinilyticum, 95.0, 77.73, 0.221; GCF_004122165.1, s__Flavobacterium amnicola, 95.0, 77.72, 0.273; GCA_009693635.1, s__Flavobacterium sp009693635, 95.0, 77.71, 0.335; GCF_003350545.1, s__Flavobacterium glaciei, 95.0, 77.67, 0.246; GCF_020911885.1, s__Flavobacterium sp020911885, 95.0, 77.67, 0.219; GCF_003097655.1, s__Flavobacterium laiguense, 95.0, 77.65, 0.236; GCF_900110375.1, s__Flavobacterium sinopsychrotolerans, 95.0, 77.65, 0.262; GCF_000737695.1, s__Flavobacterium hydatis, 95.0, 77.63, 0.255; GCF_000425485.1, s__Flavobacterium tegetincola, 95.0, 77.61, 0.22; GCA_002428305.1, s__Flavobacterium sp002428305, 95.0, 77.61, 0.24; GCF_019351435.1, s__Flavobacterium taihuense, 95.0, 77.6, 0.239; GCA_945897545.1, s__Flavobacterium psychrophilum_L, 95.0, 77.57, 0.244; GCF_900129705.1, s__Flavobacterium granuli, 95.0, 77.56, 0.223; GCA_009926065.1, s__Flavobacterium sp009926065, 95.0, 77.55, 0.32; GCF_023635005.1, s__Flavobacterium sp023635005, 95.0, 77.54, 0.192; GCA_010365135.1, s__Flavobacterium sp010365135, 95.0, 77.54, 0.222; GCA_016721735.1, s__Flavobacterium sp016721735, 95.0, 77.53, 0.218; GCA_002413745.1, s__Flavobacterium sp002413745, 95.0, 77.51, 0.23; GCF_003668995.1, s__Flavobacterium sp003668995, 95.0, 77.5, 0.251; GCF_023195775.1, s__Flavobacterium sp023195775, 95.0, 77.49, 0.278; GCF_014638005.1, s__Flavobacterium orientale, 95.0, 77.48, 0.249; GCF_004349355.1, s__Flavobacterium cellulosilyticum, 95.0, 77.48, 0.241; GCF_007097385.1, s__Flavobacterium sp007097385, 95.0, 77.48, 0.251; GCA_002352205.1, s__Flavobacterium sp002352205, 95.0, 77.48, 0.279; GCA_903861155.1, s__Flavobacterium sp903861155, 95.0, 77.47, 0.237; GCF_000425465.1, s__Flavobacterium filum, 95.0, 77.47, 0.246; GCF_007097245.1, s__Flavobacterium restrictum, 95.0, 77.46, 0.221; GCA_903824755.1, s__Flavobacterium sp903824755, 95.0, 77.46, 0.31; GCF_003634455.1, s__Flavobacterium endophyticum, 95.0, 77.44, 0.172; GCF_003268815.1, s__Flavobacterium lacus, 95.0, 77.41, 0.243; GCA_903837025.1, s__Flavobacterium sp903837025, 95.0, 77.41, 0.247; GCA_013822155.1, s__Flavobacterium sp013822155, 95.0, 77.33, 0.226; GCA_023387965.1, s__Flavobacterium sp023387965, 95.0, 77.33, 0.198; GCF_007109225.1, s__Flavobacterium sp007109225, 95.0, 77.32, 0.178; GCF_000419685.1, s__Flavobacterium antarcticum, 95.0, 77.3, 0.225; GCF_002846575.1, s__Flavobacterium lindanitolerans, 95.0, 77.28, 0.146; GCA_945879625.1, s__Flavobacterium psychrophilum_G, 95.0, 77.28, 0.193; GCA_022709825.1, s__Flavobacterium sp022709825, 95.0, 77.25, 0.257; GCF_004122145.1, s__Flavobacterium piscinae, 95.0, 77.21, 0.234; GCA_018883065.1, s__Flavobacterium sp018883065, 95.0, 77.21, 0.183; GCF_004745595.1, s__Flavobacterium humi, 95.0, 77.17, 0.124; GCA_945869365.1, s__Flavobacterium psychrophilum_J, 95.0, 77.16, 0.173; GCF_006385255.1, s__Flavobacterium microcysteis, 95.0, 77.13, 0.159; GCF_900142035.1, s__Flavobacterium terrae, 95.0, 77.11, 0.229; GCF_900100375.1, s__Flavobacterium noncentrifugens, 95.0, 77.04, 0.154; GCF_003076475.1, s__Flavobacterium kingsejongi, 95.0, 77.01, 0.106; GCA_002483285.1, s__Flavobacterium sp002483285, 95.0, 77.01, 0.097; GCF_002217205.1, s__Flavobacterium branchiophilum, 95.0, 76.96, 0.177; GCF_004959765.1, s__Flavobacterium sp004959765, 95.0, 76.94, 0.172; GCA_020720185.1, s__Flavobacterium psychrophilum_O, 95.0, 76.92, 0.243; GCF_003055625.1, s__Flavobacterium magnum, 95.0, 76.92, 0.059; GCF_023634845.1, s__Flavobacterium amniphilum, 95.0, 76.82, 0.153; GCA_023427845.1, s__Flavobacterium sp023427845, 95.0, 76.73, 0.086; GCA_014378065.1, s__Flavobacterium sp014378065, 95.0, 76.72, 0.176; GCA_017987725.1, s__Flavobacterium sp017987725, 95.0, 76.71, 0.178; GCF_018413465.1, s__Flavobacterium sp018413465, 95.0, 76.7, 0.15; GCF_003097535.1, s__Flavobacterium pallidum, 95.0, 76.67, 0.096; GCA_002256285.1, s__Flavobacterium sp002256285, 95.0, 76.65, 0.086; GCA_015234525.1, s__Flavobacterium sp015234525, 95.0, 76.63, 0.106; GCF_011392125.1, s__Flavobacterium lotistagni, 95.0, 76.61, 0.107; GCA_015478765.1, s__Flavobacterium sp015478765, 95.0, 76.6, 0.064; GCA_018267095.1, s__Flavobacterium sp018267095, 95.0, 76.4, 0.151	80.93	11	0.95	N/A
V10_EKDN230028462-1A_HKTTNDSX7_L4.71	d__Bacteria;p__Pseudomonadota;c__Alphaproteobacteria;o__Rhizobiales;f__Rhizobiaceae;g__;s__	N/A	N/A	N/A	N/A	N/A	N/A	N/A	N/A	N/A	N/A	d__Bacteria;p__Pseudomonadota;c__Alphaproteobacteria;o__Rhizobiales;f__Rhizobiaceae;g__;s__	taxonomic classification fully defined by topology	classification based on placement in class-level tree	N/A	93.55	11	0.86413	N/A
V10_EKDN230028462-1A_HKTTNDSX7_L4.75	d__Bacteria;p__Nitrospirota;c__Nitrospiria;o__Nitrospirales;f__Nitrospiraceae;g__Nitrospira_A;s__	N/A	N/A	N/A	N/A	N/A	N/A	N/A	N/A	N/A	N/A	d__Bacteria;p__Nitrospirota;c__Nitrospiria;o__Nitrospirales;f__Nitrospiraceae;g__Nitrospira_A;s__	taxonomic classification defined by topology and ANI	classification based on placement in class-level tree	GCA_009594995.1, s__Nitrospira_A sp009594995, 95.0, 82.66, 0.601; GCA_024998595.1, s__Nitrospira_A sp024998595, 95.0, 81.09, 0.601; GCA_014055465.1, s__Nitrospira_A sp014055465, 95.0, 80.98, 0.575; GCF_900170025.1, s__Nitrospira_A sp900170025, 95.0, 80.93, 0.591; GCA_919902505.1, s__Nitrospira_A sp919902505, 95.0, 80.75, 0.588; GCA_024998565.1, s__Nitrospira_A sp016788925, 95.0, 80.75, 0.571; GCA_902500785.1, s__Nitrospira_A sp902500785, 95.0, 80.69, 0.634; GCA_020853775.1, s__Nitrospira_A sp020853775, 95.0, 80.46, 0.571; GCA_024998625.1, s__Nitrospira_A sp024998625, 95.0, 80.46, 0.559; GCA_022226935.1, s__Nitrospira_A sp022226935, 95.0, 80.45, 0.556; GCA_000196815.1, s__Nitrospira_A defluvii_A, 95.0, 80.4, 0.571; GCA_009594865.1, s__Nitrospira_A sp009594865, 95.0, 80.25, 0.491; GCA_017986555.1, s__Nitrospira_A sp017986555, 95.0, 80.05, 0.49; GCA_902500715.1, s__Nitrospira_A sp902500715, 95.0, 79.98, 0.5; GCA_023248215.1, s__Nitrospira_A sp023248215, 95.0, 79.88, 0.582; GCA_902500995.1, s__Nitrospira_A sp902500995, 95.0, 79.74, 0.509; GCA_900696505.1, s__Nitrospira_A sp900696505, 95.0, 79.69, 0.4; GCA_011525625.1, s__Nitrospira_A sp003456605, 95.0, 79.64, 0.465; GCA_024998705.1, s__Nitrospira_A sp024998705, 95.0, 79.52, 0.403; GCF_905220995.1, s__Nitrospira_A defluvii_C, 95.0, 79.41, 0.496; GCA_016788885.1, s__Nitrospira_A sp009594855, 95.0, 79.34, 0.475; GCA_016199015.1, s__Nitrospira_A defluvii_B, 95.0, 79.27, 0.346; GCA_014055495.1, s__Nitrospira_A sp014055495, 95.0, 79.23, 0.437; GCA_018242665.1, s__Nitrospira_A sp018242665, 95.0, 79.08, 0.457; GCA_013696305.1, s__Nitrospira_A sp013696305, 95.0, 78.69, 0.362; GCA_021323395.1, s__Nitrospira_A sp021323395, 95.0, 78.55, 0.354; GCA_020697375.1, s__Nitrospira_A sp020697375, 95.0, 78.41, 0.397; GCA_015709715.1, s__Nitrospira_A sp001567445, 95.0, 77.75, 0.254	68.44	11	0.96564	Genome not assigned to closest species as it falls outside its pre-defined ANI radius
V10_EKDN230028462-1A_HKTTNDSX7_L4.80	d__Bacteria;p__Bacteroidota;c__Bacteroidia;o__Bacteroidales;f__Tenuifilaceae;g__UBA8529;s__	N/A	N/A	N/A	N/A	N/A	GCA_003818205.1	95.0	d__Bacteria;p__Bacteroidota;c__Bacteroidia;o__Bacteroidales;f__Tenuifilaceae;g__UBA8529;s__UBA8529 sp003818205	80.83	0.513	d__Bacteria;p__Bacteroidota;c__Bacteroidia;o__Bacteroidales;f__Tenuifilaceae;g__UBA8529;s__	taxonomic classification defined by topology and ANI	classification based on placement in class-level tree	GCA_003531155.1, s__UBA8529 sp003531155, 95.0, 79.1, 0.225; GCA_013141385.1, s__UBA8529 sp013141385, 95.0, 78.27, 0.29; GCA_013376985.1, s__UBA8529 sp013376985, 95.0, 77.91, 0.277	71.58	11	0.97331	Genome not assigned to closest species as it falls outside its pre-defined ANI radius
V11_EKDN230028463-1A_HKTTNDSX7_L4.100	d__Bacteria;p__Pseudomonadota;c__Gammaproteobacteria;o__Burkholderiales;f__Burkholderiaceae_B;g__Rubrivivax;s__	N/A	N/A	N/A	N/A	N/A	N/A	N/A	N/A	N/A	N/A	d__Bacteria;p__Pseudomonadota;c__Gammaproteobacteria;o__Burkholderiales;f__Burkholderiaceae_B;g__Rubrivivax;s__	taxonomic classification defined by topology and ANI	classification based on placement in class-level tree	GCA_022842305.1, s__Rubrivivax sp022842305, 95.0, 81.71, 0.513; GCF_004016505.1, s__Rubrivivax rivuli, 95.0, 81.33, 0.527; GCA_001295905.1, s__Rubrivivax sp001295905, 95.0, 81.16, 0.513; GCF_904426505.1, s__Rubrivivax sp904426505, 95.0, 81.14, 0.537; GCA_001295865.1, s__Rubrivivax sp001295865, 95.0, 81.12, 0.526; GCA_016704535.1, s__Rubrivivax sp016704535, 95.0, 81.11, 0.491; GCA_013822265.1, s__Rubrivivax sp013822265, 95.0, 81.04, 0.484; GCA_016709385.1, s__Rubrivivax sp016709385, 95.0, 81.01, 0.519; GCA_014859905.1, s__Rubrivivax sp014859905, 95.0, 80.99, 0.334; GCA_903914615.1, s__Rubrivivax sp903914615, 95.0, 80.93, 0.464; GCA_020720385.1, s__Rubrivivax sp020720385, 95.0, 80.75, 0.517; GCA_016790395.1, s__Rubrivivax sp016790395, 95.0, 80.57, 0.466; GCA_011391855.1, s__Rubrivivax sp011391855, 95.0, 80.52, 0.508; GCA_903828235.1, s__Rubrivivax sp903828235, 95.0, 80.45, 0.476; GCA_020248945.1, s__Rubrivivax sp020248945, 95.0, 80.36, 0.491; GCA_022842595.1, s__Rubrivivax sp022842595, 95.0, 80.34, 0.495; GCA_023657425.1, s__Rubrivivax sp023657425, 95.0, 80.28, 0.438; GCA_019635315.1, s__Rubrivivax sp019635315, 95.0, 80.27, 0.502; GCA_016719535.1, s__Rubrivivax sp016719535, 95.0, 80.2, 0.491; GCA_903822435.1, s__Rubrivivax sp903822435, 95.0, 80.2, 0.453; GCA_020161065.1, s__Rubrivivax sp020161065, 95.0, 80.19, 0.517; GCA_022843905.1, s__Rubrivivax sp022843905, 95.0, 80.11, 0.504; GCA_024235855.1, s__Rubrivivax sp024235855, 95.0, 79.99, 0.401; GCF_004016515.1, s__Rubrivivax albus, 95.0, 79.95, 0.471; GCA_016707445.1, s__Rubrivivax sp016707445, 95.0, 79.94, 0.43; GCA_001464055.1, s__Rubrivivax sp001464055, 95.0, 79.91, 0.448; GCA_903938815.1, s__Rubrivivax sp903938815, 95.0, 79.8, 0.434; GCF_000190375.1, s__Rubrivivax benzoatilyticus, 95.0, 79.66, 0.414; GCA_018971105.1, s__Rubrivivax sp018971105, 95.0, 79.66, 0.362; GCA_018780805.1, s__Rubrivivax sp018780805, 95.0, 79.63, 0.443; GCF_016583785.1, s__Rubrivivax gelatinosus_B, 95.0, 79.59, 0.417; GCF_000284255.1, s__Rubrivivax gelatinosus_A, 95.0, 79.56, 0.429; GCA_022842825.1, s__Rubrivivax sp022842825, 95.0, 79.56, 0.424; GCA_016790225.1, s__Rubrivivax sp016790225, 95.0, 79.48, 0.405; GCF_004340905.1, s__Rubrivivax gelatinosus, 95.0, 79.46, 0.423; GCA_024641925.1, s__Rubrivivax sp024641925, 95.0, 79.45, 0.39; GCA_024235915.1, s__Rubrivivax sp024235915, 95.0, 79.42, 0.376; GCA_001725505.1, s__Rubrivivax sp001725505, 95.0, 79.41, 0.376; GCA_020248915.1, s__Rubrivivax sp020248915, 95.0, 79.39, 0.403; GCA_021300575.1, s__Rubrivivax sp021300575, 95.0, 79.33, 0.359; GCA_016789865.1, s__Rubrivivax sp016789865, 95.0, 79.22, 0.405; GCA_016223165.1, s__Rubrivivax sp016223165, 95.0, 79.2, 0.481; GCA_016716535.1, s__Rubrivivax sp016716535, 95.0, 79.17, 0.443; GCA_018241895.1, s__Rubrivivax sp018241895, 95.0, 79.15, 0.388; GCA_020852865.1, s__Rubrivivax sp020852865, 95.0, 79.08, 0.366; GCA_001724995.1, s__Rubrivivax sp001724995, 95.0, 79.05, 0.379; GCA_021297985.1, s__Rubrivivax sp021297985, 95.0, 79.04, 0.37; GCA_021298085.1, s__Rubrivivax sp021298085, 95.0, 79.01, 0.368; GCA_016790435.1, s__Rubrivivax sp016790435, 95.0, 78.94, 0.369; GCA_903885585.1, s__Rubrivivax sp903885585, 95.0, 78.9, 0.301; GCA_016789955.1, s__Rubrivivax sp016789955, 95.0, 78.84, 0.389; GCA_016790425.1, s__Rubrivivax sp016790425, 95.0, 78.82, 0.37; GCA_016788525.1, s__Rubrivivax sp016788525, 95.0, 78.81, 0.359; GCA_020851615.1, s__Rubrivivax sp020851615, 95.0, 78.78, 0.441; GCA_016191995.1, s__Rubrivivax sp016191995, 95.0, 78.77, 0.311; GCA_024235895.1, s__Rubrivivax sp011525985, 95.0, 78.71, 0.336; GCA_024641945.1, s__Rubrivivax sp024641945, 95.0, 78.64, 0.365; GCA_903876715.1, s__Rubrivivax sp903876715, 95.0, 78.13, 0.299; GCA_903834645.1, s__Rubrivivax sp903834645, 95.0, 78.02, 0.33; GCA_009923895.1, s__Rubrivivax sp009923895, 95.0, 77.4, 0.238	85.48	11	0.97212	Genome not assigned to closest species as it falls outside its pre-defined ANI radius
V11_EKDN230028463-1A_HKTTNDSX7_L4.101	d__Bacteria;p__Pseudomonadota;c__Gammaproteobacteria;o__Methylococcales;f__Methylomonadaceae;g__UBA4132;s__	N/A	N/A	N/A	N/A	N/A	N/A	N/A	N/A	N/A	N/A	d__Bacteria;p__Pseudomonadota;c__Gammaproteobacteria;o__Methylococcales;f__Methylomonadaceae;g__UBA4132;s__	taxonomic classification defined by topology and ANI	classification based on placement in class-level tree	GCA_002134785.1, s__UBA4132 sp002134785, 95.0, 82.93, 0.658; GCA_009692395.1, s__UBA4132 sp009692395, 95.0, 82.69, 0.672; GCA_002380945.1, s__UBA4132 sp002380945, 95.0, 81.68, 0.574; GCA_002256685.1, s__UBA4132 sp002256685, 95.0, 81.31, 0.6; GCA_903902705.1, s__UBA4132 sp903902705, 95.0, 81.01, 0.547	70.11	11	0.96226	Genome not assigned to closest species as it falls outside its pre-defined ANI radius
V11_EKDN230028463-1A_HKTTNDSX7_L4.109	d__Bacteria;p__Bacteroidota;c__Bacteroidia;o__Flavobacteriales;f__Flavobacteriaceae;g__Flavobacterium;s__	N/A	N/A	N/A	N/A	N/A	GCA_903842575.1	95.0	d__Bacteria;p__Bacteroidota;c__Bacteroidia;o__Flavobacteriales;f__Flavobacteriaceae;g__Flavobacterium;s__Flavobacterium sp903842575	78.17	0.346	d__Bacteria;p__Bacteroidota;c__Bacteroidia;o__Flavobacteriales;f__Flavobacteriaceae;g__Flavobacterium;s__	taxonomic classification defined by topology and ANI	classification based on placement in class-level tree	GCA_016718345.1, s__Flavobacterium sp016718345, 95.0, 78.75, 0.291; GCF_001662485.1, s__Flavobacterium succinicans_A, 95.0, 78.45, 0.22; GCF_003634825.1, s__Flavobacterium sp003634825, 95.0, 78.45, 0.29; GCA_903879875.1, s__Flavobacterium sp903879875, 95.0, 78.33, 0.285; GCF_000422705.1, s__Flavobacterium soli, 95.0, 78.32, 0.266; GCF_020886055.1, s__Flavobacterium sp020886055, 95.0, 78.31, 0.275; GCA_024642105.1, s__Flavobacterium sp024642105, 95.0, 78.31, 0.225; GCF_008806775.1, s__Flavobacterium luteum, 95.0, 78.3, 0.272; GCA_022758945.1, s__Flavobacterium sp022758945, 95.0, 78.26, 0.281; GCA_002382495.1, s__Flavobacterium sp002382495, 95.0, 78.2, 0.288; GCA_017984035.1, s__Flavobacterium sp017984035, 95.0, 78.18, 0.306; GCF_020885975.1, s__Flavobacterium sp020885975, 95.0, 78.18, 0.303; GCF_002754315.1, s__Flavobacterium sp002754315, 95.0, 78.16, 0.255; GCA_017997335.1, s__Flavobacterium sp017997335, 95.0, 78.15, 0.246; GCA_001800905.1, s__Flavobacterium sp001800905, 95.0, 78.15, 0.318; GCF_000744835.1, s__Flavobacterium sp000744835, 95.0, 78.13, 0.264; GCF_015351595.1, s__Flavobacterium sp015351595, 95.0, 78.13, 0.258; GCA_016714905.1, s__Flavobacterium sp016714905, 95.0, 78.12, 0.22; GCF_020905345.1, s__Flavobacterium sp020905345, 95.0, 78.12, 0.254; GCA_945861915.1, s__Flavobacterium psychrophilum_E, 95.0, 78.12, 0.259; GCF_900112975.1, s__Flavobacterium xueshanense, 95.0, 78.1, 0.255; GCF_004349315.1, s__Flavobacterium ranwuense, 95.0, 78.07, 0.257; GCA_017988155.1, s__Flavobacterium sp017988155, 95.0, 78.06, 0.264; GCF_002001005.1, s__Flavobacterium sp002001005, 95.0, 78.05, 0.254; GCF_000813005.1, s__Flavobacterium sp000813005, 95.0, 78.05, 0.252; GCF_902506345.1, s__Flavobacterium sp902506345, 95.0, 78.04, 0.245; GCA_903839195.1, s__Flavobacterium sp903839195, 95.0, 78.03, 0.369; GCF_004349085.1, s__Flavobacterium caseinilyticum, 95.0, 78.02, 0.232; GCF_004349195.1, s__Flavobacterium rhamnosiphilum, 95.0, 78.02, 0.286; GCA_012837155.1, s__Flavobacterium sp012837155, 95.0, 78.01, 0.229; GCF_020911925.1, s__Flavobacterium sp001027725, 95.0, 78.01, 0.238; GCA_016721735.1, s__Flavobacterium sp016721735, 95.0, 78.0, 0.213; GCF_007097265.1, s__Flavobacterium gawalongense, 95.0, 77.99, 0.264; GCF_003350545.1, s__Flavobacterium glaciei, 95.0, 77.99, 0.241; GCF_009707955.1, s__Flavobacterium sp009707955, 95.0, 77.99, 0.281; GCA_943913405.1, s__Flavobacterium sp943913405, 95.0, 77.98, 0.221; GCF_900110375.1, s__Flavobacterium sinopsychrotolerans, 95.0, 77.96, 0.254; GCF_007097365.1, s__Flavobacterium franklandianum, 95.0, 77.96, 0.259; GCA_900107365.1, s__Flavobacterium aquidurense, 95.0, 77.95, 0.27; GCF_000812945.1, s__Flavobacterium sp000812945, 95.0, 77.93, 0.28; GCA_002280815.1, s__Flavobacterium sp002280815, 95.0, 77.93, 0.216; GCF_003314435.2, s__Flavobacterium petrolei, 95.0, 77.92, 0.251; GCF_003097635.1, s__Flavobacterium psychrotolerans, 95.0, 77.91, 0.257; GCF_003668995.1, s__Flavobacterium sp003668995, 95.0, 77.9, 0.259; GCF_009711165.2, s__Flavobacterium sp009711165, 95.0, 77.9, 0.292; GCA_009926065.1, s__Flavobacterium sp009926065, 95.0, 77.9, 0.314; GCF_003634755.1, s__Flavobacterium limicola, 95.0, 77.9, 0.249; GCF_000737695.1, s__Flavobacterium hydatis, 95.0, 77.89, 0.267; GCF_015277675.1, s__Flavobacterium soyangense, 95.0, 77.89, 0.256; GCF_014305155.1, s__Flavobacterium muglaense, 95.0, 77.88, 0.248; GCF_003097655.1, s__Flavobacterium laiguense, 95.0, 77.88, 0.252; GCA_021740105.1, s__Flavobacterium sp021740105, 95.0, 77.88, 0.297; GCF_017875765.1, s__Flavobacterium sp017875765, 95.0, 77.87, 0.269; GCA_903819815.1, s__Flavobacterium sp903819815, 95.0, 77.87, 0.289; GCF_009909155.2, s__Flavobacterium undicola, 95.0, 77.86, 0.238; GCF_014305095.1, s__Flavobacterium kayseriense, 95.0, 77.85, 0.209; GCA_945874225.1, s__Flavobacterium psychrophilum_M, 95.0, 77.84, 0.271; GCF_900129705.1, s__Flavobacterium granuli, 95.0, 77.84, 0.231; GCF_900142885.1, s__Flavobacterium xinjiangense, 95.0, 77.83, 0.253; GCF_020911885.1, s__Flavobacterium sp020911885, 95.0, 77.8, 0.248; GCF_900108015.1, s__Flavobacterium urumqiense, 95.0, 77.8, 0.251; GCF_019351435.1, s__Flavobacterium taihuense, 95.0, 77.79, 0.264; GCF_003634455.1, s__Flavobacterium endophyticum, 95.0, 77.78, 0.179; GCF_015594725.1, s__Flavobacterium sp015594725, 95.0, 77.78, 0.261; GCF_004349355.1, s__Flavobacterium cellulosilyticum, 95.0, 77.77, 0.249; GCF_004349135.1, s__Flavobacterium sandaracinum, 95.0, 77.77, 0.249; GCF_007097385.1, s__Flavobacterium sp007097385, 95.0, 77.77, 0.263; GCF_900142695.1, s__Flavobacterium xanthum, 95.0, 77.75, 0.243; GCF_003312425.1, s__Flavobacterium psychrolimnae, 95.0, 77.75, 0.264; GCF_003254745.1, s__Flavobacterium aquariorum, 95.0, 77.75, 0.261; GCF_007109225.1, s__Flavobacterium sp007109225, 95.0, 77.75, 0.191; GCF_900187965.1, s__Flavobacterium sp900187965, 95.0, 77.74, 0.286; GCA_009693635.1, s__Flavobacterium sp009693635, 95.0, 77.7, 0.324; GCA_903837025.1, s__Flavobacterium sp903837025, 95.0, 77.69, 0.237; GCF_004349145.1, s__Flavobacterium hiemivividum, 95.0, 77.68, 0.223; GCF_013284035.1, s__Flavobacterium sp003096795, 95.0, 77.67, 0.253; GCF_023278045.1, s__Flavobacterium sp023278045, 95.0, 77.67, 0.219; GCF_007097245.1, s__Flavobacterium restrictum, 95.0, 77.67, 0.235; GCF_009674775.1, s__Flavobacterium sp009674775, 95.0, 77.66, 0.21; GCA_945860385.1, s__Flavobacterium psychrophilum_K, 95.0, 77.64, 0.223; GCF_900106645.1, s__Flavobacterium degerlachei, 95.0, 77.61, 0.208; GCF_000611675.1, s__Flavobacterium succinicans, 95.0, 77.61, 0.235; GCA_024642295.1, s__Flavobacterium sp024642295, 95.0, 77.57, 0.214; GCF_900107635.1, s__Flavobacterium gillisiae, 95.0, 77.55, 0.208; GCA_002413745.1, s__Flavobacterium sp002413745, 95.0, 77.54, 0.251; GCF_003968755.1, s__Flavobacterium sp003968755, 95.0, 77.5, 0.223; GCA_018883065.1, s__Flavobacterium sp018883065, 95.0, 77.5, 0.184; GCA_010365135.1, s__Flavobacterium sp010365135, 95.0, 77.5, 0.223; GCA_903861155.1, s__Flavobacterium sp903861155, 95.0, 77.49, 0.235; GCF_000252125.1, s__Flavobacterium frigoris_A, 95.0, 77.47, 0.197; GCA_002483285.1, s__Flavobacterium sp002483285, 95.0, 77.47, 0.092; GCA_945897545.1, s__Flavobacterium psychrophilum_L, 95.0, 77.45, 0.245; GCF_900100375.1, s__Flavobacterium noncentrifugens, 95.0, 77.33, 0.164; GCA_023427845.1, s__Flavobacterium sp023427845, 95.0, 77.33, 0.087; GCA_903824755.1, s__Flavobacterium sp903824755, 95.0, 77.27, 0.298; GCA_023259675.1, s__Flavobacterium sp023259675, 95.0, 77.2, 0.174; GCA_002256285.1, s__Flavobacterium sp002256285, 95.0, 77.11, 0.083; GCA_014378065.1, s__Flavobacterium sp014378065, 95.0, 76.93, 0.178; GCF_011392125.1, s__Flavobacterium lotistagni, 95.0, 76.92, 0.116	93.09	11	0.96575	N/A
V11_EKDN230028463-1A_HKTTNDSX7_L4.19	d__Bacteria;p__Pseudomonadota;c__Gammaproteobacteria;o__Burkholderiales;f__Burkholderiaceae_C;g__CAIJKV01;s__	N/A	N/A	N/A	N/A	N/A	GCA_903821335.1	95.0	d__Bacteria;p__Pseudomonadota;c__Gammaproteobacteria;o__Burkholderiales;f__Burkholderiaceae_C;g__CAIJKV01;s__CAIJKV01 sp903821335	80.89	0.601	d__Bacteria;p__Pseudomonadota;c__Gammaproteobacteria;o__Burkholderiales;f__Burkholderiaceae_C;g__CAIJKV01;s__	taxonomic classification defined by topology and ANI	classification based on placement in class-level tree	N/A	86.79	11	0.98582	Genome not assigned to closest species as it falls outside its pre-defined ANI radius
V11_EKDN230028463-1A_HKTTNDSX7_L4.31	d__Bacteria;p__Pseudomonadota;c__Gammaproteobacteria;o__Beggiatoales;f__Beggiatoaceae;g__DYNO01;s__	N/A	N/A	N/A	N/A	N/A	GCA_020721025.1	95.0	d__Bacteria;p__Pseudomonadota;c__Gammaproteobacteria;o__Beggiatoales;f__Beggiatoaceae;g__DYNO01;s__DYNO01 sp020721025	80.01	0.525	d__Bacteria;p__Pseudomonadota;c__Gammaproteobacteria;o__Beggiatoales;f__Beggiatoaceae;g__DYNO01;s__	taxonomic classification defined by topology and ANI	classification based on placement in class-level tree	N/A	91.88	11	0.95562	Genome not assigned to closest species as it falls outside its pre-defined ANI radius
V11_EKDN230028463-1A_HKTTNDSX7_L4.34	d__Bacteria;p__Bacteroidota;c__Bacteroidia;o__Bacteroidales;f__Tenuifilaceae;g__UBA8529;s__	N/A	N/A	N/A	N/A	N/A	GCA_003818205.1	95.0	d__Bacteria;p__Bacteroidota;c__Bacteroidia;o__Bacteroidales;f__Tenuifilaceae;g__UBA8529;s__UBA8529 sp003818205	80.7	0.571	d__Bacteria;p__Bacteroidota;c__Bacteroidia;o__Bacteroidales;f__Tenuifilaceae;g__UBA8529;s__	taxonomic classification defined by topology and ANI	classification based on placement in class-level tree	GCA_003531155.1, s__UBA8529 sp003531155, 95.0, 79.71, 0.242; GCA_013141385.1, s__UBA8529 sp013141385, 95.0, 78.34, 0.323; GCA_013376985.1, s__UBA8529 sp013376985, 95.0, 77.84, 0.297	75.21	11	0.97268	Genome not assigned to closest species as it falls outside its pre-defined ANI radius
V11_EKDN230028463-1A_HKTTNDSX7_L4.35	d__Bacteria;p__Pseudomonadota;c__Alphaproteobacteria;o__Rhizobiales;f__Aestuariivirgaceae;g__Aestuariivirga;s__	N/A	N/A	N/A	N/A	N/A	N/A	N/A	N/A	N/A	N/A	d__Bacteria;p__Pseudomonadota;c__Alphaproteobacteria;o__Rhizobiales;f__Aestuariivirgaceae;g__Aestuariivirga;s__	ANI	classification based on placement in class-level tree	GCA_016710435.1, s__Aestuariivirga sp016710435, 95.0, 77.93, 0.205; GCA_016792865.1, s__Aestuariivirga sp016792865, 95.0, 77.63, 0.239; GCF_003234965.1, s__Aestuariivirga litoralis, 95.0, 77.53, 0.23; GCA_945889445.1, s__Aestuariivirga sp945889445, 95.0, 77.49, 0.217; GCA_022842165.1, s__Aestuariivirga sp022842165, 95.0, 77.49, 0.203; GCA_020252405.1, s__Aestuariivirga sp020252405, 95.0, 77.46, 0.232; GCA_020252385.1, s__Aestuariivirga sp020252385, 95.0, 77.46, 0.189; GCA_016792825.1, s__Aestuariivirga sp016792825, 95.0, 77.45, 0.254; GCA_020161855.1, s__Aestuariivirga sp020161855, 95.0, 77.43, 0.192; GCA_020252395.1, s__Aestuariivirga sp020252395, 95.0, 77.42, 0.206; GCF_015714715.1, s__Aestuariivirga litoralis_A, 95.0, 77.34, 0.168; GCA_902826365.1, s__Aestuariivirga sp902826365, 95.0, 77.18, 0.255; GCA_903930095.1, s__Aestuariivirga sp903930095, 95.0, 77.1, 0.187; GCA_016185245.1, s__Aestuariivirga sp016185245, 95.0, 77.06, 0.185; GCA_023266715.1, s__Aestuariivirga sp023266715, 95.0, 76.95, 0.177; GCA_900298995.1, s__Aestuariivirga sp900298995, 95.0, 76.93, 0.188; GCA_009885825.1, s__Aestuariivirga sp009885825, 95.0, 76.92, 0.179; GCA_012032065.1, s__Aestuariivirga sp012032065, 95.0, 76.81, 0.172; GCA_020029455.1, s__Aestuariivirga sp020029455, 95.0, 76.7, 0.172; GCA_014380505.1, s__Aestuariivirga sp014380505, 95.0, 76.64, 0.143; GCA_020441605.1, s__Aestuariivirga sp020441605, 95.0, 76.29, 0.106; GCA_003151375.1, s__Aestuariivirga sp003151375, 95.0, 75.67, 0.042	88.12	11	0.93129	N/A
V11_EKDN230028463-1A_HKTTNDSX7_L4.39	d__Bacteria;p__Bacteroidota;c__Bacteroidia;o__Bacteroidales;f__UBA4417;g__UBA4417;s__	N/A	N/A	N/A	N/A	N/A	N/A	N/A	N/A	N/A	N/A	d__Bacteria;p__Bacteroidota;c__Bacteroidia;o__Bacteroidales;f__UBA4417;g__UBA4417;s__	ANI	classification based on placement in class-level tree	GCA_903887815.1, s__UBA4417 sp903887815, 95.0, 76.94, 0.075; GCA_903822525.1, s__UBA4417 sp903822525, 95.0, 76.85, 0.088; GCA_903913645.1, s__UBA4417 sp903913645, 95.0, 76.7, 0.099; GCA_903946925.1, s__UBA4417 sp903946925, 95.0, 76.58, 0.106; GCA_903879715.1, s__UBA4417 sp903879715, 95.0, 76.57, 0.104; GCA_013376995.1, s__UBA4417 sp013376995, 95.0, 76.53, 0.043; GCA_002389705.1, s__UBA4417 sp002389705, 95.0, 76.52, 0.082; GCA_903878265.1, s__UBA4417 sp903878265, 95.0, 76.47, 0.093; GCA_016707705.1, s__UBA4417 sp016707705, 95.0, 76.44, 0.052; GCA_903917425.1, s__UBA4417 sp903917425, 95.0, 76.41, 0.078; GCA_016707785.1, s__UBA4417 sp016707785, 95.0, 76.41, 0.064; GCA_022711175.1, s__UBA4417 sp022711175, 95.0, 76.39, 0.041; GCA_020048595.1, s__UBA4417 sp020048595, 95.0, 76.31, 0.067; GCA_903864265.1, s__UBA4417 sp903864265, 95.0, 76.2, 0.034; GCA_015657475.1, s__UBA4417 sp015657475, 95.0, 76.06, 0.042	94.12	11	0.93132	N/A
V11_EKDN230028463-1A_HKTTNDSX7_L4.42	d__Bacteria;p__Actinomycetota;c__Actinomycetia;o__Propionibacteriales;f__Propionibacteriaceae;g__Fen-668;s__	N/A	N/A	N/A	N/A	N/A	N/A	N/A	N/A	N/A	N/A	d__Bacteria;p__Actinomycetota;c__Actinomycetia;o__Propionibacteriales;f__Propionibacteriaceae;g__Fen-668;s__	taxonomic novelty determined using RED	classification based on placement in class-level tree	N/A	86.36	11	0.94901	N/A
V11_EKDN230028463-1A_HKTTNDSX7_L4.43	d__Bacteria;p__Bacteroidota;c__Bacteroidia;o__Flavobacteriales;f__Weeksellaceae;g__Cloacibacterium;s__	N/A	N/A	N/A	N/A	N/A	N/A	N/A	N/A	N/A	N/A	d__Bacteria;p__Bacteroidota;c__Bacteroidia;o__Flavobacteriales;f__Weeksellaceae;g__Cloacibacterium;s__	taxonomic classification defined by topology and ANI	classification based on placement in class-level tree	GCF_907163105.1, s__Cloacibacterium caeni_A, 95.0, 82.31, 0.654; GCF_003860565.1, s__Cloacibacterium normanense, 95.1075, 82.03, 0.659; GCF_907163125.1, s__Cloacibacterium caeni_B, 95.1075, 82.03, 0.64; GCF_002943105.1, s__Cloacibacterium sp002422665, 95.0662, 81.93, 0.636; GCF_014645495.1, s__Cloacibacterium rupense, 95.0, 81.73, 0.656; GCA_002337005.1, s__Cloacibacterium sp002337005, 95.0, 81.58, 0.633	93.6	11	0.98313	Genome not assigned to closest species as it falls outside its pre-defined ANI radius
V11_EKDN230028463-1A_HKTTNDSX7_L4.49	d__Bacteria;p__Pseudomonadota;c__Alphaproteobacteria;o__UBA9219;f__UBA9219;g__;s__	N/A	N/A	N/A	N/A	N/A	N/A	N/A	N/A	N/A	N/A	d__Bacteria;p__Pseudomonadota;c__Alphaproteobacteria;o__UBA9219;f__UBA9219;g__;s__	taxonomic classification fully defined by topology	classification based on placement in class-level tree	N/A	91.96	11	0.77687	N/A
V11_EKDN230028463-1A_HKTTNDSX7_L4.54	d__Bacteria;p__Bacteroidota;c__Bacteroidia;o__Bacteroidales;f__WCHB1-69;g__UBA5429;s__	N/A	N/A	N/A	N/A	N/A	GCA_017860455.1	95.0	d__Bacteria;p__Bacteroidota;c__Bacteroidia;o__Bacteroidales;f__WCHB1-69;g__UBA5429;s__UBA5429 sp017860455	88.13	0.646	d__Bacteria;p__Bacteroidota;c__Bacteroidia;o__Bacteroidales;f__WCHB1-69;g__UBA5429;s__	taxonomic classification defined by topology and ANI	classification based on placement in class-level tree	GCA_023459435.1, s__UBA5429 sp023459435, 95.0, 77.85, 0.407; GCA_002427605.1, s__UBA5429 sp002427605, 95.0, 76.61, 0.133	85.58	11	0.99114	Genome not assigned to closest species as it falls outside its pre-defined ANI radius
V11_EKDN230028463-1A_HKTTNDSX7_L4.55	d__Bacteria;p__Pseudomonadota;c__Alphaproteobacteria;o__Rhizobiales;f__Rhizobiaceae;g__;s__	N/A	N/A	N/A	N/A	N/A	N/A	N/A	N/A	N/A	N/A	d__Bacteria;p__Pseudomonadota;c__Alphaproteobacteria;o__Rhizobiales;f__Rhizobiaceae;g__;s__	taxonomic classification fully defined by topology	classification based on placement in class-level tree	N/A	88.44	11	0.86437	N/A
V11_EKDN230028463-1A_HKTTNDSX7_L4.61	d__Bacteria;p__Pseudomonadota;c__Alphaproteobacteria;o__Sphingomonadales;f__Sphingomonadaceae;g__Novosphingobium;s__	N/A	N/A	N/A	N/A	N/A	N/A	N/A	N/A	N/A	N/A	d__Bacteria;p__Pseudomonadota;c__Alphaproteobacteria;o__Sphingomonadales;f__Sphingomonadaceae;g__Novosphingobium;s__	ANI	classification based on placement in class-level tree	GCA_020848655.1, s__Novosphingobium sp020848655, 95.0, 78.64, 0.366; GCA_016719755.1, s__Novosphingobium sp016719755, 95.0, 78.51, 0.297; GCF_001590965.1, s__Novosphingobium lentum, 95.0, 78.47, 0.311; GCF_014652615.1, s__Novosphingobium arvoryzae, 95.0, 78.33, 0.34; GCF_001014975.1, s__Novosphingobium sp002336885, 95.0, 78.32, 0.312; GCF_014652555.1, s__Novosphingobium colocasiae, 95.0, 78.24, 0.312; GCA_017302615.1, s__Novosphingobium sp017302615, 95.0, 78.21, 0.327; GCF_020404405.1, s__Novosphingobium sp020404405, 95.0, 78.19, 0.268; GCF_002813245.1, s__Novosphingobium kunmingense, 95.0, 78.17, 0.274; GCF_012927405.1, s__Novosphingobium olei, 95.0, 78.16, 0.258; GCA_024236215.1, s__Novosphingobium sp024236215, 95.0, 78.16, 0.284; GCF_002198665.1, s__Novosphingobium sp002198665, 95.0, 78.16, 0.289; GCA_020852455.1, s__Novosphingobium sp020852455, 95.0, 78.15, 0.298; GCA_021299075.1, s__Novosphingobium sp021299075, 95.0, 78.14, 0.3; GCF_002855555.1, s__Novosphingobium sp002855555, 95.0, 78.12, 0.343; GCA_015657645.1, s__Novosphingobium sp015657645, 95.0, 78.1, 0.294; GCA_001725355.1, s__Novosphingobium sp001725355, 95.0, 78.1, 0.289; GCF_900113255.1, s__Novosphingobium sp900113255, 95.0, 78.08, 0.288; GCF_000272475.1, s__Novosphingobium sp000272475, 95.0, 78.06, 0.226; GCA_002440635.1, s__Novosphingobium sp002440635, 95.0, 78.03, 0.28; GCA_004211435.1, s__Novosphingobium sp004211435, 95.0, 78.01, 0.294; GCF_020179425.1, s__Novosphingobium percolationis, 95.0, 77.98, 0.289; GCA_018241045.1, s__Novosphingobium sp018241045, 95.0, 77.98, 0.245; GCF_001421325.1, s__Novosphingobium sp001421325, 95.0, 77.98, 0.267; GCA_018334165.1, s__Novosphingobium sp018334165, 95.0, 77.98, 0.285; GCF_001298105.1, s__Novosphingobium sp001298105, 95.0, 77.97, 0.277; GCF_020179475.1, s__Novosphingobium huizhouense, 95.0, 77.97, 0.26; GCF_002556635.1, s__Novosphingobium sp002556635, 95.0, 77.96, 0.314; GCF_001590985.1, s__Novosphingobium naphthalenivorans, 95.0, 77.95, 0.301; GCA_024236175.1, s__Novosphingobium sp024236175, 95.0, 77.95, 0.311; GCA_945906005.1, s__Novosphingobium sp945906005, 95.0, 77.94, 0.276; GCF_006874585.1, s__Novosphingobium sp006874585, 95.0, 77.94, 0.313; GCA_009926135.1, s__Novosphingobium sp009926135, 95.0, 77.94, 0.258; GCF_005145025.1, s__Novosphingobium sp005145025, 95.0, 77.92, 0.304; GCA_025153475.1, s__Novosphingobium sp025153475, 95.0, 77.92, 0.3; GCF_007954425.1, s__Novosphingobium ginsenosidimutans, 95.0, 77.91, 0.261; GCF_022832385.1, s__Novosphingobium sp022832385, 95.0, 77.86, 0.281; GCF_022832375.1, s__Novosphingobium sp022832375, 95.0, 77.84, 0.332; GCF_900168325.1, s__Novosphingobium mathurense, 95.0, 77.83, 0.276; GCA_013791705.1, s__Novosphingobium sp013791705, 95.0, 77.83, 0.279; GCF_014230305.1, s__Novosphingobium aerophilum, 95.0, 77.82, 0.279; GCA_017745295.1, s__Novosphingobium sp017745295, 95.0, 77.82, 0.275; GCF_014640675.1, s__Novosphingobium endophyticum, 95.0, 77.81, 0.308; GCF_000445125.1, s__Novosphingobium lindaniclasticum, 95.0, 77.8, 0.244; GCA_021782155.1, s__Novosphingobium sp021782155, 95.0, 77.8, 0.247; GCF_014652855.1, s__Novosphingobium pokkalii, 95.0, 77.79, 0.309; GCF_007991615.1, s__Novosphingobium sediminis, 95.0, 77.79, 0.238; GCF_022832435.1, s__Novosphingobium sp022832435, 95.0, 77.79, 0.256; GCF_002149965.1, s__Novosphingobium panipatense, 95.0, 77.78, 0.298; GCF_902506425.1, s__Novosphingobium sp902506425, 95.0, 77.77, 0.249; GCA_013141325.1, s__Novosphingobium sp013141325, 95.0, 77.76, 0.337; GCF_004341845.1, s__Novosphingobium sp004341845, 95.0, 77.75, 0.321; GCF_021227995.1, s__Novosphingobium sp021227995, 95.0, 77.75, 0.293; GCA_013822005.1, s__Novosphingobium sp013822005, 95.0, 77.75, 0.313; GCA_015661825.1, s__Novosphingobium capsulatum_A, 95.0, 77.74, 0.228; GCF_019075875.1, s__Novosphingobium sp019075875, 95.0, 77.74, 0.337; GCF_000876675.2, s__Novosphingobium sp000876675, 95.0, 77.72, 0.293; GCF_900117425.1, s__Novosphingobium sp900117425, 95.0, 77.71, 0.256; GCF_014204535.1, s__Novosphingobium chloroacetimidivorans, 95.0, 77.71, 0.27; GCF_014230315.1, s__Novosphingobium flavum, 95.0, 77.71, 0.261; GCF_004342985.1, s__Novosphingobium sp004342985, 95.0, 77.7, 0.292; GCF_014230355.1, s__Novosphingobium piscinae, 95.0, 77.67, 0.267; GCA_018240895.1, s__Novosphingobium sp018240895, 95.0, 77.67, 0.284; GCF_000767465.1, s__Novosphingobium pentaromativorans, 95.0, 77.66, 0.268; GCF_002896965.1, s__Novosphingobium guangzhouense, 95.0, 77.65, 0.295; GCF_013408095.1, s__Novosphingobium marinum, 95.0, 77.65, 0.237; GCA_018971065.1, s__Novosphingobium sp018971065, 95.0, 77.63, 0.283; GCA_002454125.1, s__Novosphingobium sp002454125, 95.0, 77.63, 0.294; GCF_009746585.1, s__Novosphingobium aquimarinum, 95.0, 77.63, 0.258; GCF_000802225.1, s__Novosphingobium malaysiense, 95.0, 77.61, 0.286; GCF_014645195.1, s__Novosphingobium indicum, 95.0, 77.6, 0.305; GCF_001046635.1, s__Novosphingobium barchaimii, 95.0, 77.6, 0.274; GCA_019748365.1, s__Novosphingobium sp019748365, 95.0, 77.58, 0.213; GCF_902706195.1, s__Novosphingobium sp902706195, 95.0, 77.57, 0.295; GCA_017987575.1, s__Novosphingobium sp017987575, 95.0, 77.52, 0.258; GCF_002916655.1, s__Novosphingobium sp002916655, 95.0, 77.49, 0.183; GCF_000281975.1, s__Novosphingobium sp000281975, 95.0, 77.48, 0.295; GCF_014196615.1, s__Novosphingobium fluoreni, 95.0, 77.48, 0.242; GCF_001519075.1, s__Novosphingobium fuchskuhlense, 95.0, 77.47, 0.241; GCF_020524485.1, s__Novosphingobium profundi_A, 95.0, 77.44, 0.216; GCA_945906105.1, s__Novosphingobium sp945906105, 95.0, 77.43, 0.299; GCF_001742225.1, s__Novosphingobium resinovorum, 95.0, 77.42, 0.296; GCF_009707465.1, s__Novosphingobium sp009707465, 95.0, 77.38, 0.202; GCF_009856825.1, s__Novosphingobium silvae, 95.0, 77.36, 0.223; GCA_020446505.1, s__Novosphingobium sp020446505, 95.0, 77.36, 0.212; GCF_018417475.1, s__Novosphingobium decolorationis, 95.0, 77.35, 0.219; GCA_023266625.1, s__Novosphingobium sp023266625, 95.0, 77.33, 0.271; GCF_018491765.1, s__Novosphingobium profundi, 95.0, 77.33, 0.228; GCA_024642085.1, s__Novosphingobium sp024642085, 95.0, 77.31, 0.237; GCA_903970225.1, s__Novosphingobium sp903970225, 95.0, 77.23, 0.214; GCA_019090585.1, s__Novosphingobium sp019090585, 95.0, 77.22, 0.232; GCA_903834285.1, s__Novosphingobium sp903834285, 95.0, 77.22, 0.183; GCA_017302775.1, s__Novosphingobium sp017302775, 95.0, 77.22, 0.157; GCF_015865035.1, s__Novosphingobium aureum, 95.0, 77.16, 0.244; GCA_019510335.1, s__Novosphingobium sp019510335, 95.0, 77.14, 0.278; GCA_903828025.1, s__Novosphingobium sp903828025, 95.0, 77.12, 0.227; GCA_020446575.1, s__Novosphingobium sp020446575, 95.0, 77.01, 0.223; GCA_020446595.1, s__Novosphingobium sp020446595, 95.0, 77.01, 0.222; GCF_008107685.1, s__Novosphingobium sp008107685, 95.0, 76.96, 0.201; GCA_903911985.1, s__Novosphingobium sp903911985, 95.0, 76.83, 0.217	82.07	11	0.9325	N/A
V11_EKDN230028463-1A_HKTTNDSX7_L4.64	d__Bacteria;p__Pseudomonadota;c__Alphaproteobacteria;o__Rhodobacterales;f__Rhodobacteraceae;g__Cypionkella;s__	N/A	N/A	N/A	N/A	N/A	GCA_002256245.1	95.0	d__Bacteria;p__Pseudomonadota;c__Alphaproteobacteria;o__Rhodobacterales;f__Rhodobacteraceae;g__Cypionkella;s__Cypionkella sp002256245	85.71	0.777	d__Bacteria;p__Pseudomonadota;c__Alphaproteobacteria;o__Rhodobacterales;f__Rhodobacteraceae;g__Cypionkella;s__	taxonomic classification defined by topology and ANI	classification based on placement in class-level tree	GCF_001294535.1, s__Cypionkella psychrotolerans, 95.0, 86.16, 0.827; GCA_009773375.1, s__Cypionkella sp009773375, 95.0, 82.19, 0.641; GCA_001828855.1, s__Cypionkella sp001828855, 95.0, 80.31, 0.579; GCA_024641255.1, s__Cypionkella sp024641255, 95.0, 80.25, 0.56; GCA_945860375.1, s__Cypionkella antarcticus_A, 95.0, 80.09, 0.495; GCA_913062925.1, s__Cypionkella sp913062925, 95.0, 79.58, 0.455; GCA_024642045.1, s__Cypionkella sp024642045, 95.0, 79.45, 0.408; GCA_023255415.1, s__Cypionkella sp023255415, 95.0, 79.03, 0.457; GCA_018063485.1, s__Cypionkella sp018063485, 95.0, 78.72, 0.448; GCA_013298675.1, s__Cypionkella sp013298675, 95.0, 77.31, 0.263; GCA_945861995.1, s__Cypionkella antarcticus_B, 95.0, 77.05, 0.24; GCA_945862435.1, s__Cypionkella antarcticus_C, 95.0, 76.9, 0.187	74.66	11	0.99494	Genome not assigned to closest species as it falls outside its pre-defined ANI radius
V11_EKDN230028463-1A_HKTTNDSX7_L4.72	d__Bacteria;p__Bacillota;c__Bacilli;o__RF39;f__UBA660;g__JAAZHN01;s__	N/A	N/A	N/A	N/A	N/A	GCA_012510695.1	95.0	d__Bacteria;p__Bacillota;c__Bacilli;o__RF39;f__UBA660;g__JAAZHN01;s__JAAZHN01 sp012510695	77.11	0.101	d__Bacteria;p__Bacillota;c__Bacilli;o__RF39;f__UBA660;g__JAAZHN01;s__	taxonomic classification defined by topology and ANI	classification based on placement in class-level tree	N/A	74.86	11	0.86757	N/A
V11_EKDN230028463-1A_HKTTNDSX7_L4.74	d__Bacteria;p__Campylobacterota;c__Campylobacteria;o__Campylobacterales;f__Sulfurovaceae;g__UBA1140;s__UBA1140 sp006212005	GCA_006212005.1	95.0	d__Bacteria;p__Campylobacterota;c__Campylobacteria;o__Campylobacterales;f__Sulfurovaceae;g__UBA1140;s__UBA1140 sp006212005	96.82	0.922	N/A	N/A	N/A	N/A	N/A	N/A	ani_screen	classification based on ANI only	N/A	N/A	N/A	N/A	N/A
V11_EKDN230028463-1A_HKTTNDSX7_L4.75	d__Bacteria;p__Bacteroidota;c__Bacteroidia;o__Chitinophagales;f__JADIYW01;g__JADJSS01;s__	N/A	N/A	N/A	N/A	N/A	N/A	N/A	N/A	N/A	N/A	d__Bacteria;p__Bacteroidota;c__Bacteroidia;o__Chitinophagales;f__JADIYW01;g__JADJSS01;s__	ANI	classification based on placement in class-level tree	GCA_017984135.1, s__JADJSS01 sp017984135, 95.0, 78.0, 0.329; GCA_020848475.1, s__JADJSS01 sp020848475, 95.0, 77.52, 0.277; GCA_016721245.1, s__JADJSS01 sp016721245, 95.0, 77.42, 0.269; GCA_020436225.1, s__JADJSS01 sp020436225, 95.0, 77.3, 0.269; GCA_016711605.1, s__JADJSS01 sp016711605, 95.0, 77.21, 0.254; GCA_020848255.1, s__JADJSS01 sp020848255, 95.0, 77.19, 0.196; GCA_016719635.1, s__JADJSS01 sp016719635, 95.0, 76.78, 0.117; GCA_020848315.1, s__JADJSS01 sp020848315, 95.0, 76.4, 0.1; GCA_016699615.1, s__JADJSS01 sp016699615, 95.0, 76.27, 0.12; GCA_020636545.1, s__JADJSS01 sp020636545, 95.0, 76.24, 0.095; GCA_020636535.1, s__JADJSS01 sp020636535, 95.0, 76.02, 0.079	94.9	11	0.94388	N/A
V11_EKDN230028463-1A_HKTTNDSX7_L4.77	d__Bacteria;p__Pseudomonadota;c__Gammaproteobacteria;o__Burkholderiales;f__Methylophilaceae;g__Novimethylophilus;s__	N/A	N/A	N/A	N/A	N/A	GCF_003112435.1	95.0	d__Bacteria;p__Pseudomonadota;c__Gammaproteobacteria;o__Burkholderiales;f__Methylophilaceae;g__Novimethylophilus;s__Novimethylophilus kurashikiensis	78.05	0.277	d__Bacteria;p__Pseudomonadota;c__Gammaproteobacteria;o__Burkholderiales;f__Methylophilaceae;g__Novimethylophilus;s__	taxonomic classification defined by topology and ANI	classification based on placement in class-level tree	N/A	85.16	11	0.87479	N/A
V11_EKDN230028463-1A_HKTTNDSX7_L4.79	d__Bacteria;p__Pseudomonadota;c__Gammaproteobacteria;o__Burkholderiales;f__Casimicrobiaceae;g__Casimicrobium;s__	N/A	N/A	N/A	N/A	N/A	GCA_014378555.1	95.0	d__Bacteria;p__Pseudomonadota;c__Gammaproteobacteria;o__Burkholderiales;f__Casimicrobiaceae;g__Casimicrobium;s__Casimicrobium sp014378555	77.59	0.252	d__Bacteria;p__Pseudomonadota;c__Gammaproteobacteria;o__Burkholderiales;f__Casimicrobiaceae;g__Casimicrobium;s__	taxonomic classification defined by topology and ANI	classification based on placement in class-level tree	GCF_009746125.1, s__Casimicrobium huifangae, 95.0, 79.43, 0.516; GCA_016790165.1, s__Casimicrobium sp016790165, 95.0, 78.55, 0.349; GCA_018241765.1, s__Casimicrobium sp018241765, 95.0, 77.99, 0.274; GCA_017989135.1, s__Casimicrobium sp017989135, 95.0, 77.62, 0.22; GCA_013298145.1, s__Casimicrobium sp004294365, 95.0, 76.98, 0.133; GCA_013298455.1, s__Casimicrobium sp013298455, 95.0, 76.9, 0.121; GCA_004293675.1, s__Casimicrobium sp004293675, 95.0, 76.79, 0.144; GCA_013298695.1, s__Casimicrobium sp013298695, 95.0, 76.76, 0.128; GCA_013298045.1, s__Casimicrobium sp013298045, 95.0, 76.71, 0.168; GCA_013298765.1, s__Casimicrobium sp013298765, 95.0, 76.52, 0.13	72.39	11	0.95861	Genome not assigned to closest species as it falls outside its pre-defined ANI radius
V11_EKDN230028463-1A_HKTTNDSX7_L4.81	d__Bacteria;p__Pseudomonadota;c__Gammaproteobacteria;o__Burkholderiales;f__Methylophilaceae;g__Methylotenera;s__	N/A	N/A	N/A	N/A	N/A	N/A	N/A	N/A	N/A	N/A	d__Bacteria;p__Pseudomonadota;c__Gammaproteobacteria;o__Burkholderiales;f__Methylophilaceae;g__Methylotenera;s__	taxonomic classification defined by topology and ANI	classification based on placement in class-level tree	GCF_000093025.1, s__Methylotenera versatilis, 95.0, 81.38, 0.496; GCA_013141075.1, s__Methylotenera sp013141075, 95.0, 79.5, 0.381; GCA_013141425.1, s__Methylotenera sp013141425, 95.0, 79.22, 0.42; GCA_009693255.1, s__Methylotenera sp009693255, 95.0, 78.96, 0.537; GCA_903833595.1, s__Methylotenera sp903833595, 95.0, 78.92, 0.454; GCA_903854305.1, s__Methylotenera sp903854305, 95.0, 78.86, 0.372; GCA_903926935.1, s__Methylotenera sp903926935, 95.0, 78.6, 0.339; GCA_021738125.1, s__Methylotenera sp021738125, 95.0, 78.59, 0.419; GCA_014378495.1, s__Methylotenera sp014378495, 95.0, 78.59, 0.326; GCA_013141495.1, s__Methylotenera sp013141495, 95.0, 78.53, 0.286; GCA_903882525.1, s__Methylotenera sp903882525, 95.0, 78.45, 0.313; GCA_903876765.1, s__Methylotenera sp903876765, 95.0, 78.41, 0.368; GCA_903846555.1, s__Methylotenera sp903846555, 95.0, 78.37, 0.36; GCA_001803395.1, s__Methylotenera sp001803395, 95.0, 78.27, 0.369; GCA_002842195.1, s__Methylotenera sp002842195, 95.0, 78.26, 0.394; GCF_000744605.1, s__Methylotenera sp000744605, 95.0, 78.18, 0.224; GCA_002429455.1, s__Methylotenera sp002429455, 95.0, 78.15, 0.326; GCA_903860085.1, s__Methylotenera sp903860085, 95.0, 78.11, 0.305; GCA_903838125.1, s__Methylotenera sp903838125, 95.0, 78.1, 0.329; GCF_004661485.1, s__Methylotenera oryzisoli, 95.0, 78.02, 0.218; GCF_000023705.1, s__Methylotenera mobilis, 95.0, 77.94, 0.204; GCA_903951385.1, s__Methylotenera sp903951385, 95.0, 77.94, 0.276; GCF_000384255.1, s__Methylotenera mobilis_B, 95.0, 77.9, 0.235; GCA_013816325.1, s__Methylotenera sp013816325, 95.0, 77.88, 0.2; GCA_002281815.1, s__Methylotenera sp002281815, 95.0, 77.87, 0.262; GCA_013140755.1, s__Methylotenera sp013140755, 95.0, 77.79, 0.255; GCA_005791685.1, s__Methylotenera sp005791685, 95.0, 77.61, 0.272; GCA_020035195.1, s__Methylotenera sp020035195, 95.0, 77.56, 0.279; GCF_000799735.1, s__Methylotenera sp000799735, 95.0, 77.43, 0.145; GCA_020622105.1, s__Methylotenera sp020622105, 95.0, 77.34, 0.202; GCA_023259635.1, s__Methylotenera sp023259635, 95.0, 77.31, 0.175; GCA_002842285.1, s__Methylotenera sp002842285, 95.0, 77.28, 0.157; GCA_016867975.1, s__Methylotenera sp016867975, 95.0, 77.22, 0.159; GCA_005777825.1, s__Methylotenera sp005777825, 95.0, 77.14, 0.264; GCA_002928535.1, s__Methylotenera sp002928535, 95.0, 76.76, 0.153	74.86	11	0.96549	Genome not assigned to closest species as it falls outside its pre-defined ANI radius
V11_EKDN230028463-1A_HKTTNDSX7_L4.84	d__Bacteria;p__Bacteroidota;c__Bacteroidia;o__Chitinophagales;f__Chitinophagaceae;g__Ferruginibacter;s__	N/A	N/A	N/A	N/A	N/A	GCA_002400445.1	95.0	d__Bacteria;p__Bacteroidota;c__Bacteroidia;o__Chitinophagales;f__Chitinophagaceae;g__Ferruginibacter;s__Ferruginibacter sp002400445	77.14	0.205	d__Bacteria;p__Bacteroidota;c__Bacteroidia;o__Chitinophagales;f__Chitinophagaceae;g__Ferruginibacter;s__	taxonomic classification defined by topology and ANI	classification based on placement in class-level tree	GCA_013141115.1, s__Ferruginibacter sp013141115, 95.0, 78.58, 0.181; GCA_014379905.1, s__Ferruginibacter sp014379905, 95.0, 77.33, 0.17; GCA_016715365.1, s__Ferruginibacter sp016715365, 95.0, 77.19, 0.178; GCA_018266775.1, s__Ferruginibacter sp018266775, 95.0, 76.99, 0.135; GCA_018057635.1, s__Ferruginibacter sp018057635, 95.0, 76.99, 0.158; GCF_024343615.1, s__Ferruginibacter sp024343615, 95.0, 76.97, 0.121; GCA_016710935.1, s__Ferruginibacter sp016710935, 95.0, 76.97, 0.15; GCA_018268185.1, s__Ferruginibacter sp018268185, 95.0, 76.95, 0.128; GCA_017983695.1, s__Ferruginibacter sp017983695, 95.0, 76.88, 0.167; GCA_903831575.1, s__Ferruginibacter sp903831575, 95.0, 76.87, 0.087; GCA_016786725.1, s__Ferruginibacter sp016786725, 95.0, 76.87, 0.164; GCA_016710745.1, s__Ferruginibacter sp016710745, 95.0, 76.87, 0.099; GCA_015655125.1, s__Ferruginibacter sp015655125, 95.0, 76.87, 0.117; GCA_018268085.1, s__Ferruginibacter sp018268085, 95.0, 76.76, 0.121; GCA_018268135.1, s__Ferruginibacter sp018268135, 95.0, 76.74, 0.165; GCA_016703625.1, s__Ferruginibacter sp016703625, 95.0, 76.72, 0.142; GCA_016721385.1, s__Ferruginibacter sp016721385, 95.0, 76.68, 0.12; GCA_024642285.1, s__Ferruginibacter sp024642285, 95.0, 76.66, 0.132; GCA_002352045.1, s__Ferruginibacter sp002352045, 95.0, 76.66, 0.177; GCA_016710595.1, s__Ferruginibacter sp016710595, 95.0, 76.6, 0.119; GCA_016720775.1, s__Ferruginibacter sp016720775, 95.0, 76.6, 0.139; GCA_018266615.1, s__Ferruginibacter sp018266615, 95.0, 76.59, 0.082; GCA_945865645.1, s__Ferruginibacter pinensis_B, 95.0, 76.58, 0.132; GCF_020783315.1, s__Ferruginibacter lapsinanis, 95.0, 76.57, 0.109; GCA_016713965.1, s__Ferruginibacter sp016713965, 95.0, 76.56, 0.086; GCA_016710165.1, s__Ferruginibacter sp016710165, 95.0, 76.55, 0.118; GCA_023417815.1, s__Ferruginibacter sp023417815, 95.0, 76.55, 0.064; GCA_903878475.1, s__Ferruginibacter sp903878475, 95.0, 76.55, 0.132; GCA_019638485.1, s__Ferruginibacter sp019638485, 95.0, 76.54, 0.062; GCA_003534175.1, s__Ferruginibacter sp003534175, 95.0, 76.53, 0.076; GCA_016721725.1, s__Ferruginibacter sp016721725, 95.0, 76.51, 0.072; GCA_016722465.1, s__Ferruginibacter sp016722465, 95.0, 76.51, 0.115; GCA_023433345.1, s__Ferruginibacter sp023433345, 95.0, 76.5, 0.069; GCA_002343985.1, s__Ferruginibacter sp002343985, 95.0, 76.49, 0.088; GCA_019638525.1, s__Ferruginibacter sp018268155, 95.0, 76.47, 0.14; GCA_013288745.1, s__Ferruginibacter sp013288745, 95.0, 76.47, 0.102; GCA_019638635.1, s__Ferruginibacter sp019638635, 95.0, 76.47, 0.071; GCA_945870835.1, s__Ferruginibacter pinensis_A, 95.0, 76.46, 0.081; GCA_945872815.1, s__Ferruginibacter pinensis_C, 95.0, 76.43, 0.08; GCA_003455235.1, s__Ferruginibacter sp003455235, 95.0, 76.42, 0.134; GCA_019638575.1, s__Ferruginibacter sp019638575, 95.0, 76.41, 0.138; GCA_023422565.1, s__Ferruginibacter sp023422565, 95.0, 76.4, 0.074; GCA_001898465.1, s__Ferruginibacter sp001898465, 95.0, 76.4, 0.128; GCA_014377385.1, s__Ferruginibacter sp014377385, 95.0, 76.38, 0.136; GCA_903858475.1, s__Ferruginibacter sp903858475, 95.0, 76.38, 0.085; GCA_020059395.1, s__Ferruginibacter sp020059395, 95.0, 76.33, 0.136; GCF_020042285.1, s__Ferruginibacter sp020042285, 95.0, 76.33, 0.084; GCA_017303335.1, s__Ferruginibacter sp017303335, 95.0, 76.31, 0.075; GCA_009885535.1, s__Ferruginibacter sp009885535, 95.0, 76.29, 0.086; GCA_018268175.1, s__Ferruginibacter sp018268175, 95.0, 76.29, 0.092; GCA_016699815.1, s__Ferruginibacter sp002381005, 95.0, 76.24, 0.132; GCA_903837525.1, s__Ferruginibacter sp903837525, 95.0, 76.23, 0.096; GCA_014377975.1, s__Ferruginibacter sp014377975, 95.0, 76.16, 0.105; GCA_014379625.1, s__Ferruginibacter sp014379625, 95.0, 76.06, 0.083; GCA_903871575.1, s__Ferruginibacter sp903871575, 95.0, 76.06, 0.097; GCA_018882645.1, s__Ferruginibacter sp018882645, 95.0, 76.04, 0.082; GCA_018266715.1, s__Ferruginibacter sp018266715, 95.0, 76.01, 0.112; GCA_013298665.1, s__Ferruginibacter sp013298665, 95.0, 76.0, 0.047; GCA_002336815.1, s__Ferruginibacter sp002336815, 95.0, 75.99, 0.089; GCA_023390215.1, s__Ferruginibacter sp023390215, 95.0, 75.93, 0.077; GCA_013141435.1, s__Ferruginibacter sp013141435, 95.0, 75.92, 0.078; GCA_017988335.1, s__Ferruginibacter sp017988335, 95.0, 75.77, 0.1	94.0	11	0.9516	N/A
V11_EKDN230028463-1A_HKTTNDSX7_L4.86	d__Bacteria;p__Nitrospirota;c__Nitrospiria;o__Nitrospirales;f__Nitrospiraceae;g__Nitrospira_A;s__	N/A	N/A	N/A	N/A	N/A	GCA_009594995.1	95.0	d__Bacteria;p__Nitrospirota;c__Nitrospiria;o__Nitrospirales;f__Nitrospiraceae;g__Nitrospira_A;s__Nitrospira_A sp009594995	84.81	0.739	d__Bacteria;p__Nitrospirota;c__Nitrospiria;o__Nitrospirales;f__Nitrospiraceae;g__Nitrospira_A;s__	taxonomic classification defined by topology and ANI	classification based on placement in class-level tree	GCA_020853775.1, s__Nitrospira_A sp020853775, 95.0, 82.96, 0.656; GCA_024998595.1, s__Nitrospira_A sp024998595, 95.0, 82.82, 0.651; GCA_014055465.1, s__Nitrospira_A sp014055465, 95.0, 82.63, 0.623; GCA_009594865.1, s__Nitrospira_A sp009594865, 95.0, 82.1, 0.653; GCA_022226935.1, s__Nitrospira_A sp022226935, 95.0, 82.1, 0.634; GCA_919902505.1, s__Nitrospira_A sp919902505, 95.0, 82.06, 0.62; GCF_900170025.1, s__Nitrospira_A sp900170025, 95.0, 82.05, 0.627; GCA_000196815.1, s__Nitrospira_A defluvii_A, 95.0, 81.97, 0.598; GCA_024998565.1, s__Nitrospira_A sp016788925, 95.0, 81.8, 0.62; GCA_024998625.1, s__Nitrospira_A sp024998625, 95.0, 81.72, 0.581; GCA_902500995.1, s__Nitrospira_A sp902500995, 95.0, 81.53, 0.618; GCA_900696505.1, s__Nitrospira_A sp900696505, 95.0, 81.52, 0.632; GCA_902500715.1, s__Nitrospira_A sp902500715, 95.0, 81.2, 0.63; GCA_902500785.1, s__Nitrospira_A sp902500785, 95.0, 80.88, 0.621; GCA_017986555.1, s__Nitrospira_A sp017986555, 95.0, 80.69, 0.551; GCF_905220995.1, s__Nitrospira_A defluvii_C, 95.0, 80.32, 0.531; GCA_016788885.1, s__Nitrospira_A sp009594855, 95.0, 80.31, 0.555; GCA_023248215.1, s__Nitrospira_A sp023248215, 95.0, 80.28, 0.529; GCA_024998705.1, s__Nitrospira_A sp024998705, 95.0, 80.25, 0.593; GCA_011525625.1, s__Nitrospira_A sp003456605, 95.0, 80.16, 0.508; GCA_018242665.1, s__Nitrospira_A sp018242665, 95.0, 80.05, 0.534; GCA_014055495.1, s__Nitrospira_A sp014055495, 95.0, 79.93, 0.509; GCA_016199015.1, s__Nitrospira_A defluvii_B, 95.0, 79.67, 0.547; GCA_013696305.1, s__Nitrospira_A sp013696305, 95.0, 79.35, 0.499; GCA_021323395.1, s__Nitrospira_A sp021323395, 95.0, 78.89, 0.466; GCA_020697375.1, s__Nitrospira_A sp020697375, 95.0, 78.56, 0.386; GCA_015709715.1, s__Nitrospira_A sp001567445, 95.0, 78.04, 0.297	86.38	11	0.97566	Genome not assigned to closest species as it falls outside its pre-defined ANI radius
V12_EKDN230028464-1A_HKTTNDSX7_L4.108	d__Bacteria;p__Actinomycetota;c__Actinomycetia;o__Propionibacteriales;f__Propionibacteriaceae;g__Fen-668;s__	N/A	N/A	N/A	N/A	N/A	N/A	N/A	N/A	N/A	N/A	d__Bacteria;p__Actinomycetota;c__Actinomycetia;o__Propionibacteriales;f__Propionibacteriaceae;g__Fen-668;s__	taxonomic novelty determined using RED	classification based on placement in class-level tree	N/A	84.47	11	0.94835	N/A
V12_EKDN230028464-1A_HKTTNDSX7_L4.11	d__Bacteria;p__Pseudomonadota;c__Gammaproteobacteria;o__Burkholderiales;f__Burkholderiaceae_C;g__CAIJKV01;s__	N/A	N/A	N/A	N/A	N/A	GCA_903821335.1	95.0	d__Bacteria;p__Pseudomonadota;c__Gammaproteobacteria;o__Burkholderiales;f__Burkholderiaceae_C;g__CAIJKV01;s__CAIJKV01 sp903821335	80.92	0.601	d__Bacteria;p__Pseudomonadota;c__Gammaproteobacteria;o__Burkholderiales;f__Burkholderiaceae_C;g__CAIJKV01;s__	taxonomic classification defined by topology and ANI	classification based on placement in class-level tree	N/A	76.82	11	0.98469	Genome not assigned to closest species as it falls outside its pre-defined ANI radius
V12_EKDN230028464-1A_HKTTNDSX7_L4.111	d__Bacteria;p__Nitrospirota;c__Nitrospiria;o__Nitrospirales;f__Nitrospiraceae;g__Nitrospira_A;s__	N/A	N/A	N/A	N/A	N/A	N/A	N/A	N/A	N/A	N/A	d__Bacteria;p__Nitrospirota;c__Nitrospiria;o__Nitrospirales;f__Nitrospiraceae;g__Nitrospira_A;s__	taxonomic classification defined by topology and ANI	classification based on placement in class-level tree	GCA_009594995.1, s__Nitrospira_A sp009594995, 95.0, 82.57, 0.64; GCF_900170025.1, s__Nitrospira_A sp900170025, 95.0, 81.15, 0.639; GCA_024998595.1, s__Nitrospira_A sp024998595, 95.0, 81.1, 0.636; GCA_919902505.1, s__Nitrospira_A sp919902505, 95.0, 81.04, 0.617; GCA_902500785.1, s__Nitrospira_A sp902500785, 95.0, 80.93, 0.67; GCA_014055465.1, s__Nitrospira_A sp014055465, 95.0, 80.91, 0.639; GCA_020853775.1, s__Nitrospira_A sp020853775, 95.0, 80.73, 0.587; GCA_024998565.1, s__Nitrospira_A sp016788925, 95.0, 80.7, 0.628; GCA_000196815.1, s__Nitrospira_A defluvii_A, 95.0, 80.65, 0.609; GCA_024998625.1, s__Nitrospira_A sp024998625, 95.0, 80.6, 0.591; GCA_022226935.1, s__Nitrospira_A sp022226935, 95.0, 80.54, 0.591; GCA_023248215.1, s__Nitrospira_A sp023248215, 95.0, 80.25, 0.62; GCA_902500715.1, s__Nitrospira_A sp902500715, 95.0, 80.2, 0.523; GCA_009594865.1, s__Nitrospira_A sp009594865, 95.0, 80.18, 0.531; GCA_902500995.1, s__Nitrospira_A sp902500995, 95.0, 79.94, 0.538; GCA_017986555.1, s__Nitrospira_A sp017986555, 95.0, 79.93, 0.539; GCA_900696505.1, s__Nitrospira_A sp900696505, 95.0, 79.86, 0.44; GCA_024998705.1, s__Nitrospira_A sp024998705, 95.0, 79.83, 0.41; GCF_905220995.1, s__Nitrospira_A defluvii_C, 95.0, 79.8, 0.553; GCA_016199015.1, s__Nitrospira_A defluvii_B, 95.0, 79.69, 0.412; GCA_016788885.1, s__Nitrospira_A sp009594855, 95.0, 79.63, 0.521; GCA_011525625.1, s__Nitrospira_A sp003456605, 95.0, 79.5, 0.529; GCA_014055495.1, s__Nitrospira_A sp014055495, 95.0, 79.41, 0.466; GCA_018242665.1, s__Nitrospira_A sp018242665, 95.0, 79.26, 0.48; GCA_021323395.1, s__Nitrospira_A sp021323395, 95.0, 78.97, 0.371; GCA_013696305.1, s__Nitrospira_A sp013696305, 95.0, 78.91, 0.378; GCA_020697375.1, s__Nitrospira_A sp020697375, 95.0, 78.66, 0.4; GCA_015709715.1, s__Nitrospira_A sp001567445, 95.0, 77.83, 0.297	65.7	11	0.96672	Genome not assigned to closest species as it falls outside its pre-defined ANI radius
V12_EKDN230028464-1A_HKTTNDSX7_L4.118	d__Bacteria;p__Bacteroidota;c__Bacteroidia;o__Chitinophagales;f__JADIYW01;g__JADJSS01;s__	N/A	N/A	N/A	N/A	N/A	N/A	N/A	N/A	N/A	N/A	d__Bacteria;p__Bacteroidota;c__Bacteroidia;o__Chitinophagales;f__JADIYW01;g__JADJSS01;s__	ANI	classification based on placement in class-level tree	GCA_017984135.1, s__JADJSS01 sp017984135, 95.0, 78.08, 0.322; GCA_016721245.1, s__JADJSS01 sp016721245, 95.0, 77.39, 0.255; GCA_020848475.1, s__JADJSS01 sp020848475, 95.0, 77.37, 0.282; GCA_016711605.1, s__JADJSS01 sp016711605, 95.0, 77.25, 0.245; GCA_020436225.1, s__JADJSS01 sp020436225, 95.0, 77.13, 0.271; GCA_020848255.1, s__JADJSS01 sp020848255, 95.0, 76.99, 0.204; GCA_016719635.1, s__JADJSS01 sp016719635, 95.0, 76.74, 0.124; GCA_020848315.1, s__JADJSS01 sp020848315, 95.0, 76.54, 0.104; GCA_016699615.1, s__JADJSS01 sp016699615, 95.0, 76.45, 0.12; GCA_020636545.1, s__JADJSS01 sp020636545, 95.0, 76.07, 0.099; GCA_020636535.1, s__JADJSS01 sp020636535, 95.0, 75.71, 0.088	95.93	11	0.94359	N/A
V12_EKDN230028464-1A_HKTTNDSX7_L4.120	d__Bacteria;p__Bacteroidota;c__Bacteroidia;o__Chitinophagales;f__Chitinophagaceae;g__Ferruginibacter;s__	N/A	N/A	N/A	N/A	N/A	N/A	N/A	N/A	N/A	N/A	d__Bacteria;p__Bacteroidota;c__Bacteroidia;o__Chitinophagales;f__Chitinophagaceae;g__Ferruginibacter;s__	ANI	classification based on placement in class-level tree	GCA_016722465.1, s__Ferruginibacter sp016722465, 95.0, 77.68, 0.284; GCA_002336815.1, s__Ferruginibacter sp002336815, 95.0, 77.13, 0.217; GCA_017983695.1, s__Ferruginibacter sp017983695, 95.0, 77.0, 0.141; GCA_016715365.1, s__Ferruginibacter sp016715365, 95.0, 76.97, 0.152; GCA_016710935.1, s__Ferruginibacter sp016710935, 95.0, 76.77, 0.148; GCA_013141115.1, s__Ferruginibacter sp013141115, 95.0, 76.75, 0.158; GCA_024642285.1, s__Ferruginibacter sp024642285, 95.0, 76.73, 0.134; GCA_016703625.1, s__Ferruginibacter sp016703625, 95.0, 76.68, 0.129; GCA_023422565.1, s__Ferruginibacter sp023422565, 95.0, 76.64, 0.052; GCA_020059395.1, s__Ferruginibacter sp020059395, 95.0, 76.61, 0.121; GCA_016786725.1, s__Ferruginibacter sp016786725, 95.0, 76.59, 0.146; GCF_020783315.1, s__Ferruginibacter lapsinanis, 95.0, 76.58, 0.148; GCA_013288745.1, s__Ferruginibacter sp013288745, 95.0, 76.57, 0.113; GCA_014377975.1, s__Ferruginibacter sp014377975, 95.0, 76.56, 0.121; GCA_018266775.1, s__Ferruginibacter sp018266775, 95.0, 76.5, 0.135; GCA_018268085.1, s__Ferruginibacter sp018268085, 95.0, 76.5, 0.104; GCA_903878475.1, s__Ferruginibacter sp903878475, 95.0, 76.49, 0.125; GCA_016710745.1, s__Ferruginibacter sp016710745, 95.0, 76.48, 0.114; GCF_024343615.1, s__Ferruginibacter sp024343615, 95.0, 76.46, 0.083; GCA_003455235.1, s__Ferruginibacter sp003455235, 95.0, 76.43, 0.11; GCA_019638575.1, s__Ferruginibacter sp019638575, 95.0, 76.42, 0.119; GCA_018057635.1, s__Ferruginibacter sp018057635, 95.0, 76.4, 0.1; GCA_014379625.1, s__Ferruginibacter sp014379625, 95.0, 76.39, 0.114; GCA_945870835.1, s__Ferruginibacter pinensis_A, 95.0, 76.39, 0.095; GCA_016699815.1, s__Ferruginibacter sp002381005, 95.0, 76.37, 0.088; GCA_019638525.1, s__Ferruginibacter sp018268155, 95.0, 76.34, 0.129; GCA_003534175.1, s__Ferruginibacter sp003534175, 95.0, 76.34, 0.072; GCA_016721725.1, s__Ferruginibacter sp016721725, 95.0, 76.34, 0.064; GCA_019638635.1, s__Ferruginibacter sp019638635, 95.0, 76.31, 0.085; GCA_016720775.1, s__Ferruginibacter sp016720775, 95.0, 76.31, 0.119; GCA_016713965.1, s__Ferruginibacter sp016713965, 95.0, 76.3, 0.104; GCA_013298665.1, s__Ferruginibacter sp013298665, 95.0, 76.3, 0.053; GCF_020042285.1, s__Ferruginibacter sp020042285, 95.0, 76.3, 0.087; GCA_002400445.1, s__Ferruginibacter sp002400445, 95.0, 76.27, 0.086; GCA_016721385.1, s__Ferruginibacter sp016721385, 95.0, 76.26, 0.094; GCA_014379905.1, s__Ferruginibacter sp014379905, 95.0, 76.26, 0.081; GCA_018268135.1, s__Ferruginibacter sp018268135, 95.0, 76.23, 0.096; GCA_016710165.1, s__Ferruginibacter sp016710165, 95.0, 76.19, 0.109; GCA_002343985.1, s__Ferruginibacter sp002343985, 95.0, 76.16, 0.068; GCA_903858475.1, s__Ferruginibacter sp903858475, 95.0, 76.15, 0.093; GCA_019638485.1, s__Ferruginibacter sp019638485, 95.0, 76.14, 0.059; GCA_018268175.1, s__Ferruginibacter sp018268175, 95.0, 76.12, 0.068; GCA_014377385.1, s__Ferruginibacter sp014377385, 95.0, 76.1, 0.076; GCA_945865645.1, s__Ferruginibacter pinensis_B, 95.0, 76.08, 0.129; GCA_018268185.1, s__Ferruginibacter sp018268185, 95.0, 76.06, 0.093; GCA_002352045.1, s__Ferruginibacter sp002352045, 95.0, 76.05, 0.1; GCA_001898465.1, s__Ferruginibacter sp001898465, 95.0, 76.04, 0.084; GCA_017988335.1, s__Ferruginibacter sp017988335, 95.0, 76.03, 0.082; GCA_023433345.1, s__Ferruginibacter sp023433345, 95.0, 76.02, 0.057; GCA_016710595.1, s__Ferruginibacter sp016710595, 95.0, 76.01, 0.09; GCA_017303335.1, s__Ferruginibacter sp017303335, 95.0, 76.0, 0.063; GCA_018266615.1, s__Ferruginibacter sp018266615, 95.0, 75.98, 0.071; GCA_009885535.1, s__Ferruginibacter sp009885535, 95.0, 75.95, 0.066; GCA_018266715.1, s__Ferruginibacter sp018266715, 95.0, 75.94, 0.073; GCA_023417815.1, s__Ferruginibacter sp023417815, 95.0, 75.9, 0.044; GCA_015655125.1, s__Ferruginibacter sp015655125, 95.0, 75.87, 0.093; GCA_945872815.1, s__Ferruginibacter pinensis_C, 95.0, 75.84, 0.068; GCA_903871575.1, s__Ferruginibacter sp903871575, 95.0, 75.79, 0.089; GCA_903837525.1, s__Ferruginibacter sp903837525, 95.0, 75.79, 0.102; GCA_903831575.1, s__Ferruginibacter sp903831575, 95.0, 75.75, 0.082; GCA_018882645.1, s__Ferruginibacter sp018882645, 95.0, 75.59, 0.06; GCA_023390215.1, s__Ferruginibacter sp023390215, 95.0, 75.51, 0.054; GCA_013141435.1, s__Ferruginibacter sp013141435, 95.0, 75.38, 0.058	78.81	11	0.94683	N/A
V12_EKDN230028464-1A_HKTTNDSX7_L4.16	d__Bacteria;p__Pseudomonadota;c__Alphaproteobacteria;o__UBA9219;f__UBA9219;g__;s__	N/A	N/A	N/A	N/A	N/A	N/A	N/A	N/A	N/A	N/A	d__Bacteria;p__Pseudomonadota;c__Alphaproteobacteria;o__UBA9219;f__UBA9219;g__;s__	taxonomic classification fully defined by topology	classification based on placement in class-level tree	N/A	87.57	11	0.77452	N/A
V12_EKDN230028464-1A_HKTTNDSX7_L4.17	d__Bacteria;p__Pseudomonadota;c__Gammaproteobacteria;o__Burkholderiales;f__Methylophilaceae;g__Methylotenera;s__	N/A	N/A	N/A	N/A	N/A	GCF_000093025.1	95.0	d__Bacteria;p__Pseudomonadota;c__Gammaproteobacteria;o__Burkholderiales;f__Methylophilaceae;g__Methylotenera;s__Methylotenera versatilis	80.61	0.518	d__Bacteria;p__Pseudomonadota;c__Gammaproteobacteria;o__Burkholderiales;f__Methylophilaceae;g__Methylotenera;s__	taxonomic classification defined by topology and ANI	classification based on placement in class-level tree	GCA_013141425.1, s__Methylotenera sp013141425, 95.0, 78.91, 0.377; GCA_013141075.1, s__Methylotenera sp013141075, 95.0, 78.49, 0.334; GCA_009693255.1, s__Methylotenera sp009693255, 95.0, 78.38, 0.382; GCA_014378495.1, s__Methylotenera sp014378495, 95.0, 78.28, 0.251; GCF_000384255.1, s__Methylotenera mobilis_B, 95.0, 78.13, 0.181; GCA_013140755.1, s__Methylotenera sp013140755, 95.0, 78.04, 0.224; GCA_903854305.1, s__Methylotenera sp903854305, 95.0, 78.0, 0.312; GCA_013141495.1, s__Methylotenera sp013141495, 95.0, 77.88, 0.249; GCA_903833595.1, s__Methylotenera sp903833595, 95.0, 77.87, 0.286; GCA_903926935.1, s__Methylotenera sp903926935, 95.0, 77.87, 0.305; GCA_903838125.1, s__Methylotenera sp903838125, 95.0, 77.86, 0.25; GCA_021738125.1, s__Methylotenera sp021738125, 95.0, 77.85, 0.291; GCA_002842195.1, s__Methylotenera sp002842195, 95.0, 77.84, 0.325; GCA_903846555.1, s__Methylotenera sp903846555, 95.0, 77.75, 0.29; GCF_000023705.1, s__Methylotenera mobilis, 95.0, 77.74, 0.198; GCF_000744605.1, s__Methylotenera sp000744605, 95.0, 77.73, 0.19; GCA_001803395.1, s__Methylotenera sp001803395, 95.0, 77.72, 0.298; GCA_903882525.1, s__Methylotenera sp903882525, 95.0, 77.7, 0.263; GCA_002429455.1, s__Methylotenera sp002429455, 95.0, 77.7, 0.249; GCA_903876765.1, s__Methylotenera sp903876765, 95.0, 77.68, 0.27; GCA_903860085.1, s__Methylotenera sp903860085, 95.0, 77.67, 0.289; GCF_004661485.1, s__Methylotenera oryzisoli, 95.0, 77.63, 0.194; GCA_013816325.1, s__Methylotenera sp013816325, 95.0, 77.5, 0.183; GCA_002281815.1, s__Methylotenera sp002281815, 95.0, 77.46, 0.228; GCA_903951385.1, s__Methylotenera sp903951385, 95.0, 77.42, 0.238; GCA_002842285.1, s__Methylotenera sp002842285, 95.0, 77.29, 0.137; GCA_020035195.1, s__Methylotenera sp020035195, 95.0, 77.17, 0.223; GCA_005791685.1, s__Methylotenera sp005791685, 95.0, 77.17, 0.193; GCA_016867975.1, s__Methylotenera sp016867975, 95.0, 77.13, 0.169; GCA_005777825.1, s__Methylotenera sp005777825, 95.0, 77.08, 0.174; GCA_023259635.1, s__Methylotenera sp023259635, 95.0, 77.06, 0.165; GCF_000799735.1, s__Methylotenera sp000799735, 95.0, 77.04, 0.119; GCA_002928535.1, s__Methylotenera sp002928535, 95.0, 76.99, 0.133; GCA_020622105.1, s__Methylotenera sp020622105, 95.0, 76.99, 0.164	63.44	11	0.98491	Genome not assigned to closest species as it falls outside its pre-defined ANI radius
V12_EKDN230028464-1A_HKTTNDSX7_L4.2	d__Bacteria;p__Pseudomonadota;c__Alphaproteobacteria;o__Rhodobacterales;f__Rhodobacteraceae;g__Cypionkella;s__	N/A	N/A	N/A	N/A	N/A	GCA_002256245.1	95.0	d__Bacteria;p__Pseudomonadota;c__Alphaproteobacteria;o__Rhodobacterales;f__Rhodobacteraceae;g__Cypionkella;s__Cypionkella sp002256245	85.89	0.777	d__Bacteria;p__Pseudomonadota;c__Alphaproteobacteria;o__Rhodobacterales;f__Rhodobacteraceae;g__Cypionkella;s__	taxonomic classification defined by topology and ANI	classification based on placement in class-level tree	GCF_001294535.1, s__Cypionkella psychrotolerans, 95.0, 86.2, 0.83; GCA_009773375.1, s__Cypionkella sp009773375, 95.0, 82.31, 0.637; GCA_001828855.1, s__Cypionkella sp001828855, 95.0, 80.6, 0.554; GCA_024641255.1, s__Cypionkella sp024641255, 95.0, 80.47, 0.63; GCA_945860375.1, s__Cypionkella antarcticus_A, 95.0, 80.25, 0.517; GCA_913062925.1, s__Cypionkella sp913062925, 95.0, 79.71, 0.544; GCA_024642045.1, s__Cypionkella sp024642045, 95.0, 79.47, 0.455; GCA_023255415.1, s__Cypionkella sp023255415, 95.0, 79.42, 0.547; GCA_018063485.1, s__Cypionkella sp018063485, 95.0, 78.98, 0.514; GCA_013298675.1, s__Cypionkella sp013298675, 95.0, 77.6, 0.312; GCA_945861995.1, s__Cypionkella antarcticus_B, 95.0, 77.11, 0.281; GCA_945862435.1, s__Cypionkella antarcticus_C, 95.0, 76.91, 0.238	87.9	11	0.99505	Genome not assigned to closest species as it falls outside its pre-defined ANI radius
V12_EKDN230028464-1A_HKTTNDSX7_L4.20	d__Bacteria;p__Pseudomonadota;c__Alphaproteobacteria;o__Rhizobiales;f__Aestuariivirgaceae;g__Aestuariivirga;s__	N/A	N/A	N/A	N/A	N/A	N/A	N/A	N/A	N/A	N/A	d__Bacteria;p__Pseudomonadota;c__Alphaproteobacteria;o__Rhizobiales;f__Aestuariivirgaceae;g__Aestuariivirga;s__	ANI	classification based on placement in class-level tree	GCA_016710435.1, s__Aestuariivirga sp016710435, 95.0, 77.84, 0.201; GCF_003234965.1, s__Aestuariivirga litoralis, 95.0, 77.47, 0.222; GCA_020161855.1, s__Aestuariivirga sp020161855, 95.0, 77.47, 0.194; GCA_020252405.1, s__Aestuariivirga sp020252405, 95.0, 77.47, 0.233; GCA_016792865.1, s__Aestuariivirga sp016792865, 95.0, 77.43, 0.24; GCA_945889445.1, s__Aestuariivirga sp945889445, 95.0, 77.43, 0.219; GCA_016792825.1, s__Aestuariivirga sp016792825, 95.0, 77.25, 0.247; GCA_020252395.1, s__Aestuariivirga sp020252395, 95.0, 77.24, 0.211; GCA_020252385.1, s__Aestuariivirga sp020252385, 95.0, 77.24, 0.181; GCA_022842165.1, s__Aestuariivirga sp022842165, 95.0, 77.23, 0.196; GCF_015714715.1, s__Aestuariivirga litoralis_A, 95.0, 77.08, 0.169; GCA_903930095.1, s__Aestuariivirga sp903930095, 95.0, 77.04, 0.174; GCA_902826365.1, s__Aestuariivirga sp902826365, 95.0, 77.02, 0.251; GCA_016185245.1, s__Aestuariivirga sp016185245, 95.0, 76.87, 0.188; GCA_009885825.1, s__Aestuariivirga sp009885825, 95.0, 76.86, 0.179; GCA_900298995.1, s__Aestuariivirga sp900298995, 95.0, 76.84, 0.18; GCA_023266715.1, s__Aestuariivirga sp023266715, 95.0, 76.82, 0.172; GCA_012032065.1, s__Aestuariivirga sp012032065, 95.0, 76.76, 0.169; GCA_014380505.1, s__Aestuariivirga sp014380505, 95.0, 76.68, 0.142; GCA_020029455.1, s__Aestuariivirga sp020029455, 95.0, 76.64, 0.172; GCA_020441605.1, s__Aestuariivirga sp020441605, 95.0, 76.06, 0.11; GCA_003151375.1, s__Aestuariivirga sp003151375, 95.0, 75.58, 0.04	80.22	11	0.92951	N/A
V12_EKDN230028464-1A_HKTTNDSX7_L4.28	d__Bacteria;p__Bacteroidota;c__Bacteroidia;o__Flavobacteriales;f__Flavobacteriaceae;g__Flavobacterium;s__	N/A	N/A	N/A	N/A	N/A	GCA_903842575.1	95.0	d__Bacteria;p__Bacteroidota;c__Bacteroidia;o__Flavobacteriales;f__Flavobacteriaceae;g__Flavobacterium;s__Flavobacterium sp903842575	78.13	0.356	d__Bacteria;p__Bacteroidota;c__Bacteroidia;o__Flavobacteriales;f__Flavobacteriaceae;g__Flavobacterium;s__	taxonomic classification defined by topology and ANI	classification based on placement in class-level tree	GCA_016718345.1, s__Flavobacterium sp016718345, 95.0, 79.14, 0.305; GCF_001662485.1, s__Flavobacterium succinicans_A, 95.0, 79.04, 0.22; GCF_003634825.1, s__Flavobacterium sp003634825, 95.0, 78.58, 0.312; GCF_020886055.1, s__Flavobacterium sp020886055, 95.0, 78.58, 0.289; GCF_000422705.1, s__Flavobacterium soli, 95.0, 78.43, 0.249; GCA_001800905.1, s__Flavobacterium sp001800905, 95.0, 78.39, 0.327; GCF_020905345.1, s__Flavobacterium sp020905345, 95.0, 78.39, 0.239; GCA_903879875.1, s__Flavobacterium sp903879875, 95.0, 78.35, 0.296; GCF_020885975.1, s__Flavobacterium sp020885975, 95.0, 78.33, 0.326; GCF_007097365.1, s__Flavobacterium franklandianum, 95.0, 78.3, 0.264; GCF_015351595.1, s__Flavobacterium sp015351595, 95.0, 78.28, 0.249; GCF_008806775.1, s__Flavobacterium luteum, 95.0, 78.27, 0.275; GCA_012837155.1, s__Flavobacterium sp012837155, 95.0, 78.26, 0.21; GCA_022758945.1, s__Flavobacterium sp022758945, 95.0, 78.25, 0.295; GCA_017997335.1, s__Flavobacterium sp017997335, 95.0, 78.23, 0.265; GCA_017984035.1, s__Flavobacterium sp017984035, 95.0, 78.22, 0.335; GCA_024642105.1, s__Flavobacterium sp024642105, 95.0, 78.2, 0.236; GCF_002754315.1, s__Flavobacterium sp002754315, 95.0, 78.18, 0.262; GCA_016714905.1, s__Flavobacterium sp016714905, 95.0, 78.18, 0.23; GCA_002280815.1, s__Flavobacterium sp002280815, 95.0, 78.17, 0.2; GCF_003097635.1, s__Flavobacterium psychrotolerans, 95.0, 78.16, 0.252; GCF_003312425.1, s__Flavobacterium psychrolimnae, 95.0, 78.15, 0.252; GCA_945861915.1, s__Flavobacterium psychrophilum_E, 95.0, 78.12, 0.265; GCF_004349135.1, s__Flavobacterium sandaracinum, 95.0, 78.12, 0.239; GCF_004349085.1, s__Flavobacterium caseinilyticum, 95.0, 78.12, 0.23; GCF_000813005.1, s__Flavobacterium sp000813005, 95.0, 78.1, 0.232; GCF_009707955.1, s__Flavobacterium sp009707955, 95.0, 78.09, 0.274; GCA_002382495.1, s__Flavobacterium sp002382495, 95.0, 78.09, 0.308; GCF_002001005.1, s__Flavobacterium sp002001005, 95.0, 78.08, 0.237; GCF_014305095.1, s__Flavobacterium kayseriense, 95.0, 78.07, 0.199; GCF_004349315.1, s__Flavobacterium ranwuense, 95.0, 78.06, 0.245; GCF_003314435.2, s__Flavobacterium petrolei, 95.0, 78.05, 0.235; GCA_021740105.1, s__Flavobacterium sp021740105, 95.0, 78.04, 0.313; GCF_007097265.1, s__Flavobacterium gawalongense, 95.0, 78.03, 0.25; GCF_900110375.1, s__Flavobacterium sinopsychrotolerans, 95.0, 78.02, 0.24; GCF_009909155.2, s__Flavobacterium undicola, 95.0, 78.02, 0.225; GCF_900112975.1, s__Flavobacterium xueshanense, 95.0, 78.02, 0.248; GCA_903839195.1, s__Flavobacterium sp903839195, 95.0, 78.02, 0.375; GCF_020911885.1, s__Flavobacterium sp020911885, 95.0, 78.02, 0.225; GCA_945874225.1, s__Flavobacterium psychrophilum_M, 95.0, 78.02, 0.278; GCF_902506345.1, s__Flavobacterium sp902506345, 95.0, 78.01, 0.24; GCF_014305155.1, s__Flavobacterium muglaense, 95.0, 77.99, 0.233; GCF_000744835.1, s__Flavobacterium sp000744835, 95.0, 77.98, 0.264; GCA_016721735.1, s__Flavobacterium sp016721735, 95.0, 77.97, 0.216; GCF_003634755.1, s__Flavobacterium limicola, 95.0, 77.97, 0.249; GCF_007109225.1, s__Flavobacterium sp007109225, 95.0, 77.96, 0.19; GCF_004349195.1, s__Flavobacterium rhamnosiphilum, 95.0, 77.96, 0.276; GCA_017988155.1, s__Flavobacterium sp017988155, 95.0, 77.96, 0.286; GCF_000812945.1, s__Flavobacterium sp000812945, 95.0, 77.95, 0.264; GCF_019351435.1, s__Flavobacterium taihuense, 95.0, 77.95, 0.243; GCA_943913405.1, s__Flavobacterium sp943913405, 95.0, 77.94, 0.22; GCF_900129705.1, s__Flavobacterium granuli, 95.0, 77.94, 0.215; GCF_020911925.1, s__Flavobacterium sp001027725, 95.0, 77.93, 0.234; GCF_003350545.1, s__Flavobacterium glaciei, 95.0, 77.93, 0.242; GCF_003634455.1, s__Flavobacterium endophyticum, 95.0, 77.93, 0.17; GCF_009711165.2, s__Flavobacterium sp009711165, 95.0, 77.93, 0.288; GCA_009926065.1, s__Flavobacterium sp009926065, 95.0, 77.92, 0.335; GCF_000737695.1, s__Flavobacterium hydatis, 95.0, 77.91, 0.259; GCF_023278045.1, s__Flavobacterium sp023278045, 95.0, 77.9, 0.21; GCA_903819815.1, s__Flavobacterium sp903819815, 95.0, 77.88, 0.311; GCF_003668995.1, s__Flavobacterium sp003668995, 95.0, 77.88, 0.253; GCF_003097655.1, s__Flavobacterium laiguense, 95.0, 77.86, 0.24; GCA_900107365.1, s__Flavobacterium aquidurense, 95.0, 77.85, 0.272; GCF_900187965.1, s__Flavobacterium sp900187965, 95.0, 77.83, 0.29; GCF_015277675.1, s__Flavobacterium soyangense, 95.0, 77.83, 0.247; GCF_004349355.1, s__Flavobacterium cellulosilyticum, 95.0, 77.82, 0.244; GCF_900142885.1, s__Flavobacterium xinjiangense, 95.0, 77.82, 0.248; GCF_003254745.1, s__Flavobacterium aquariorum, 95.0, 77.81, 0.244; GCF_017875765.1, s__Flavobacterium sp017875765, 95.0, 77.81, 0.255; GCF_015594725.1, s__Flavobacterium sp015594725, 95.0, 77.8, 0.259; GCF_900108015.1, s__Flavobacterium urumqiense, 95.0, 77.78, 0.256; GCA_009693635.1, s__Flavobacterium sp009693635, 95.0, 77.78, 0.349; GCF_007097385.1, s__Flavobacterium sp007097385, 95.0, 77.76, 0.262; GCF_009674775.1, s__Flavobacterium sp009674775, 95.0, 77.75, 0.208; GCF_900142695.1, s__Flavobacterium xanthum, 95.0, 77.74, 0.238; GCF_013284035.1, s__Flavobacterium sp003096795, 95.0, 77.71, 0.237; GCF_900107635.1, s__Flavobacterium gillisiae, 95.0, 77.71, 0.205; GCF_000611675.1, s__Flavobacterium succinicans, 95.0, 77.69, 0.234; GCF_007097245.1, s__Flavobacterium restrictum, 95.0, 77.69, 0.227; GCF_004349145.1, s__Flavobacterium hiemivividum, 95.0, 77.69, 0.221; GCA_002413745.1, s__Flavobacterium sp002413745, 95.0, 77.66, 0.247; GCA_002483285.1, s__Flavobacterium sp002483285, 95.0, 77.66, 0.09; GCA_945860385.1, s__Flavobacterium psychrophilum_K, 95.0, 77.65, 0.232; GCF_900106645.1, s__Flavobacterium degerlachei, 95.0, 77.65, 0.192; GCF_003968755.1, s__Flavobacterium sp003968755, 95.0, 77.64, 0.214; GCA_903837025.1, s__Flavobacterium sp903837025, 95.0, 77.62, 0.249; GCF_000252125.1, s__Flavobacterium frigoris_A, 95.0, 77.61, 0.184; GCA_903861155.1, s__Flavobacterium sp903861155, 95.0, 77.59, 0.246; GCA_018883065.1, s__Flavobacterium sp018883065, 95.0, 77.53, 0.202; GCA_945897545.1, s__Flavobacterium psychrophilum_L, 95.0, 77.52, 0.239; GCA_010365135.1, s__Flavobacterium sp010365135, 95.0, 77.48, 0.219; GCA_024642295.1, s__Flavobacterium sp024642295, 95.0, 77.45, 0.23; GCF_900100375.1, s__Flavobacterium noncentrifugens, 95.0, 77.44, 0.155; GCF_011392125.1, s__Flavobacterium lotistagni, 95.0, 77.33, 0.117; GCA_023427845.1, s__Flavobacterium sp023427845, 95.0, 77.3, 0.091; GCA_903824755.1, s__Flavobacterium sp903824755, 95.0, 77.28, 0.312; GCA_002256285.1, s__Flavobacterium sp002256285, 95.0, 77.2, 0.088; GCA_014378065.1, s__Flavobacterium sp014378065, 95.0, 77.16, 0.184; GCA_023259675.1, s__Flavobacterium sp023259675, 95.0, 77.12, 0.169	93.8	11	0.96526	N/A
V12_EKDN230028464-1A_HKTTNDSX7_L4.32	d__Bacteria;p__Nitrospirota;c__Nitrospiria;o__Nitrospirales;f__Nitrospiraceae;g__Nitrospira_A;s__	N/A	N/A	N/A	N/A	N/A	GCA_009594995.1	95.0	d__Bacteria;p__Nitrospirota;c__Nitrospiria;o__Nitrospirales;f__Nitrospiraceae;g__Nitrospira_A;s__Nitrospira_A sp009594995	84.78	0.76	d__Bacteria;p__Nitrospirota;c__Nitrospiria;o__Nitrospirales;f__Nitrospiraceae;g__Nitrospira_A;s__	taxonomic classification defined by topology and ANI	classification based on placement in class-level tree	GCA_020853775.1, s__Nitrospira_A sp020853775, 95.0, 82.99, 0.679; GCA_024998595.1, s__Nitrospira_A sp024998595, 95.0, 82.77, 0.668; GCA_014055465.1, s__Nitrospira_A sp014055465, 95.0, 82.55, 0.623; GCF_900170025.1, s__Nitrospira_A sp900170025, 95.0, 82.13, 0.616; GCA_009594865.1, s__Nitrospira_A sp009594865, 95.0, 82.07, 0.66; GCA_022226935.1, s__Nitrospira_A sp022226935, 95.0, 82.06, 0.656; GCA_919902505.1, s__Nitrospira_A sp919902505, 95.0, 82.01, 0.63; GCA_000196815.1, s__Nitrospira_A defluvii_A, 95.0, 81.93, 0.606; GCA_024998565.1, s__Nitrospira_A sp016788925, 95.0, 81.82, 0.646; GCA_024998625.1, s__Nitrospira_A sp024998625, 95.0, 81.65, 0.608; GCA_900696505.1, s__Nitrospira_A sp900696505, 95.0, 81.64, 0.658; GCA_902500995.1, s__Nitrospira_A sp902500995, 95.0, 81.52, 0.632; GCA_902500715.1, s__Nitrospira_A sp902500715, 95.0, 81.18, 0.641; GCA_902500785.1, s__Nitrospira_A sp902500785, 95.0, 80.91, 0.637; GCA_017986555.1, s__Nitrospira_A sp017986555, 95.0, 80.68, 0.557; GCF_905220995.1, s__Nitrospira_A defluvii_C, 95.0, 80.32, 0.539; GCA_023248215.1, s__Nitrospira_A sp023248215, 95.0, 80.3, 0.538; GCA_016788885.1, s__Nitrospira_A sp009594855, 95.0, 80.29, 0.583; GCA_024998705.1, s__Nitrospira_A sp024998705, 95.0, 80.22, 0.609; GCA_011525625.1, s__Nitrospira_A sp003456605, 95.0, 80.16, 0.496; GCA_018242665.1, s__Nitrospira_A sp018242665, 95.0, 80.05, 0.55; GCA_014055495.1, s__Nitrospira_A sp014055495, 95.0, 80.01, 0.536; GCA_016199015.1, s__Nitrospira_A defluvii_B, 95.0, 79.67, 0.553; GCA_013696305.1, s__Nitrospira_A sp013696305, 95.0, 79.35, 0.512; GCA_021323395.1, s__Nitrospira_A sp021323395, 95.0, 78.97, 0.479; GCA_020697375.1, s__Nitrospira_A sp020697375, 95.0, 78.6, 0.394; GCA_015709715.1, s__Nitrospira_A sp001567445, 95.0, 78.09, 0.308	92.71	11	0.97575	Genome not assigned to closest species as it falls outside its pre-defined ANI radius
V12_EKDN230028464-1A_HKTTNDSX7_L4.36	d__Bacteria;p__Pseudomonadota;c__Alphaproteobacteria;o__Rhizobiales;f__Rhizobiaceae;g__;s__	N/A	N/A	N/A	N/A	N/A	N/A	N/A	N/A	N/A	N/A	d__Bacteria;p__Pseudomonadota;c__Alphaproteobacteria;o__Rhizobiales;f__Rhizobiaceae;g__;s__	taxonomic classification fully defined by topology	classification based on placement in class-level tree	N/A	89.65	11	0.86443	N/A
V12_EKDN230028464-1A_HKTTNDSX7_L4.37	d__Bacteria;p__Pseudomonadota;c__Alphaproteobacteria;o__Sphingomonadales;f__Sphingomonadaceae;g__Novosphingobium;s__	N/A	N/A	N/A	N/A	N/A	N/A	N/A	N/A	N/A	N/A	d__Bacteria;p__Pseudomonadota;c__Alphaproteobacteria;o__Sphingomonadales;f__Sphingomonadaceae;g__Novosphingobium;s__	ANI	classification based on placement in class-level tree	GCA_016719755.1, s__Novosphingobium sp016719755, 95.0, 78.69, 0.301; GCA_020848655.1, s__Novosphingobium sp020848655, 95.0, 78.57, 0.392; GCA_017302615.1, s__Novosphingobium sp017302615, 95.0, 78.49, 0.343; GCF_014652615.1, s__Novosphingobium arvoryzae, 95.0, 78.47, 0.359; GCF_001590965.1, s__Novosphingobium lentum, 95.0, 78.42, 0.321; GCF_001014975.1, s__Novosphingobium sp002336885, 95.0, 78.35, 0.306; GCF_002855555.1, s__Novosphingobium sp002855555, 95.0, 78.32, 0.359; GCF_014652555.1, s__Novosphingobium colocasiae, 95.0, 78.31, 0.31; GCA_024236215.1, s__Novosphingobium sp024236215, 95.0, 78.25, 0.312; GCF_002198665.1, s__Novosphingobium sp002198665, 95.0, 78.24, 0.295; GCA_015657645.1, s__Novosphingobium sp015657645, 95.0, 78.24, 0.32; GCA_001725355.1, s__Novosphingobium sp001725355, 95.0, 78.23, 0.289; GCA_021299075.1, s__Novosphingobium sp021299075, 95.0, 78.23, 0.318; GCA_020852455.1, s__Novosphingobium sp020852455, 95.0, 78.2, 0.318; GCA_018334165.1, s__Novosphingobium sp018334165, 95.0, 78.19, 0.307; GCA_009926135.1, s__Novosphingobium sp009926135, 95.0, 78.18, 0.261; GCF_002813245.1, s__Novosphingobium kunmingense, 95.0, 78.18, 0.28; GCA_002440635.1, s__Novosphingobium sp002440635, 95.0, 78.16, 0.308; GCF_900113255.1, s__Novosphingobium sp900113255, 95.0, 78.15, 0.277; GCA_945906005.1, s__Novosphingobium sp945906005, 95.0, 78.14, 0.285; GCF_005145025.1, s__Novosphingobium sp005145025, 95.0, 78.12, 0.306; GCF_012927405.1, s__Novosphingobium olei, 95.0, 78.12, 0.266; GCF_020404405.1, s__Novosphingobium sp020404405, 95.0, 78.12, 0.266; GCA_018241045.1, s__Novosphingobium sp018241045, 95.0, 78.07, 0.251; GCF_001590985.1, s__Novosphingobium naphthalenivorans, 95.0, 78.06, 0.311; GCF_006874585.1, s__Novosphingobium sp006874585, 95.0, 78.05, 0.313; GCF_020179475.1, s__Novosphingobium huizhouense, 95.0, 78.04, 0.269; GCA_013141325.1, s__Novosphingobium sp013141325, 95.0, 78.03, 0.357; GCF_022832385.1, s__Novosphingobium sp022832385, 95.0, 78.03, 0.292; GCF_014230305.1, s__Novosphingobium aerophilum, 95.0, 78.02, 0.271; GCA_004211435.1, s__Novosphingobium sp004211435, 95.0, 78.02, 0.285; GCF_001421325.1, s__Novosphingobium sp001421325, 95.0, 78.02, 0.283; GCF_020179425.1, s__Novosphingobium percolationis, 95.0, 78.01, 0.293; GCA_025153475.1, s__Novosphingobium sp025153475, 95.0, 78.0, 0.297; GCF_007991615.1, s__Novosphingobium sediminis, 95.0, 78.0, 0.242; GCF_007954425.1, s__Novosphingobium ginsenosidimutans, 95.0, 77.98, 0.277; GCF_002556635.1, s__Novosphingobium sp002556635, 95.0, 77.96, 0.311; GCF_000272475.1, s__Novosphingobium sp000272475, 95.0, 77.96, 0.234; GCF_001298105.1, s__Novosphingobium sp001298105, 95.0, 77.95, 0.276; GCA_024236175.1, s__Novosphingobium sp024236175, 95.0, 77.93, 0.308; GCF_022832375.1, s__Novosphingobium sp022832375, 95.0, 77.92, 0.326; GCA_021782155.1, s__Novosphingobium sp021782155, 95.0, 77.91, 0.264; GCF_014640675.1, s__Novosphingobium endophyticum, 95.0, 77.9, 0.307; GCF_014652855.1, s__Novosphingobium pokkalii, 95.0, 77.89, 0.3; GCA_018240895.1, s__Novosphingobium sp018240895, 95.0, 77.89, 0.31; GCA_013791705.1, s__Novosphingobium sp013791705, 95.0, 77.89, 0.304; GCA_015661825.1, s__Novosphingobium capsulatum_A, 95.0, 77.88, 0.246; GCF_022832435.1, s__Novosphingobium sp022832435, 95.0, 77.86, 0.265; GCF_900168325.1, s__Novosphingobium mathurense, 95.0, 77.83, 0.275; GCF_014230315.1, s__Novosphingobium flavum, 95.0, 77.83, 0.256; GCF_014230355.1, s__Novosphingobium piscinae, 95.0, 77.82, 0.271; GCF_000767465.1, s__Novosphingobium pentaromativorans, 95.0, 77.81, 0.261; GCF_900117425.1, s__Novosphingobium sp900117425, 95.0, 77.79, 0.25; GCA_013822005.1, s__Novosphingobium sp013822005, 95.0, 77.78, 0.33; GCF_004341845.1, s__Novosphingobium sp004341845, 95.0, 77.78, 0.329; GCF_902506425.1, s__Novosphingobium sp902506425, 95.0, 77.76, 0.234; GCF_019075875.1, s__Novosphingobium sp019075875, 95.0, 77.75, 0.341; GCF_014204535.1, s__Novosphingobium chloroacetimidivorans, 95.0, 77.75, 0.267; GCA_018971065.1, s__Novosphingobium sp018971065, 95.0, 77.74, 0.277; GCF_013408095.1, s__Novosphingobium marinum, 95.0, 77.73, 0.239; GCF_000445125.1, s__Novosphingobium lindaniclasticum, 95.0, 77.73, 0.251; GCF_002896965.1, s__Novosphingobium guangzhouense, 95.0, 77.73, 0.292; GCA_002454125.1, s__Novosphingobium sp002454125, 95.0, 77.71, 0.321; GCF_021227995.1, s__Novosphingobium sp021227995, 95.0, 77.69, 0.289; GCF_002149965.1, s__Novosphingobium panipatense, 95.0, 77.69, 0.302; GCF_001046635.1, s__Novosphingobium barchaimii, 95.0, 77.69, 0.266; GCF_014645195.1, s__Novosphingobium indicum, 95.0, 77.68, 0.31; GCF_004342985.1, s__Novosphingobium sp004342985, 95.0, 77.67, 0.296; GCF_009746585.1, s__Novosphingobium aquimarinum, 95.0, 77.66, 0.276; GCA_017745295.1, s__Novosphingobium sp017745295, 95.0, 77.66, 0.271; GCF_000876675.2, s__Novosphingobium sp000876675, 95.0, 77.65, 0.294; GCF_902706195.1, s__Novosphingobium sp902706195, 95.0, 77.63, 0.271; GCF_001519075.1, s__Novosphingobium fuchskuhlense, 95.0, 77.63, 0.228; GCF_014196615.1, s__Novosphingobium fluoreni, 95.0, 77.63, 0.242; GCA_017987575.1, s__Novosphingobium sp017987575, 95.0, 77.61, 0.29; GCF_000802225.1, s__Novosphingobium malaysiense, 95.0, 77.6, 0.291; GCF_000281975.1, s__Novosphingobium sp000281975, 95.0, 77.6, 0.282; GCF_009707465.1, s__Novosphingobium sp009707465, 95.0, 77.56, 0.203; GCA_945906105.1, s__Novosphingobium sp945906105, 95.0, 77.55, 0.314; GCF_001742225.1, s__Novosphingobium resinovorum, 95.0, 77.52, 0.296; GCF_002916655.1, s__Novosphingobium sp002916655, 95.0, 77.5, 0.195; GCA_024642085.1, s__Novosphingobium sp024642085, 95.0, 77.49, 0.25; GCA_019748365.1, s__Novosphingobium sp019748365, 95.0, 77.46, 0.217; GCA_023266625.1, s__Novosphingobium sp023266625, 95.0, 77.44, 0.263; GCF_018417475.1, s__Novosphingobium decolorationis, 95.0, 77.43, 0.223; GCA_020446505.1, s__Novosphingobium sp020446505, 95.0, 77.41, 0.222; GCF_020524485.1, s__Novosphingobium profundi_A, 95.0, 77.39, 0.212; GCA_903834285.1, s__Novosphingobium sp903834285, 95.0, 77.34, 0.198; GCF_009856825.1, s__Novosphingobium silvae, 95.0, 77.33, 0.236; GCA_903970225.1, s__Novosphingobium sp903970225, 95.0, 77.33, 0.21; GCF_015865035.1, s__Novosphingobium aureum, 95.0, 77.29, 0.245; GCF_018491765.1, s__Novosphingobium profundi, 95.0, 77.29, 0.231; GCA_019510335.1, s__Novosphingobium sp019510335, 95.0, 77.26, 0.29; GCF_008107685.1, s__Novosphingobium sp008107685, 95.0, 77.22, 0.196; GCA_020446575.1, s__Novosphingobium sp020446575, 95.0, 77.22, 0.227; GCA_017302775.1, s__Novosphingobium sp017302775, 95.0, 77.19, 0.174; GCA_019090585.1, s__Novosphingobium sp019090585, 95.0, 77.17, 0.247; GCA_903828025.1, s__Novosphingobium sp903828025, 95.0, 77.14, 0.238; GCA_020446595.1, s__Novosphingobium sp020446595, 95.0, 77.08, 0.239; GCA_903911985.1, s__Novosphingobium sp903911985, 95.0, 76.91, 0.224	97.16	11	0.93217	N/A
V12_EKDN230028464-1A_HKTTNDSX7_L4.38	d__Bacteria;p__Bacteroidota;c__Bacteroidia;o__Chitinophagales;f__Chitinophagaceae;g__Ferruginibacter;s__	N/A	N/A	N/A	N/A	N/A	GCA_002400445.1	95.0	d__Bacteria;p__Bacteroidota;c__Bacteroidia;o__Chitinophagales;f__Chitinophagaceae;g__Ferruginibacter;s__Ferruginibacter sp002400445	77.01	0.2	d__Bacteria;p__Bacteroidota;c__Bacteroidia;o__Chitinophagales;f__Chitinophagaceae;g__Ferruginibacter;s__	taxonomic classification defined by topology and ANI	classification based on placement in class-level tree	GCA_013141115.1, s__Ferruginibacter sp013141115, 95.0, 77.31, 0.167; GCA_014379905.1, s__Ferruginibacter sp014379905, 95.0, 77.23, 0.164; GCA_016715365.1, s__Ferruginibacter sp016715365, 95.0, 77.09, 0.168; GCA_018057635.1, s__Ferruginibacter sp018057635, 95.0, 76.96, 0.151; GCA_016710935.1, s__Ferruginibacter sp016710935, 95.0, 76.87, 0.148; GCA_017983695.1, s__Ferruginibacter sp017983695, 95.0, 76.86, 0.166; GCA_018268185.1, s__Ferruginibacter sp018268185, 95.0, 76.86, 0.124; GCA_016786725.1, s__Ferruginibacter sp016786725, 95.0, 76.83, 0.158; GCA_015655125.1, s__Ferruginibacter sp015655125, 95.0, 76.82, 0.118; GCA_903831575.1, s__Ferruginibacter sp903831575, 95.0, 76.81, 0.084; GCA_018268085.1, s__Ferruginibacter sp018268085, 95.0, 76.8, 0.118; GCF_024343615.1, s__Ferruginibacter sp024343615, 95.0, 76.77, 0.12; GCA_024642285.1, s__Ferruginibacter sp024642285, 95.0, 76.71, 0.126; GCA_016710745.1, s__Ferruginibacter sp016710745, 95.0, 76.7, 0.094; GCA_016703625.1, s__Ferruginibacter sp016703625, 95.0, 76.67, 0.139; GCA_018268135.1, s__Ferruginibacter sp018268135, 95.0, 76.64, 0.165; GCA_016720775.1, s__Ferruginibacter sp016720775, 95.0, 76.63, 0.135; GCA_013288745.1, s__Ferruginibacter sp013288745, 95.0, 76.63, 0.102; GCA_903878475.1, s__Ferruginibacter sp903878475, 95.0, 76.57, 0.123; GCA_016722465.1, s__Ferruginibacter sp016722465, 95.0, 76.56, 0.114; GCA_002352045.1, s__Ferruginibacter sp002352045, 95.0, 76.55, 0.174; GCA_018266615.1, s__Ferruginibacter sp018266615, 95.0, 76.52, 0.081; GCA_016710165.1, s__Ferruginibacter sp016710165, 95.0, 76.51, 0.117; GCA_023417815.1, s__Ferruginibacter sp023417815, 95.0, 76.5, 0.06; GCA_019638525.1, s__Ferruginibacter sp018268155, 95.0, 76.48, 0.136; GCA_019638575.1, s__Ferruginibacter sp019638575, 95.0, 76.47, 0.135; GCA_016710595.1, s__Ferruginibacter sp016710595, 95.0, 76.42, 0.119; GCA_014377385.1, s__Ferruginibacter sp014377385, 95.0, 76.41, 0.128; GCA_945865645.1, s__Ferruginibacter pinensis_B, 95.0, 76.4, 0.127; GCA_003455235.1, s__Ferruginibacter sp003455235, 95.0, 76.38, 0.131; GCA_903858475.1, s__Ferruginibacter sp903858475, 95.0, 76.36, 0.082; GCA_019638635.1, s__Ferruginibacter sp019638635, 95.0, 76.36, 0.069; GCA_016713965.1, s__Ferruginibacter sp016713965, 95.0, 76.36, 0.085; GCA_016721725.1, s__Ferruginibacter sp016721725, 95.0, 76.35, 0.073; GCA_016721385.1, s__Ferruginibacter sp016721385, 95.0, 76.34, 0.116; GCA_009885535.1, s__Ferruginibacter sp009885535, 95.0, 76.33, 0.084; GCA_003534175.1, s__Ferruginibacter sp003534175, 95.0, 76.3, 0.072; GCA_018268175.1, s__Ferruginibacter sp018268175, 95.0, 76.29, 0.091; GCA_020059395.1, s__Ferruginibacter sp020059395, 95.0, 76.29, 0.134; GCA_023422565.1, s__Ferruginibacter sp023422565, 95.0, 76.29, 0.075; GCA_018266775.1, s__Ferruginibacter sp018266775, 95.0, 76.29, 0.123; GCA_002343985.1, s__Ferruginibacter sp002343985, 95.0, 76.27, 0.091; GCF_020783315.1, s__Ferruginibacter lapsinanis, 95.0, 76.27, 0.109; GCA_945870835.1, s__Ferruginibacter pinensis_A, 95.0, 76.26, 0.085; GCF_020042285.1, s__Ferruginibacter sp020042285, 95.0, 76.26, 0.081; GCA_023433345.1, s__Ferruginibacter sp023433345, 95.0, 76.23, 0.072; GCA_017303335.1, s__Ferruginibacter sp017303335, 95.0, 76.23, 0.074; GCA_019638485.1, s__Ferruginibacter sp019638485, 95.0, 76.17, 0.062; GCA_016699815.1, s__Ferruginibacter sp002381005, 95.0, 76.17, 0.124; GCA_001898465.1, s__Ferruginibacter sp001898465, 95.0, 76.16, 0.128; GCA_945872815.1, s__Ferruginibacter pinensis_C, 95.0, 76.15, 0.08; GCA_903837525.1, s__Ferruginibacter sp903837525, 95.0, 76.1, 0.093; GCA_017988335.1, s__Ferruginibacter sp017988335, 95.0, 76.08, 0.093; GCA_014379625.1, s__Ferruginibacter sp014379625, 95.0, 76.07, 0.081; GCA_018882645.1, s__Ferruginibacter sp018882645, 95.0, 76.07, 0.075; GCA_014377975.1, s__Ferruginibacter sp014377975, 95.0, 76.05, 0.101; GCA_903871575.1, s__Ferruginibacter sp903871575, 95.0, 76.04, 0.092; GCA_013298665.1, s__Ferruginibacter sp013298665, 95.0, 75.91, 0.046; GCA_002336815.1, s__Ferruginibacter sp002336815, 95.0, 75.9, 0.087; GCA_018266715.1, s__Ferruginibacter sp018266715, 95.0, 75.88, 0.11; GCA_013141435.1, s__Ferruginibacter sp013141435, 95.0, 75.85, 0.076; GCA_023390215.1, s__Ferruginibacter sp023390215, 95.0, 75.57, 0.075	91.66	11	0.95329	N/A
V12_EKDN230028464-1A_HKTTNDSX7_L4.42	d__Bacteria;p__Pseudomonadota;c__Alphaproteobacteria;o__Rhizobiales;f__Aestuariivirgaceae;g__Aestuariivirga;s__	N/A	N/A	N/A	N/A	N/A	N/A	N/A	N/A	N/A	N/A	d__Bacteria;p__Pseudomonadota;c__Alphaproteobacteria;o__Rhizobiales;f__Aestuariivirgaceae;g__Aestuariivirga;s__	ANI	classification based on placement in class-level tree	GCA_016792865.1, s__Aestuariivirga sp016792865, 95.0, 77.9, 0.223; GCA_945889445.1, s__Aestuariivirga sp945889445, 95.0, 77.8, 0.208; GCF_003234965.1, s__Aestuariivirga litoralis, 95.0, 77.73, 0.236; GCA_016710435.1, s__Aestuariivirga sp016710435, 95.0, 77.71, 0.211; GCA_020252405.1, s__Aestuariivirga sp020252405, 95.0, 77.59, 0.234; GCF_015714715.1, s__Aestuariivirga litoralis_A, 95.0, 77.58, 0.155; GCA_022842165.1, s__Aestuariivirga sp022842165, 95.0, 77.48, 0.208; GCA_902826365.1, s__Aestuariivirga sp902826365, 95.0, 77.46, 0.238; GCA_016792825.1, s__Aestuariivirga sp016792825, 95.0, 77.43, 0.22; GCA_020252395.1, s__Aestuariivirga sp020252395, 95.0, 77.41, 0.218; GCA_020252385.1, s__Aestuariivirga sp020252385, 95.0, 77.37, 0.192; GCA_020161855.1, s__Aestuariivirga sp020161855, 95.0, 77.31, 0.186; GCA_903930095.1, s__Aestuariivirga sp903930095, 95.0, 77.3, 0.186; GCA_016185245.1, s__Aestuariivirga sp016185245, 95.0, 77.17, 0.163; GCA_023266715.1, s__Aestuariivirga sp023266715, 95.0, 77.16, 0.158; GCA_900298995.1, s__Aestuariivirga sp900298995, 95.0, 77.11, 0.179; GCA_009885825.1, s__Aestuariivirga sp009885825, 95.0, 77.04, 0.188; GCA_020029455.1, s__Aestuariivirga sp020029455, 95.0, 77.03, 0.15; GCA_012032065.1, s__Aestuariivirga sp012032065, 95.0, 76.88, 0.161; GCA_014380505.1, s__Aestuariivirga sp014380505, 95.0, 76.48, 0.153; GCA_020441605.1, s__Aestuariivirga sp020441605, 95.0, 76.23, 0.108; GCA_003151375.1, s__Aestuariivirga sp003151375, 95.0, 75.88, 0.04	79.07	11	0.93009	N/A
V12_EKDN230028464-1A_HKTTNDSX7_L4.59	d__Bacteria;p__Pseudomonadota;c__Gammaproteobacteria;o__Burkholderiales;f__Burkholderiaceae_B;g__Rubrivivax;s__	N/A	N/A	N/A	N/A	N/A	N/A	N/A	N/A	N/A	N/A	d__Bacteria;p__Pseudomonadota;c__Gammaproteobacteria;o__Burkholderiales;f__Burkholderiaceae_B;g__Rubrivivax;s__	taxonomic classification defined by topology and ANI	classification based on placement in class-level tree	GCA_022842305.1, s__Rubrivivax sp022842305, 95.0, 81.91, 0.503; GCF_904426505.1, s__Rubrivivax sp904426505, 95.0, 81.22, 0.519; GCA_001295905.1, s__Rubrivivax sp001295905, 95.0, 81.18, 0.494; GCA_016704535.1, s__Rubrivivax sp016704535, 95.0, 81.14, 0.483; GCA_001295865.1, s__Rubrivivax sp001295865, 95.0, 81.13, 0.501; GCF_004016505.1, s__Rubrivivax rivuli, 95.0, 81.1, 0.52; GCA_014859905.1, s__Rubrivivax sp014859905, 95.0, 81.09, 0.355; GCA_016709385.1, s__Rubrivivax sp016709385, 95.0, 81.08, 0.506; GCA_013822265.1, s__Rubrivivax sp013822265, 95.0, 80.92, 0.495; GCA_903914615.1, s__Rubrivivax sp903914615, 95.0, 80.89, 0.438; GCA_020720385.1, s__Rubrivivax sp020720385, 95.0, 80.87, 0.546; GCA_011391855.1, s__Rubrivivax sp011391855, 95.0, 80.78, 0.518; GCA_903828235.1, s__Rubrivivax sp903828235, 95.0, 80.49, 0.454; GCA_016790395.1, s__Rubrivivax sp016790395, 95.0, 80.38, 0.487; GCA_023657425.1, s__Rubrivivax sp023657425, 95.0, 80.3, 0.444; GCA_016719535.1, s__Rubrivivax sp016719535, 95.0, 80.29, 0.474; GCA_019635315.1, s__Rubrivivax sp019635315, 95.0, 80.29, 0.496; GCA_022842595.1, s__Rubrivivax sp022842595, 95.0, 80.29, 0.487; GCA_020248945.1, s__Rubrivivax sp020248945, 95.0, 80.26, 0.478; GCA_903822435.1, s__Rubrivivax sp903822435, 95.0, 80.22, 0.436; GCA_020161065.1, s__Rubrivivax sp020161065, 95.0, 80.17, 0.509; GCA_022843905.1, s__Rubrivivax sp022843905, 95.0, 80.06, 0.491; GCA_016707445.1, s__Rubrivivax sp016707445, 95.0, 80.0, 0.405; GCA_001464055.1, s__Rubrivivax sp001464055, 95.0, 79.93, 0.432; GCF_004016515.1, s__Rubrivivax albus, 95.0, 79.81, 0.459; GCA_024235855.1, s__Rubrivivax sp024235855, 95.0, 79.72, 0.407; GCF_000190375.1, s__Rubrivivax benzoatilyticus, 95.0, 79.71, 0.434; GCA_903938815.1, s__Rubrivivax sp903938815, 95.0, 79.66, 0.429; GCA_022842825.1, s__Rubrivivax sp022842825, 95.0, 79.55, 0.415; GCA_018971105.1, s__Rubrivivax sp018971105, 95.0, 79.54, 0.37; GCF_016583785.1, s__Rubrivivax gelatinosus_B, 95.0, 79.54, 0.411; GCF_000284255.1, s__Rubrivivax gelatinosus_A, 95.0, 79.5, 0.422; GCA_024235915.1, s__Rubrivivax sp024235915, 95.0, 79.49, 0.386; GCA_018780805.1, s__Rubrivivax sp018780805, 95.0, 79.49, 0.427; GCA_016790225.1, s__Rubrivivax sp016790225, 95.0, 79.48, 0.398; GCF_004340905.1, s__Rubrivivax gelatinosus, 95.0, 79.47, 0.429; GCA_024641925.1, s__Rubrivivax sp024641925, 95.0, 79.37, 0.378; GCA_020248915.1, s__Rubrivivax sp020248915, 95.0, 79.35, 0.4; GCA_001725505.1, s__Rubrivivax sp001725505, 95.0, 79.34, 0.396; GCA_016789865.1, s__Rubrivivax sp016789865, 95.0, 79.29, 0.384; GCA_016223165.1, s__Rubrivivax sp016223165, 95.0, 79.26, 0.475; GCA_021300575.1, s__Rubrivivax sp021300575, 95.0, 79.2, 0.359; GCA_016716535.1, s__Rubrivivax sp016716535, 95.0, 79.15, 0.426; GCA_018241895.1, s__Rubrivivax sp018241895, 95.0, 79.06, 0.396; GCA_021298085.1, s__Rubrivivax sp021298085, 95.0, 79.04, 0.349; GCA_020852865.1, s__Rubrivivax sp020852865, 95.0, 79.03, 0.388; GCA_001724995.1, s__Rubrivivax sp001724995, 95.0, 79.03, 0.387; GCA_021297985.1, s__Rubrivivax sp021297985, 95.0, 78.99, 0.347; GCA_016789955.1, s__Rubrivivax sp016789955, 95.0, 78.92, 0.379; GCA_020851615.1, s__Rubrivivax sp020851615, 95.0, 78.9, 0.458; GCA_016788525.1, s__Rubrivivax sp016788525, 95.0, 78.9, 0.37; GCA_016790435.1, s__Rubrivivax sp016790435, 95.0, 78.87, 0.343; GCA_016790425.1, s__Rubrivivax sp016790425, 95.0, 78.85, 0.372; GCA_903885585.1, s__Rubrivivax sp903885585, 95.0, 78.65, 0.29; GCA_024235895.1, s__Rubrivivax sp011525985, 95.0, 78.6, 0.348; GCA_024641945.1, s__Rubrivivax sp024641945, 95.0, 78.49, 0.363; GCA_016191995.1, s__Rubrivivax sp016191995, 95.0, 78.39, 0.325; GCA_903876715.1, s__Rubrivivax sp903876715, 95.0, 77.96, 0.279; GCA_903834645.1, s__Rubrivivax sp903834645, 95.0, 77.94, 0.336; GCA_009923895.1, s__Rubrivivax sp009923895, 95.0, 77.15, 0.246	71.06	11	0.9713	Genome not assigned to closest species as it falls outside its pre-defined ANI radius
V12_EKDN230028464-1A_HKTTNDSX7_L4.60	d__Bacteria;p__Bacteroidota;c__Bacteroidia;o__Bacteroidales;f__WCHB1-69;g__UBA5429;s__	N/A	N/A	N/A	N/A	N/A	GCA_017860455.1	95.0	d__Bacteria;p__Bacteroidota;c__Bacteroidia;o__Bacteroidales;f__WCHB1-69;g__UBA5429;s__UBA5429 sp017860455	88.06	0.652	d__Bacteria;p__Bacteroidota;c__Bacteroidia;o__Bacteroidales;f__WCHB1-69;g__UBA5429;s__	taxonomic classification defined by topology and ANI	classification based on placement in class-level tree	GCA_023459435.1, s__UBA5429 sp023459435, 95.0, 77.95, 0.37; GCA_002427605.1, s__UBA5429 sp002427605, 95.0, 76.63, 0.125	73.37	11	0.99148	Genome not assigned to closest species as it falls outside its pre-defined ANI radius
V12_EKDN230028464-1A_HKTTNDSX7_L4.68	d__Bacteria;p__Pseudomonadota;c__Gammaproteobacteria;o__Xanthomonadales;f__Xanthomonadaceae;g__Thermomonas;s__	N/A	N/A	N/A	N/A	N/A	GCF_020034655.1	95.0	d__Bacteria;p__Pseudomonadota;c__Gammaproteobacteria;o__Xanthomonadales;f__Xanthomonadaceae;g__Thermomonas;s__Thermomonas beijingensis	87.77	0.918	d__Bacteria;p__Pseudomonadota;c__Gammaproteobacteria;o__Xanthomonadales;f__Xanthomonadaceae;g__Thermomonas;s__	taxonomic classification defined by topology and ANI	classification based on placement in class-level tree	GCA_018262705.1, s__Thermomonas sp018262705, 95.0, 80.45, 0.467; GCF_024498955.1, s__Thermomonas sp024498955, 95.0, 79.66, 0.611; GCF_000423885.1, s__Thermomonas fusca, 95.0, 79.64, 0.606; GCF_014395425.1, s__Thermomonas brevis, 95.0, 79.49, 0.657; GCF_014678725.1, s__Thermomonas sp014678725, 95.0, 79.44, 0.577; GCA_024711415.1, s__Thermomonas sp024711415, 95.0, 79.41, 0.413; GCA_021821195.1, s__Thermomonas sp021821195, 95.0, 79.39, 0.621; GCF_004346265.1, s__Thermomonas haemolytica, 95.0, 79.13, 0.537; GCA_019104945.1, s__Thermomonas sp019104945, 95.0, 79.05, 0.436; GCF_006337105.1, s__Thermomonas aquatica, 95.0, 78.79, 0.518; GCA_018242365.1, s__Thermomonas sp018242365, 95.0, 78.77, 0.472; GCF_024704365.1, s__Thermomonas sp017305095, 95.0, 78.76, 0.56; GCF_011302915.1, s__Thermomonas sp011302915, 95.0, 78.7, 0.507; GCA_023953935.1, s__Thermomonas sp023953935, 95.0, 78.65, 0.446; GCF_022419205.1, s__Thermomonas alba, 95.0, 78.62, 0.465; GCA_016720345.1, s__Thermomonas sp016720345, 95.0, 78.57, 0.472; GCA_020850895.1, s__Thermomonas sp020850895, 95.0, 78.41, 0.415; GCF_014396975.1, s__Thermomonas carbonis, 95.0, 78.4, 0.465; GCA_017302095.1, s__Thermomonas sp017302095, 95.0, 78.28, 0.299; GCF_900129205.1, s__Thermomonas hydrothermalis, 95.0, 78.28, 0.436; GCA_017302075.1, s__Thermomonas sp017302075, 95.0, 78.18, 0.394; GCA_023388715.1, s__Thermomonas sp023388715, 95.0, 78.06, 0.347; GCF_022419185.1, s__Thermomonas flagellata, 95.0, 78.0, 0.389	65.48	11	0.99411	Genome not assigned to closest species as it falls outside its pre-defined ANI radius
V12_EKDN230028464-1A_HKTTNDSX7_L4.72	d__Bacteria;p__Pseudomonadota;c__Gammaproteobacteria;o__Burkholderiales;f__Methylophilaceae;g__Novimethylophilus;s__	N/A	N/A	N/A	N/A	N/A	GCF_003112435.1	95.0	d__Bacteria;p__Pseudomonadota;c__Gammaproteobacteria;o__Burkholderiales;f__Methylophilaceae;g__Novimethylophilus;s__Novimethylophilus kurashikiensis	78.0	0.287	d__Bacteria;p__Pseudomonadota;c__Gammaproteobacteria;o__Burkholderiales;f__Methylophilaceae;g__Novimethylophilus;s__	taxonomic classification defined by topology and ANI	classification based on placement in class-level tree	N/A	82.28	11	0.87315	N/A
V12_EKDN230028464-1A_HKTTNDSX7_L4.73	d__Bacteria;p__Pseudomonadota;c__Gammaproteobacteria;o__Burkholderiales;f__Burkholderiaceae_B;g__;s__	N/A	N/A	N/A	N/A	N/A	N/A	N/A	N/A	N/A	N/A	d__Bacteria;p__Pseudomonadota;c__Gammaproteobacteria;o__Burkholderiales;f__Burkholderiaceae_B;g__;s__	taxonomic classification fully defined by topology	classification based on placement in class-level tree	N/A	89.37	11	0.91805	N/A
V12_EKDN230028464-1A_HKTTNDSX7_L4.78	d__Bacteria;p__Bacteroidota;c__Bacteroidia;o__Bacteroidales;f__UBA4417;g__UBA4417;s__	N/A	N/A	N/A	N/A	N/A	N/A	N/A	N/A	N/A	N/A	d__Bacteria;p__Bacteroidota;c__Bacteroidia;o__Bacteroidales;f__UBA4417;g__UBA4417;s__	ANI	classification based on placement in class-level tree	GCA_903822525.1, s__UBA4417 sp903822525, 95.0, 76.94, 0.086; GCA_903887815.1, s__UBA4417 sp903887815, 95.0, 76.84, 0.075; GCA_903913645.1, s__UBA4417 sp903913645, 95.0, 76.81, 0.099; GCA_903879715.1, s__UBA4417 sp903879715, 95.0, 76.78, 0.107; GCA_016707705.1, s__UBA4417 sp016707705, 95.0, 76.73, 0.046; GCA_013376995.1, s__UBA4417 sp013376995, 95.0, 76.62, 0.034; GCA_002389705.1, s__UBA4417 sp002389705, 95.0, 76.61, 0.085; GCA_903917425.1, s__UBA4417 sp903917425, 95.0, 76.5, 0.081; GCA_903946925.1, s__UBA4417 sp903946925, 95.0, 76.48, 0.102; GCA_903878265.1, s__UBA4417 sp903878265, 95.0, 76.46, 0.091; GCA_903864265.1, s__UBA4417 sp903864265, 95.0, 76.43, 0.035; GCA_020048595.1, s__UBA4417 sp020048595, 95.0, 76.36, 0.06; GCA_022711175.1, s__UBA4417 sp022711175, 95.0, 76.25, 0.044; GCA_016707785.1, s__UBA4417 sp016707785, 95.0, 76.23, 0.051; GCA_015657475.1, s__UBA4417 sp015657475, 95.0, 75.92, 0.046	92.69	11	0.93118	N/A
V12_EKDN230028464-1A_HKTTNDSX7_L4.83	d__Bacteria;p__Pseudomonadota;c__Gammaproteobacteria;o__Beggiatoales;f__Beggiatoaceae;g__DYNO01;s__	N/A	N/A	N/A	N/A	N/A	GCA_020721025.1	95.0	d__Bacteria;p__Pseudomonadota;c__Gammaproteobacteria;o__Beggiatoales;f__Beggiatoaceae;g__DYNO01;s__DYNO01 sp020721025	80.2	0.515	d__Bacteria;p__Pseudomonadota;c__Gammaproteobacteria;o__Beggiatoales;f__Beggiatoaceae;g__DYNO01;s__	taxonomic classification defined by topology and ANI	classification based on placement in class-level tree	N/A	92.85	11	0.95423	Genome not assigned to closest species as it falls outside its pre-defined ANI radius
V12_EKDN230028464-1A_HKTTNDSX7_L4.86	d__Bacteria;p__Bacteroidota;c__Bacteroidia;o__Flavobacteriales;f__Weeksellaceae;g__Cloacibacterium;s__	N/A	N/A	N/A	N/A	N/A	N/A	N/A	N/A	N/A	N/A	d__Bacteria;p__Bacteroidota;c__Bacteroidia;o__Flavobacteriales;f__Weeksellaceae;g__Cloacibacterium;s__	taxonomic classification defined by topology and ANI	classification based on placement in class-level tree	GCF_907163105.1, s__Cloacibacterium caeni_A, 95.0, 82.2, 0.631; GCF_003860565.1, s__Cloacibacterium normanense, 95.1075, 81.99, 0.624; GCF_907163125.1, s__Cloacibacterium caeni_B, 95.1075, 81.9, 0.628; GCF_002943105.1, s__Cloacibacterium sp002422665, 95.0662, 81.83, 0.605; GCF_014645495.1, s__Cloacibacterium rupense, 95.0, 81.79, 0.602; GCA_002337005.1, s__Cloacibacterium sp002337005, 95.0, 81.52, 0.602	83.81	11	0.9835	Genome not assigned to closest species as it falls outside its pre-defined ANI radius
V12_EKDN230028464-1A_HKTTNDSX7_L4.87	d__Bacteria;p__Pseudomonadota;c__Gammaproteobacteria;o__Beggiatoales;f__Beggiatoaceae;g__DYNO01;s__	N/A	N/A	N/A	N/A	N/A	GCA_020721025.1	95.0	d__Bacteria;p__Pseudomonadota;c__Gammaproteobacteria;o__Beggiatoales;f__Beggiatoaceae;g__DYNO01;s__DYNO01 sp020721025	80.08	0.501	d__Bacteria;p__Pseudomonadota;c__Gammaproteobacteria;o__Beggiatoales;f__Beggiatoaceae;g__DYNO01;s__	taxonomic classification defined by topology and ANI	classification based on placement in class-level tree	N/A	71.28	11	0.95361	Genome not assigned to closest species as it falls outside its pre-defined ANI radius
V12_EKDN230028464-1A_HKTTNDSX7_L4.88	d__Bacteria;p__Pseudomonadota;c__Gammaproteobacteria;o__Thiotrichales;f__Thiotrichaceae;g__Thiothrix;s__Thiothrix unzii	GCF_017901175.1	95.0	d__Bacteria;p__Pseudomonadota;c__Gammaproteobacteria;o__Thiotrichales;f__Thiotrichaceae;g__Thiothrix;s__Thiothrix unzii	96.87	0.857	N/A	N/A	N/A	N/A	N/A	N/A	ani_screen	classification based on ANI only	N/A	N/A	N/A	N/A	N/A
V12_EKDN230028464-1A_HKTTNDSX7_L4.98	d__Bacteria;p__Pseudomonadota;c__Gammaproteobacteria;o__Methylococcales;f__Methylomonadaceae;g__UBA4132;s__	N/A	N/A	N/A	N/A	N/A	N/A	N/A	N/A	N/A	N/A	d__Bacteria;p__Pseudomonadota;c__Gammaproteobacteria;o__Methylococcales;f__Methylomonadaceae;g__UBA4132;s__	taxonomic classification defined by topology and ANI	classification based on placement in class-level tree	GCA_002134785.1, s__UBA4132 sp002134785, 95.0, 83.27, 0.631; GCA_009692395.1, s__UBA4132 sp009692395, 95.0, 83.01, 0.757; GCA_002380945.1, s__UBA4132 sp002380945, 95.0, 81.9, 0.639; GCA_002256685.1, s__UBA4132 sp002256685, 95.0, 81.49, 0.681; GCA_903902705.1, s__UBA4132 sp903902705, 95.0, 81.22, 0.521	91.98	11	0.96229	Genome not assigned to closest species as it falls outside its pre-defined ANI radius
V1_EKDN230028453-1A_HKTTNDSX7_L4.108	d__Bacteria;p__Patescibacteria;c__JAEDAM01;o__BD1-5;f__UBA2023;g__JABFSX01;s__JABFSX01 sp013268835	GCA_013268835.1	95.0	d__Bacteria;p__Patescibacteria;c__JAEDAM01;o__BD1-5;f__UBA2023;g__JABFSX01;s__JABFSX01 sp013268835	98.78	0.971	N/A	N/A	N/A	N/A	N/A	N/A	ani_screen	classification based on ANI only	N/A	N/A	N/A	N/A	N/A
V1_EKDN230028453-1A_HKTTNDSX7_L4.118	d__Bacteria;p__Pseudomonadota;c__Gammaproteobacteria;o__Pseudomonadales;f__Moraxellaceae;g__Moraxella_A;s__Moraxella_A sp002478835	GCF_009867135.1	95.0237	d__Bacteria;p__Pseudomonadota;c__Gammaproteobacteria;o__Pseudomonadales;f__Moraxellaceae;g__Moraxella_A;s__Moraxella_A sp002478835	97.24	0.977	N/A	N/A	N/A	N/A	N/A	N/A	ani_screen	classification based on ANI only	GCF_001553955.1, s__Moraxella_A osloensis, 95.0237, 95.26, 0.934; GCA_014647715.1, s__Moraxella_A cinereus, 95.0, 95.06, 0.922	N/A	N/A	N/A	N/A
V1_EKDN230028453-1A_HKTTNDSX7_L4.119	d__Bacteria;p__Actinomycetota;c__Actinomycetia;o__Propionibacteriales;f__Propionibacteriaceae;g__Brevilactibacter;s__	N/A	N/A	N/A	N/A	N/A	GCF_004126535.1	95.0	d__Bacteria;p__Actinomycetota;c__Actinomycetia;o__Propionibacteriales;f__Propionibacteriaceae;g__Brevilactibacter;s__Brevilactibacter flavus	83.45	0.664	d__Bacteria;p__Actinomycetota;c__Actinomycetia;o__Propionibacteriales;f__Propionibacteriaceae;g__Brevilactibacter;s__	taxonomic classification defined by topology and ANI	classification based on placement in class-level tree	GCF_011393335.1, s__Brevilactibacter coleopterorum, 95.0, 81.81, 0.627; GCF_004324755.1, s__Brevilactibacter sinopodophylli, 95.0, 79.78, 0.42; GCF_017569205.1, s__Brevilactibacter sp014164685, 95.0, 79.73, 0.457; GCA_016711325.1, s__Brevilactibacter sp016711325, 95.0, 79.41, 0.359; GCA_012838755.1, s__Brevilactibacter sp012838755, 95.0, 79.22, 0.444; GCF_014858005.1, s__Brevilactibacter soli, 95.0, 78.78, 0.384	75.0	11	0.99107	Genome not assigned to closest species as it falls outside its pre-defined ANI radius
V1_EKDN230028453-1A_HKTTNDSX7_L4.128	d__Bacteria;p__Bacillota;c__Bacilli;o__Lactobacillales;f__Streptococcaceae;g__Lactococcus_A;s__Lactococcus_A raffinolactis	GCF_001591765.1	95.0	d__Bacteria;p__Bacillota;c__Bacilli;o__Lactobacillales;f__Streptococcaceae;g__Lactococcus_A;s__Lactococcus_A raffinolactis	99.1	0.876	N/A	N/A	N/A	N/A	N/A	N/A	ani_screen	classification based on ANI only	N/A	N/A	N/A	N/A	N/A
V1_EKDN230028453-1A_HKTTNDSX7_L4.133	d__Bacteria;p__Bacillota_A;c__Clostridia;o__Oscillospirales;f__Oscillospiraceae;g__UBA2658;s__	N/A	N/A	N/A	N/A	N/A	GCA_018053145.1	95.0	d__Bacteria;p__Bacillota_A;c__Clostridia;o__Oscillospirales;f__Oscillospiraceae;g__UBA2658;s__UBA2658 sp018053145	82.74	0.603	d__Bacteria;p__Bacillota_A;c__Clostridia;o__Oscillospirales;f__Oscillospiraceae;g__UBA2658;s__	taxonomic classification defined by topology and ANI	classification based on placement in class-level tree	GCA_009929315.1, s__UBA2658 sp009929315, 95.0, 79.41, 0.438; GCA_002841545.1, s__UBA2658 sp002841545, 95.0, 78.62, 0.382; GCA_023386265.1, s__UBA2658 sp023386265, 95.0, 78.44, 0.38; GCA_012719035.1, s__UBA2658 sp012719035, 95.0, 77.49, 0.255; GCA_018385135.1, s__UBA2658 sp018385135, 95.0, 76.75, 0.147; GCA_012516225.1, s__UBA2658 sp012516225, 95.0, 76.57, 0.111; GCA_012729875.1, s__UBA2658 sp012729875, 95.0, 76.45, 0.096; GCA_012728025.1, s__UBA2658 sp012728025, 95.0, 76.4, 0.061; GCA_002359425.1, s__UBA2658 sp002359425, 95.0, 76.23, 0.083	70.88	11	0.9859	Genome not assigned to closest species as it falls outside its pre-defined ANI radius
V1_EKDN230028453-1A_HKTTNDSX7_L4.17	d__Bacteria;p__Actinomycetota;c__Actinomycetia;o__Actinomycetales;f__Bifidobacteriaceae;g__Bifidobacterium;s__Bifidobacterium adolescentis	GCF_000010425.1	95.0	d__Bacteria;p__Actinomycetota;c__Actinomycetia;o__Actinomycetales;f__Bifidobacteriaceae;g__Bifidobacterium;s__Bifidobacterium adolescentis	98.7	0.929	N/A	N/A	N/A	N/A	N/A	N/A	ani_screen	classification based on ANI only	N/A	N/A	N/A	N/A	N/A
V1_EKDN230028453-1A_HKTTNDSX7_L4.18	d__Bacteria;p__Synergistota;c__Synergistia;o__Synergistales;f__Synergistaceae;g__;s__	N/A	N/A	N/A	N/A	N/A	N/A	N/A	N/A	N/A	N/A	d__Bacteria;p__Synergistota;c__Synergistia;o__Synergistales;f__Synergistaceae;g__;s__	taxonomic novelty determined using RED	classification based on placement in class-level tree	N/A	68.86	11	0.86769	N/A
V1_EKDN230028453-1A_HKTTNDSX7_L4.19	d__Bacteria;p__Pseudomonadota;c__Gammaproteobacteria;o__Burkholderiales;f__Burkholderiaceae_B;g__Comamonas;s__Comamonas denitrificans_A	GCF_017368815.1	95.0	d__Bacteria;p__Pseudomonadota;c__Gammaproteobacteria;o__Burkholderiales;f__Burkholderiaceae_B;g__Comamonas;s__Comamonas denitrificans_A	97.98	0.921	N/A	N/A	N/A	N/A	N/A	N/A	ani_screen	classification based on ANI only	N/A	N/A	N/A	N/A	N/A
V1_EKDN230028453-1A_HKTTNDSX7_L4.20	d__Bacteria;p__Actinomycetota;c__Actinomycetia;o__Propionibacteriales;f__Propionibacteriaceae;g__;s__	N/A	N/A	N/A	N/A	N/A	N/A	N/A	N/A	N/A	N/A	d__Bacteria;p__Actinomycetota;c__Actinomycetia;o__Propionibacteriales;f__Propionibacteriaceae;g__;s__	taxonomic novelty determined using RED	classification based on placement in class-level tree	N/A	91.22	11	0.91239	N/A
V1_EKDN230028453-1A_HKTTNDSX7_L4.22	d__Bacteria;p__Spirochaetota;c__Spirochaetia;o__Treponematales;f__Rectinemataceae;g__JAJTBU01;s__	N/A	N/A	N/A	N/A	N/A	GCA_021286735.1	95.0	d__Bacteria;p__Spirochaetota;c__Spirochaetia;o__Treponematales;f__Rectinemataceae;g__JAJTBU01;s__JAJTBU01 sp021286735	87.97	0.714	d__Bacteria;p__Spirochaetota;c__Spirochaetia;o__Treponematales;f__Rectinemataceae;g__JAJTBU01;s__	taxonomic classification defined by topology and ANI	classification based on placement in class-level tree	N/A	73.51	11	0.98737	Genome not assigned to closest species as it falls outside its pre-defined ANI radius
V1_EKDN230028453-1A_HKTTNDSX7_L4.24	d__Bacteria;p__Actinomycetota;c__Actinomycetia;o__Actinomycetales;f__Actinomycetaceae;g__Pauljensenia;s__	N/A	N/A	N/A	N/A	N/A	N/A	N/A	N/A	N/A	N/A	d__Bacteria;p__Actinomycetota;c__Actinomycetia;o__Actinomycetales;f__Actinomycetaceae;g__Pauljensenia;s__	taxonomic classification defined by topology and ANI	classification based on placement in class-level tree	GCF_900155435.1, s__Pauljensenia provencensis, 95.0, 80.43, 0.624; GCF_000820725.1, s__Pauljensenia polynesiensis, 95.0, 80.4, 0.602; GCA_023426345.1, s__Pauljensenia sp023426345, 95.0, 79.61, 0.519; GCA_022649165.1, s__Pauljensenia sp022649165, 95.0, 79.45, 0.524; GCF_014208035.1, s__Pauljensenia hyovaginalis, 95.0, 79.07, 0.368; GCF_900499005.1, s__Pauljensenia culturomici_A, 95.0, 79.05, 0.471; GCF_018986735.1, s__Pauljensenia sp018986735, 95.0, 78.78, 0.386; GCA_902373545.1, s__Pauljensenia sp902373545, 95.0, 78.55, 0.288; GCF_005696695.1, s__Pauljensenia odontolytica_C, 95.0, 78.53, 0.328; GCF_001746855.1, s__Pauljensenia hongkongensis, 95.0, 78.52, 0.313; GCF_000429245.1, s__Pauljensenia georgiae, 95.0, 78.4, 0.348; GCA_018375675.1, s__Pauljensenia sp018375675, 95.0, 78.39, 0.318; GCA_015655375.1, s__Pauljensenia sp015655375, 95.0, 78.38, 0.414; GCF_002847525.1, s__Pauljensenia odontolytica_B, 95.0, 78.37, 0.313; GCF_000466265.1, s__Pauljensenia sp000466265, 95.0, 78.34, 0.328; GCA_916438945.1, s__Pauljensenia sp916438945, 95.0, 78.28, 0.253; GCA_001072465.1, s__Pauljensenia sp001072465, 95.0, 78.25, 0.318; GCA_001064145.1, s__Pauljensenia sp001064145, 95.0, 78.24, 0.301; GCA_019425105.1, s__Pauljensenia sp019425105, 95.0, 78.13, 0.228; GCA_916438365.1, s__Pauljensenia sp916438365, 95.0, 78.11, 0.208; GCA_916439125.1, s__Pauljensenia sp916439125, 95.0, 78.1, 0.318; GCF_019429565.1, s__Pauljensenia sp018382595, 95.0, 78.03, 0.313; GCA_902373435.1, s__Pauljensenia sp902373435, 95.0, 78.03, 0.258; GCA_000411415.1, s__Pauljensenia sp000411415, 95.0, 77.98, 0.281; GCA_001838165.1, s__Pauljensenia sp001838165, 95.0, 77.94, 0.326; GCF_009730335.1, s__Pauljensenia odontolytica_A, 95.0, 77.94, 0.298; GCF_000308055.1, s__Pauljensenia sp000308055, 95.0, 77.91, 0.09; GCF_024584435.1, s__Pauljensenia sp000185285, 95.0, 77.89, 0.291; GCF_900128465.1, s__Pauljensenia bouchesdurhonensis, 95.0, 77.84, 0.203; GCF_900105015.1, s__Pauljensenia meyeri, 95.0, 77.8, 0.213; GCF_900155605.1, s__Pauljensenia marseillensis, 95.0, 77.71, 0.085; GCF_900155595.1, s__Pauljensenia mediterranea, 95.0, 77.61, 0.283; GCF_900445025.1, s__Pauljensenia odontolytica, 95.0, 77.59, 0.253; GCA_900541895.1, s__Pauljensenia sp900541895, 95.0, 77.57, 0.073; GCF_000278725.1, s__Pauljensenia sp000278725, 95.0, 77.57, 0.296; GCF_000758755.1, s__Pauljensenia sp000758755, 95.0, 77.54, 0.103; GCF_003858455.1, s__Pauljensenia canis, 95.0, 77.51, 0.143; GCA_916719935.1, s__Pauljensenia sp916719935, 95.0, 77.48, 0.053; GCF_016405145.1, s__Pauljensenia cardiffensis, 95.0, 77.42, 0.213; GCA_900556405.1, s__Pauljensenia sp900556405, 95.0, 77.35, 0.155; GCF_001070855.1, s__Pauljensenia pyogenes_A, 95.0, 77.3, 0.09; GCF_011038885.2, s__Pauljensenia sp011038875, 95.0, 77.28, 0.113; GCF_000296505.1, s__Pauljensenia turicensis, 95.0, 77.22, 0.123; GCF_903645355.1, s__Pauljensenia sp903645355, 95.0, 76.98, 0.211; GCF_000420425.1, s__Pauljensenia vaccimaxillae, 95.0, 76.91, 0.145; GCF_900106055.1, s__Pauljensenia radingae_A, 95.0, 76.81, 0.1; GCF_000429105.1, s__Pauljensenia suimastitidis, 95.0, 76.7, 0.073; GCF_021083645.1, s__Pauljensenia sp021083645, 95.0, 76.51, 0.03; GCA_900554605.1, s__Pauljensenia sp900554605, 95.0, 76.42, 0.06	74.04	11	0.9331	Genome not assigned to closest species as it falls outside its pre-defined ANI radius
V1_EKDN230028453-1A_HKTTNDSX7_L4.30	d__Bacteria;p__Nitrospirota;c__Nitrospiria;o__Nitrospirales;f__Nitrospiraceae;g__Nitrospira_A;s__	N/A	N/A	N/A	N/A	N/A	N/A	N/A	N/A	N/A	N/A	d__Bacteria;p__Nitrospirota;c__Nitrospiria;o__Nitrospirales;f__Nitrospiraceae;g__Nitrospira_A;s__	taxonomic classification defined by topology and ANI	classification based on placement in class-level tree	GCA_009594995.1, s__Nitrospira_A sp009594995, 95.0, 82.55, 0.586; GCA_902500785.1, s__Nitrospira_A sp902500785, 95.0, 81.06, 0.593; GCA_024998595.1, s__Nitrospira_A sp024998595, 95.0, 81.04, 0.589; GCA_014055465.1, s__Nitrospira_A sp014055465, 95.0, 81.02, 0.562; GCF_900170025.1, s__Nitrospira_A sp900170025, 95.0, 80.95, 0.6; GCA_919902505.1, s__Nitrospira_A sp919902505, 95.0, 80.84, 0.581; GCA_000196815.1, s__Nitrospira_A defluvii_A, 95.0, 80.7, 0.562; GCA_020853775.1, s__Nitrospira_A sp020853775, 95.0, 80.65, 0.529; GCA_024998565.1, s__Nitrospira_A sp016788925, 95.0, 80.62, 0.588; GCA_024998625.1, s__Nitrospira_A sp024998625, 95.0, 80.53, 0.565; GCA_022226935.1, s__Nitrospira_A sp022226935, 95.0, 80.49, 0.551; GCA_009594865.1, s__Nitrospira_A sp009594865, 95.0, 80.45, 0.466; GCA_902500715.1, s__Nitrospira_A sp902500715, 95.0, 80.27, 0.488; GCA_023248215.1, s__Nitrospira_A sp023248215, 95.0, 80.14, 0.579; GCA_017986555.1, s__Nitrospira_A sp017986555, 95.0, 80.05, 0.483; GCA_900696505.1, s__Nitrospira_A sp900696505, 95.0, 79.96, 0.4; GCA_902500995.1, s__Nitrospira_A sp902500995, 95.0, 79.8, 0.508; GCF_905220995.1, s__Nitrospira_A defluvii_C, 95.0, 79.65, 0.514; GCA_024998705.1, s__Nitrospira_A sp024998705, 95.0, 79.64, 0.398; GCA_014055495.1, s__Nitrospira_A sp014055495, 95.0, 79.53, 0.439; GCA_016788885.1, s__Nitrospira_A sp009594855, 95.0, 79.5, 0.475; GCA_011525625.1, s__Nitrospira_A sp003456605, 95.0, 79.49, 0.48; GCA_016199015.1, s__Nitrospira_A defluvii_B, 95.0, 79.44, 0.404; GCA_018242665.1, s__Nitrospira_A sp018242665, 95.0, 79.2, 0.444; GCA_013696305.1, s__Nitrospira_A sp013696305, 95.0, 78.89, 0.372; GCA_021323395.1, s__Nitrospira_A sp021323395, 95.0, 78.72, 0.343; GCA_020697375.1, s__Nitrospira_A sp020697375, 95.0, 78.58, 0.375; GCA_015709715.1, s__Nitrospira_A sp001567445, 95.0, 77.63, 0.284	66.36	11	0.96638	Genome not assigned to closest species as it falls outside its pre-defined ANI radius
V1_EKDN230028453-1A_HKTTNDSX7_L4.4	d__Bacteria;p__Actinomycetota;c__Actinomycetia;o__Propionibacteriales;f__Propionibacteriaceae;g__Luteococcus;s__	N/A	N/A	N/A	N/A	N/A	GCF_003752415.1	95.0	d__Bacteria;p__Actinomycetota;c__Actinomycetia;o__Propionibacteriales;f__Propionibacteriaceae;g__Luteococcus;s__Luteococcus japonicus	81.24	0.547	d__Bacteria;p__Actinomycetota;c__Actinomycetia;o__Propionibacteriales;f__Propionibacteriaceae;g__Luteococcus;s__	taxonomic classification defined by topology and ANI	classification based on placement in class-level tree	GCA_002387005.1, s__Luteococcus avicola, 95.0, 80.61, 0.475	84.93	11	0.96481	Genome has more than 10.0% of markers with multiple hits;Genome not assigned to closest species as it falls outside its pre-defined ANI radius
V1_EKDN230028453-1A_HKTTNDSX7_L4.41	d__Bacteria;p__Bacillota_A;c__Clostridia;o__Oscillospirales;f__Oscillospiraceae;g__Evtepia;s__	N/A	N/A	N/A	N/A	N/A	GCA_017861415.1	95.0	d__Bacteria;p__Bacillota_A;c__Clostridia;o__Oscillospirales;f__Oscillospiraceae;g__Evtepia;s__Evtepia sp017861415	82.26	0.677	d__Bacteria;p__Bacillota_A;c__Clostridia;o__Oscillospirales;f__Oscillospiraceae;g__Evtepia;s__	taxonomic classification defined by topology and ANI	classification based on placement in class-level tree	GCA_004554585.1, s__Evtepia sp004554585, 95.0, 78.44, 0.284; GCA_934572535.1, s__Evtepia sp934572535, 95.0, 78.39, 0.266; GCA_934597725.1, s__Evtepia sp934597725, 95.0, 78.31, 0.286; GCA_900546255.1, s__Evtepia excrementipullorum, 95.0, 78.31, 0.266; GCA_022764045.1, s__Evtepia sp022764045, 95.0, 78.27, 0.273; GCA_004551945.1, s__Evtepia sp004551945, 95.0, 78.25, 0.332; GCA_019115545.1, s__Evtepia faecavium, 95.0, 78.17, 0.293; GCA_004556345.1, s__Evtepia sp004556345, 95.0, 78.16, 0.242; GCA_019115225.1, s__Evtepia faecigallinarum, 95.0, 78.0, 0.299; GCA_902781745.1, s__Evtepia sp902781745, 95.0, 78.0, 0.251; GCF_003425665.1, s__Evtepia gabavorous, 95.0, 77.94, 0.264; GCA_910578575.1, s__Evtepia sp910578575, 95.0, 77.92, 0.251; GCA_016296565.1, s__Evtepia sp016296565, 95.0, 77.92, 0.269; GCA_017435425.1, s__Evtepia sp017435425, 95.0, 77.92, 0.264; GCA_016295225.1, s__Evtepia sp016295225, 95.0, 77.88, 0.214; GCA_000620945.1, s__Evtepia viridis, 95.0, 77.81, 0.179; GCA_017547425.1, s__Evtepia sp017547425, 95.0, 77.77, 0.179; GCA_021442645.1, s__Evtepia sp021442645, 95.0, 77.65, 0.156; GCA_910584805.1, s__Evtepia sp910584805, 95.0, 77.49, 0.221; GCA_017521345.1, s__Evtepia sp017521345, 95.0, 77.41, 0.203; GCA_017502545.1, s__Evtepia sp017502545, 95.0, 77.35, 0.188; GCA_900758955.1, s__Evtepia sp900758955, 95.0, 77.34, 0.147; GCA_022792035.1, s__Evtepia sp022792035, 95.0, 77.33, 0.19; GCA_017560855.1, s__Evtepia sp017560855, 95.0, 77.3, 0.158; GCA_934567745.1, s__Evtepia sp934567745, 95.0, 77.26, 0.168; GCA_020025735.1, s__Evtepia sp020025735, 95.0, 76.43, 0.098	89.51	11	0.97828	Genome not assigned to closest species as it falls outside its pre-defined ANI radius
V1_EKDN230028453-1A_HKTTNDSX7_L4.43	d__Bacteria;p__Nitrospirota;c__Nitrospiria;o__Nitrospirales;f__Nitrospiraceae;g__Nitrospira_A;s__	N/A	N/A	N/A	N/A	N/A	GCA_009594995.1	95.0	d__Bacteria;p__Nitrospirota;c__Nitrospiria;o__Nitrospirales;f__Nitrospiraceae;g__Nitrospira_A;s__Nitrospira_A sp009594995	84.83	0.738	d__Bacteria;p__Nitrospirota;c__Nitrospiria;o__Nitrospirales;f__Nitrospiraceae;g__Nitrospira_A;s__	taxonomic classification defined by topology and ANI	classification based on placement in class-level tree	GCA_020853775.1, s__Nitrospira_A sp020853775, 95.0, 83.1, 0.66; GCA_024998595.1, s__Nitrospira_A sp024998595, 95.0, 82.85, 0.643; GCA_014055465.1, s__Nitrospira_A sp014055465, 95.0, 82.71, 0.626; GCF_900170025.1, s__Nitrospira_A sp900170025, 95.0, 82.12, 0.616; GCA_009594865.1, s__Nitrospira_A sp009594865, 95.0, 82.09, 0.66; GCA_022226935.1, s__Nitrospira_A sp022226935, 95.0, 82.07, 0.648; GCA_919902505.1, s__Nitrospira_A sp919902505, 95.0, 82.06, 0.621; GCA_000196815.1, s__Nitrospira_A defluvii_A, 95.0, 81.93, 0.595; GCA_024998565.1, s__Nitrospira_A sp016788925, 95.0, 81.81, 0.628; GCA_024998625.1, s__Nitrospira_A sp024998625, 95.0, 81.71, 0.597; GCA_900696505.1, s__Nitrospira_A sp900696505, 95.0, 81.6, 0.64; GCA_902500995.1, s__Nitrospira_A sp902500995, 95.0, 81.49, 0.634; GCA_902500715.1, s__Nitrospira_A sp902500715, 95.0, 81.22, 0.63; GCA_902500785.1, s__Nitrospira_A sp902500785, 95.0, 80.97, 0.621; GCA_017986555.1, s__Nitrospira_A sp017986555, 95.0, 80.68, 0.555; GCA_016788885.1, s__Nitrospira_A sp009594855, 95.0, 80.37, 0.575; GCF_905220995.1, s__Nitrospira_A defluvii_C, 95.0, 80.35, 0.535; GCA_023248215.1, s__Nitrospira_A sp023248215, 95.0, 80.32, 0.531; GCA_024998705.1, s__Nitrospira_A sp024998705, 95.0, 80.26, 0.601; GCA_018242665.1, s__Nitrospira_A sp018242665, 95.0, 80.14, 0.538; GCA_011525625.1, s__Nitrospira_A sp003456605, 95.0, 80.11, 0.506; GCA_014055495.1, s__Nitrospira_A sp014055495, 95.0, 79.92, 0.52; GCA_016199015.1, s__Nitrospira_A defluvii_B, 95.0, 79.65, 0.549; GCA_013696305.1, s__Nitrospira_A sp013696305, 95.0, 79.36, 0.502; GCA_021323395.1, s__Nitrospira_A sp021323395, 95.0, 78.98, 0.482; GCA_020697375.1, s__Nitrospira_A sp020697375, 95.0, 78.7, 0.388; GCA_015709715.1, s__Nitrospira_A sp001567445, 95.0, 78.1, 0.301	90.23	11	0.97528	Genome not assigned to closest species as it falls outside its pre-defined ANI radius
V1_EKDN230028453-1A_HKTTNDSX7_L4.47	d__Bacteria;p__Pseudomonadota;c__Gammaproteobacteria;o__Xanthomonadales;f__Xanthomonadaceae;g__Thermomonas;s__	N/A	N/A	N/A	N/A	N/A	GCF_020034655.1	95.0	d__Bacteria;p__Pseudomonadota;c__Gammaproteobacteria;o__Xanthomonadales;f__Xanthomonadaceae;g__Thermomonas;s__Thermomonas beijingensis	88.2	0.91	d__Bacteria;p__Pseudomonadota;c__Gammaproteobacteria;o__Xanthomonadales;f__Xanthomonadaceae;g__Thermomonas;s__	taxonomic classification defined by topology and ANI	classification based on placement in class-level tree	GCA_018262705.1, s__Thermomonas sp018262705, 95.0, 80.08, 0.455; GCF_024498955.1, s__Thermomonas sp024498955, 95.0, 79.79, 0.603; GCF_014678725.1, s__Thermomonas sp014678725, 95.0, 79.49, 0.577; GCA_024711415.1, s__Thermomonas sp024711415, 95.0, 79.47, 0.421; GCA_021821195.1, s__Thermomonas sp021821195, 95.0, 79.44, 0.603; GCF_000423885.1, s__Thermomonas fusca, 95.0, 79.44, 0.605; GCF_014395425.1, s__Thermomonas brevis, 95.0, 79.44, 0.63; GCF_004346265.1, s__Thermomonas haemolytica, 95.0, 79.24, 0.498; GCF_024704365.1, s__Thermomonas sp017305095, 95.0, 79.05, 0.519; GCA_018242365.1, s__Thermomonas sp018242365, 95.0, 78.96, 0.464; GCF_011302915.1, s__Thermomonas sp011302915, 95.0, 78.8, 0.481; GCA_023953935.1, s__Thermomonas sp023953935, 95.0, 78.74, 0.432; GCA_019104945.1, s__Thermomonas sp019104945, 95.0, 78.74, 0.47; GCA_020850895.1, s__Thermomonas sp020850895, 95.0, 78.64, 0.406; GCA_016720345.1, s__Thermomonas sp016720345, 95.0, 78.56, 0.459; GCF_022419205.1, s__Thermomonas alba, 95.0, 78.55, 0.468; GCF_006337105.1, s__Thermomonas aquatica, 95.0, 78.53, 0.545; GCF_014396975.1, s__Thermomonas carbonis, 95.0, 78.41, 0.47; GCF_900129205.1, s__Thermomonas hydrothermalis, 95.0, 78.32, 0.419; GCA_023388715.1, s__Thermomonas sp023388715, 95.0, 78.13, 0.344; GCA_017302075.1, s__Thermomonas sp017302075, 95.0, 77.99, 0.393; GCF_022419185.1, s__Thermomonas flagellata, 95.0, 77.8, 0.361; GCA_017302095.1, s__Thermomonas sp017302095, 95.0, 77.69, 0.293	80.75	11	0.99407	Genome not assigned to closest species as it falls outside its pre-defined ANI radius
V1_EKDN230028453-1A_HKTTNDSX7_L4.48	d__Bacteria;p__Actinomycetota;c__Actinomycetia;o__Actinomycetales;f__Microbacteriaceae;g__Pseudoclavibacter;s__Pseudoclavibacter helvolus	GCF_014191305.1	95.0	d__Bacteria;p__Actinomycetota;c__Actinomycetia;o__Actinomycetales;f__Microbacteriaceae;g__Pseudoclavibacter;s__Pseudoclavibacter helvolus	99.02	0.954	N/A	N/A	N/A	N/A	N/A	N/A	ani_screen	classification based on ANI only	N/A	N/A	N/A	N/A	N/A
V1_EKDN230028453-1A_HKTTNDSX7_L4.49	d__Bacteria;p__Bacillota;c__Bacilli;o__Lactobacillales;f__Streptococcaceae;g__Streptococcus;s__Streptococcus suis_AA	GCF_022354845.1	95.1545	d__Bacteria;p__Bacillota;c__Bacilli;o__Lactobacillales;f__Streptococcaceae;g__Streptococcus;s__Streptococcus suis_AA	98.19	0.893	N/A	N/A	N/A	N/A	N/A	N/A	ani_screen	classification based on ANI only	GCF_021654455.1, s__Streptococcus parasuis, 95.1545, 95.57, 0.872	N/A	N/A	N/A	N/A
V1_EKDN230028453-1A_HKTTNDSX7_L4.50	d__Bacteria;p__Bacillota_A;c__Clostridia;o__Clostridiales;f__Clostridiaceae;g__JG1575;s__	N/A	N/A	N/A	N/A	N/A	N/A	N/A	N/A	N/A	N/A	d__Bacteria;p__Bacillota_A;c__Clostridia;o__Clostridiales;f__Clostridiaceae;g__JG1575;s__	ANI	classification based on placement in class-level tree	GCA_024579835.1, s__JG1575 sp024579835, 95.0, 77.17, 0.187; GCA_002838815.1, s__JG1575 sp002838815, 95.0, 77.12, 0.065; GCA_012511315.1, s__JG1575 sp012511315, 95.0, 76.39, 0.062	80.79	11	0.92075	N/A
V1_EKDN230028453-1A_HKTTNDSX7_L4.53	d__Bacteria;p__Pseudomonadota;c__Gammaproteobacteria;o__Burkholderiales;f__Methylophilaceae;g__Methylotenera;s__	N/A	N/A	N/A	N/A	N/A	GCF_000093025.1	95.0	d__Bacteria;p__Pseudomonadota;c__Gammaproteobacteria;o__Burkholderiales;f__Methylophilaceae;g__Methylotenera;s__Methylotenera versatilis	80.72	0.532	d__Bacteria;p__Pseudomonadota;c__Gammaproteobacteria;o__Burkholderiales;f__Methylophilaceae;g__Methylotenera;s__	taxonomic classification defined by topology and ANI	classification based on placement in class-level tree	GCA_013141425.1, s__Methylotenera sp013141425, 95.0, 79.09, 0.373; GCA_013141075.1, s__Methylotenera sp013141075, 95.0, 78.9, 0.339; GCA_009693255.1, s__Methylotenera sp009693255, 95.0, 78.62, 0.404; GCA_013141495.1, s__Methylotenera sp013141495, 95.0, 78.53, 0.252; GCA_903833595.1, s__Methylotenera sp903833595, 95.0, 78.41, 0.295; GCA_002842195.1, s__Methylotenera sp002842195, 95.0, 78.25, 0.328; GCA_903854305.1, s__Methylotenera sp903854305, 95.0, 78.24, 0.298; GCA_001803395.1, s__Methylotenera sp001803395, 95.0, 78.23, 0.302; GCF_000384255.1, s__Methylotenera mobilis_B, 95.0, 78.15, 0.188; GCA_903846555.1, s__Methylotenera sp903846555, 95.0, 78.13, 0.298; GCA_903926935.1, s__Methylotenera sp903926935, 95.0, 78.11, 0.313; GCA_014378495.1, s__Methylotenera sp014378495, 95.0, 78.09, 0.263; GCF_000023705.1, s__Methylotenera mobilis, 95.0, 78.0, 0.193; GCA_021738125.1, s__Methylotenera sp021738125, 95.0, 78.0, 0.286; GCA_903882525.1, s__Methylotenera sp903882525, 95.0, 77.99, 0.263; GCA_903838125.1, s__Methylotenera sp903838125, 95.0, 77.97, 0.258; GCF_000744605.1, s__Methylotenera sp000744605, 95.0, 77.89, 0.206; GCA_002429455.1, s__Methylotenera sp002429455, 95.0, 77.88, 0.246; GCA_013816325.1, s__Methylotenera sp013816325, 95.0, 77.88, 0.186; GCA_903876765.1, s__Methylotenera sp903876765, 95.0, 77.83, 0.271; GCF_004661485.1, s__Methylotenera oryzisoli, 95.0, 77.81, 0.2; GCA_002281815.1, s__Methylotenera sp002281815, 95.0, 77.76, 0.243; GCA_013140755.1, s__Methylotenera sp013140755, 95.0, 77.76, 0.227; GCA_903860085.1, s__Methylotenera sp903860085, 95.0, 77.7, 0.283; GCA_020622105.1, s__Methylotenera sp020622105, 95.0, 77.53, 0.175; GCA_002842285.1, s__Methylotenera sp002842285, 95.0, 77.53, 0.137; GCA_020035195.1, s__Methylotenera sp020035195, 95.0, 77.52, 0.223; GCA_903951385.1, s__Methylotenera sp903951385, 95.0, 77.43, 0.269; GCF_000799735.1, s__Methylotenera sp000799735, 95.0, 77.42, 0.118; GCA_023259635.1, s__Methylotenera sp023259635, 95.0, 77.32, 0.166; GCA_002928535.1, s__Methylotenera sp002928535, 95.0, 77.2, 0.139; GCA_005791685.1, s__Methylotenera sp005791685, 95.0, 77.12, 0.205; GCA_005777825.1, s__Methylotenera sp005777825, 95.0, 77.06, 0.174; GCA_016867975.1, s__Methylotenera sp016867975, 95.0, 76.99, 0.175	83.89	11	0.98498	Genome not assigned to closest species as it falls outside its pre-defined ANI radius
V1_EKDN230028453-1A_HKTTNDSX7_L4.56	d__Bacteria;p__Pseudomonadota;c__Alphaproteobacteria;o__Rhizobiales;f__Hyphomicrobiaceae;g__Hyphomicrobium_B;s__	N/A	N/A	N/A	N/A	N/A	GCF_000143145.1	95.0	d__Bacteria;p__Pseudomonadota;c__Alphaproteobacteria;o__Rhizobiales;f__Hyphomicrobiaceae;g__Hyphomicrobium_B;s__Hyphomicrobium_B denitrificans	86.53	0.845	d__Bacteria;p__Pseudomonadota;c__Alphaproteobacteria;o__Rhizobiales;f__Hyphomicrobiaceae;g__Hyphomicrobium_B;s__	taxonomic classification defined by topology and ANI	classification based on placement in class-level tree	GCF_000230975.2, s__Hyphomicrobium_B denitrificans_A, 95.0, 84.13, 0.773; GCF_000384335.2, s__Hyphomicrobium_B sp000384335, 95.0, 79.41, 0.432; GCA_018242295.1, s__Hyphomicrobium_B sp018242295, 95.0, 79.2, 0.421; GCA_003987725.1, s__Hyphomicrobium_B sp003987725, 95.0, 79.16, 0.43; GCF_000253295.1, s__Hyphomicrobium_B sp000253295, 95.0, 79.11, 0.455; GCF_900116175.1, s__Hyphomicrobium_B facile, 95.0, 79.07, 0.453; GCA_023390485.1, s__Hyphomicrobium_B sp023390485, 95.0, 78.87, 0.301; GCA_019753045.1, s__Hyphomicrobium_B sp019753045, 95.0, 78.81, 0.45; GCF_013626205.1, s__Hyphomicrobium_B methylovorum, 95.0, 78.73, 0.412; GCA_018242255.1, s__Hyphomicrobium_B sp018242255, 95.0, 78.7, 0.38; GCA_003987855.1, s__Hyphomicrobium_B sp003987855, 95.0, 78.68, 0.362; GCA_018242215.1, s__Hyphomicrobium_B sp018242215, 95.0, 78.65, 0.418; GCA_017512425.1, s__Hyphomicrobium_B sp017512425, 95.0, 78.38, 0.272; GCA_016716675.1, s__Hyphomicrobium_B sp016716675, 95.0, 78.04, 0.276; GCA_013141015.1, s__Hyphomicrobium_B sp013141015, 95.0, 77.85, 0.231; GCA_902825785.1, s__Hyphomicrobium_B sp902825785, 95.0, 77.8, 0.237; GCA_022843145.1, s__Hyphomicrobium_B sp022843145, 95.0, 77.51, 0.199; GCA_019748215.1, s__Hyphomicrobium_B sp019748215, 95.0, 77.46, 0.231; GCA_016793445.1, s__Hyphomicrobium_B sp016793445, 95.0, 77.37, 0.228; GCA_021732485.1, s__Hyphomicrobium_B sp021732485, 95.0, 77.29, 0.178; GCA_021812845.1, s__Hyphomicrobium_B sp021812845, 95.0, 77.24, 0.146; GCA_002928395.1, s__Hyphomicrobium_B sp002928395, 95.0, 77.24, 0.121; GCA_002928515.1, s__Hyphomicrobium_B sp002928515, 95.0, 76.88, 0.16; GCA_002928955.1, s__Hyphomicrobium_B sp002928955, 95.0, 76.86, 0.146	74.62	11	0.99186	Genome not assigned to closest species as it falls outside its pre-defined ANI radius
V1_EKDN230028453-1A_HKTTNDSX7_L4.6	d__Bacteria;p__Bacillota_A;c__Clostridia;o__Clostridiales;f__Clostridiaceae;g__JG1575;s__	N/A	N/A	N/A	N/A	N/A	N/A	N/A	N/A	N/A	N/A	d__Bacteria;p__Bacillota_A;c__Clostridia;o__Clostridiales;f__Clostridiaceae;g__JG1575;s__	ANI	classification based on placement in class-level tree	GCA_012511315.1, s__JG1575 sp012511315, 95.0, 78.51, 0.081; GCA_024579835.1, s__JG1575 sp024579835, 95.0, 77.95, 0.128; GCA_002838815.1, s__JG1575 sp002838815, 95.0, 76.43, 0.061	91.86	11	0.92089	N/A
V1_EKDN230028453-1A_HKTTNDSX7_L4.63	d__Bacteria;p__Pseudomonadota;c__Gammaproteobacteria;o__Burkholderiales;f__Burkholderiaceae;g__CTSOIL-112;s__CTSOIL-112 sp017986195	GCA_017986195.1	95.0	d__Bacteria;p__Pseudomonadota;c__Gammaproteobacteria;o__Burkholderiales;f__Burkholderiaceae;g__CTSOIL-112;s__CTSOIL-112 sp017986195	97.76	0.773	N/A	N/A	N/A	N/A	N/A	N/A	ani_screen	classification based on ANI only	N/A	N/A	N/A	N/A	N/A
V1_EKDN230028453-1A_HKTTNDSX7_L4.68	d__Bacteria;p__Pseudomonadota;c__Alphaproteobacteria;o__Rhodobacterales;f__Rhodobacteraceae;g__Cypionkella;s__	N/A	N/A	N/A	N/A	N/A	GCA_002256245.1	95.0	d__Bacteria;p__Pseudomonadota;c__Alphaproteobacteria;o__Rhodobacterales;f__Rhodobacteraceae;g__Cypionkella;s__Cypionkella sp002256245	86.01	0.779	d__Bacteria;p__Pseudomonadota;c__Alphaproteobacteria;o__Rhodobacterales;f__Rhodobacteraceae;g__Cypionkella;s__	taxonomic classification defined by topology and ANI	classification based on placement in class-level tree	GCF_001294535.1, s__Cypionkella psychrotolerans, 95.0, 86.32, 0.818; GCA_009773375.1, s__Cypionkella sp009773375, 95.0, 82.39, 0.62; GCA_024641255.1, s__Cypionkella sp024641255, 95.0, 80.55, 0.627; GCA_001828855.1, s__Cypionkella sp001828855, 95.0, 80.45, 0.573; GCA_945860375.1, s__Cypionkella antarcticus_A, 95.0, 80.22, 0.507; GCA_913062925.1, s__Cypionkella sp913062925, 95.0, 79.56, 0.528; GCA_024642045.1, s__Cypionkella sp024642045, 95.0, 79.47, 0.45; GCA_023255415.1, s__Cypionkella sp023255415, 95.0, 79.29, 0.529; GCA_018063485.1, s__Cypionkella sp018063485, 95.0, 79.01, 0.511; GCA_013298675.1, s__Cypionkella sp013298675, 95.0, 77.66, 0.308; GCA_945861995.1, s__Cypionkella antarcticus_B, 95.0, 77.04, 0.291; GCA_945862435.1, s__Cypionkella antarcticus_C, 95.0, 76.99, 0.222	90.69	11	0.9952	Genome not assigned to closest species as it falls outside its pre-defined ANI radius
V1_EKDN230028453-1A_HKTTNDSX7_L4.77	d__Bacteria;p__Bacillota;c__Bacilli;o__Lactobacillales;f__Aerococcaceae;g__Trichococcus;s__Trichococcus flocculiformis	GCF_900113645.1	95.0	d__Bacteria;p__Bacillota;c__Bacilli;o__Lactobacillales;f__Aerococcaceae;g__Trichococcus;s__Trichococcus flocculiformis	98.65	0.948	N/A	N/A	N/A	N/A	N/A	N/A	ani_screen	classification based on ANI only	N/A	N/A	N/A	N/A	N/A
V1_EKDN230028453-1A_HKTTNDSX7_L4.93	d__Bacteria;p__Actinomycetota;c__Actinomycetia;o__Propionibacteriales;f__Propionibacteriaceae;g__Propionicimonas;s__	N/A	N/A	N/A	N/A	N/A	GCF_002563675.1	95.0	d__Bacteria;p__Actinomycetota;c__Actinomycetia;o__Propionibacteriales;f__Propionibacteriaceae;g__Propionicimonas;s__Propionicimonas paludicola	85.14	0.85	d__Bacteria;p__Actinomycetota;c__Actinomycetia;o__Propionibacteriales;f__Propionibacteriaceae;g__Propionicimonas;s__	taxonomic classification defined by topology and ANI	classification based on placement in class-level tree	GCA_001603275.1, s__Propionicimonas sp001603275, 95.0, 84.52, 0.846; GCA_020161755.1, s__Propionicimonas sp020161755, 95.0, 80.16, 0.625; GCA_020161015.1, s__Propionicimonas sp020161015, 95.0, 80.09, 0.624; GCA_023460935.1, s__Propionicimonas sp023460935, 95.0, 80.02, 0.551; GCA_002843035.1, s__Propionicimonas sp002843035, 95.0, 79.88, 0.571; GCA_020846255.1, s__Propionicimonas sp020846255, 95.0, 79.78, 0.558; GCA_017306015.1, s__Propionicimonas sp017306015, 95.0, 79.77, 0.603; GCA_002841335.1, s__Propionicimonas sp002841335, 95.0, 79.68, 0.517; GCA_023392635.1, s__Propionicimonas sp023392635, 95.0, 79.64, 0.556; GCA_023393755.1, s__Propionicimonas sp023393755, 95.0, 79.59, 0.522; GCA_023436925.1, s__Propionicimonas sp023436925, 95.0, 79.48, 0.493; GCA_020438595.1, s__Propionicimonas sp020438595, 95.0, 79.41, 0.384; GCA_020161795.1, s__Propionicimonas sp020161795, 95.0, 79.37, 0.487; GCA_002441465.1, s__Propionicimonas sp002441465, 95.0, 79.22, 0.408; GCA_017882685.1, s__Propionicimonas sp017882685, 95.0, 79.19, 0.461; GCA_021286985.1, s__Propionicimonas sp021286985, 95.0, 79.18, 0.444; GCA_023412435.1, s__Propionicimonas sp023412435, 95.0, 79.11, 0.341; GCA_023437345.1, s__Propionicimonas sp023437345, 95.0, 78.9, 0.376; GCA_016717345.1, s__Propionicimonas sp016717345, 95.0, 78.79, 0.416; GCA_023432725.1, s__Propionicimonas sp023432725, 95.0, 78.74, 0.337; GCA_023387135.1, s__Propionicimonas sp023387135, 95.0, 78.64, 0.358; GCA_002428365.1, s__Propionicimonas sp002428365, 95.0, 78.56, 0.365; GCA_013791955.1, s__Propionicimonas sp013791955, 95.0, 78.4, 0.403; GCA_023458095.1, s__Propionicimonas sp023458095, 95.0, 78.3, 0.343; GCA_002482525.1, s__Propionicimonas sp002482525, 95.0, 78.08, 0.367; GCA_003451975.1, s__Propionicimonas sp003451975, 95.0, 77.67, 0.225; GCA_002413345.1, s__Propionicimonas sp002413345, 95.0, 77.27, 0.227; GCA_009778535.1, s__Propionicimonas sp009778535, 95.0, 74.84, 0.024	64.07	11	0.9919	Genome not assigned to closest species as it falls outside its pre-defined ANI radius
V1_EKDN230028453-1A_HKTTNDSX7_L4.97	d__Bacteria;p__Pseudomonadota;c__Alphaproteobacteria;o__Sphingomonadales;f__Sphingomonadaceae;g__Novosphingobium;s__	N/A	N/A	N/A	N/A	N/A	N/A	N/A	N/A	N/A	N/A	d__Bacteria;p__Pseudomonadota;c__Alphaproteobacteria;o__Sphingomonadales;f__Sphingomonadaceae;g__Novosphingobium;s__	ANI	classification based on placement in class-level tree	GCA_016719755.1, s__Novosphingobium sp016719755, 95.0, 78.64, 0.294; GCA_020848655.1, s__Novosphingobium sp020848655, 95.0, 78.58, 0.397; GCF_014652615.1, s__Novosphingobium arvoryzae, 95.0, 78.53, 0.361; GCA_017302615.1, s__Novosphingobium sp017302615, 95.0, 78.44, 0.345; GCF_001014975.1, s__Novosphingobium sp002336885, 95.0, 78.39, 0.3; GCF_001590965.1, s__Novosphingobium lentum, 95.0, 78.38, 0.31; GCA_015657645.1, s__Novosphingobium sp015657645, 95.0, 78.32, 0.305; GCA_021299075.1, s__Novosphingobium sp021299075, 95.0, 78.27, 0.318; GCF_014652555.1, s__Novosphingobium colocasiae, 95.0, 78.26, 0.3; GCA_024236215.1, s__Novosphingobium sp024236215, 95.0, 78.25, 0.313; GCA_002440635.1, s__Novosphingobium sp002440635, 95.0, 78.25, 0.298; GCA_020852455.1, s__Novosphingobium sp020852455, 95.0, 78.24, 0.316; GCF_002855555.1, s__Novosphingobium sp002855555, 95.0, 78.22, 0.359; GCF_020179425.1, s__Novosphingobium percolationis, 95.0, 78.22, 0.271; GCF_002813245.1, s__Novosphingobium kunmingense, 95.0, 78.22, 0.284; GCF_002198665.1, s__Novosphingobium sp002198665, 95.0, 78.21, 0.301; GCA_018334165.1, s__Novosphingobium sp018334165, 95.0, 78.2, 0.306; GCF_020404405.1, s__Novosphingobium sp020404405, 95.0, 78.15, 0.275; GCF_001590985.1, s__Novosphingobium naphthalenivorans, 95.0, 78.13, 0.306; GCF_900113255.1, s__Novosphingobium sp900113255, 95.0, 78.13, 0.281; GCA_009926135.1, s__Novosphingobium sp009926135, 95.0, 78.12, 0.255; GCA_001725355.1, s__Novosphingobium sp001725355, 95.0, 78.11, 0.286; GCF_006874585.1, s__Novosphingobium sp006874585, 95.0, 78.1, 0.309; GCA_945906005.1, s__Novosphingobium sp945906005, 95.0, 78.09, 0.286; GCA_018241045.1, s__Novosphingobium sp018241045, 95.0, 78.09, 0.256; GCF_012927405.1, s__Novosphingobium olei, 95.0, 78.09, 0.267; GCF_007991615.1, s__Novosphingobium sediminis, 95.0, 78.08, 0.238; GCF_007954425.1, s__Novosphingobium ginsenosidimutans, 95.0, 78.08, 0.274; GCA_025153475.1, s__Novosphingobium sp025153475, 95.0, 78.07, 0.297; GCF_022832385.1, s__Novosphingobium sp022832385, 95.0, 78.07, 0.287; GCA_013141325.1, s__Novosphingobium sp013141325, 95.0, 78.05, 0.357; GCF_005145025.1, s__Novosphingobium sp005145025, 95.0, 78.02, 0.307; GCF_001421325.1, s__Novosphingobium sp001421325, 95.0, 78.01, 0.273; GCF_022832375.1, s__Novosphingobium sp022832375, 95.0, 78.01, 0.322; GCA_004211435.1, s__Novosphingobium sp004211435, 95.0, 78.01, 0.294; GCA_021782155.1, s__Novosphingobium sp021782155, 95.0, 78.0, 0.257; GCF_014230305.1, s__Novosphingobium aerophilum, 95.0, 77.98, 0.271; GCF_000272475.1, s__Novosphingobium sp000272475, 95.0, 77.97, 0.233; GCF_002556635.1, s__Novosphingobium sp002556635, 95.0, 77.94, 0.311; GCA_024236175.1, s__Novosphingobium sp024236175, 95.0, 77.94, 0.317; GCF_020179475.1, s__Novosphingobium huizhouense, 95.0, 77.92, 0.266; GCA_013791705.1, s__Novosphingobium sp013791705, 95.0, 77.88, 0.307; GCA_018240895.1, s__Novosphingobium sp018240895, 95.0, 77.85, 0.308; GCF_014652855.1, s__Novosphingobium pokkalii, 95.0, 77.84, 0.302; GCF_000767465.1, s__Novosphingobium pentaromativorans, 95.0, 77.83, 0.259; GCF_001298105.1, s__Novosphingobium sp001298105, 95.0, 77.83, 0.286; GCF_900168325.1, s__Novosphingobium mathurense, 95.0, 77.83, 0.282; GCF_022832435.1, s__Novosphingobium sp022832435, 95.0, 77.81, 0.268; GCF_021227995.1, s__Novosphingobium sp021227995, 95.0, 77.81, 0.289; GCF_014230355.1, s__Novosphingobium piscinae, 95.0, 77.8, 0.262; GCF_014204535.1, s__Novosphingobium chloroacetimidivorans, 95.0, 77.8, 0.27; GCA_013822005.1, s__Novosphingobium sp013822005, 95.0, 77.8, 0.332; GCF_002896965.1, s__Novosphingobium guangzhouense, 95.0, 77.79, 0.293; GCF_000445125.1, s__Novosphingobium lindaniclasticum, 95.0, 77.79, 0.252; GCF_004341845.1, s__Novosphingobium sp004341845, 95.0, 77.78, 0.325; GCF_900117425.1, s__Novosphingobium sp900117425, 95.0, 77.78, 0.246; GCF_014640675.1, s__Novosphingobium endophyticum, 95.0, 77.77, 0.305; GCF_019075875.1, s__Novosphingobium sp019075875, 95.0, 77.76, 0.343; GCF_013408095.1, s__Novosphingobium marinum, 95.0, 77.75, 0.243; GCF_014230315.1, s__Novosphingobium flavum, 95.0, 77.75, 0.253; GCF_004342985.1, s__Novosphingobium sp004342985, 95.0, 77.75, 0.29; GCA_017745295.1, s__Novosphingobium sp017745295, 95.0, 77.73, 0.274; GCF_902506425.1, s__Novosphingobium sp902506425, 95.0, 77.73, 0.248; GCA_015661825.1, s__Novosphingobium capsulatum_A, 95.0, 77.72, 0.247; GCF_000876675.2, s__Novosphingobium sp000876675, 95.0, 77.7, 0.284; GCF_014645195.1, s__Novosphingobium indicum, 95.0, 77.7, 0.312; GCA_002454125.1, s__Novosphingobium sp002454125, 95.0, 77.69, 0.312; GCA_018971065.1, s__Novosphingobium sp018971065, 95.0, 77.67, 0.283; GCF_002149965.1, s__Novosphingobium panipatense, 95.0, 77.62, 0.308; GCF_002916655.1, s__Novosphingobium sp002916655, 95.0, 77.6, 0.198; GCF_009746585.1, s__Novosphingobium aquimarinum, 95.0, 77.6, 0.276; GCF_000802225.1, s__Novosphingobium malaysiense, 95.0, 77.59, 0.295; GCF_001742225.1, s__Novosphingobium resinovorum, 95.0, 77.59, 0.288; GCF_009707465.1, s__Novosphingobium sp009707465, 95.0, 77.58, 0.203; GCA_017987575.1, s__Novosphingobium sp017987575, 95.0, 77.57, 0.292; GCF_001046635.1, s__Novosphingobium barchaimii, 95.0, 77.57, 0.27; GCF_902706195.1, s__Novosphingobium sp902706195, 95.0, 77.56, 0.277; GCF_001519075.1, s__Novosphingobium fuchskuhlense, 95.0, 77.56, 0.234; GCF_014196615.1, s__Novosphingobium fluoreni, 95.0, 77.52, 0.241; GCF_000281975.1, s__Novosphingobium sp000281975, 95.0, 77.51, 0.285; GCA_019748365.1, s__Novosphingobium sp019748365, 95.0, 77.51, 0.219; GCA_024642085.1, s__Novosphingobium sp024642085, 95.0, 77.48, 0.252; GCA_945906105.1, s__Novosphingobium sp945906105, 95.0, 77.46, 0.314; GCF_018417475.1, s__Novosphingobium decolorationis, 95.0, 77.45, 0.234; GCA_023266625.1, s__Novosphingobium sp023266625, 95.0, 77.42, 0.27; GCF_009856825.1, s__Novosphingobium silvae, 95.0, 77.41, 0.236; GCF_020524485.1, s__Novosphingobium profundi_A, 95.0, 77.35, 0.224; GCA_903970225.1, s__Novosphingobium sp903970225, 95.0, 77.33, 0.211; GCA_020446505.1, s__Novosphingobium sp020446505, 95.0, 77.33, 0.224; GCF_018491765.1, s__Novosphingobium profundi, 95.0, 77.31, 0.229; GCA_903834285.1, s__Novosphingobium sp903834285, 95.0, 77.29, 0.198; GCA_017302775.1, s__Novosphingobium sp017302775, 95.0, 77.21, 0.174; GCA_019510335.1, s__Novosphingobium sp019510335, 95.0, 77.21, 0.285; GCA_019090585.1, s__Novosphingobium sp019090585, 95.0, 77.21, 0.248; GCF_015865035.1, s__Novosphingobium aureum, 95.0, 77.17, 0.246; GCA_020446575.1, s__Novosphingobium sp020446575, 95.0, 77.15, 0.231; GCA_903828025.1, s__Novosphingobium sp903828025, 95.0, 77.12, 0.237; GCF_008107685.1, s__Novosphingobium sp008107685, 95.0, 77.11, 0.2; GCA_020446595.1, s__Novosphingobium sp020446595, 95.0, 77.06, 0.243; GCA_903911985.1, s__Novosphingobium sp903911985, 95.0, 76.94, 0.225	98.83	11	0.93217	N/A
V2_EKDN230028454-1A_HKTTNDSX7_L4.100	d__Bacteria;p__Fusobacteriota;c__Fusobacteriia;o__Fusobacteriales;f__Leptotrichiaceae;g__JAGOYM01;s__JAGOYM01 sp018059165	GCA_018059165.1	95.0	d__Bacteria;p__Fusobacteriota;c__Fusobacteriia;o__Fusobacteriales;f__Leptotrichiaceae;g__JAGOYM01;s__JAGOYM01 sp018059165	99.35	0.814	N/A	N/A	N/A	N/A	N/A	N/A	ani_screen	classification based on ANI only	N/A	N/A	N/A	N/A	N/A
V2_EKDN230028454-1A_HKTTNDSX7_L4.109	d__Bacteria;p__Bacillota;c__Bacilli;o__Lactobacillales;f__Aerococcaceae;g__Trichococcus;s__Trichococcus flocculiformis	GCF_900113645.1	95.0	d__Bacteria;p__Bacillota;c__Bacilli;o__Lactobacillales;f__Aerococcaceae;g__Trichococcus;s__Trichococcus flocculiformis	98.49	0.927	N/A	N/A	N/A	N/A	N/A	N/A	ani_screen	classification based on ANI only	N/A	N/A	N/A	N/A	N/A
V2_EKDN230028454-1A_HKTTNDSX7_L4.110	d__Bacteria;p__Bacteroidota;c__Bacteroidia;o__Chitinophagales;f__Saprospiraceae;g__JAEUUM01;s__	N/A	N/A	N/A	N/A	N/A	GCA_016787375.1	95.0	d__Bacteria;p__Bacteroidota;c__Bacteroidia;o__Chitinophagales;f__Saprospiraceae;g__JAEUUM01;s__JAEUUM01 sp016787375	76.63	0.097	d__Bacteria;p__Bacteroidota;c__Bacteroidia;o__Chitinophagales;f__Saprospiraceae;g__JAEUUM01;s__	taxonomic classification defined by topology and ANI	classification based on placement in class-level tree	GCA_019694295.1, s__JAEUUM01 sp019694295, 95.0, 76.26, 0.084	76.82	11	0.95564	N/A
V2_EKDN230028454-1A_HKTTNDSX7_L4.115	d__Bacteria;p__Actinomycetota;c__Actinomycetia;o__Actinomycetales;f__Micrococcaceae;g__Rothia;s__Rothia sp002418375	GCF_023712425.1	95.0	d__Bacteria;p__Actinomycetota;c__Actinomycetia;o__Actinomycetales;f__Micrococcaceae;g__Rothia;s__Rothia sp002418375	96.25	0.97	N/A	N/A	N/A	N/A	N/A	N/A	ani_screen	classification based on ANI only	N/A	N/A	N/A	N/A	N/A
V2_EKDN230028454-1A_HKTTNDSX7_L4.119	d__Bacteria;p__Pseudomonadota;c__Alphaproteobacteria;o__Rhodobacterales;f__Rhodobacteraceae;g__Cypionkella;s__	N/A	N/A	N/A	N/A	N/A	GCA_002256245.1	95.0	d__Bacteria;p__Pseudomonadota;c__Alphaproteobacteria;o__Rhodobacterales;f__Rhodobacteraceae;g__Cypionkella;s__Cypionkella sp002256245	85.87	0.788	d__Bacteria;p__Pseudomonadota;c__Alphaproteobacteria;o__Rhodobacterales;f__Rhodobacteraceae;g__Cypionkella;s__	taxonomic classification defined by topology and ANI	classification based on placement in class-level tree	GCF_001294535.1, s__Cypionkella psychrotolerans, 95.0, 86.08, 0.849; GCA_009773375.1, s__Cypionkella sp009773375, 95.0, 82.35, 0.618; GCA_024641255.1, s__Cypionkella sp024641255, 95.0, 80.44, 0.62; GCA_001828855.1, s__Cypionkella sp001828855, 95.0, 80.43, 0.589; GCA_945860375.1, s__Cypionkella antarcticus_A, 95.0, 80.07, 0.517; GCA_913062925.1, s__Cypionkella sp913062925, 95.0, 79.58, 0.531; GCA_024642045.1, s__Cypionkella sp024642045, 95.0, 79.44, 0.444; GCA_023255415.1, s__Cypionkella sp023255415, 95.0, 79.32, 0.527; GCA_018063485.1, s__Cypionkella sp018063485, 95.0, 79.03, 0.497; GCA_013298675.1, s__Cypionkella sp013298675, 95.0, 77.82, 0.302; GCA_945861995.1, s__Cypionkella antarcticus_B, 95.0, 76.99, 0.295; GCA_945862435.1, s__Cypionkella antarcticus_C, 95.0, 76.85, 0.229	76.66	11	0.99513	Genome not assigned to closest species as it falls outside its pre-defined ANI radius
V2_EKDN230028454-1A_HKTTNDSX7_L4.12	d__Bacteria;p__Actinomycetota;c__Actinomycetia;o__Actinomycetales;f__Microbacteriaceae;g__Pseudoclavibacter;s__Pseudoclavibacter helvolus	GCF_014191305.1	95.0	d__Bacteria;p__Actinomycetota;c__Actinomycetia;o__Actinomycetales;f__Microbacteriaceae;g__Pseudoclavibacter;s__Pseudoclavibacter helvolus	98.75	0.841	N/A	N/A	N/A	N/A	N/A	N/A	ani_screen	classification based on ANI only	N/A	N/A	N/A	N/A	N/A
V2_EKDN230028454-1A_HKTTNDSX7_L4.125	d__Bacteria;p__Desulfobacterota;c__Desulfovibrionia;o__Desulfovibrionales;f__Desulfovibrionaceae;g__Desulfovibrio;s__	N/A	N/A	N/A	N/A	N/A	GCA_009929215.1	95.0	d__Bacteria;p__Desulfobacterota;c__Desulfovibrionia;o__Desulfovibrionales;f__Desulfovibrionaceae;g__Desulfovibrio;s__Desulfovibrio sp009929215	94.37	0.859	d__Bacteria;p__Desulfobacterota;c__Desulfovibrionia;o__Desulfovibrionales;f__Desulfovibrionaceae;g__Desulfovibrio;s__	taxonomic classification defined by topology and ANI	classification based on placement in class-level tree	GCA_009712225.1, s__Desulfovibrio sp009712225, 95.0, 88.37, 0.881; GCF_004801255.1, s__Desulfovibrio desulfuricans_C, 95.0, 84.83, 0.836; GCA_023419375.1, s__Desulfovibrio sp023419375, 95.0, 84.49, 0.835; GCA_019422935.1, s__Desulfovibrio sp019422935, 95.0, 84.33, 0.828; GCF_000420465.1, s__Desulfovibrio desulfuricans, 95.0, 84.21, 0.83; GCF_022508225.1, s__Desulfovibrio sp022508225, 95.0, 84.2, 0.83; GCA_003251995.1, s__Desulfovibrio desulfuricans_B, 95.0, 82.74, 0.524; GCF_902702915.1, s__Desulfovibrio sp900095395, 95.0, 79.12, 0.479; GCA_002237645.1, s__Desulfovibrio sp002237645, 95.0, 78.99, 0.492; GCA_905214305.1, s__Desulfovibrio sp905214305, 95.0, 78.75, 0.429; GCF_900102485.1, s__Desulfovibrio legallii_A, 95.0, 78.65, 0.407; GCF_014202345.1, s__Desulfovibrio intestinalis, 95.0, 78.59, 0.394; GCA_019424165.1, s__Desulfovibrio sp019424165, 95.0, 78.4, 0.385; GCF_004309735.1, s__Desulfovibrio legallii, 95.0, 78.32, 0.368; GCA_015062205.1, s__Desulfovibrio desulfuricans_D, 95.0, 78.21, 0.382; GCF_900243745.1, s__Desulfovibrio sp900243745, 95.0, 78.17, 0.399; GCF_001553605.1, s__Desulfovibrio fairfieldensis, 95.0, 78.08, 0.337; GCA_910575755.1, s__Desulfovibrio sp910575755, 95.0, 78.07, 0.291; GCF_009696265.1, s__Desulfovibrio porci, 95.0, 77.93, 0.366; GCA_000403945.1, s__Desulfovibrio sp000403945, 95.0, 77.56, 0.228; GCF_000156375.1, s__Desulfovibrio piger, 95.0439, 77.52, 0.24; GCF_900116045.1, s__Desulfovibrio piger_A, 95.0, 77.47, 0.249; GCF_012843875.1, s__Desulfovibrio sp900556755, 95.0439, 77.43, 0.233; GCF_003860215.1, s__Desulfovibrio sp003860215, 95.0, 77.39, 0.267; GCF_011039085.1, s__Desulfovibrio sp011039085, 95.0, 77.32, 0.259; GCA_945871415.1, s__Desulfovibrio sp945871415, 95.0, 77.31, 0.158; GCA_944324505.1, s__Desulfovibrio sp944324505, 95.0, 77.3, 0.228; GCA_019118345.1, s__Desulfovibrio intestinavium, 95.0, 77.25, 0.216; GCA_944324525.1, s__Desulfovibrio sp944324525, 95.0, 77.18, 0.199; GCA_017455745.1, s__Desulfovibrio sp017455745, 95.0, 77.16, 0.014; GCA_900547595.1, s__Desulfovibrio sp900547595, 95.0, 77.12, 0.165; GCA_019114565.1, s__Desulfovibrio intestinigallinarum, 95.0, 77.07, 0.191; GCA_905215675.1, s__Desulfovibrio sp905215675, 95.0, 77.05, 0.15; GCA_017415765.1, s__Desulfovibrio sp017415765, 95.0, 77.05, 0.167; GCA_944327285.1, s__Desulfovibrio sp944327285, 95.0, 77.05, 0.175; GCA_944324935.1, s__Desulfovibrio sp944324935, 95.0, 77.02, 0.189; GCA_944327235.1, s__Desulfovibrio sp944327235, 95.0, 76.92, 0.164; GCA_944324555.1, s__Desulfovibrio sp944324555, 95.0, 76.88, 0.158; GCA_014803725.1, s__Desulfovibrio sp014803725, 95.0, 76.87, 0.162; GCA_944327295.1, s__Desulfovibrio sp944327295, 95.0, 76.82, 0.073; GCA_017613295.1, s__Desulfovibrio sp017613295, 95.0, 76.81, 0.133; GCA_019118745.1, s__Desulfovibrio gallistercoris, 95.0, 76.8, 0.201; GCA_019113165.1, s__Desulfovibrio intestinipullorum, 95.0, 76.8, 0.077; GCA_944327045.1, s__Desulfovibrio sp944327045, 95.0, 76.76, 0.148; GCA_024683955.1, s__Desulfovibrio sp024683955, 95.0, 76.74, 0.031; GCF_011039135.1, s__Desulfovibrio sp011039135, 95.0, 76.72, 0.182; GCA_900319575.1, s__Desulfovibrio sp900319575, 95.0, 76.71, 0.038; GCA_016284885.1, s__Desulfovibrio sp016284885, 95.0, 76.7, 0.065; GCA_014804965.1, s__Desulfovibrio sp014804965, 95.0, 76.66, 0.17; GCA_002369295.1, s__Desulfovibrio sp002369295, 95.0, 76.62, 0.063; GCA_910584445.1, s__Desulfovibrio sp910584445, 95.0, 76.62, 0.16; GCA_017396005.1, s__Desulfovibrio sp017396005, 95.0, 76.61, 0.126; GCA_014804865.1, s__Desulfovibrio sp014804865, 95.0, 76.55, 0.01; GCA_934546745.1, s__Desulfovibrio sp934546745, 95.0, 76.5, 0.129; GCA_017454855.1, s__Desulfovibrio sp017454855, 95.0, 76.45, 0.128; GCA_900546145.1, s__Desulfovibrio sp900546145, 95.0, 76.36, 0.047; GCA_014804905.1, s__Desulfovibrio sp014804905, 95.0, 76.31, 0.148; GCA_905235595.1, s__Desulfovibrio sp905235595, 95.0, 76.31, 0.111; GCA_024692205.1, s__Desulfovibrio sp024692205, 95.0, 76.26, 0.072; GCA_017454325.1, s__Desulfovibrio sp017454325, 95.0, 76.21, 0.128; GCF_002355955.1, s__Desulfovibrio trichonymphae, 95.0, 76.19, 0.091; GCA_024699605.1, s__Desulfovibrio sp024699605, 95.0, 76.19, 0.041; GCA_017454105.1, s__Desulfovibrio sp017454105, 95.0, 76.16, 0.024; GCA_017528345.1, s__Desulfovibrio sp017528345, 95.0, 76.15, 0.048; GCA_009773975.1, s__Desulfovibrio sp009773975, 95.0, 76.12, 0.049; GCA_944327095.1, s__Desulfovibrio sp944327095, 95.0, 76.11, 0.065; GCA_014804915.1, s__Desulfovibrio sp014804915, 95.0, 76.08, 0.03; GCF_002159665.1, s__Desulfovibrio faecigallinarum, 95.0, 76.0, 0.075; GCA_017454005.1, s__Desulfovibrio sp017454005, 95.0, 75.94, 0.01; GCA_017450275.1, s__Desulfovibrio sp017450275, 95.0, 75.83, 0.033; GCA_013374015.1, s__Desulfovibrio kirbyi, 95.0, 75.75, 0.075; GCA_017613715.1, s__Desulfovibrio sp017613715, 95.0, 75.56, 0.046; GCA_910587035.1, s__Desulfovibrio sp910587035, 95.0, 75.48, 0.051	52.33	11	0.99788	Genome not assigned to closest species as it falls outside its pre-defined ANI radius
V2_EKDN230028454-1A_HKTTNDSX7_L4.128	d__Bacteria;p__Actinomycetota;c__Coriobacteriia;o__Coriobacteriales;f__Eggerthellaceae;g__Gordonibacter;s__	N/A	N/A	N/A	N/A	N/A	GCA_023395755.1	95.0	d__Bacteria;p__Actinomycetota;c__Coriobacteriia;o__Coriobacteriales;f__Eggerthellaceae;g__Gordonibacter;s__Gordonibacter sp023395755	85.72	0.66	d__Bacteria;p__Actinomycetota;c__Coriobacteriia;o__Coriobacteriales;f__Eggerthellaceae;g__Gordonibacter;s__	taxonomic classification defined by topology and ANI	classification based on placement in class-level tree	GCF_003339845.1, s__Gordonibacter sp003339845, 95.0, 78.27, 0.229; GCA_900170005.1, s__Gordonibacter massiliensis, 95.0, 78.22, 0.219; GCF_000210055.1, s__Gordonibacter pamelaeae, 95.0, 78.22, 0.212; GCA_019113915.1, s__Gordonibacter avicola, 95.0, 78.16, 0.208; GCF_900199375.1, s__Gordonibacter urolithinfaciens, 95.0, 78.0, 0.227	80.87	11	0.98737	Genome not assigned to closest species as it falls outside its pre-defined ANI radius
V2_EKDN230028454-1A_HKTTNDSX7_L4.129	d__Bacteria;p__Actinomycetota;c__Actinomycetia;o__Actinomycetales;f__Actinomycetaceae;g__Pauljensenia;s__	N/A	N/A	N/A	N/A	N/A	N/A	N/A	N/A	N/A	N/A	d__Bacteria;p__Actinomycetota;c__Actinomycetia;o__Actinomycetales;f__Actinomycetaceae;g__Pauljensenia;s__	taxonomic classification defined by topology and ANI	classification based on placement in class-level tree	GCF_000820725.1, s__Pauljensenia polynesiensis, 95.0, 80.79, 0.545; GCF_900155435.1, s__Pauljensenia provencensis, 95.0, 80.65, 0.634; GCA_023426345.1, s__Pauljensenia sp023426345, 95.0, 79.96, 0.469; GCA_022649165.1, s__Pauljensenia sp022649165, 95.0, 79.64, 0.485; GCF_900499005.1, s__Pauljensenia culturomici_A, 95.0, 79.24, 0.436; GCF_001746855.1, s__Pauljensenia hongkongensis, 95.0, 79.03, 0.277; GCF_018986735.1, s__Pauljensenia sp018986735, 95.0, 79.02, 0.366; GCF_014208035.1, s__Pauljensenia hyovaginalis, 95.0, 78.93, 0.366; GCA_902373545.1, s__Pauljensenia sp902373545, 95.0, 78.84, 0.252; GCF_000466265.1, s__Pauljensenia sp000466265, 95.0, 78.75, 0.285; GCF_000429245.1, s__Pauljensenia georgiae, 95.0, 78.74, 0.317; GCA_916438945.1, s__Pauljensenia sp916438945, 95.0, 78.72, 0.243; GCA_001072465.1, s__Pauljensenia sp001072465, 95.0, 78.69, 0.279; GCA_001064145.1, s__Pauljensenia sp001064145, 95.0, 78.67, 0.29; GCA_019425105.1, s__Pauljensenia sp019425105, 95.0, 78.6, 0.213; GCA_001838165.1, s__Pauljensenia sp001838165, 95.0, 78.6, 0.281; GCF_005696695.1, s__Pauljensenia odontolytica_C, 95.0, 78.57, 0.309; GCA_018375675.1, s__Pauljensenia sp018375675, 95.0, 78.56, 0.282; GCF_024584435.1, s__Pauljensenia sp000185285, 95.0, 78.53, 0.252; GCF_002847525.1, s__Pauljensenia odontolytica_B, 95.0, 78.52, 0.307; GCA_902373435.1, s__Pauljensenia sp902373435, 95.0, 78.51, 0.243; GCA_916439125.1, s__Pauljensenia sp916439125, 95.0, 78.5, 0.285; GCF_019429565.1, s__Pauljensenia sp018382595, 95.0, 78.46, 0.289; GCF_009730335.1, s__Pauljensenia odontolytica_A, 95.0, 78.41, 0.269; GCA_015655375.1, s__Pauljensenia sp015655375, 95.0, 78.4, 0.399; GCA_000411415.1, s__Pauljensenia sp000411415, 95.0, 78.29, 0.271; GCA_916438365.1, s__Pauljensenia sp916438365, 95.0, 78.27, 0.205; GCF_900445025.1, s__Pauljensenia odontolytica, 95.0, 78.25, 0.238; GCF_900128465.1, s__Pauljensenia bouchesdurhonensis, 95.0, 78.11, 0.198; GCF_900105015.1, s__Pauljensenia meyeri, 95.0, 78.08, 0.204; GCA_900556405.1, s__Pauljensenia sp900556405, 95.0, 78.04, 0.174; GCF_000278725.1, s__Pauljensenia sp000278725, 95.0, 78.0, 0.274; GCA_900541895.1, s__Pauljensenia sp900541895, 95.0, 77.95, 0.081; GCF_000308055.1, s__Pauljensenia sp000308055, 95.0, 77.91, 0.093; GCF_900155595.1, s__Pauljensenia mediterranea, 95.0, 77.88, 0.266; GCF_900155605.1, s__Pauljensenia marseillensis, 95.0, 77.88, 0.101; GCF_016405145.1, s__Pauljensenia cardiffensis, 95.0, 77.87, 0.205; GCF_000758755.1, s__Pauljensenia sp000758755, 95.0, 77.84, 0.104; GCF_000420425.1, s__Pauljensenia vaccimaxillae, 95.0, 77.65, 0.132; GCF_011038885.2, s__Pauljensenia sp011038875, 95.0, 77.64, 0.112; GCF_001070855.1, s__Pauljensenia pyogenes_A, 95.0, 77.61, 0.088; GCF_003858455.1, s__Pauljensenia canis, 95.0, 77.6, 0.132; GCF_000296505.1, s__Pauljensenia turicensis, 95.0, 77.58, 0.121; GCF_000429105.1, s__Pauljensenia suimastitidis, 95.0, 77.5, 0.074; GCF_903645355.1, s__Pauljensenia sp903645355, 95.0, 77.44, 0.19; GCA_900554605.1, s__Pauljensenia sp900554605, 95.0, 77.23, 0.079; GCF_021083645.1, s__Pauljensenia sp021083645, 95.0, 77.01, 0.038; GCF_900106055.1, s__Pauljensenia radingae_A, 95.0, 76.91, 0.102; GCA_916719935.1, s__Pauljensenia sp916719935, 95.0, 76.77, 0.064	86.67	11	0.93331	Genome not assigned to closest species as it falls outside its pre-defined ANI radius
V2_EKDN230028454-1A_HKTTNDSX7_L4.133	d__Bacteria;p__Actinomycetota;c__Actinomycetia;o__Propionibacteriales;f__Propionibacteriaceae;g__Luteococcus;s__	N/A	N/A	N/A	N/A	N/A	GCF_003752415.1	95.0	d__Bacteria;p__Actinomycetota;c__Actinomycetia;o__Propionibacteriales;f__Propionibacteriaceae;g__Luteococcus;s__Luteococcus japonicus	81.22	0.55	d__Bacteria;p__Actinomycetota;c__Actinomycetia;o__Propionibacteriales;f__Propionibacteriaceae;g__Luteococcus;s__	taxonomic classification defined by topology and ANI	classification based on placement in class-level tree	GCA_002387005.1, s__Luteococcus avicola, 95.0, 80.64, 0.461	86.87	11	0.96488	Genome not assigned to closest species as it falls outside its pre-defined ANI radius
V2_EKDN230028454-1A_HKTTNDSX7_L4.135	d__Bacteria;p__Bacillota;c__Bacilli;o__Lactobacillales;f__Streptococcaceae;g__Lactococcus_A;s__Lactococcus_A raffinolactis	GCF_001591765.1	95.0	d__Bacteria;p__Bacillota;c__Bacilli;o__Lactobacillales;f__Streptococcaceae;g__Lactococcus_A;s__Lactococcus_A raffinolactis	99.09	0.912	N/A	N/A	N/A	N/A	N/A	N/A	ani_screen	classification based on ANI only	N/A	N/A	N/A	N/A	N/A
V2_EKDN230028454-1A_HKTTNDSX7_L4.138	d__Bacteria;p__Bacillota_A;c__Clostridia;o__Lachnospirales;f__Lachnospiraceae;g__Fusicatenibacter;s__Fusicatenibacter saccharivorans	GCF_015557635.1	95.0	d__Bacteria;p__Bacillota_A;c__Clostridia;o__Lachnospirales;f__Lachnospiraceae;g__Fusicatenibacter;s__Fusicatenibacter saccharivorans	98.71	0.967	N/A	N/A	N/A	N/A	N/A	N/A	ani_screen	classification based on ANI only	N/A	N/A	N/A	N/A	N/A
V2_EKDN230028454-1A_HKTTNDSX7_L4.142	d__Bacteria;p__Elusimicrobiota;c__Elusimicrobia;o__Elusimicrobiales;f__UBA9959;g__UBA9959;s__	N/A	N/A	N/A	N/A	N/A	GCA_021811185.1	95.0	d__Bacteria;p__Elusimicrobiota;c__Elusimicrobia;o__Elusimicrobiales;f__UBA9959;g__UBA9959;s__UBA9959 sp021811185	88.93	0.858	d__Bacteria;p__Elusimicrobiota;c__Elusimicrobia;o__Elusimicrobiales;f__UBA9959;g__UBA9959;s__	taxonomic classification defined by topology and ANI	classification based on placement in class-level tree	GCA_002840355.1, s__UBA9959 sp002840355, 95.0, 81.63, 0.623; GCA_001799735.1, s__UBA9959 sp001799735, 95.0, 81.54, 0.672; GCA_001799615.1, s__UBA9959 sp001799615, 95.0, 81.52, 0.695; GCA_023701245.1, s__UBA9959 sp023701245, 95.0, 81.29, 0.589; GCA_001799715.1, s__UBA9959 sp001799715, 95.0, 81.13, 0.69; GCA_001799795.1, s__UBA9959 sp001799795, 95.0, 80.98, 0.416; GCA_001799635.1, s__UBA9959 sp001799635, 95.0, 80.97, 0.638; GCA_016234365.1, s__UBA9959 sp016234365, 95.0, 80.82, 0.633; GCA_903917735.1, s__UBA9959 sp903917735, 95.0, 80.72, 0.594; GCA_021847485.1, s__UBA9959 sp021847485, 95.0, 80.69, 0.579; GCA_001799895.1, s__UBA9959 sp001799895, 95.0, 80.59, 0.661; GCA_003482905.1, s__UBA9959 sp003482905, 95.0, 80.55, 0.55; GCA_001799845.1, s__UBA9959 sp001799845, 95.0, 80.51, 0.612; GCA_001799995.1, s__UBA9959 sp001799995, 95.0, 80.48, 0.54; GCA_021811315.1, s__UBA9959 sp021811315, 95.0, 80.41, 0.45; GCA_903879915.1, s__UBA9959 sp903879915, 95.0, 80.21, 0.607; GCA_016207645.1, s__UBA9959 sp016207645, 95.0, 80.16, 0.47; GCA_903873295.1, s__UBA9959 sp903873295, 95.0, 80.03, 0.527; GCA_021811405.1, s__UBA9959 sp021811405, 95.0, 79.79, 0.522; GCA_021786295.1, s__UBA9959 sp021786295, 95.0, 79.48, 0.419; GCA_021812825.1, s__UBA9959 sp021812825, 95.0, 79.39, 0.501; GCA_021789695.1, s__UBA9959 sp021789695, 95.0, 79.24, 0.429; GCA_021845705.1, s__UBA9959 sp021845705, 95.0, 79.09, 0.39; GCA_903889965.1, s__UBA9959 sp903889965, 95.0, 78.77, 0.377; GCA_002779045.1, s__UBA9959 sp002779045, 95.0, 78.52, 0.351; GCA_001800275.1, s__UBA9959 sp001800275, 95.0, 78.45, 0.32; GCA_001871115.1, s__UBA9959 sp001871115, 95.0, 78.02, 0.367	65.22	11	0.98746	Genome not assigned to closest species as it falls outside its pre-defined ANI radius
V2_EKDN230028454-1A_HKTTNDSX7_L4.147	d__Bacteria;p__Actinomycetota;c__Actinomycetia;o__Propionibacteriales;f__Propionibacteriaceae;g__;s__	N/A	N/A	N/A	N/A	N/A	N/A	N/A	N/A	N/A	N/A	d__Bacteria;p__Actinomycetota;c__Actinomycetia;o__Propionibacteriales;f__Propionibacteriaceae;g__;s__	taxonomic novelty determined using RED	classification based on placement in class-level tree	N/A	84.45	11	0.91274	Genome has more than 11.7% of markers with multiple hits
V2_EKDN230028454-1A_HKTTNDSX7_L4.15	d__Bacteria;p__Synergistota;c__Synergistia;o__Synergistales;f__Synergistaceae;g__;s__	N/A	N/A	N/A	N/A	N/A	N/A	N/A	N/A	N/A	N/A	d__Bacteria;p__Synergistota;c__Synergistia;o__Synergistales;f__Synergistaceae;g__;s__	taxonomic classification fully defined by topology	classification based on placement in class-level tree	N/A	80.6	11	0.86651	N/A
V2_EKDN230028454-1A_HKTTNDSX7_L4.171	d__Bacteria;p__Pseudomonadota;c__Gammaproteobacteria;o__Burkholderiales;f__Methylophilaceae;g__Methylotenera;s__	N/A	N/A	N/A	N/A	N/A	N/A	N/A	N/A	N/A	N/A	d__Bacteria;p__Pseudomonadota;c__Gammaproteobacteria;o__Burkholderiales;f__Methylophilaceae;g__Methylotenera;s__	taxonomic classification defined by topology and ANI	classification based on placement in class-level tree	GCF_000093025.1, s__Methylotenera versatilis, 95.0, 81.26, 0.499; GCA_013141075.1, s__Methylotenera sp013141075, 95.0, 79.2, 0.373; GCA_013141425.1, s__Methylotenera sp013141425, 95.0, 78.96, 0.411; GCA_009693255.1, s__Methylotenera sp009693255, 95.0, 78.84, 0.544; GCA_903854305.1, s__Methylotenera sp903854305, 95.0, 78.59, 0.393; GCA_903833595.1, s__Methylotenera sp903833595, 95.0, 78.57, 0.45; GCA_903926935.1, s__Methylotenera sp903926935, 95.0, 78.27, 0.339; GCA_013141495.1, s__Methylotenera sp013141495, 95.0, 78.25, 0.292; GCA_014378495.1, s__Methylotenera sp014378495, 95.0, 78.24, 0.323; GCA_021738125.1, s__Methylotenera sp021738125, 95.0, 78.17, 0.416; GCA_903846555.1, s__Methylotenera sp903846555, 95.0, 78.17, 0.351; GCA_903882525.1, s__Methylotenera sp903882525, 95.0, 78.12, 0.318; GCA_903951385.1, s__Methylotenera sp903951385, 95.0, 78.07, 0.276; GCA_002842195.1, s__Methylotenera sp002842195, 95.0, 78.05, 0.409; GCF_000744605.1, s__Methylotenera sp000744605, 95.0, 78.04, 0.222; GCA_001803395.1, s__Methylotenera sp001803395, 95.0, 78.02, 0.355; GCF_000384255.1, s__Methylotenera mobilis_B, 95.0, 77.93, 0.228; GCA_903876765.1, s__Methylotenera sp903876765, 95.0, 77.9, 0.369; GCA_002429455.1, s__Methylotenera sp002429455, 95.0, 77.87, 0.335; GCA_903838125.1, s__Methylotenera sp903838125, 95.0, 77.78, 0.31; GCA_903860085.1, s__Methylotenera sp903860085, 95.0, 77.72, 0.292; GCF_000023705.1, s__Methylotenera mobilis, 95.0, 77.7, 0.191; GCA_013816325.1, s__Methylotenera sp013816325, 95.0, 77.64, 0.186; GCA_002281815.1, s__Methylotenera sp002281815, 95.0, 77.62, 0.249; GCA_013140755.1, s__Methylotenera sp013140755, 95.0, 77.47, 0.246; GCA_005791685.1, s__Methylotenera sp005791685, 95.0, 77.45, 0.272; GCA_020622105.1, s__Methylotenera sp020622105, 95.0, 77.41, 0.183; GCF_004661485.1, s__Methylotenera oryzisoli, 95.0, 77.41, 0.214; GCA_020035195.1, s__Methylotenera sp020035195, 95.0, 77.36, 0.29; GCA_005777825.1, s__Methylotenera sp005777825, 95.0, 77.14, 0.252; GCF_000799735.1, s__Methylotenera sp000799735, 95.0, 77.08, 0.133; GCA_023259635.1, s__Methylotenera sp023259635, 95.0, 77.01, 0.175; GCA_002842285.1, s__Methylotenera sp002842285, 95.0, 76.89, 0.152; GCA_002928535.1, s__Methylotenera sp002928535, 95.0, 76.74, 0.149; GCA_016867975.1, s__Methylotenera sp016867975, 95.0, 76.66, 0.153	75.37	11	0.96656	Genome not assigned to closest species as it falls outside its pre-defined ANI radius
V2_EKDN230028454-1A_HKTTNDSX7_L4.176	d__Bacteria;p__Bacteroidota;c__Bacteroidia;o__Chitinophagales;f__Chitinophagaceae;g__Ferruginibacter;s__	N/A	N/A	N/A	N/A	N/A	N/A	N/A	N/A	N/A	N/A	d__Bacteria;p__Bacteroidota;c__Bacteroidia;o__Chitinophagales;f__Chitinophagaceae;g__Ferruginibacter;s__	taxonomic classification defined by topology and ANI	classification based on placement in class-level tree	GCA_019638575.1, s__Ferruginibacter sp019638575, 95.0, 80.82, 0.575; GCA_019638525.1, s__Ferruginibacter sp018268155, 95.0, 80.73, 0.568; GCA_024642285.1, s__Ferruginibacter sp024642285, 95.0, 79.3, 0.401; GCA_016715365.1, s__Ferruginibacter sp016715365, 95.0, 79.19, 0.451; GCA_016710935.1, s__Ferruginibacter sp016710935, 95.0, 79.04, 0.4; GCA_016786725.1, s__Ferruginibacter sp016786725, 95.0, 78.52, 0.401; GCA_016703625.1, s__Ferruginibacter sp016703625, 95.0, 78.08, 0.385; GCA_016710745.1, s__Ferruginibacter sp016710745, 95.0, 77.84, 0.337; GCA_013141115.1, s__Ferruginibacter sp013141115, 95.0, 77.75, 0.299; GCA_017983695.1, s__Ferruginibacter sp017983695, 95.0, 77.6, 0.303; GCA_016720775.1, s__Ferruginibacter sp016720775, 95.0, 77.47, 0.309; GCA_945865645.1, s__Ferruginibacter pinensis_B, 95.0, 77.21, 0.325; GCA_016710165.1, s__Ferruginibacter sp016710165, 95.0, 77.18, 0.235; GCA_018266775.1, s__Ferruginibacter sp018266775, 95.0, 76.85, 0.198; GCA_016722465.1, s__Ferruginibacter sp016722465, 95.0, 76.84, 0.162; GCA_020059395.1, s__Ferruginibacter sp020059395, 95.0, 76.77, 0.156; GCA_003455235.1, s__Ferruginibacter sp003455235, 95.0, 76.59, 0.137; GCA_018268135.1, s__Ferruginibacter sp018268135, 95.0, 76.57, 0.137; GCA_015655125.1, s__Ferruginibacter sp015655125, 95.0, 76.55, 0.08; GCA_903878475.1, s__Ferruginibacter sp903878475, 95.0, 76.55, 0.152; GCF_020783315.1, s__Ferruginibacter lapsinanis, 95.0, 76.51, 0.129; GCA_018057635.1, s__Ferruginibacter sp018057635, 95.0, 76.47, 0.118; GCA_014379905.1, s__Ferruginibacter sp014379905, 95.0, 76.46, 0.142; GCA_017988335.1, s__Ferruginibacter sp017988335, 95.0, 76.42, 0.148; GCA_016710595.1, s__Ferruginibacter sp016710595, 95.0, 76.41, 0.11; GCA_002352045.1, s__Ferruginibacter sp002352045, 95.0, 76.4, 0.127; GCA_016713965.1, s__Ferruginibacter sp016713965, 95.0, 76.4, 0.127; GCA_016721385.1, s__Ferruginibacter sp016721385, 95.0, 76.38, 0.176; GCA_002400445.1, s__Ferruginibacter sp002400445, 95.0, 76.33, 0.074; GCF_020042285.1, s__Ferruginibacter sp020042285, 95.0, 76.33, 0.114; GCA_014377385.1, s__Ferruginibacter sp014377385, 95.0, 76.32, 0.085; GCA_002336815.1, s__Ferruginibacter sp002336815, 95.0, 76.31, 0.081; GCA_013288745.1, s__Ferruginibacter sp013288745, 95.0, 76.29, 0.108; GCA_018268085.1, s__Ferruginibacter sp018268085, 95.0, 76.27, 0.13; GCA_014377975.1, s__Ferruginibacter sp014377975, 95.0, 76.26, 0.141; GCA_903858475.1, s__Ferruginibacter sp903858475, 95.0, 76.22, 0.095; GCA_018882645.1, s__Ferruginibacter sp018882645, 95.0, 76.19, 0.056; GCA_016721725.1, s__Ferruginibacter sp016721725, 95.0, 76.13, 0.084; GCA_023417815.1, s__Ferruginibacter sp023417815, 95.0, 76.11, 0.042; GCA_903837525.1, s__Ferruginibacter sp903837525, 95.0, 76.11, 0.145; GCF_024343615.1, s__Ferruginibacter sp024343615, 95.0, 76.1, 0.103; GCA_023422565.1, s__Ferruginibacter sp023422565, 95.0, 76.08, 0.064; GCA_019638485.1, s__Ferruginibacter sp019638485, 95.0, 76.05, 0.038; GCA_018268185.1, s__Ferruginibacter sp018268185, 95.0, 76.03, 0.086; GCA_016699815.1, s__Ferruginibacter sp002381005, 95.0, 76.02, 0.107; GCA_018266715.1, s__Ferruginibacter sp018266715, 95.0, 76.02, 0.095; GCA_014379625.1, s__Ferruginibacter sp014379625, 95.0, 76.0, 0.126; GCA_019638635.1, s__Ferruginibacter sp019638635, 95.0, 75.98, 0.062; GCA_002343985.1, s__Ferruginibacter sp002343985, 95.0, 75.96, 0.061; GCA_903831575.1, s__Ferruginibacter sp903831575, 95.0, 75.95, 0.08; GCA_017303335.1, s__Ferruginibacter sp017303335, 95.0, 75.95, 0.116; GCA_903871575.1, s__Ferruginibacter sp903871575, 95.0, 75.95, 0.085; GCA_023433345.1, s__Ferruginibacter sp023433345, 95.0, 75.95, 0.053; GCA_009885535.1, s__Ferruginibacter sp009885535, 95.0, 75.91, 0.07; GCA_013298665.1, s__Ferruginibacter sp013298665, 95.0, 75.9, 0.047; GCA_001898465.1, s__Ferruginibacter sp001898465, 95.0, 75.86, 0.118; GCA_013141435.1, s__Ferruginibacter sp013141435, 95.0, 75.84, 0.087; GCA_945870835.1, s__Ferruginibacter pinensis_A, 95.0, 75.79, 0.08; GCA_945872815.1, s__Ferruginibacter pinensis_C, 95.0, 75.74, 0.08; GCA_018266615.1, s__Ferruginibacter sp018266615, 95.0, 75.7, 0.069; GCA_003534175.1, s__Ferruginibacter sp003534175, 95.0, 75.66, 0.067; GCA_018268175.1, s__Ferruginibacter sp018268175, 95.0, 75.66, 0.068; GCA_023390215.1, s__Ferruginibacter sp023390215, 95.0, 75.32, 0.056	65.28	11	0.97285	Genome not assigned to closest species as it falls outside its pre-defined ANI radius
V2_EKDN230028454-1A_HKTTNDSX7_L4.18	d__Bacteria;p__Pseudomonadota;c__Gammaproteobacteria;o__Pseudomonadales;f__Moraxellaceae;g__Moraxella_A;s__Moraxella_A sp002478835	GCF_009867135.1	95.0237	d__Bacteria;p__Pseudomonadota;c__Gammaproteobacteria;o__Pseudomonadales;f__Moraxellaceae;g__Moraxella_A;s__Moraxella_A sp002478835	97.37	0.971	N/A	N/A	N/A	N/A	N/A	N/A	ani_screen	classification based on ANI only	GCF_001553955.1, s__Moraxella_A osloensis, 95.0237, 95.29, 0.932; GCA_014647715.1, s__Moraxella_A cinereus, 95.0, 95.16, 0.922	N/A	N/A	N/A	N/A
V2_EKDN230028454-1A_HKTTNDSX7_L4.19	d__Bacteria;p__Pseudomonadota;c__Gammaproteobacteria;o__Burkholderiales;f__Burkholderiaceae_B;g__Giesbergeria;s__Giesbergeria metamorpha	GCF_004341365.1	95.0	d__Bacteria;p__Pseudomonadota;c__Gammaproteobacteria;o__Burkholderiales;f__Burkholderiaceae_B;g__Giesbergeria;s__Giesbergeria metamorpha	98.3	0.908	N/A	N/A	N/A	N/A	N/A	N/A	ani_screen	classification based on ANI only	N/A	N/A	N/A	N/A	N/A
V2_EKDN230028454-1A_HKTTNDSX7_L4.23	d__Bacteria;p__Actinomycetota;c__Actinomycetia;o__Propionibacteriales;f__Propionibacteriaceae;g__Brevilactibacter;s__Brevilactibacter flavus	GCF_004126535.1	95.0	d__Bacteria;p__Actinomycetota;c__Actinomycetia;o__Propionibacteriales;f__Propionibacteriaceae;g__Brevilactibacter;s__Brevilactibacter flavus	98.65	0.951	N/A	N/A	N/A	N/A	N/A	N/A	ani_screen	classification based on ANI only	N/A	N/A	N/A	N/A	N/A
V2_EKDN230028454-1A_HKTTNDSX7_L4.31	d__Bacteria;p__Pseudomonadota;c__Gammaproteobacteria;o__Burkholderiales;f__Methylophilaceae;g__Methylotenera;s__	N/A	N/A	N/A	N/A	N/A	GCF_000093025.1	95.0	d__Bacteria;p__Pseudomonadota;c__Gammaproteobacteria;o__Burkholderiales;f__Methylophilaceae;g__Methylotenera;s__Methylotenera versatilis	80.79	0.501	d__Bacteria;p__Pseudomonadota;c__Gammaproteobacteria;o__Burkholderiales;f__Methylophilaceae;g__Methylotenera;s__	taxonomic classification defined by topology and ANI	classification based on placement in class-level tree	GCA_013141425.1, s__Methylotenera sp013141425, 95.0, 79.15, 0.383; GCA_013141075.1, s__Methylotenera sp013141075, 95.0, 78.82, 0.357; GCA_009693255.1, s__Methylotenera sp009693255, 95.0, 78.52, 0.414; GCA_903833595.1, s__Methylotenera sp903833595, 95.0, 78.37, 0.317; GCA_903854305.1, s__Methylotenera sp903854305, 95.0, 78.34, 0.306; GCA_903882525.1, s__Methylotenera sp903882525, 95.0, 78.31, 0.275; GCA_014378495.1, s__Methylotenera sp014378495, 95.0, 78.3, 0.256; GCF_000384255.1, s__Methylotenera mobilis_B, 95.0, 78.27, 0.198; GCA_903838125.1, s__Methylotenera sp903838125, 95.0, 78.21, 0.278; GCA_001803395.1, s__Methylotenera sp001803395, 95.0, 78.19, 0.313; GCA_013141495.1, s__Methylotenera sp013141495, 95.0, 78.17, 0.265; GCA_002842195.1, s__Methylotenera sp002842195, 95.0, 78.17, 0.336; GCA_903846555.1, s__Methylotenera sp903846555, 95.0, 78.15, 0.313; GCF_000744605.1, s__Methylotenera sp000744605, 95.0, 78.12, 0.218; GCA_013816325.1, s__Methylotenera sp013816325, 95.0, 78.09, 0.2; GCA_002281815.1, s__Methylotenera sp002281815, 95.0, 78.05, 0.241; GCA_021738125.1, s__Methylotenera sp021738125, 95.0, 78.03, 0.303; GCA_002429455.1, s__Methylotenera sp002429455, 95.0, 77.95, 0.258; GCA_903926935.1, s__Methylotenera sp903926935, 95.0, 77.94, 0.315; GCF_000023705.1, s__Methylotenera mobilis, 95.0, 77.92, 0.203; GCF_004661485.1, s__Methylotenera oryzisoli, 95.0, 77.9, 0.212; GCA_013140755.1, s__Methylotenera sp013140755, 95.0, 77.87, 0.231; GCA_903951385.1, s__Methylotenera sp903951385, 95.0, 77.85, 0.28; GCA_903860085.1, s__Methylotenera sp903860085, 95.0, 77.79, 0.314; GCA_903876765.1, s__Methylotenera sp903876765, 95.0, 77.74, 0.289; GCA_002842285.1, s__Methylotenera sp002842285, 95.0, 77.7, 0.154; GCA_020035195.1, s__Methylotenera sp020035195, 95.0, 77.66, 0.228; GCF_000799735.1, s__Methylotenera sp000799735, 95.0, 77.51, 0.125; GCA_020622105.1, s__Methylotenera sp020622105, 95.0, 77.48, 0.177; GCA_023259635.1, s__Methylotenera sp023259635, 95.0, 77.42, 0.174; GCA_005791685.1, s__Methylotenera sp005791685, 95.0, 77.28, 0.212; GCA_005777825.1, s__Methylotenera sp005777825, 95.0, 77.23, 0.196; GCA_016867975.1, s__Methylotenera sp016867975, 95.0, 77.21, 0.187; GCA_002928535.1, s__Methylotenera sp002928535, 95.0, 77.2, 0.151	88.76	11	0.98408	Genome not assigned to closest species as it falls outside its pre-defined ANI radius
V2_EKDN230028454-1A_HKTTNDSX7_L4.33	d__Bacteria;p__Synergistota;c__Synergistia;o__Synergistales;f__Synergistaceae;g__;s__	N/A	N/A	N/A	N/A	N/A	N/A	N/A	N/A	N/A	N/A	d__Bacteria;p__Synergistota;c__Synergistia;o__Synergistales;f__Synergistaceae;g__;s__	taxonomic novelty determined using RED	classification based on placement in class-level tree	N/A	67.45	11	0.87136	N/A
V2_EKDN230028454-1A_HKTTNDSX7_L4.43	d__Bacteria;p__Bacillota;c__Bacilli;o__Lactobacillales;f__Streptococcaceae;g__Streptococcus;s__Streptococcus suis_AA	GCF_022354845.1	95.1545	d__Bacteria;p__Bacillota;c__Bacilli;o__Lactobacillales;f__Streptococcaceae;g__Streptococcus;s__Streptococcus suis_AA	98.38	0.848	N/A	N/A	N/A	N/A	N/A	N/A	ani_screen	classification based on ANI only	GCF_021654455.1, s__Streptococcus parasuis, 95.1545, 95.59, 0.834	N/A	N/A	N/A	N/A
V2_EKDN230028454-1A_HKTTNDSX7_L4.47	d__Bacteria;p__Pseudomonadota;c__Gammaproteobacteria;o__Burkholderiales;f__Burkholderiaceae;g__CTSOIL-112;s__CTSOIL-112 sp017986195	GCA_017986195.1	95.0	d__Bacteria;p__Pseudomonadota;c__Gammaproteobacteria;o__Burkholderiales;f__Burkholderiaceae;g__CTSOIL-112;s__CTSOIL-112 sp017986195	97.72	0.787	N/A	N/A	N/A	N/A	N/A	N/A	ani_screen	classification based on ANI only	N/A	N/A	N/A	N/A	N/A
V2_EKDN230028454-1A_HKTTNDSX7_L4.51	d__Bacteria;p__Actinomycetota;c__Actinomycetia;o__Actinomycetales;f__Bifidobacteriaceae;g__Bifidobacterium;s__Bifidobacterium adolescentis	GCF_000010425.1	95.0	d__Bacteria;p__Actinomycetota;c__Actinomycetia;o__Actinomycetales;f__Bifidobacteriaceae;g__Bifidobacterium;s__Bifidobacterium adolescentis	98.98	0.949	N/A	N/A	N/A	N/A	N/A	N/A	ani_screen	classification based on ANI only	N/A	N/A	N/A	N/A	N/A
V2_EKDN230028454-1A_HKTTNDSX7_L4.57	d__Bacteria;p__Pseudomonadota;c__Gammaproteobacteria;o__Burkholderiales;f__Burkholderiaceae_B;g__Comamonas;s__Comamonas denitrificans_A	GCF_017368815.1	95.0	d__Bacteria;p__Pseudomonadota;c__Gammaproteobacteria;o__Burkholderiales;f__Burkholderiaceae_B;g__Comamonas;s__Comamonas denitrificans_A	98.03	0.858	N/A	N/A	N/A	N/A	N/A	N/A	ani_screen	classification based on ANI only	N/A	N/A	N/A	N/A	N/A
V2_EKDN230028454-1A_HKTTNDSX7_L4.68	d__Bacteria;p__Actinomycetota;c__Actinomycetia;o__Propionibacteriales;f__Propionibacteriaceae;g__Brevilactibacter;s__	N/A	N/A	N/A	N/A	N/A	GCF_004126535.1	95.0	d__Bacteria;p__Actinomycetota;c__Actinomycetia;o__Propionibacteriales;f__Propionibacteriaceae;g__Brevilactibacter;s__Brevilactibacter flavus	83.57	0.66	d__Bacteria;p__Actinomycetota;c__Actinomycetia;o__Propionibacteriales;f__Propionibacteriaceae;g__Brevilactibacter;s__	taxonomic classification defined by topology and ANI	classification based on placement in class-level tree	GCF_011393335.1, s__Brevilactibacter coleopterorum, 95.0, 81.95, 0.623; GCF_017569205.1, s__Brevilactibacter sp014164685, 95.0, 79.84, 0.441; GCF_004324755.1, s__Brevilactibacter sinopodophylli, 95.0, 79.81, 0.424; GCA_012838755.1, s__Brevilactibacter sp012838755, 95.0, 79.53, 0.433; GCA_016711325.1, s__Brevilactibacter sp016711325, 95.0, 79.45, 0.355; GCF_014858005.1, s__Brevilactibacter soli, 95.0, 78.94, 0.385	80.62	11	0.99066	Genome not assigned to closest species as it falls outside its pre-defined ANI radius
V2_EKDN230028454-1A_HKTTNDSX7_L4.77	d__Bacteria;p__Pseudomonadota;c__Gammaproteobacteria;o__Xanthomonadales;f__Xanthomonadaceae;g__Thermomonas;s__	N/A	N/A	N/A	N/A	N/A	GCF_020034655.1	95.0	d__Bacteria;p__Pseudomonadota;c__Gammaproteobacteria;o__Xanthomonadales;f__Xanthomonadaceae;g__Thermomonas;s__Thermomonas beijingensis	87.91	0.903	d__Bacteria;p__Pseudomonadota;c__Gammaproteobacteria;o__Xanthomonadales;f__Xanthomonadaceae;g__Thermomonas;s__	taxonomic classification defined by topology and ANI	classification based on placement in class-level tree	GCA_018262705.1, s__Thermomonas sp018262705, 95.0, 80.3, 0.442; GCF_024498955.1, s__Thermomonas sp024498955, 95.0, 79.89, 0.591; GCF_014395425.1, s__Thermomonas brevis, 95.0, 79.57, 0.601; GCF_014678725.1, s__Thermomonas sp014678725, 95.0, 79.46, 0.578; GCF_000423885.1, s__Thermomonas fusca, 95.0, 79.45, 0.586; GCA_021821195.1, s__Thermomonas sp021821195, 95.0, 79.36, 0.615; GCA_024711415.1, s__Thermomonas sp024711415, 95.0, 79.22, 0.405; GCF_004346265.1, s__Thermomonas haemolytica, 95.0, 79.16, 0.527; GCA_019104945.1, s__Thermomonas sp019104945, 95.0, 79.02, 0.455; GCF_024704365.1, s__Thermomonas sp017305095, 95.0, 78.84, 0.521; GCA_018242365.1, s__Thermomonas sp018242365, 95.0, 78.69, 0.469; GCF_011302915.1, s__Thermomonas sp011302915, 95.0, 78.68, 0.475; GCF_006337105.1, s__Thermomonas aquatica, 95.0, 78.66, 0.519; GCA_016720345.1, s__Thermomonas sp016720345, 95.0, 78.58, 0.459; GCA_020850895.1, s__Thermomonas sp020850895, 95.0, 78.52, 0.37; GCF_022419205.1, s__Thermomonas alba, 95.0, 78.48, 0.457; GCA_023953935.1, s__Thermomonas sp023953935, 95.0, 78.46, 0.401; GCF_014396975.1, s__Thermomonas carbonis, 95.0, 78.32, 0.451; GCA_023388715.1, s__Thermomonas sp023388715, 95.0, 78.28, 0.342; GCA_017302075.1, s__Thermomonas sp017302075, 95.0, 78.19, 0.393; GCF_900129205.1, s__Thermomonas hydrothermalis, 95.0, 78.18, 0.407; GCF_022419185.1, s__Thermomonas flagellata, 95.0, 78.05, 0.379; GCA_017302095.1, s__Thermomonas sp017302095, 95.0, 78.03, 0.27	71.9	11	0.99383	Genome not assigned to closest species as it falls outside its pre-defined ANI radius
V2_EKDN230028454-1A_HKTTNDSX7_L4.8	d__Bacteria;p__Bacillota;c__Bacilli;o__Lactobacillales;f__Streptococcaceae;g__Streptococcus;s__	N/A	N/A	N/A	N/A	N/A	GCF_000377005.1	95.0	d__Bacteria;p__Bacillota;c__Bacilli;o__Lactobacillales;f__Streptococcaceae;g__Streptococcus;s__Streptococcus minor	80.92	0.552	d__Bacteria;p__Bacillota;c__Bacilli;o__Lactobacillales;f__Streptococcaceae;g__Streptococcus;s__	taxonomic classification defined by topology and ANI	classification based on placement in class-level tree	GCF_018137985.1, s__Streptococcus oriscaviae, 95.0, 82.56, 0.367; GCF_000372425.1, s__Streptococcus ferus, 95.0, 81.14, 0.189; GCA_945864085.1, s__Streptococcus sp945864085, 95.0, 80.6, 0.305; GCF_902702775.1, s__Streptococcus suis_W, 95.2533, 79.33, 0.29; GCF_002960425.1, s__Streptococcus suis_S, 95.0, 79.25, 0.296; GCF_000440115.1, s__Streptococcus suis_L, 95.0, 79.17, 0.292; GCF_002960445.1, s__Streptococcus suis_O, 95.0, 79.16, 0.276; GCA_002831545.1, s__Streptococcus suis_P, 95.0, 79.15, 0.296; GCF_000294495.1, s__Streptococcus suis, 95.2533, 79.1, 0.287; GCF_002760245.1, s__Streptococcus suis_I, 95.0, 79.05, 0.287; GCF_002964045.1, s__Streptococcus suis_U, 95.0, 79.02, 0.287; GCF_002964575.1, s__Streptococcus suis_R, 95.0, 78.97, 0.321; GCF_019794555.1, s__Streptococcus suis_AB, 95.0, 78.92, 0.247; GCF_002960625.1, s__Streptococcus suis_T, 95.0, 78.91, 0.292; GCA_000440235.1, s__Streptococcus suis_F, 95.0, 78.86, 0.283; GCF_016775005.1, s__Streptococcus suis_X, 95.0, 78.82, 0.285; GCF_001375655.1, s__Streptococcus varani, 95.0, 78.78, 0.439; GCF_024509555.1, s__Streptococcus suis_AD, 95.0, 78.76, 0.272; GCF_022354845.1, s__Streptococcus suis_AA, 95.1545, 78.75, 0.223; GCF_021654455.1, s__Streptococcus parasuis, 95.1545, 78.65, 0.225; GCF_024583055.1, s__Streptococcus suis_V, 95.0, 78.64, 0.316; GCF_024509525.1, s__Streptococcus suis_AC, 95.0, 78.51, 0.272; GCF_016743335.1, s__Streptococcus suis_Y, 95.0, 78.33, 0.29; GCF_017601095.1, s__Streptococcus suis_Z, 95.0, 78.23, 0.29; GCA_019794795.1, s__Streptococcus gallolyticus_C, 95.0, 78.23, 0.236; GCF_003609975.1, s__Streptococcus ruminantium, 95.0, 77.93, 0.167; GCF_001182825.2, s__Streptococcus sp001182825, 95.0, 77.91, 0.174; GCF_018499505.1, s__Streptococcus parasanguinis_K, 95.5154, 77.87, 0.127; GCF_000380125.1, s__Streptococcus ovis, 95.0, 77.76, 0.296; GCF_004569635.1, s__Streptococcus sp004569635, 95.0, 77.71, 0.136; GCF_001078705.1, s__Streptococcus sanguinis_D, 95.0, 77.71, 0.169; GCF_003595525.1, s__Streptococcus respiraculi, 95.0, 77.7, 0.178; GCF_001984715.1, s__Streptococcus azizii, 95.0, 77.67, 0.143; GCF_024170225.1, s__Streptococcus gallinaceus, 95.0, 77.62, 0.22; GCF_017639855.1, s__Streptococcus sp013623465, 95.0, 77.61, 0.185; GCF_000963275.1, s__Streptococcus parasanguinis_B, 95.4777, 77.61, 0.149; GCF_009717815.1, s__Streptococcus parasanguinis_F, 95.5452, 77.6, 0.143; GCF_001578875.1, s__Streptococcus sp001578875, 95.0, 77.6, 0.138; GCF_000180035.1, s__Streptococcus parasanguinis_C, 95.0802, 77.6, 0.138; GCF_000164675.2, s__Streptococcus parasanguinis, 95.0, 77.54, 0.151; GCF_012396585.1, s__Streptococcus ovuberis, 95.0, 77.53, 0.147; GCF_001073155.1, s__Streptococcus parasanguinis_D, 95.1996, 77.52, 0.145; GCF_900636475.1, s__Streptococcus anginosus, 95.0, 77.51, 0.082; GCF_001921845.1, s__Streptococcus cuniculi, 95.0, 77.51, 0.227; GCF_001623565.1, s__Streptococcus marmotae, 95.0, 77.51, 0.203; GCF_016648855.1, s__Streptococcus parasanguinis_L, 95.5554, 77.5, 0.143; GCF_902167705.1, s__Streptococcus constellatus_A, 95.0, 77.5, 0.078; GCF_000314795.2, s__Streptococcus sp000314795, 95.0, 77.49, 0.136; GCF_023109675.1, s__Streptococcus parasanguinis_I, 95.423, 77.48, 0.134; GCF_000212855.1, s__Streptococcus sanguinis_A, 95.0, 77.47, 0.165; GCA_934215455.1, s__Streptococcus sp934215455, 95.534, 77.47, 0.114; GCF_000146585.1, s__Streptococcus mitis_AZ, 95.0, 77.43, 0.12; GCF_943193075.1, s__Streptococcus parasanguinis_E, 95.5928, 77.42, 0.125; GCF_016648925.1, s__Streptococcus sp900766505, 95.5928, 77.42, 0.134; GCA_902363395.1, s__Streptococcus sp902363395, 95.0, 77.37, 0.158; GCF_019929185.1, s__Streptococcus parasanguinis_O, 95.3986, 77.37, 0.138; GCA_902373455.1, s__Streptococcus sp902373455, 95.0, 77.37, 0.104; GCF_000507765.1, s__Streptococcus parasanguinis_J, 95.4645, 77.35, 0.134; GCF_019929575.1, s__Streptococcus infantis_L, 95.0, 77.35, 0.134; GCA_018365265.1, s__Streptococcus parasanguinis_G, 95.0331, 77.34, 0.147; GCF_000220065.1, s__Streptococcus sp000220065, 95.0, 77.34, 0.129; GCF_001813675.1, s__Streptococcus sp001813675, 95.3543, 77.34, 0.138; GCA_916439305.1, s__Streptococcus sp916439305, 95.0, 77.31, 0.126; GCF_900635155.1, s__Streptococcus sanguinis_G, 95.0, 77.3, 0.169; GCF_004785935.1, s__Streptococcus rubneri, 95.0, 77.3, 0.149; GCF_004570575.1, s__Streptococcus cuniculi_A, 95.0, 77.26, 0.212; GCF_000187505.1, s__Streptococcus parasanguinis_M, 95.5626, 77.26, 0.151; GCA_001578795.1, s__Streptococcus gordonii_A, 95.0, 77.25, 0.129; GCA_905188195.1, s__Streptococcus parasanguinis_P, 95.4771, 77.25, 0.129; GCF_013343115.1, s__Streptococcus sanguinis_H, 95.0, 77.25, 0.18; GCF_024295625.1, s__Streptococcus sp024295625, 95.5822, 77.24, 0.145; GCF_001813295.1, s__Streptococcus sp001813295, 95.575, 77.24, 0.149; GCF_001074805.1, s__Streptococcus parasanguinis_A, 95.0, 77.23, 0.14; GCF_008727815.1, s__Streptococcus sp008727815, 95.4598, 77.22, 0.138; GCF_001921825.1, s__Streptococcus acidominimus, 95.0, 77.22, 0.194; GCF_000212815.1, s__Streptococcus sanguinis_C, 95.0, 77.21, 0.165; GCF_019930045.1, s__Streptococcus australis_D, 95.0, 77.2, 0.163; GCF_001068775.1, s__Streptococcus pseudopneumoniae_N, 95.0, 77.2, 0.134; GCF_901543175.1, s__Streptococcus australis_A, 95.0, 77.2, 0.138; GCF_000448565.1, s__Streptococcus sp000448565, 95.2003, 77.19, 0.143; GCA_013378335.1, s__Streptococcus sanguinis_I, 95.0, 77.19, 0.178; GCF_003943655.1, s__Streptococcus sanguinis_F, 95.0, 77.18, 0.169; GCF_000963255.1, s__Streptococcus infantis_F, 95.0, 77.14, 0.134; GCA_900546335.1, s__Streptococcus sp900546335, 95.0, 77.14, 0.107; GCF_001553855.1, s__Streptococcus gordonii, 95.0, 77.14, 0.14; GCF_000194945.1, s__Streptococcus sanguinis, 95.0, 77.12, 0.169; GCF_023167545.1, s__Streptococcus constellatus, 95.0, 77.11, 0.076; GCF_003943735.1, s__Streptococcus sanguinis_E, 95.0, 77.11, 0.174; GCA_905372115.1, s__Streptococcus sp905372115, 95.0, 77.11, 0.16; GCA_905221295.1, s__Streptococcus sp905221295, 95.0, 77.07, 0.127; GCA_018377375.1, s__Streptococcus parasanguinis_N, 95.391, 77.01, 0.127; GCA_002436115.1, s__Streptococcus sp002436115, 95.0, 76.97, 0.076; GCF_002096685.1, s__Streptococcus oralis_AD, 95.0, 76.94, 0.127; GCF_001697145.1, s__Streptococcus anginosus_C, 95.0, 76.88, 0.098; GCF_001579175.1, s__Streptococcus oralis_O, 95.0, 76.87, 0.134; GCF_019929225.1, s__Streptococcus sanguinis_J, 95.0, 76.8, 0.203; GCF_002096435.1, s__Streptococcus oralis_AA, 95.0, 76.79, 0.118; GCA_900755085.1, s__Streptococcus sp900755085, 95.0, 76.74, 0.096; GCF_000380085.1, s__Streptococcus merionis, 95.0, 76.63, 0.129	53.74	11	0.98863	Genome not assigned to closest species as it falls outside its pre-defined ANI radius
V2_EKDN230028454-1A_HKTTNDSX7_L4.92	d__Bacteria;p__Actinomycetota;c__Actinomycetia;o__Actinomycetales;f__Bifidobacteriaceae;g__Bifidobacterium;s__Bifidobacterium longum	GCF_000196555.1	95.0	d__Bacteria;p__Actinomycetota;c__Actinomycetia;o__Actinomycetales;f__Bifidobacteriaceae;g__Bifidobacterium;s__Bifidobacterium longum	99.18	0.922	N/A	N/A	N/A	N/A	N/A	N/A	ani_screen	classification based on ANI only	GCF_000269965.1, s__Bifidobacterium infantis, 95.0, 95.29, 0.821	N/A	N/A	N/A	N/A
V3_EKDN230028455-1A_HKTC2DSX7_L4.10	d__Bacteria;p__Bacillota;c__Bacilli;o__Lactobacillales;f__Streptococcaceae;g__Streptococcus;s__Streptococcus suis_AA	GCF_022354845.1	95.1545	d__Bacteria;p__Bacillota;c__Bacilli;o__Lactobacillales;f__Streptococcaceae;g__Streptococcus;s__Streptococcus suis_AA	98.16	0.895	N/A	N/A	N/A	N/A	N/A	N/A	ani_screen	classification based on ANI only	GCF_021654455.1, s__Streptococcus parasuis, 95.1545, 95.42, 0.884	N/A	N/A	N/A	N/A
V3_EKDN230028455-1A_HKTC2DSX7_L4.103	d__Bacteria;p__Bacillota_A;c__Clostridia;o__Clostridiales;f__Clostridiaceae;g__JG1575;s__	N/A	N/A	N/A	N/A	N/A	N/A	N/A	N/A	N/A	N/A	d__Bacteria;p__Bacillota_A;c__Clostridia;o__Clostridiales;f__Clostridiaceae;g__JG1575;s__	ANI	classification based on placement in class-level tree	GCA_024579835.1, s__JG1575 sp024579835, 95.0, 77.39, 0.183; GCA_012511315.1, s__JG1575 sp012511315, 95.0, 76.89, 0.067; GCA_002838815.1, s__JG1575 sp002838815, 95.0, 76.78, 0.061	84.33	11	0.9208	N/A
V3_EKDN230028455-1A_HKTC2DSX7_L4.111	d__Bacteria;p__Bacillota;c__Bacilli;o__Lactobacillales;f__Streptococcaceae;g__Lactococcus_A;s__Lactococcus_A raffinolactis	GCF_001591765.1	95.0	d__Bacteria;p__Bacillota;c__Bacilli;o__Lactobacillales;f__Streptococcaceae;g__Lactococcus_A;s__Lactococcus_A raffinolactis	99.12	0.899	N/A	N/A	N/A	N/A	N/A	N/A	ani_screen	classification based on ANI only	N/A	N/A	N/A	N/A	N/A
V3_EKDN230028455-1A_HKTC2DSX7_L4.112	d__Bacteria;p__Pseudomonadota;c__Gammaproteobacteria;o__Burkholderiales;f__Aquaspirillaceae;g__Rivicola;s__	N/A	N/A	N/A	N/A	N/A	N/A	N/A	N/A	N/A	N/A	d__Bacteria;p__Pseudomonadota;c__Gammaproteobacteria;o__Burkholderiales;f__Aquaspirillaceae;g__Rivicola;s__	taxonomic novelty determined using RED	classification based on placement in class-level tree	N/A	73.45	11	0.90899	N/A
V3_EKDN230028455-1A_HKTC2DSX7_L4.124	d__Bacteria;p__Desulfobacterota;c__Desulfovibrionia;o__Desulfovibrionales;f__Desulfovibrionaceae;g__Desulfovibrio;s__	N/A	N/A	N/A	N/A	N/A	GCA_009929215.1	95.0	d__Bacteria;p__Desulfobacterota;c__Desulfovibrionia;o__Desulfovibrionales;f__Desulfovibrionaceae;g__Desulfovibrio;s__Desulfovibrio sp009929215	94.36	0.871	d__Bacteria;p__Desulfobacterota;c__Desulfovibrionia;o__Desulfovibrionales;f__Desulfovibrionaceae;g__Desulfovibrio;s__	taxonomic classification defined by topology and ANI	classification based on placement in class-level tree	GCA_009712225.1, s__Desulfovibrio sp009712225, 95.0, 88.32, 0.886; GCF_004801255.1, s__Desulfovibrio desulfuricans_C, 95.0, 84.84, 0.814; GCA_023419375.1, s__Desulfovibrio sp023419375, 95.0, 84.51, 0.838; GCF_000420465.1, s__Desulfovibrio desulfuricans, 95.0, 84.16, 0.849; GCF_022508225.1, s__Desulfovibrio sp022508225, 95.0, 84.11, 0.822; GCA_019422935.1, s__Desulfovibrio sp019422935, 95.0, 84.1, 0.838; GCA_003251995.1, s__Desulfovibrio desulfuricans_B, 95.0, 82.57, 0.596; GCF_902702915.1, s__Desulfovibrio sp900095395, 95.0, 79.08, 0.478; GCA_002237645.1, s__Desulfovibrio sp002237645, 95.0, 79.0, 0.486; GCA_905214305.1, s__Desulfovibrio sp905214305, 95.0, 78.76, 0.415; GCF_900102485.1, s__Desulfovibrio legallii_A, 95.0, 78.56, 0.427; GCA_019424165.1, s__Desulfovibrio sp019424165, 95.0, 78.42, 0.394; GCF_014202345.1, s__Desulfovibrio intestinalis, 95.0, 78.38, 0.388; GCF_900243745.1, s__Desulfovibrio sp900243745, 95.0, 78.3, 0.399; GCA_015062205.1, s__Desulfovibrio desulfuricans_D, 95.0, 78.25, 0.379; GCF_004309735.1, s__Desulfovibrio legallii, 95.0, 78.23, 0.38; GCF_009696265.1, s__Desulfovibrio porci, 95.0, 78.21, 0.358; GCF_001553605.1, s__Desulfovibrio fairfieldensis, 95.0, 78.21, 0.347; GCA_910575755.1, s__Desulfovibrio sp910575755, 95.0, 77.82, 0.297; GCF_000156375.1, s__Desulfovibrio piger, 95.0439, 77.71, 0.244; GCF_012843875.1, s__Desulfovibrio sp900556755, 95.0439, 77.6, 0.233; GCF_900116045.1, s__Desulfovibrio piger_A, 95.0, 77.54, 0.254; GCA_000403945.1, s__Desulfovibrio sp000403945, 95.0, 77.54, 0.235; GCF_003860215.1, s__Desulfovibrio sp003860215, 95.0, 77.45, 0.278; GCA_945871415.1, s__Desulfovibrio sp945871415, 95.0, 77.41, 0.175; GCA_944324505.1, s__Desulfovibrio sp944324505, 95.0, 77.37, 0.208; GCA_944324525.1, s__Desulfovibrio sp944324525, 95.0, 77.3, 0.197; GCA_017415765.1, s__Desulfovibrio sp017415765, 95.0, 77.3, 0.188; GCF_011039085.1, s__Desulfovibrio sp011039085, 95.0, 77.26, 0.292; GCA_905215675.1, s__Desulfovibrio sp905215675, 95.0, 77.2, 0.175; GCA_944324935.1, s__Desulfovibrio sp944324935, 95.0, 77.18, 0.197; GCA_944327285.1, s__Desulfovibrio sp944327285, 95.0, 77.17, 0.188; GCA_019114565.1, s__Desulfovibrio intestinigallinarum, 95.0, 77.15, 0.189; GCA_019118345.1, s__Desulfovibrio intestinavium, 95.0, 77.13, 0.222; GCA_014803725.1, s__Desulfovibrio sp014803725, 95.0, 77.05, 0.161; GCA_944327235.1, s__Desulfovibrio sp944327235, 95.0, 77.04, 0.175; GCA_014804965.1, s__Desulfovibrio sp014804965, 95.0, 76.99, 0.155; GCA_019118745.1, s__Desulfovibrio gallistercoris, 95.0, 76.99, 0.213; GCA_900547595.1, s__Desulfovibrio sp900547595, 95.0, 76.92, 0.188; GCF_011039135.1, s__Desulfovibrio sp011039135, 95.0, 76.85, 0.174; GCA_944327045.1, s__Desulfovibrio sp944327045, 95.0, 76.85, 0.16; GCA_910584445.1, s__Desulfovibrio sp910584445, 95.0, 76.74, 0.185; GCA_944324555.1, s__Desulfovibrio sp944324555, 95.0, 76.69, 0.177; GCA_900319575.1, s__Desulfovibrio sp900319575, 95.0, 76.65, 0.043; GCA_014804905.1, s__Desulfovibrio sp014804905, 95.0, 76.64, 0.132; GCA_905235595.1, s__Desulfovibrio sp905235595, 95.0, 76.62, 0.11; GCA_017396005.1, s__Desulfovibrio sp017396005, 95.0, 76.54, 0.12; GCA_934546745.1, s__Desulfovibrio sp934546745, 95.0, 76.53, 0.145; GCA_017613295.1, s__Desulfovibrio sp017613295, 95.0, 76.52, 0.147; GCA_017454855.1, s__Desulfovibrio sp017454855, 95.0, 76.39, 0.125; GCA_002369295.1, s__Desulfovibrio sp002369295, 95.0, 76.38, 0.073; GCA_017613715.1, s__Desulfovibrio sp017613715, 95.0, 76.36, 0.041; GCA_017454325.1, s__Desulfovibrio sp017454325, 95.0, 76.34, 0.126; GCA_016284885.1, s__Desulfovibrio sp016284885, 95.0, 76.29, 0.08; GCA_944327295.1, s__Desulfovibrio sp944327295, 95.0, 76.25, 0.096; GCA_019113165.1, s__Desulfovibrio intestinipullorum, 95.0, 76.18, 0.096; GCA_944327095.1, s__Desulfovibrio sp944327095, 95.0, 76.17, 0.066; GCA_900546145.1, s__Desulfovibrio sp900546145, 95.0, 76.14, 0.046; GCA_024699605.1, s__Desulfovibrio sp024699605, 95.0, 76.08, 0.043; GCA_024692205.1, s__Desulfovibrio sp024692205, 95.0, 76.08, 0.068; GCA_009773975.1, s__Desulfovibrio sp009773975, 95.0, 76.08, 0.068; GCF_002355955.1, s__Desulfovibrio trichonymphae, 95.0, 76.05, 0.079; GCA_014804865.1, s__Desulfovibrio sp014804865, 95.0, 76.01, 0.022; GCF_002159665.1, s__Desulfovibrio faecigallinarum, 95.0, 75.98, 0.052; GCA_013374015.1, s__Desulfovibrio kirbyi, 95.0, 75.79, 0.075; GCA_017528345.1, s__Desulfovibrio sp017528345, 95.0, 75.79, 0.065; GCA_024683955.1, s__Desulfovibrio sp024683955, 95.0, 75.77, 0.025; GCA_014804915.1, s__Desulfovibrio sp014804915, 95.0, 75.69, 0.033; GCA_017454105.1, s__Desulfovibrio sp017454105, 95.0, 75.64, 0.032; GCA_017450275.1, s__Desulfovibrio sp017450275, 95.0, 75.64, 0.032; GCA_910587035.1, s__Desulfovibrio sp910587035, 95.0, 75.35, 0.052; GCA_017454005.1, s__Desulfovibrio sp017454005, 95.0, 75.32, 0.008; GCA_017455745.1, s__Desulfovibrio sp017455745, 95.0, 75.26, 0.012	63.12	11	0.99857	Genome not assigned to closest species as it falls outside its pre-defined ANI radius
V3_EKDN230028455-1A_HKTC2DSX7_L4.130	d__Bacteria;p__Bacillota_A;c__Clostridia;o__Oscillospirales;f__Oscillospiraceae;g__UBA2658;s__	N/A	N/A	N/A	N/A	N/A	GCA_002359425.1	95.0	d__Bacteria;p__Bacillota_A;c__Clostridia;o__Oscillospirales;f__Oscillospiraceae;g__UBA2658;s__UBA2658 sp002359425	80.09	0.639	d__Bacteria;p__Bacillota_A;c__Clostridia;o__Oscillospirales;f__Oscillospiraceae;g__UBA2658;s__	taxonomic classification defined by topology and ANI	classification based on placement in class-level tree	GCA_023386265.1, s__UBA2658 sp023386265, 95.0, 76.62, 0.155; GCA_018385135.1, s__UBA2658 sp018385135, 95.0, 76.36, 0.151; GCA_012719035.1, s__UBA2658 sp012719035, 95.0, 76.35, 0.082; GCA_002841545.1, s__UBA2658 sp002841545, 95.0, 76.28, 0.141; GCA_012729875.1, s__UBA2658 sp012729875, 95.0, 76.14, 0.1; GCA_009929315.1, s__UBA2658 sp009929315, 95.0, 76.05, 0.127; GCA_018053145.1, s__UBA2658 sp018053145, 95.0, 75.8, 0.096; GCA_012516225.1, s__UBA2658 sp012516225, 95.0, 75.57, 0.034; GCA_012728025.1, s__UBA2658 sp012728025, 95.0, 74.91, 0.024	63.12	11	0.97066	Genome not assigned to closest species as it falls outside its pre-defined ANI radius
V3_EKDN230028455-1A_HKTC2DSX7_L4.14	d__Bacteria;p__Bacillota;c__Bacilli;o__Lactobacillales;f__Aerococcaceae;g__Trichococcus;s__Trichococcus flocculiformis	GCF_900113645.1	95.0	d__Bacteria;p__Bacillota;c__Bacilli;o__Lactobacillales;f__Aerococcaceae;g__Trichococcus;s__Trichococcus flocculiformis	98.46	0.928	N/A	N/A	N/A	N/A	N/A	N/A	ani_screen	classification based on ANI only	N/A	N/A	N/A	N/A	N/A
V3_EKDN230028455-1A_HKTC2DSX7_L4.17	d__Bacteria;p__Pseudomonadota;c__Gammaproteobacteria;o__Burkholderiales;f__Methylophilaceae;g__Methylotenera;s__	N/A	N/A	N/A	N/A	N/A	GCF_000093025.1	95.0	d__Bacteria;p__Pseudomonadota;c__Gammaproteobacteria;o__Burkholderiales;f__Methylophilaceae;g__Methylotenera;s__Methylotenera versatilis	80.59	0.525	d__Bacteria;p__Pseudomonadota;c__Gammaproteobacteria;o__Burkholderiales;f__Methylophilaceae;g__Methylotenera;s__	taxonomic classification defined by topology and ANI	classification based on placement in class-level tree	GCA_013141425.1, s__Methylotenera sp013141425, 95.0, 78.87, 0.365; GCA_013141075.1, s__Methylotenera sp013141075, 95.0, 78.7, 0.32; GCA_903854305.1, s__Methylotenera sp903854305, 95.0, 78.26, 0.275; GCA_903833595.1, s__Methylotenera sp903833595, 95.0, 78.24, 0.288; GCA_009693255.1, s__Methylotenera sp009693255, 95.0, 78.18, 0.377; GCA_014378495.1, s__Methylotenera sp014378495, 95.0, 78.05, 0.229; GCA_903926935.1, s__Methylotenera sp903926935, 95.0, 78.02, 0.29; GCA_021738125.1, s__Methylotenera sp021738125, 95.0, 77.91, 0.284; GCA_903846555.1, s__Methylotenera sp903846555, 95.0, 77.89, 0.278; GCA_013141495.1, s__Methylotenera sp013141495, 95.0, 77.88, 0.231; GCA_001803395.1, s__Methylotenera sp001803395, 95.0, 77.85, 0.295; GCA_903882525.1, s__Methylotenera sp903882525, 95.0, 77.84, 0.239; GCF_000384255.1, s__Methylotenera mobilis_B, 95.0, 77.83, 0.181; GCA_903860085.1, s__Methylotenera sp903860085, 95.0, 77.79, 0.26; GCA_002842195.1, s__Methylotenera sp002842195, 95.0, 77.77, 0.315; GCA_002429455.1, s__Methylotenera sp002429455, 95.0, 77.76, 0.23; GCA_903838125.1, s__Methylotenera sp903838125, 95.0, 77.74, 0.26; GCA_903876765.1, s__Methylotenera sp903876765, 95.0, 77.72, 0.253; GCA_002281815.1, s__Methylotenera sp002281815, 95.0, 77.7, 0.224; GCF_004661485.1, s__Methylotenera oryzisoli, 95.0, 77.67, 0.202; GCF_000023705.1, s__Methylotenera mobilis, 95.0, 77.66, 0.178; GCF_000744605.1, s__Methylotenera sp000744605, 95.0, 77.63, 0.19; GCA_903951385.1, s__Methylotenera sp903951385, 95.0, 77.55, 0.248; GCA_013140755.1, s__Methylotenera sp013140755, 95.0, 77.52, 0.209; GCA_013816325.1, s__Methylotenera sp013816325, 95.0, 77.4, 0.174; GCA_002842285.1, s__Methylotenera sp002842285, 95.0, 77.39, 0.138; GCA_005777825.1, s__Methylotenera sp005777825, 95.0, 77.36, 0.169; GCA_002928535.1, s__Methylotenera sp002928535, 95.0, 77.23, 0.139; GCF_000799735.1, s__Methylotenera sp000799735, 95.0, 77.19, 0.106; GCA_020035195.1, s__Methylotenera sp020035195, 95.0, 77.18, 0.206; GCA_020622105.1, s__Methylotenera sp020622105, 95.0, 77.16, 0.17; GCA_005791685.1, s__Methylotenera sp005791685, 95.0, 77.13, 0.188; GCA_023259635.1, s__Methylotenera sp023259635, 95.0, 77.1, 0.152; GCA_016867975.1, s__Methylotenera sp016867975, 95.0, 76.92, 0.151	77.52	11	0.98497	Genome not assigned to closest species as it falls outside its pre-defined ANI radius
V3_EKDN230028455-1A_HKTC2DSX7_L4.18	d__Bacteria;p__Actinomycetota;c__Actinomycetia;o__Actinomycetales;f__Bifidobacteriaceae;g__Bifidobacterium;s__Bifidobacterium longum	GCF_000196555.1	95.0	d__Bacteria;p__Actinomycetota;c__Actinomycetia;o__Actinomycetales;f__Bifidobacteriaceae;g__Bifidobacterium;s__Bifidobacterium longum	99.13	0.964	N/A	N/A	N/A	N/A	N/A	N/A	ani_screen	classification based on ANI only	GCF_000269965.1, s__Bifidobacterium infantis, 95.0, 95.31, 0.882	N/A	N/A	N/A	N/A
V3_EKDN230028455-1A_HKTC2DSX7_L4.32	d__Bacteria;p__Pseudomonadota;c__Gammaproteobacteria;o__Pseudomonadales;f__Moraxellaceae;g__Moraxella_A;s__Moraxella_A sp002478835	GCF_009867135.1	95.0237	d__Bacteria;p__Pseudomonadota;c__Gammaproteobacteria;o__Pseudomonadales;f__Moraxellaceae;g__Moraxella_A;s__Moraxella_A sp002478835	97.32	0.967	N/A	N/A	N/A	N/A	N/A	N/A	ani_screen	classification based on ANI only	GCF_001553955.1, s__Moraxella_A osloensis, 95.0237, 95.15, 0.916	N/A	N/A	N/A	N/A
V3_EKDN230028455-1A_HKTC2DSX7_L4.37	d__Bacteria;p__Bacillota_A;c__Clostridia;o__Clostridiales;f__Clostridiaceae;g__JG1575;s__	N/A	N/A	N/A	N/A	N/A	N/A	N/A	N/A	N/A	N/A	d__Bacteria;p__Bacillota_A;c__Clostridia;o__Clostridiales;f__Clostridiaceae;g__JG1575;s__	ANI	classification based on placement in class-level tree	GCA_012511315.1, s__JG1575 sp012511315, 95.0, 78.41, 0.083; GCA_024579835.1, s__JG1575 sp024579835, 95.0, 78.08, 0.126; GCA_002838815.1, s__JG1575 sp002838815, 95.0, 76.29, 0.065	95.67	11	0.92076	N/A
V3_EKDN230028455-1A_HKTC2DSX7_L4.53	d__Bacteria;p__Bacillota_B;c__Desulfitobacteriia;o__Desulfitobacteriales;f__Desulfitobacteriaceae;g__;s__	N/A	N/A	N/A	N/A	N/A	N/A	N/A	N/A	N/A	N/A	d__Bacteria;p__Bacillota_B;c__Desulfitobacteriia;o__Desulfitobacteriales;f__Desulfitobacteriaceae;g__;s__	taxonomic novelty determined using RED	classification based on placement in class-level tree	N/A	64.11	11	0.86157	N/A
V3_EKDN230028455-1A_HKTC2DSX7_L4.55	d__Bacteria;p__Pseudomonadota;c__Gammaproteobacteria;o__Burkholderiales;f__Burkholderiaceae_B;g__Giesbergeria;s__Giesbergeria metamorpha	GCF_004341365.1	95.0	d__Bacteria;p__Pseudomonadota;c__Gammaproteobacteria;o__Burkholderiales;f__Burkholderiaceae_B;g__Giesbergeria;s__Giesbergeria metamorpha	98.45	0.925	N/A	N/A	N/A	N/A	N/A	N/A	ani_screen	classification based on ANI only	N/A	N/A	N/A	N/A	N/A
V3_EKDN230028455-1A_HKTC2DSX7_L4.57	d__Bacteria;p__Actinomycetota;c__Actinomycetia;o__Propionibacteriales;f__Propionibacteriaceae;g__Propionicimonas;s__	N/A	N/A	N/A	N/A	N/A	GCF_002563675.1	95.0	d__Bacteria;p__Actinomycetota;c__Actinomycetia;o__Propionibacteriales;f__Propionibacteriaceae;g__Propionicimonas;s__Propionicimonas paludicola	85.25	0.806	d__Bacteria;p__Actinomycetota;c__Actinomycetia;o__Propionibacteriales;f__Propionibacteriaceae;g__Propionicimonas;s__	taxonomic classification defined by topology and ANI	classification based on placement in class-level tree	GCA_001603275.1, s__Propionicimonas sp001603275, 95.0, 84.63, 0.816; GCA_020161015.1, s__Propionicimonas sp020161015, 95.0, 80.22, 0.577; GCA_020161755.1, s__Propionicimonas sp020161755, 95.0, 80.21, 0.574; GCA_023460935.1, s__Propionicimonas sp023460935, 95.0, 79.93, 0.527; GCA_002843035.1, s__Propionicimonas sp002843035, 95.0, 79.9, 0.552; GCA_020846255.1, s__Propionicimonas sp020846255, 95.0, 79.82, 0.513; GCA_017306015.1, s__Propionicimonas sp017306015, 95.0, 79.76, 0.572; GCA_002841335.1, s__Propionicimonas sp002841335, 95.0, 79.66, 0.492; GCA_020438595.1, s__Propionicimonas sp020438595, 95.0, 79.55, 0.357; GCA_023393755.1, s__Propionicimonas sp023393755, 95.0, 79.54, 0.485; GCA_002441465.1, s__Propionicimonas sp002441465, 95.0, 79.51, 0.364; GCA_023392635.1, s__Propionicimonas sp023392635, 95.0, 79.47, 0.529; GCA_020161795.1, s__Propionicimonas sp020161795, 95.0, 79.43, 0.438; GCA_023436925.1, s__Propionicimonas sp023436925, 95.0, 79.37, 0.451; GCA_021286985.1, s__Propionicimonas sp021286985, 95.0, 79.35, 0.414; GCA_017882685.1, s__Propionicimonas sp017882685, 95.0, 79.21, 0.433; GCA_023412435.1, s__Propionicimonas sp023412435, 95.0, 78.82, 0.368; GCA_002428365.1, s__Propionicimonas sp002428365, 95.0, 78.63, 0.347; GCA_013791955.1, s__Propionicimonas sp013791955, 95.0, 78.6, 0.382; GCA_023432725.1, s__Propionicimonas sp023432725, 95.0, 78.58, 0.337; GCA_016717345.1, s__Propionicimonas sp016717345, 95.0, 78.54, 0.377; GCA_023437345.1, s__Propionicimonas sp023437345, 95.0, 78.53, 0.372; GCA_023387135.1, s__Propionicimonas sp023387135, 95.0, 78.49, 0.357; GCA_023458095.1, s__Propionicimonas sp023458095, 95.0, 78.25, 0.33; GCA_002482525.1, s__Propionicimonas sp002482525, 95.0, 78.12, 0.323; GCA_003451975.1, s__Propionicimonas sp003451975, 95.0, 77.61, 0.207; GCA_002413345.1, s__Propionicimonas sp002413345, 95.0, 77.13, 0.214; GCA_009778535.1, s__Propionicimonas sp009778535, 95.0, 75.31, 0.019	61.73	11	0.99269	Genome not assigned to closest species as it falls outside its pre-defined ANI radius
V3_EKDN230028455-1A_HKTC2DSX7_L4.62	d__Bacteria;p__Desulfobacterota_F;c__Desulfuromonadia;o__Geobacterales;f__Pseudopelobacteraceae;g__Pseudopelobacter;s__	N/A	N/A	N/A	N/A	N/A	GCA_013377095.1	95.0	d__Bacteria;p__Desulfobacterota_F;c__Desulfuromonadia;o__Geobacterales;f__Pseudopelobacteraceae;g__Pseudopelobacter;s__Pseudopelobacter sp013377095	84.61	0.731	d__Bacteria;p__Desulfobacterota_F;c__Desulfuromonadia;o__Geobacterales;f__Pseudopelobacteraceae;g__Pseudopelobacter;s__	taxonomic classification defined by topology and ANI	classification based on placement in class-level tree	GCF_000015045.1, s__Pseudopelobacter propionicus, 95.0, 79.77, 0.414	85.5	11	0.96165	Genome not assigned to closest species as it falls outside its pre-defined ANI radius
V3_EKDN230028455-1A_HKTC2DSX7_L4.64	d__Bacteria;p__Actinomycetota;c__Actinomycetia;o__Actinomycetales;f__Bifidobacteriaceae;g__Bifidobacterium;s__Bifidobacterium adolescentis	GCF_000010425.1	95.0	d__Bacteria;p__Actinomycetota;c__Actinomycetia;o__Actinomycetales;f__Bifidobacteriaceae;g__Bifidobacterium;s__Bifidobacterium adolescentis	98.8	0.946	N/A	N/A	N/A	N/A	N/A	N/A	ani_screen	classification based on ANI only	N/A	N/A	N/A	N/A	N/A
V3_EKDN230028455-1A_HKTC2DSX7_L4.65	d__Bacteria;p__Bacillota_A;c__Clostridia;o__Peptostreptococcales;f__;g__;s__	N/A	N/A	N/A	N/A	N/A	N/A	N/A	N/A	N/A	N/A	d__Bacteria;p__Bacillota_A;c__Clostridia;o__Peptostreptococcales;f__;g__;s__	taxonomic novelty determined using RED	classification based on placement in class-level tree	N/A	74.98	11	0.60222	N/A
V3_EKDN230028455-1A_HKTC2DSX7_L4.68	d__Bacteria;p__Bacillota_A;c__Clostridia;o__Lutisporales;f__;g__;s__	N/A	N/A	N/A	N/A	N/A	N/A	N/A	N/A	N/A	N/A	d__Bacteria;p__Bacillota_A;c__Clostridia;o__Lutisporales;f__;g__;s__	taxonomic novelty determined using RED	classification based on placement in class-level tree	N/A	81.27	11	0.61358	N/A
V3_EKDN230028455-1A_HKTC2DSX7_L4.71	d__Bacteria;p__Actinomycetota;c__Actinomycetia;o__Propionibacteriales;f__Propionibacteriaceae;g__;s__	N/A	N/A	N/A	N/A	N/A	N/A	N/A	N/A	N/A	N/A	d__Bacteria;p__Actinomycetota;c__Actinomycetia;o__Propionibacteriales;f__Propionibacteriaceae;g__;s__	taxonomic novelty determined using RED	classification based on placement in class-level tree	N/A	90.41	11	0.91232	N/A
V3_EKDN230028455-1A_HKTC2DSX7_L4.72	d__Bacteria;p__Bacillota_A;c__Clostridia;o__Oscillospirales;f__Oscillospiraceae;g__UBA2658;s__	N/A	N/A	N/A	N/A	N/A	GCA_018053145.1	95.0	d__Bacteria;p__Bacillota_A;c__Clostridia;o__Oscillospirales;f__Oscillospiraceae;g__UBA2658;s__UBA2658 sp018053145	82.88	0.588	d__Bacteria;p__Bacillota_A;c__Clostridia;o__Oscillospirales;f__Oscillospiraceae;g__UBA2658;s__	taxonomic classification defined by topology and ANI	classification based on placement in class-level tree	GCA_009929315.1, s__UBA2658 sp009929315, 95.0, 79.47, 0.415; GCA_002841545.1, s__UBA2658 sp002841545, 95.0, 78.69, 0.381; GCA_023386265.1, s__UBA2658 sp023386265, 95.0, 78.69, 0.368; GCA_012719035.1, s__UBA2658 sp012719035, 95.0, 77.39, 0.234; GCA_018385135.1, s__UBA2658 sp018385135, 95.0, 76.77, 0.148; GCA_012728025.1, s__UBA2658 sp012728025, 95.0, 76.68, 0.065; GCA_012516225.1, s__UBA2658 sp012516225, 95.0, 76.47, 0.119; GCA_012729875.1, s__UBA2658 sp012729875, 95.0, 76.33, 0.11; GCA_002359425.1, s__UBA2658 sp002359425, 95.0, 76.1, 0.07	71.36	11	0.98484	Genome not assigned to closest species as it falls outside its pre-defined ANI radius
V3_EKDN230028455-1A_HKTC2DSX7_L4.79	d__Bacteria;p__Actinomycetota;c__Actinomycetia;o__Propionibacteriales;f__Propionibacteriaceae;g__Brevilactibacter;s__	N/A	N/A	N/A	N/A	N/A	GCF_004126535.1	95.0	d__Bacteria;p__Actinomycetota;c__Actinomycetia;o__Propionibacteriales;f__Propionibacteriaceae;g__Brevilactibacter;s__Brevilactibacter flavus	83.84	0.618	d__Bacteria;p__Actinomycetota;c__Actinomycetia;o__Propionibacteriales;f__Propionibacteriaceae;g__Brevilactibacter;s__	taxonomic classification defined by topology and ANI	classification based on placement in class-level tree	GCF_011393335.1, s__Brevilactibacter coleopterorum, 95.0, 81.96, 0.599; GCF_004324755.1, s__Brevilactibacter sinopodophylli, 95.0, 79.92, 0.406; GCF_017569205.1, s__Brevilactibacter sp014164685, 95.0, 79.92, 0.42; GCA_016711325.1, s__Brevilactibacter sp016711325, 95.0, 79.47, 0.346; GCA_012838755.1, s__Brevilactibacter sp012838755, 95.0, 79.4, 0.389; GCF_014858005.1, s__Brevilactibacter soli, 95.0, 78.82, 0.375	79.72	11	0.99101	Genome not assigned to closest species as it falls outside its pre-defined ANI radius
V3_EKDN230028455-1A_HKTC2DSX7_L4.80	d__Bacteria;p__Actinomycetota;c__Actinomycetia;o__Propionibacteriales;f__Propionibacteriaceae;g__Luteococcus;s__	N/A	N/A	N/A	N/A	N/A	GCF_003752415.1	95.0	d__Bacteria;p__Actinomycetota;c__Actinomycetia;o__Propionibacteriales;f__Propionibacteriaceae;g__Luteococcus;s__Luteococcus japonicus	81.31	0.536	d__Bacteria;p__Actinomycetota;c__Actinomycetia;o__Propionibacteriales;f__Propionibacteriaceae;g__Luteococcus;s__	taxonomic classification defined by topology and ANI	classification based on placement in class-level tree	GCA_002387005.1, s__Luteococcus avicola, 95.0, 80.33, 0.38	80.64	11	0.96478	Genome not assigned to closest species as it falls outside its pre-defined ANI radius
V3_EKDN230028455-1A_HKTC2DSX7_L4.83	d__Bacteria;p__Bacillota_A;c__Clostridia;o__Oscillospirales;f__Oscillospiraceae;g__Evtepia;s__	N/A	N/A	N/A	N/A	N/A	GCA_017861415.1	95.0	d__Bacteria;p__Bacillota_A;c__Clostridia;o__Oscillospirales;f__Oscillospiraceae;g__Evtepia;s__Evtepia sp017861415	82.48	0.583	d__Bacteria;p__Bacillota_A;c__Clostridia;o__Oscillospirales;f__Oscillospiraceae;g__Evtepia;s__	taxonomic classification defined by topology and ANI	classification based on placement in class-level tree	GCA_022764045.1, s__Evtepia sp022764045, 95.0, 78.63, 0.269; GCA_004554585.1, s__Evtepia sp004554585, 95.0, 78.56, 0.294; GCA_934597725.1, s__Evtepia sp934597725, 95.0, 78.51, 0.28; GCA_019115545.1, s__Evtepia faecavium, 95.0, 78.5, 0.294; GCA_004551945.1, s__Evtepia sp004551945, 95.0, 78.41, 0.354; GCA_902781745.1, s__Evtepia sp902781745, 95.0, 78.31, 0.249; GCA_019115225.1, s__Evtepia faecigallinarum, 95.0, 78.27, 0.306; GCF_003425665.1, s__Evtepia gabavorous, 95.0, 78.22, 0.254; GCA_900546255.1, s__Evtepia excrementipullorum, 95.0, 78.18, 0.274; GCA_016296565.1, s__Evtepia sp016296565, 95.0, 78.05, 0.297; GCA_934572535.1, s__Evtepia sp934572535, 95.0, 78.04, 0.26; GCA_910578575.1, s__Evtepia sp910578575, 95.0, 77.95, 0.28; GCA_004556345.1, s__Evtepia sp004556345, 95.0, 77.89, 0.266; GCA_021442645.1, s__Evtepia sp021442645, 95.0, 77.75, 0.169; GCA_017435425.1, s__Evtepia sp017435425, 95.0, 77.74, 0.297; GCA_016295225.1, s__Evtepia sp016295225, 95.0, 77.62, 0.251; GCA_900758955.1, s__Evtepia sp900758955, 95.0, 77.48, 0.16; GCA_910584805.1, s__Evtepia sp910584805, 95.0, 77.47, 0.237; GCA_017547425.1, s__Evtepia sp017547425, 95.0, 77.45, 0.191; GCA_000620945.1, s__Evtepia viridis, 95.0, 77.37, 0.189; GCA_017560855.1, s__Evtepia sp017560855, 95.0, 77.36, 0.16; GCA_934567745.1, s__Evtepia sp934567745, 95.0, 77.31, 0.146; GCA_017521345.1, s__Evtepia sp017521345, 95.0, 77.3, 0.231; GCA_017502545.1, s__Evtepia sp017502545, 95.0, 77.23, 0.209; GCA_022792035.1, s__Evtepia sp022792035, 95.0, 76.77, 0.197; GCA_020025735.1, s__Evtepia sp020025735, 95.0, 76.2, 0.071	84.11	11	0.97846	Genome not assigned to closest species as it falls outside its pre-defined ANI radius
V3_EKDN230028455-1A_HKTC2DSX7_L4.87	d__Bacteria;p__Pseudomonadota;c__Gammaproteobacteria;o__Burkholderiales;f__Burkholderiaceae;g__CTSOIL-112;s__CTSOIL-112 sp017986195	GCA_017986195.1	95.0	d__Bacteria;p__Pseudomonadota;c__Gammaproteobacteria;o__Burkholderiales;f__Burkholderiaceae;g__CTSOIL-112;s__CTSOIL-112 sp017986195	97.67	0.765	N/A	N/A	N/A	N/A	N/A	N/A	ani_screen	classification based on ANI only	N/A	N/A	N/A	N/A	N/A
V3_EKDN230028455-1A_HKTC2DSX7_L4.90	d__Bacteria;p__Pseudomonadota;c__Gammaproteobacteria;o__Burkholderiales;f__Methylophilaceae;g__Methylotenera;s__	N/A	N/A	N/A	N/A	N/A	N/A	N/A	N/A	N/A	N/A	d__Bacteria;p__Pseudomonadota;c__Gammaproteobacteria;o__Burkholderiales;f__Methylophilaceae;g__Methylotenera;s__	taxonomic classification defined by topology and ANI	classification based on placement in class-level tree	GCF_000093025.1, s__Methylotenera versatilis, 95.0, 81.21, 0.47; GCA_013141075.1, s__Methylotenera sp013141075, 95.0, 79.58, 0.362; GCA_013141425.1, s__Methylotenera sp013141425, 95.0, 79.11, 0.399; GCA_903854305.1, s__Methylotenera sp903854305, 95.0, 78.85, 0.37; GCA_009693255.1, s__Methylotenera sp009693255, 95.0, 78.84, 0.524; GCA_903833595.1, s__Methylotenera sp903833595, 95.0, 78.77, 0.447; GCA_903926935.1, s__Methylotenera sp903926935, 95.0, 78.67, 0.316; GCA_903846555.1, s__Methylotenera sp903846555, 95.0, 78.46, 0.335; GCF_000744605.1, s__Methylotenera sp000744605, 95.0, 78.4, 0.21; GCA_903882525.1, s__Methylotenera sp903882525, 95.0, 78.4, 0.306; GCA_002842195.1, s__Methylotenera sp002842195, 95.0, 78.33, 0.407; GCA_021738125.1, s__Methylotenera sp021738125, 95.0, 78.31, 0.383; GCA_014378495.1, s__Methylotenera sp014378495, 95.0, 78.28, 0.316; GCA_001803395.1, s__Methylotenera sp001803395, 95.0, 78.27, 0.356; GCA_002429455.1, s__Methylotenera sp002429455, 95.0, 78.23, 0.323; GCA_903838125.1, s__Methylotenera sp903838125, 95.0, 78.22, 0.302; GCA_013141495.1, s__Methylotenera sp013141495, 95.0, 78.22, 0.287; GCF_000384255.1, s__Methylotenera mobilis_B, 95.0, 78.15, 0.211; GCA_903876765.1, s__Methylotenera sp903876765, 95.0, 78.07, 0.35; GCA_903860085.1, s__Methylotenera sp903860085, 95.0, 78.03, 0.279; GCF_000023705.1, s__Methylotenera mobilis, 95.0, 78.03, 0.187; GCA_903951385.1, s__Methylotenera sp903951385, 95.0, 77.91, 0.273; GCF_004661485.1, s__Methylotenera oryzisoli, 95.0, 77.87, 0.212; GCA_013816325.1, s__Methylotenera sp013816325, 95.0, 77.8, 0.176; GCA_002281815.1, s__Methylotenera sp002281815, 95.0, 77.75, 0.241; GCA_020035195.1, s__Methylotenera sp020035195, 95.0, 77.73, 0.249; GCA_013140755.1, s__Methylotenera sp013140755, 95.0, 77.69, 0.242; GCA_002842285.1, s__Methylotenera sp002842285, 95.0, 77.62, 0.154; GCA_020622105.1, s__Methylotenera sp020622105, 95.0, 77.45, 0.182; GCA_005777825.1, s__Methylotenera sp005777825, 95.0, 77.42, 0.23; GCA_005791685.1, s__Methylotenera sp005791685, 95.0, 77.39, 0.253; GCF_000799735.1, s__Methylotenera sp000799735, 95.0, 77.33, 0.138; GCA_023259635.1, s__Methylotenera sp023259635, 95.0, 77.25, 0.163; GCA_016867975.1, s__Methylotenera sp016867975, 95.0, 77.11, 0.157; GCA_002928535.1, s__Methylotenera sp002928535, 95.0, 76.76, 0.131	77.6	11	0.96491	Genome not assigned to closest species as it falls outside its pre-defined ANI radius;Genome has more than 14.2% of markers with multiple hits
V4_EKDN230028456-1A_HKTTNDSX7_L4.101	d__Bacteria;p__Bacillota;c__Bacilli;o__Erysipelotrichales;f__Erysipelotrichaceae;g__UBA2212;s__	N/A	N/A	N/A	N/A	N/A	GCA_021847325.1	95.0	d__Bacteria;p__Bacillota;c__Bacilli;o__Erysipelotrichales;f__Erysipelotrichaceae;g__UBA2212;s__UBA2212 sp021847325	82.94	0.663	d__Bacteria;p__Bacillota;c__Bacilli;o__Erysipelotrichales;f__Erysipelotrichaceae;g__UBA2212;s__	taxonomic classification defined by topology and ANI	classification based on placement in class-level tree	GCA_003543215.1, s__UBA2212 sp003543215, 95.0, 78.05, 0.174; GCA_903847945.1, s__UBA2212 sp903847945, 95.0, 77.94, 0.014; GCA_002402585.1, s__UBA2212 sp002402585, 95.0, 77.7, 0.2; GCA_013334325.1, s__UBA2212 sp013334325, 95.0, 76.84, 0.071; GCA_009773735.1, s__UBA2212 sp009773735, 95.0, 76.75, 0.053; GCA_903919545.1, s__UBA2212 sp903919545, 95.0, 76.28, 0.074	90.86	11	0.98548	Genome not assigned to closest species as it falls outside its pre-defined ANI radius
V4_EKDN230028456-1A_HKTTNDSX7_L4.105	d__Bacteria;p__Bacteroidota;c__Bacteroidia;o__Flavobacteriales;f__Weeksellaceae;g__Kaistella;s__Kaistella chaponensis	GCF_900156725.1	95.0	d__Bacteria;p__Bacteroidota;c__Bacteroidia;o__Flavobacteriales;f__Weeksellaceae;g__Kaistella;s__Kaistella chaponensis	98.41	0.941	N/A	N/A	N/A	N/A	N/A	N/A	ani_screen	classification based on ANI only	N/A	N/A	N/A	N/A	N/A
V4_EKDN230028456-1A_HKTTNDSX7_L4.108	d__Bacteria;p__Bacteroidota;c__Bacteroidia;o__Bacteroidales;f__UBA4417;g__UBA4417;s__	N/A	N/A	N/A	N/A	N/A	N/A	N/A	N/A	N/A	N/A	d__Bacteria;p__Bacteroidota;c__Bacteroidia;o__Bacteroidales;f__UBA4417;g__UBA4417;s__	ANI	classification based on placement in class-level tree	GCA_002389705.1, s__UBA4417 sp002389705, 95.0, 76.92, 0.041; GCA_903887815.1, s__UBA4417 sp903887815, 95.0, 76.73, 0.036; GCA_015657475.1, s__UBA4417 sp015657475, 95.0, 76.67, 0.029; GCA_016707785.1, s__UBA4417 sp016707785, 95.0, 76.66, 0.031; GCA_903913645.1, s__UBA4417 sp903913645, 95.0, 76.53, 0.046; GCA_903917425.1, s__UBA4417 sp903917425, 95.0, 76.48, 0.043; GCA_903946925.1, s__UBA4417 sp903946925, 95.0, 76.48, 0.055; GCA_013376995.1, s__UBA4417 sp013376995, 95.0, 76.46, 0.032; GCA_016707705.1, s__UBA4417 sp016707705, 95.0, 76.46, 0.025; GCA_903879715.1, s__UBA4417 sp903879715, 95.0, 76.36, 0.064; GCA_020048595.1, s__UBA4417 sp020048595, 95.0, 76.3, 0.029; GCA_903822525.1, s__UBA4417 sp903822525, 95.0, 76.28, 0.051; GCA_903878265.1, s__UBA4417 sp903878265, 95.0, 76.27, 0.057; GCA_022711175.1, s__UBA4417 sp022711175, 95.0, 76.01, 0.029; GCA_903864265.1, s__UBA4417 sp903864265, 95.0, 75.71, 0.017	94.4	11	0.92156	N/A
V4_EKDN230028456-1A_HKTTNDSX7_L4.11	d__Bacteria;p__Bacillota;c__Bacilli;o__RF39;f__UBA660;g__CAG-1000;s__	N/A	N/A	N/A	N/A	N/A	GCA_934085595.1	95.0	d__Bacteria;p__Bacillota;c__Bacilli;o__RF39;f__UBA660;g__CAG-1000;s__CAG-1000 sp934085595	77.92	0.246	d__Bacteria;p__Bacillota;c__Bacilli;o__RF39;f__UBA660;g__CAG-1000;s__	taxonomic classification defined by topology and ANI	classification based on placement in class-level tree	GCA_900761555.1, s__CAG-1000 sp900761555, 95.0, 78.46, 0.231; GCA_934102215.1, s__CAG-1000 sp934102215, 95.0, 78.11, 0.27; GCA_000434555.1, s__CAG-1000 sp000434555, 95.0, 78.08, 0.258; GCA_934090685.1, s__CAG-1000 sp934090685, 95.0, 78.03, 0.253; GCA_934086315.1, s__CAG-1000 sp934086315, 95.0, 78.02, 0.261; GCA_004552445.1, s__CAG-1000 sp004552445, 95.0, 78.02, 0.25; GCA_022010095.1, s__CAG-1000 sp022010095, 95.0, 78.01, 0.25; GCA_000436975.1, s__CAG-1000 sp000436975, 95.0, 77.99, 0.239; GCA_902778125.1, s__CAG-1000 sp902778125, 95.0, 77.88, 0.267; GCA_012512795.1, s__CAG-1000 sp012512795, 95.0, 77.82, 0.308; GCA_022774645.1, s__CAG-1000 sp022774645, 95.0, 77.8, 0.275; GCA_902775285.1, s__CAG-1000 sp902775285, 95.0, 77.72, 0.272; GCA_902764145.1, s__CAG-1000 sp902764145, 95.0, 77.62, 0.27; GCA_934096235.1, s__CAG-1000 sp934096235, 95.0, 77.62, 0.298; GCA_900768345.1, s__CAG-1000 sp900768345, 95.0, 77.59, 0.275; GCA_004560915.1, s__CAG-1000 sp004560915, 95.0, 77.57, 0.152; GCA_017428485.1, s__CAG-1000 sp017428485, 95.0, 77.52, 0.264; GCA_902761685.1, s__CAG-1000 sp902761685, 95.0, 77.5, 0.275; GCA_017397685.1, s__CAG-1000 sp017397685, 95.0, 77.49, 0.17; GCA_017544525.1, s__CAG-1000 sp017544525, 95.0, 77.44, 0.233; GCA_900556025.1, s__CAG-1000 sp900556025, 95.0, 77.44, 0.267; GCA_016302505.1, s__CAG-1000 sp016302505, 95.0, 77.4, 0.267; GCA_905193755.1, s__CAG-1000 sp905193755, 95.0, 77.37, 0.25; GCA_900313815.1, s__CAG-1000 sp900313815, 95.0, 77.18, 0.25; GCA_017473105.1, s__CAG-1000 sp017473105, 95.0, 77.18, 0.157; GCA_944358375.1, s__CAG-1000 sp944358375, 95.0, 77.07, 0.222; GCA_934088535.1, s__CAG-1000 sp934088535, 95.0, 76.89, 0.203; GCA_900772435.1, s__CAG-1000 sp900772435, 95.0, 76.52, 0.197; GCA_934096785.1, s__CAG-1000 sp934096785, 95.0, 76.45, 0.144; GCA_934095805.1, s__CAG-1000 sp934095805, 95.0, 76.35, 0.19	83.52	11	0.94602	N/A
V4_EKDN230028456-1A_HKTTNDSX7_L4.118	d__Bacteria;p__Actinomycetota;c__Coriobacteriia;o__Coriobacteriales;f__Eggerthellaceae;g__Gordonibacter;s__	N/A	N/A	N/A	N/A	N/A	GCA_023395755.1	95.0	d__Bacteria;p__Actinomycetota;c__Coriobacteriia;o__Coriobacteriales;f__Eggerthellaceae;g__Gordonibacter;s__Gordonibacter sp023395755	85.84	0.783	d__Bacteria;p__Actinomycetota;c__Coriobacteriia;o__Coriobacteriales;f__Eggerthellaceae;g__Gordonibacter;s__	taxonomic classification defined by topology and ANI	classification based on placement in class-level tree	GCA_019113915.1, s__Gordonibacter avicola, 95.0, 78.32, 0.18; GCF_000210055.1, s__Gordonibacter pamelaeae, 95.0, 78.12, 0.193; GCF_003339845.1, s__Gordonibacter sp003339845, 95.0, 78.07, 0.224; GCA_900170005.1, s__Gordonibacter massiliensis, 95.0, 78.01, 0.21; GCF_900199375.1, s__Gordonibacter urolithinfaciens, 95.0, 77.81, 0.215	85.84	11	0.9877	Genome not assigned to closest species as it falls outside its pre-defined ANI radius
V4_EKDN230028456-1A_HKTTNDSX7_L4.119	d__Bacteria;p__Pseudomonadota;c__Alphaproteobacteria;o__Sphingomonadales;f__Sphingomonadaceae;g__Novosphingobium;s__	N/A	N/A	N/A	N/A	N/A	N/A	N/A	N/A	N/A	N/A	d__Bacteria;p__Pseudomonadota;c__Alphaproteobacteria;o__Sphingomonadales;f__Sphingomonadaceae;g__Novosphingobium;s__	ANI	classification based on placement in class-level tree	GCA_016719755.1, s__Novosphingobium sp016719755, 95.0, 78.77, 0.295; GCA_020848655.1, s__Novosphingobium sp020848655, 95.0, 78.56, 0.387; GCF_014652615.1, s__Novosphingobium arvoryzae, 95.0, 78.44, 0.356; GCA_017302615.1, s__Novosphingobium sp017302615, 95.0, 78.42, 0.346; GCF_001014975.1, s__Novosphingobium sp002336885, 95.0, 78.34, 0.282; GCF_001590965.1, s__Novosphingobium lentum, 95.0, 78.32, 0.307; GCA_019748365.1, s__Novosphingobium sp019748365, 95.0, 78.25, 0.219; GCF_020404405.1, s__Novosphingobium sp020404405, 95.0, 78.2, 0.252; GCF_002813245.1, s__Novosphingobium kunmingense, 95.0, 78.17, 0.276; GCF_014652555.1, s__Novosphingobium colocasiae, 95.0, 78.16, 0.311; GCF_002855555.1, s__Novosphingobium sp002855555, 95.0, 78.15, 0.355; GCA_020852455.1, s__Novosphingobium sp020852455, 95.0, 78.14, 0.311; GCF_002198665.1, s__Novosphingobium sp002198665, 95.0, 78.13, 0.29; GCA_015657645.1, s__Novosphingobium sp015657645, 95.0, 78.12, 0.31; GCA_024236215.1, s__Novosphingobium sp024236215, 95.0, 78.12, 0.295; GCF_900113255.1, s__Novosphingobium sp900113255, 95.0, 78.1, 0.257; GCA_001725355.1, s__Novosphingobium sp001725355, 95.0, 78.1, 0.273; GCA_009926135.1, s__Novosphingobium sp009926135, 95.0, 78.07, 0.257; GCA_945906005.1, s__Novosphingobium sp945906005, 95.0, 78.06, 0.278; GCA_002440635.1, s__Novosphingobium sp002440635, 95.0, 78.04, 0.302; GCF_005145025.1, s__Novosphingobium sp005145025, 95.0, 78.04, 0.295; GCF_006874585.1, s__Novosphingobium sp006874585, 95.0, 78.04, 0.301; GCF_001590985.1, s__Novosphingobium naphthalenivorans, 95.0, 78.04, 0.293; GCA_018334165.1, s__Novosphingobium sp018334165, 95.0, 78.03, 0.305; GCA_021299075.1, s__Novosphingobium sp021299075, 95.0, 78.03, 0.309; GCF_020179425.1, s__Novosphingobium percolationis, 95.0, 78.02, 0.279; GCA_018241045.1, s__Novosphingobium sp018241045, 95.0, 78.01, 0.253; GCF_012927405.1, s__Novosphingobium olei, 95.0, 77.98, 0.261; GCF_007991615.1, s__Novosphingobium sediminis, 95.0, 77.96, 0.225; GCF_014230305.1, s__Novosphingobium aerophilum, 95.0, 77.94, 0.265; GCA_025153475.1, s__Novosphingobium sp025153475, 95.0, 77.94, 0.283; GCF_001421325.1, s__Novosphingobium sp001421325, 95.0, 77.93, 0.264; GCF_007954425.1, s__Novosphingobium ginsenosidimutans, 95.0, 77.93, 0.273; GCF_022832385.1, s__Novosphingobium sp022832385, 95.0, 77.91, 0.273; GCF_002556635.1, s__Novosphingobium sp002556635, 95.0, 77.9, 0.289; GCF_000272475.1, s__Novosphingobium sp000272475, 95.0, 77.89, 0.223; GCA_004211435.1, s__Novosphingobium sp004211435, 95.0, 77.88, 0.285; GCA_013791705.1, s__Novosphingobium sp013791705, 95.0, 77.88, 0.307; GCF_022832375.1, s__Novosphingobium sp022832375, 95.0, 77.88, 0.308; GCF_001298105.1, s__Novosphingobium sp001298105, 95.0, 77.86, 0.265; GCF_022832435.1, s__Novosphingobium sp022832435, 95.0, 77.84, 0.255; GCF_014652855.1, s__Novosphingobium pokkalii, 95.0, 77.84, 0.285; GCA_024236175.1, s__Novosphingobium sp024236175, 95.0, 77.82, 0.289; GCA_013141325.1, s__Novosphingobium sp013141325, 95.0, 77.82, 0.358; GCA_021782155.1, s__Novosphingobium sp021782155, 95.0, 77.8, 0.26; GCF_020179475.1, s__Novosphingobium huizhouense, 95.0, 77.79, 0.273; GCA_018240895.1, s__Novosphingobium sp018240895, 95.0, 77.79, 0.309; GCA_013822005.1, s__Novosphingobium sp013822005, 95.0, 77.78, 0.33; GCF_000767465.1, s__Novosphingobium pentaromativorans, 95.0, 77.78, 0.253; GCF_902506425.1, s__Novosphingobium sp902506425, 95.0, 77.75, 0.226; GCA_015661825.1, s__Novosphingobium capsulatum_A, 95.0, 77.75, 0.247; GCF_014640675.1, s__Novosphingobium endophyticum, 95.0, 77.75, 0.295; GCF_004341845.1, s__Novosphingobium sp004341845, 95.0, 77.75, 0.301; GCF_014230355.1, s__Novosphingobium piscinae, 95.0, 77.74, 0.253; GCF_014204535.1, s__Novosphingobium chloroacetimidivorans, 95.0, 77.73, 0.251; GCF_014230315.1, s__Novosphingobium flavum, 95.0, 77.72, 0.242; GCF_900168325.1, s__Novosphingobium mathurense, 95.0, 77.71, 0.261; GCF_000445125.1, s__Novosphingobium lindaniclasticum, 95.0, 77.68, 0.236; GCF_000876675.2, s__Novosphingobium sp000876675, 95.0, 77.68, 0.278; GCF_002896965.1, s__Novosphingobium guangzhouense, 95.0, 77.67, 0.269; GCF_013408095.1, s__Novosphingobium marinum, 95.0, 77.67, 0.241; GCF_002149965.1, s__Novosphingobium panipatense, 95.0, 77.66, 0.285; GCA_002454125.1, s__Novosphingobium sp002454125, 95.0, 77.66, 0.313; GCF_900117425.1, s__Novosphingobium sp900117425, 95.0, 77.64, 0.235; GCF_019075875.1, s__Novosphingobium sp019075875, 95.0, 77.63, 0.327; GCA_017745295.1, s__Novosphingobium sp017745295, 95.0, 77.63, 0.261; GCA_018971065.1, s__Novosphingobium sp018971065, 95.0, 77.62, 0.281; GCF_014645195.1, s__Novosphingobium indicum, 95.0, 77.6, 0.291; GCF_021227995.1, s__Novosphingobium sp021227995, 95.0, 77.59, 0.274; GCF_004342985.1, s__Novosphingobium sp004342985, 95.0, 77.58, 0.289; GCF_000281975.1, s__Novosphingobium sp000281975, 95.0, 77.57, 0.264; GCA_017987575.1, s__Novosphingobium sp017987575, 95.0, 77.56, 0.283; GCF_009746585.1, s__Novosphingobium aquimarinum, 95.0, 77.54, 0.261; GCA_945906105.1, s__Novosphingobium sp945906105, 95.0, 77.54, 0.315; GCF_001046635.1, s__Novosphingobium barchaimii, 95.0, 77.54, 0.262; GCF_014196615.1, s__Novosphingobium fluoreni, 95.0, 77.53, 0.242; GCF_001742225.1, s__Novosphingobium resinovorum, 95.0, 77.53, 0.285; GCF_902706195.1, s__Novosphingobium sp902706195, 95.0, 77.52, 0.269; GCF_001519075.1, s__Novosphingobium fuchskuhlense, 95.0, 77.52, 0.221; GCF_000802225.1, s__Novosphingobium malaysiense, 95.0, 77.5, 0.277; GCF_002916655.1, s__Novosphingobium sp002916655, 95.0, 77.47, 0.189; GCF_009707465.1, s__Novosphingobium sp009707465, 95.0, 77.43, 0.197; GCF_009856825.1, s__Novosphingobium silvae, 95.0, 77.37, 0.229; GCF_020524485.1, s__Novosphingobium profundi_A, 95.0, 77.36, 0.199; GCA_903970225.1, s__Novosphingobium sp903970225, 95.0, 77.35, 0.203; GCA_023266625.1, s__Novosphingobium sp023266625, 95.0, 77.35, 0.25; GCA_024642085.1, s__Novosphingobium sp024642085, 95.0, 77.33, 0.248; GCF_018417475.1, s__Novosphingobium decolorationis, 95.0, 77.32, 0.22; GCA_020446505.1, s__Novosphingobium sp020446505, 95.0, 77.31, 0.221; GCA_903834285.1, s__Novosphingobium sp903834285, 95.0, 77.26, 0.191; GCA_019090585.1, s__Novosphingobium sp019090585, 95.0, 77.23, 0.24; GCF_018491765.1, s__Novosphingobium profundi, 95.0, 77.22, 0.224; GCF_015865035.1, s__Novosphingobium aureum, 95.0, 77.19, 0.225; GCA_019510335.1, s__Novosphingobium sp019510335, 95.0, 77.14, 0.278; GCA_020446575.1, s__Novosphingobium sp020446575, 95.0, 77.14, 0.23; GCA_020446595.1, s__Novosphingobium sp020446595, 95.0, 77.13, 0.239; GCF_008107685.1, s__Novosphingobium sp008107685, 95.0, 77.11, 0.183; GCA_903828025.1, s__Novosphingobium sp903828025, 95.0, 77.11, 0.237; GCA_017302775.1, s__Novosphingobium sp017302775, 95.0, 77.1, 0.175; GCA_903911985.1, s__Novosphingobium sp903911985, 95.0, 76.81, 0.232	86.42	11	0.93229	N/A
V4_EKDN230028456-1A_HKTTNDSX7_L4.12	d__Bacteria;p__Bacteroidota;c__Bacteroidia;o__Flavobacteriales;f__Flavobacteriaceae;g__Flavobacterium;s__Flavobacterium sp017997335	GCA_017997335.1	95.0	d__Bacteria;p__Bacteroidota;c__Bacteroidia;o__Flavobacteriales;f__Flavobacteriaceae;g__Flavobacterium;s__Flavobacterium sp017997335	98.94	0.805	N/A	N/A	N/A	N/A	N/A	N/A	ani_screen	classification based on ANI only	N/A	N/A	N/A	N/A	N/A
V4_EKDN230028456-1A_HKTTNDSX7_L4.125	d__Bacteria;p__Desulfobacterota;c__Desulfobacteria;o__Desulfobacterales;f__Desulforegulaceae;g__Desulforegula;s__	N/A	N/A	N/A	N/A	N/A	GCF_000426225.1	95.0	d__Bacteria;p__Desulfobacterota;c__Desulfobacteria;o__Desulfobacterales;f__Desulforegulaceae;g__Desulforegula;s__Desulforegula conservatrix	92.85	0.906	d__Bacteria;p__Desulfobacterota;c__Desulfobacteria;o__Desulfobacterales;f__Desulforegulaceae;g__Desulforegula;s__	taxonomic classification defined by topology and ANI	classification based on placement in class-level tree	N/A	71.04	11	0.99716	Genome not assigned to closest species as it falls outside its pre-defined ANI radius
V4_EKDN230028456-1A_HKTTNDSX7_L4.126	d__Bacteria;p__Bacillota_A;c__Clostridia;o__Oscillospirales;f__Oscillospiraceae;g__Evtepia;s__	N/A	N/A	N/A	N/A	N/A	GCA_017861415.1	95.0	d__Bacteria;p__Bacillota_A;c__Clostridia;o__Oscillospirales;f__Oscillospiraceae;g__Evtepia;s__Evtepia sp017861415	82.14	0.739	d__Bacteria;p__Bacillota_A;c__Clostridia;o__Oscillospirales;f__Oscillospiraceae;g__Evtepia;s__	taxonomic classification defined by topology and ANI	classification based on placement in class-level tree	GCA_022764045.1, s__Evtepia sp022764045, 95.0, 78.38, 0.242; GCA_004554585.1, s__Evtepia sp004554585, 95.0, 78.31, 0.267; GCA_934572535.1, s__Evtepia sp934572535, 95.0, 78.09, 0.234; GCA_019115545.1, s__Evtepia faecavium, 95.0, 78.08, 0.268; GCA_004551945.1, s__Evtepia sp004551945, 95.0, 78.08, 0.297; GCA_900546255.1, s__Evtepia excrementipullorum, 95.0, 78.07, 0.236; GCA_902781745.1, s__Evtepia sp902781745, 95.0, 78.04, 0.225; GCA_934597725.1, s__Evtepia sp934597725, 95.0, 78.02, 0.276; GCF_003425665.1, s__Evtepia gabavorous, 95.0, 77.95, 0.219; GCA_016295225.1, s__Evtepia sp016295225, 95.0, 77.86, 0.223; GCA_004556345.1, s__Evtepia sp004556345, 95.0, 77.84, 0.212; GCA_019115225.1, s__Evtepia faecigallinarum, 95.0, 77.83, 0.267; GCA_016296565.1, s__Evtepia sp016296565, 95.0, 77.83, 0.255; GCA_910578575.1, s__Evtepia sp910578575, 95.0, 77.76, 0.236; GCA_017435425.1, s__Evtepia sp017435425, 95.0, 77.69, 0.257; GCA_017547425.1, s__Evtepia sp017547425, 95.0, 77.62, 0.167; GCA_000620945.1, s__Evtepia viridis, 95.0, 77.57, 0.185; GCA_021442645.1, s__Evtepia sp021442645, 95.0, 77.55, 0.174; GCA_017502545.1, s__Evtepia sp017502545, 95.0, 77.49, 0.201; GCA_017521345.1, s__Evtepia sp017521345, 95.0, 77.39, 0.197; GCA_900758955.1, s__Evtepia sp900758955, 95.0, 77.39, 0.164; GCA_017560855.1, s__Evtepia sp017560855, 95.0, 77.29, 0.163; GCA_934567745.1, s__Evtepia sp934567745, 95.0, 77.28, 0.146; GCA_910584805.1, s__Evtepia sp910584805, 95.0, 77.23, 0.197; GCA_022792035.1, s__Evtepia sp022792035, 95.0, 77.15, 0.181; GCA_020025735.1, s__Evtepia sp020025735, 95.0, 76.11, 0.09	88.18	11	0.97907	Genome not assigned to closest species as it falls outside its pre-defined ANI radius
V4_EKDN230028456-1A_HKTTNDSX7_L4.127	d__Bacteria;p__Pseudomonadota;c__Gammaproteobacteria;o__Burkholderiales;f__Burkholderiaceae;g__CTSOIL-112;s__CTSOIL-112 sp017986195	GCA_017986195.1	95.0	d__Bacteria;p__Pseudomonadota;c__Gammaproteobacteria;o__Burkholderiales;f__Burkholderiaceae;g__CTSOIL-112;s__CTSOIL-112 sp017986195	97.73	0.793	N/A	N/A	N/A	N/A	N/A	N/A	ani_screen	classification based on ANI only	N/A	N/A	N/A	N/A	N/A
V4_EKDN230028456-1A_HKTTNDSX7_L4.128	d__Bacteria;p__Bacillota_A;c__Clostridia;o__Clostridiales;f__Clostridiaceae;g__JG1575;s__	N/A	N/A	N/A	N/A	N/A	N/A	N/A	N/A	N/A	N/A	d__Bacteria;p__Bacillota_A;c__Clostridia;o__Clostridiales;f__Clostridiaceae;g__JG1575;s__	ANI	classification based on placement in class-level tree	GCA_024579835.1, s__JG1575 sp024579835, 95.0, 78.39, 0.133; GCA_012511315.1, s__JG1575 sp012511315, 95.0, 77.96, 0.077; GCA_002838815.1, s__JG1575 sp002838815, 95.0, 76.51, 0.063	95.69	11	0.92078	N/A
V4_EKDN230028456-1A_HKTTNDSX7_L4.132	d__Bacteria;p__Bacillota;c__Bacilli;o__Lactobacillales;f__Streptococcaceae;g__Streptococcus;s__Streptococcus suis_AA	GCF_022354845.1	95.1545	d__Bacteria;p__Bacillota;c__Bacilli;o__Lactobacillales;f__Streptococcaceae;g__Streptococcus;s__Streptococcus suis_AA	98.4	0.928	N/A	N/A	N/A	N/A	N/A	N/A	ani_screen	classification based on ANI only	GCF_021654455.1, s__Streptococcus parasuis, 95.1545, 95.67, 0.902; GCF_019794555.1, s__Streptococcus suis_AB, 95.0, 95.01, 0.872	N/A	N/A	N/A	N/A
V4_EKDN230028456-1A_HKTTNDSX7_L4.25	d__Bacteria;p__Pseudomonadota;c__Gammaproteobacteria;o__Xanthomonadales;f__Rhodanobacteraceae;g__Dokdonella_A;s__	N/A	N/A	N/A	N/A	N/A	N/A	N/A	N/A	N/A	N/A	d__Bacteria;p__Pseudomonadota;c__Gammaproteobacteria;o__Xanthomonadales;f__Rhodanobacteraceae;g__Dokdonella_A;s__	taxonomic classification defined by topology and ANI	classification based on placement in class-level tree	GCF_014138265.1, s__Dokdonella_A fugitiva_A, 95.0, 84.17, 0.846; GCF_004342425.1, s__Dokdonella_A fugitiva, 95.0, 83.63, 0.813; GCA_009996615.1, s__Dokdonella_A sp009996615, 95.0, 82.07, 0.668; GCA_017744955.1, s__Dokdonella_A sp017744955, 95.0, 81.63, 0.678; GCA_004143945.1, s__Dokdonella_A sp004143945, 95.0, 81.37, 0.638; GCA_023388255.1, s__Dokdonella_A sp023388255, 95.0, 81.28, 0.516; GCA_023430685.1, s__Dokdonella_A sp023430685, 95.0, 80.97, 0.597; GCA_002297645.1, s__Dokdonella_A sp002297645, 95.0, 80.87, 0.586; GCA_003142815.1, s__Dokdonella_A sp003142815, 95.0, 80.18, 0.513; GCA_019634845.1, s__Dokdonella_A sp019634845, 95.0, 79.99, 0.512; GCA_014338185.1, s__Dokdonella_A sp014338185, 95.0, 79.87, 0.519; GCA_023412995.1, s__Dokdonella_A sp023412995, 95.0, 79.87, 0.431; GCA_002632325.1, s__Dokdonella_A sp002632325, 95.0, 79.43, 0.485; GCA_017305135.1, s__Dokdonella_A sp017305135, 95.0, 79.41, 0.477; GCA_019634815.1, s__Dokdonella_A sp019634815, 95.0, 79.14, 0.463; GCA_023228465.1, s__Dokdonella_A sp023228465, 95.0, 79.09, 0.417	71.8	11	0.96054	Genome not assigned to closest species as it falls outside its pre-defined ANI radius
V4_EKDN230028456-1A_HKTTNDSX7_L4.27	d__Bacteria;p__Actinomycetota;c__Actinomycetia;o__Actinomycetales;f__Actinomycetaceae;g__Pauljensenia;s__	N/A	N/A	N/A	N/A	N/A	N/A	N/A	N/A	N/A	N/A	d__Bacteria;p__Actinomycetota;c__Actinomycetia;o__Actinomycetales;f__Actinomycetaceae;g__Pauljensenia;s__	taxonomic classification defined by topology and ANI	classification based on placement in class-level tree	GCF_000820725.1, s__Pauljensenia polynesiensis, 95.0, 81.09, 0.54; GCF_900155435.1, s__Pauljensenia provencensis, 95.0, 80.82, 0.617; GCA_023426345.1, s__Pauljensenia sp023426345, 95.0, 79.92, 0.487; GCA_022649165.1, s__Pauljensenia sp022649165, 95.0, 79.89, 0.497; GCF_900499005.1, s__Pauljensenia culturomici_A, 95.0, 79.36, 0.439; GCF_014208035.1, s__Pauljensenia hyovaginalis, 95.0, 79.29, 0.345; GCF_001746855.1, s__Pauljensenia hongkongensis, 95.0, 79.05, 0.278; GCF_005696695.1, s__Pauljensenia odontolytica_C, 95.0, 78.83, 0.3; GCF_018986735.1, s__Pauljensenia sp018986735, 95.0, 78.81, 0.357; GCF_000429245.1, s__Pauljensenia georgiae, 95.0, 78.73, 0.329; GCA_902373545.1, s__Pauljensenia sp902373545, 95.0, 78.58, 0.256; GCF_009730335.1, s__Pauljensenia odontolytica_A, 95.0, 78.57, 0.274; GCA_001072465.1, s__Pauljensenia sp001072465, 95.0, 78.55, 0.292; GCF_019429565.1, s__Pauljensenia sp018382595, 95.0, 78.54, 0.295; GCF_000466265.1, s__Pauljensenia sp000466265, 95.0, 78.5, 0.292; GCA_916438945.1, s__Pauljensenia sp916438945, 95.0, 78.5, 0.235; GCA_018375675.1, s__Pauljensenia sp018375675, 95.0, 78.49, 0.292; GCA_001064145.1, s__Pauljensenia sp001064145, 95.0, 78.43, 0.29; GCA_015655375.1, s__Pauljensenia sp015655375, 95.0, 78.43, 0.401; GCF_000278725.1, s__Pauljensenia sp000278725, 95.0, 78.41, 0.261; GCA_902373435.1, s__Pauljensenia sp902373435, 95.0, 78.4, 0.23; GCA_001838165.1, s__Pauljensenia sp001838165, 95.0, 78.38, 0.285; GCA_916439125.1, s__Pauljensenia sp916439125, 95.0, 78.36, 0.293; GCF_024584435.1, s__Pauljensenia sp000185285, 95.0, 78.36, 0.264; GCF_002847525.1, s__Pauljensenia odontolytica_B, 95.0, 78.34, 0.304; GCA_000411415.1, s__Pauljensenia sp000411415, 95.0, 78.3, 0.278; GCA_019425105.1, s__Pauljensenia sp019425105, 95.0, 78.24, 0.211; GCF_900155595.1, s__Pauljensenia mediterranea, 95.0, 78.18, 0.268; GCA_916438365.1, s__Pauljensenia sp916438365, 95.0, 78.16, 0.206; GCA_900556405.1, s__Pauljensenia sp900556405, 95.0, 78.14, 0.174; GCF_900445025.1, s__Pauljensenia odontolytica, 95.0, 78.09, 0.249; GCF_900155605.1, s__Pauljensenia marseillensis, 95.0, 77.98, 0.094; GCF_000308055.1, s__Pauljensenia sp000308055, 95.0, 77.87, 0.083; GCF_900128465.1, s__Pauljensenia bouchesdurhonensis, 95.0, 77.84, 0.209; GCF_016405145.1, s__Pauljensenia cardiffensis, 95.0, 77.76, 0.214; GCF_003858455.1, s__Pauljensenia canis, 95.0, 77.74, 0.136; GCF_001070855.1, s__Pauljensenia pyogenes_A, 95.0, 77.7, 0.082; GCA_900541895.1, s__Pauljensenia sp900541895, 95.0, 77.67, 0.075; GCF_011038885.2, s__Pauljensenia sp011038875, 95.0, 77.61, 0.113; GCF_900105015.1, s__Pauljensenia meyeri, 95.0, 77.55, 0.23; GCF_000758755.1, s__Pauljensenia sp000758755, 95.0, 77.5, 0.105; GCF_000429105.1, s__Pauljensenia suimastitidis, 95.0, 77.48, 0.074; GCF_903645355.1, s__Pauljensenia sp903645355, 95.0, 77.38, 0.204; GCF_000296505.1, s__Pauljensenia turicensis, 95.0, 77.37, 0.115; GCA_900554605.1, s__Pauljensenia sp900554605, 95.0, 77.32, 0.07; GCF_000420425.1, s__Pauljensenia vaccimaxillae, 95.0, 77.3, 0.137; GCF_900106055.1, s__Pauljensenia radingae_A, 95.0, 77.16, 0.103; GCA_916719935.1, s__Pauljensenia sp916719935, 95.0, 76.99, 0.062; GCF_021083645.1, s__Pauljensenia sp021083645, 95.0, 76.55, 0.039	76.54	11	0.93368	Genome not assigned to closest species as it falls outside its pre-defined ANI radius
V4_EKDN230028456-1A_HKTTNDSX7_L4.30	d__Bacteria;p__Bacillota;c__Bacilli;o__Erysipelotrichales;f__Erysipelotrichaceae;g__GWE2-51-13;s__	N/A	N/A	N/A	N/A	N/A	N/A	N/A	N/A	N/A	N/A	d__Bacteria;p__Bacillota;c__Bacilli;o__Erysipelotrichales;f__Erysipelotrichaceae;g__GWE2-51-13;s__	taxonomic novelty determined using RED	classification based on placement in class-level tree	N/A	80.56	11	0.90563	N/A
V4_EKDN230028456-1A_HKTTNDSX7_L4.32	d__Bacteria;p__Pseudomonadota;c__Alphaproteobacteria;o__Rhizobiales;f__Hyphomicrobiaceae;g__Hyphomicrobium_B;s__	N/A	N/A	N/A	N/A	N/A	GCF_000143145.1	95.0	d__Bacteria;p__Pseudomonadota;c__Alphaproteobacteria;o__Rhizobiales;f__Hyphomicrobiaceae;g__Hyphomicrobium_B;s__Hyphomicrobium_B denitrificans	86.58	0.833	d__Bacteria;p__Pseudomonadota;c__Alphaproteobacteria;o__Rhizobiales;f__Hyphomicrobiaceae;g__Hyphomicrobium_B;s__	taxonomic classification defined by topology and ANI	classification based on placement in class-level tree	GCF_000230975.2, s__Hyphomicrobium_B denitrificans_A, 95.0, 84.09, 0.756; GCF_000384335.2, s__Hyphomicrobium_B sp000384335, 95.0, 79.37, 0.411; GCF_000253295.1, s__Hyphomicrobium_B sp000253295, 95.0, 79.2, 0.442; GCF_900116175.1, s__Hyphomicrobium_B facile, 95.0, 79.17, 0.434; GCA_018242295.1, s__Hyphomicrobium_B sp018242295, 95.0, 79.04, 0.42; GCA_003987725.1, s__Hyphomicrobium_B sp003987725, 95.0, 79.02, 0.437; GCA_019753045.1, s__Hyphomicrobium_B sp019753045, 95.0, 78.84, 0.446; GCF_013626205.1, s__Hyphomicrobium_B methylovorum, 95.0, 78.8, 0.403; GCA_018242215.1, s__Hyphomicrobium_B sp018242215, 95.0, 78.79, 0.404; GCA_023390485.1, s__Hyphomicrobium_B sp023390485, 95.0, 78.77, 0.309; GCA_003987855.1, s__Hyphomicrobium_B sp003987855, 95.0, 78.76, 0.35; GCA_018242255.1, s__Hyphomicrobium_B sp018242255, 95.0, 78.59, 0.386; GCA_016716675.1, s__Hyphomicrobium_B sp016716675, 95.0, 78.05, 0.28; GCA_017512425.1, s__Hyphomicrobium_B sp017512425, 95.0, 78.03, 0.273; GCA_013141015.1, s__Hyphomicrobium_B sp013141015, 95.0, 77.96, 0.232; GCA_902825785.1, s__Hyphomicrobium_B sp902825785, 95.0, 77.65, 0.245; GCA_016793445.1, s__Hyphomicrobium_B sp016793445, 95.0, 77.48, 0.225; GCA_019748215.1, s__Hyphomicrobium_B sp019748215, 95.0, 77.38, 0.223; GCA_022843145.1, s__Hyphomicrobium_B sp022843145, 95.0, 77.36, 0.212; GCA_021732485.1, s__Hyphomicrobium_B sp021732485, 95.0, 77.32, 0.181; GCA_002928395.1, s__Hyphomicrobium_B sp002928395, 95.0, 77.21, 0.134; GCA_021812845.1, s__Hyphomicrobium_B sp021812845, 95.0, 77.13, 0.169; GCA_002928515.1, s__Hyphomicrobium_B sp002928515, 95.0, 77.02, 0.155; GCA_002928955.1, s__Hyphomicrobium_B sp002928955, 95.0, 76.98, 0.132	81.77	11	0.99191	Genome not assigned to closest species as it falls outside its pre-defined ANI radius
V4_EKDN230028456-1A_HKTTNDSX7_L4.55	d__Bacteria;p__Pseudomonadota;c__Gammaproteobacteria;o__Pseudomonadales;f__Moraxellaceae;g__Moraxella_A;s__Moraxella_A sp002478835	GCF_009867135.1	95.0237	d__Bacteria;p__Pseudomonadota;c__Gammaproteobacteria;o__Pseudomonadales;f__Moraxellaceae;g__Moraxella_A;s__Moraxella_A sp002478835	97.45	0.976	N/A	N/A	N/A	N/A	N/A	N/A	ani_screen	classification based on ANI only	GCF_001553955.1, s__Moraxella_A osloensis, 95.0237, 95.43, 0.929; GCA_014647715.1, s__Moraxella_A cinereus, 95.0, 95.29, 0.915	N/A	N/A	N/A	N/A
V4_EKDN230028456-1A_HKTTNDSX7_L4.6	d__Bacteria;p__Pseudomonadota;c__Alphaproteobacteria;o__Rhizobiales;f__Ancalomicrobiaceae;g__Pinisolibacter;s__	N/A	N/A	N/A	N/A	N/A	GCA_002298965.1	95.0	d__Bacteria;p__Pseudomonadota;c__Alphaproteobacteria;o__Rhizobiales;f__Ancalomicrobiaceae;g__Pinisolibacter;s__Pinisolibacter sp002298965	93.13	0.838	d__Bacteria;p__Pseudomonadota;c__Alphaproteobacteria;o__Rhizobiales;f__Ancalomicrobiaceae;g__Pinisolibacter;s__	taxonomic classification defined by topology and ANI	classification based on placement in class-level tree	GCA_021286855.1, s__Pinisolibacter sp021286855, 95.0, 85.19, 0.694; GCF_019160155.1, s__Pinisolibacter aquiterrae, 95.0, 84.82, 0.698; GCA_012517025.1, s__Pinisolibacter sp012517025, 95.0, 84.65, 0.648	89.75	11	0.992	Genome not assigned to closest species as it falls outside its pre-defined ANI radius
V4_EKDN230028456-1A_HKTTNDSX7_L4.79	d__Bacteria;p__Pseudomonadota;c__Alphaproteobacteria;o__Rs-D84;f__Rs-D84;g__JAFGMC01;s__	N/A	N/A	N/A	N/A	N/A	GCA_016927735.1	95.0	d__Bacteria;p__Pseudomonadota;c__Alphaproteobacteria;o__Rs-D84;f__Rs-D84;g__JAFGMC01;s__JAFGMC01 sp016927735	81.52	0.814	d__Bacteria;p__Pseudomonadota;c__Alphaproteobacteria;o__Rs-D84;f__Rs-D84;g__JAFGMC01;s__	taxonomic classification defined by topology and ANI	classification based on placement in class-level tree	GCA_016927395.1, s__JAFGMC01 sp016927395, 95.0, 79.5, 0.707	68.94	11	0.94422	Genome not assigned to closest species as it falls outside its pre-defined ANI radius
V4_EKDN230028456-1A_HKTTNDSX7_L4.8	d__Bacteria;p__Actinomycetota;c__Actinomycetia;o__Propionibacteriales;f__Propionibacteriaceae;g__;s__	N/A	N/A	N/A	N/A	N/A	N/A	N/A	N/A	N/A	N/A	d__Bacteria;p__Actinomycetota;c__Actinomycetia;o__Propionibacteriales;f__Propionibacteriaceae;g__;s__	taxonomic novelty determined using RED	classification based on placement in class-level tree	N/A	94.22	11	0.91231	N/A
V4_EKDN230028456-1A_HKTTNDSX7_L4.85	d__Bacteria;p__Pseudomonadota;c__Gammaproteobacteria;o__Burkholderiales;f__Methylophilaceae;g__Methylotenera;s__	N/A	N/A	N/A	N/A	N/A	GCF_000093025.1	95.0	d__Bacteria;p__Pseudomonadota;c__Gammaproteobacteria;o__Burkholderiales;f__Methylophilaceae;g__Methylotenera;s__Methylotenera versatilis	80.85	0.51	d__Bacteria;p__Pseudomonadota;c__Gammaproteobacteria;o__Burkholderiales;f__Methylophilaceae;g__Methylotenera;s__	taxonomic classification defined by topology and ANI	classification based on placement in class-level tree	GCA_013141425.1, s__Methylotenera sp013141425, 95.0, 79.17, 0.383; GCA_013141075.1, s__Methylotenera sp013141075, 95.0, 78.89, 0.342; GCA_001803395.1, s__Methylotenera sp001803395, 95.0, 78.41, 0.314; GCA_009693255.1, s__Methylotenera sp009693255, 95.0, 78.4, 0.397; GCA_903833595.1, s__Methylotenera sp903833595, 95.0, 78.39, 0.31; GCA_014378495.1, s__Methylotenera sp014378495, 95.0, 78.36, 0.253; GCA_903926935.1, s__Methylotenera sp903926935, 95.0, 78.34, 0.316; GCF_000384255.1, s__Methylotenera mobilis_B, 95.0, 78.33, 0.199; GCA_002429455.1, s__Methylotenera sp002429455, 95.0, 78.31, 0.246; GCA_903846555.1, s__Methylotenera sp903846555, 95.0, 78.3, 0.307; GCA_013141495.1, s__Methylotenera sp013141495, 95.0, 78.29, 0.255; GCA_903854305.1, s__Methylotenera sp903854305, 95.0, 78.26, 0.293; GCA_903838125.1, s__Methylotenera sp903838125, 95.0, 78.22, 0.268; GCA_903882525.1, s__Methylotenera sp903882525, 95.0, 78.2, 0.273; GCA_002842195.1, s__Methylotenera sp002842195, 95.0, 78.19, 0.325; GCA_013816325.1, s__Methylotenera sp013816325, 95.0, 78.13, 0.188; GCF_000023705.1, s__Methylotenera mobilis, 95.0, 78.11, 0.198; GCF_000744605.1, s__Methylotenera sp000744605, 95.0, 78.1, 0.201; GCA_021738125.1, s__Methylotenera sp021738125, 95.0, 78.08, 0.289; GCF_004661485.1, s__Methylotenera oryzisoli, 95.0, 78.01, 0.212; GCA_002281815.1, s__Methylotenera sp002281815, 95.0, 77.98, 0.237; GCA_013140755.1, s__Methylotenera sp013140755, 95.0, 77.9, 0.233; GCA_903876765.1, s__Methylotenera sp903876765, 95.0, 77.89, 0.266; GCA_903860085.1, s__Methylotenera sp903860085, 95.0, 77.77, 0.292; GCA_023259635.1, s__Methylotenera sp023259635, 95.0, 77.74, 0.168; GCA_002842285.1, s__Methylotenera sp002842285, 95.0, 77.73, 0.149; GCA_020622105.1, s__Methylotenera sp020622105, 95.0, 77.7, 0.183; GCF_000799735.1, s__Methylotenera sp000799735, 95.0, 77.51, 0.124; GCA_020035195.1, s__Methylotenera sp020035195, 95.0, 77.49, 0.217; GCA_903951385.1, s__Methylotenera sp903951385, 95.0, 77.39, 0.259; GCA_005791685.1, s__Methylotenera sp005791685, 95.0, 77.25, 0.188; GCA_002928535.1, s__Methylotenera sp002928535, 95.0, 77.09, 0.145; GCA_016867975.1, s__Methylotenera sp016867975, 95.0, 77.07, 0.179; GCA_005777825.1, s__Methylotenera sp005777825, 95.0, 77.05, 0.177	95.51	11	0.98462	Genome not assigned to closest species as it falls outside its pre-defined ANI radius
V4_EKDN230028456-1A_HKTTNDSX7_L4.86	d__Bacteria;p__Actinomycetota;c__Actinomycetia;o__Actinomycetales;f__Microbacteriaceae;g__Microbacterium;s__Microbacterium paulum	GCF_015707995.1	95.0	d__Bacteria;p__Actinomycetota;c__Actinomycetia;o__Actinomycetales;f__Microbacteriaceae;g__Microbacterium;s__Microbacterium paulum	96.47	0.906	N/A	N/A	N/A	N/A	N/A	N/A	ani_screen	classification based on ANI only	N/A	N/A	N/A	N/A	N/A
V4_EKDN230028456-1A_HKTTNDSX7_L4.9	d__Bacteria;p__Bacillota;c__Bacilli;o__Lactobacillales;f__Aerococcaceae;g__Trichococcus;s__Trichococcus flocculiformis	GCF_900113645.1	95.0	d__Bacteria;p__Bacillota;c__Bacilli;o__Lactobacillales;f__Aerococcaceae;g__Trichococcus;s__Trichococcus flocculiformis	98.62	0.923	N/A	N/A	N/A	N/A	N/A	N/A	ani_screen	classification based on ANI only	N/A	N/A	N/A	N/A	N/A
V4_EKDN230028456-1A_HKTTNDSX7_L4.90	d__Bacteria;p__Pseudomonadota;c__Gammaproteobacteria;o__Burkholderiales;f__Rhodocyclaceae;g__Zoogloea;s__Zoogloea sp021286885	GCA_021286885.1	95.0	d__Bacteria;p__Pseudomonadota;c__Gammaproteobacteria;o__Burkholderiales;f__Rhodocyclaceae;g__Zoogloea;s__Zoogloea sp021286885	97.81	0.802	N/A	N/A	N/A	N/A	N/A	N/A	ani_screen	classification based on ANI only	N/A	N/A	N/A	N/A	N/A
V4_EKDN230028456-1A_HKTTNDSX7_L4.91	d__Bacteria;p__Nitrospirota;c__Nitrospiria;o__Nitrospirales;f__Nitrospiraceae;g__Nitrospira_A;s__	N/A	N/A	N/A	N/A	N/A	GCA_009594995.1	95.0	d__Bacteria;p__Nitrospirota;c__Nitrospiria;o__Nitrospirales;f__Nitrospiraceae;g__Nitrospira_A;s__Nitrospira_A sp009594995	84.8	0.747	d__Bacteria;p__Nitrospirota;c__Nitrospiria;o__Nitrospirales;f__Nitrospiraceae;g__Nitrospira_A;s__	taxonomic classification defined by topology and ANI	classification based on placement in class-level tree	GCA_020853775.1, s__Nitrospira_A sp020853775, 95.0, 83.0, 0.665; GCA_024998595.1, s__Nitrospira_A sp024998595, 95.0, 82.87, 0.653; GCA_014055465.1, s__Nitrospira_A sp014055465, 95.0, 82.65, 0.603; GCF_900170025.1, s__Nitrospira_A sp900170025, 95.0, 82.18, 0.601; GCA_022226935.1, s__Nitrospira_A sp022226935, 95.0, 82.14, 0.637; GCA_009594865.1, s__Nitrospira_A sp009594865, 95.0, 82.11, 0.659; GCA_919902505.1, s__Nitrospira_A sp919902505, 95.0, 82.04, 0.631; GCA_000196815.1, s__Nitrospira_A defluvii_A, 95.0, 81.93, 0.587; GCA_024998565.1, s__Nitrospira_A sp016788925, 95.0, 81.79, 0.632; GCA_024998625.1, s__Nitrospira_A sp024998625, 95.0, 81.68, 0.591; GCA_900696505.1, s__Nitrospira_A sp900696505, 95.0, 81.59, 0.649; GCA_902500995.1, s__Nitrospira_A sp902500995, 95.0, 81.55, 0.619; GCA_902500715.1, s__Nitrospira_A sp902500715, 95.0, 81.17, 0.632; GCA_902500785.1, s__Nitrospira_A sp902500785, 95.0, 80.92, 0.628; GCA_017986555.1, s__Nitrospira_A sp017986555, 95.0, 80.73, 0.563; GCA_023248215.1, s__Nitrospira_A sp023248215, 95.0, 80.4, 0.511; GCA_016788885.1, s__Nitrospira_A sp009594855, 95.0, 80.36, 0.566; GCF_905220995.1, s__Nitrospira_A defluvii_C, 95.0, 80.26, 0.523; GCA_024998705.1, s__Nitrospira_A sp024998705, 95.0, 80.23, 0.599; GCA_011525625.1, s__Nitrospira_A sp003456605, 95.0, 80.11, 0.496; GCA_018242665.1, s__Nitrospira_A sp018242665, 95.0, 80.03, 0.542; GCA_014055495.1, s__Nitrospira_A sp014055495, 95.0, 79.94, 0.516; GCA_016199015.1, s__Nitrospira_A defluvii_B, 95.0, 79.66, 0.546; GCA_013696305.1, s__Nitrospira_A sp013696305, 95.0, 79.34, 0.509; GCA_021323395.1, s__Nitrospira_A sp021323395, 95.0, 79.16, 0.486; GCA_020697375.1, s__Nitrospira_A sp020697375, 95.0, 78.65, 0.381; GCA_015709715.1, s__Nitrospira_A sp001567445, 95.0, 78.18, 0.295	89.51	11	0.9757	Genome not assigned to closest species as it falls outside its pre-defined ANI radius
V4_EKDN230028456-1A_HKTTNDSX7_L4.99	d__Bacteria;p__Bacillota;c__Bacilli;o__Lactobacillales;f__Streptococcaceae;g__Lactococcus_A;s__Lactococcus_A raffinolactis	GCF_001591765.1	95.0	d__Bacteria;p__Bacillota;c__Bacilli;o__Lactobacillales;f__Streptococcaceae;g__Lactococcus_A;s__Lactococcus_A raffinolactis	99.2	0.923	N/A	N/A	N/A	N/A	N/A	N/A	ani_screen	classification based on ANI only	N/A	N/A	N/A	N/A	N/A
V5_EKDN230028457-1A_HKTTNDSX7_L4.1	d__Bacteria;p__Pseudomonadota;c__Gammaproteobacteria;o__Pseudomonadales;f__Moraxellaceae;g__Moraxella_A;s__Moraxella_A sp002478835	GCF_009867135.1	95.0237	d__Bacteria;p__Pseudomonadota;c__Gammaproteobacteria;o__Pseudomonadales;f__Moraxellaceae;g__Moraxella_A;s__Moraxella_A sp002478835	97.29	0.977	N/A	N/A	N/A	N/A	N/A	N/A	ani_screen	classification based on ANI only	GCF_001553955.1, s__Moraxella_A osloensis, 95.0237, 95.22, 0.924; GCA_014647715.1, s__Moraxella_A cinereus, 95.0, 95.15, 0.906	N/A	N/A	N/A	N/A
V5_EKDN230028457-1A_HKTTNDSX7_L4.108	d__Bacteria;p__Actinomycetota;c__Actinomycetia;o__Actinomycetales;f__Microbacteriaceae;g__Microbacterium;s__Microbacterium paulum	GCF_015707995.1	95.0	d__Bacteria;p__Actinomycetota;c__Actinomycetia;o__Actinomycetales;f__Microbacteriaceae;g__Microbacterium;s__Microbacterium paulum	96.59	0.88	N/A	N/A	N/A	N/A	N/A	N/A	ani_screen	classification based on ANI only	N/A	N/A	N/A	N/A	N/A
V5_EKDN230028457-1A_HKTTNDSX7_L4.115	d__Bacteria;p__Pseudomonadota;c__Alphaproteobacteria;o__Rhizobiales;f__Ancalomicrobiaceae;g__Pinisolibacter;s__	N/A	N/A	N/A	N/A	N/A	GCA_002298965.1	95.0	d__Bacteria;p__Pseudomonadota;c__Alphaproteobacteria;o__Rhizobiales;f__Ancalomicrobiaceae;g__Pinisolibacter;s__Pinisolibacter sp002298965	93.08	0.798	d__Bacteria;p__Pseudomonadota;c__Alphaproteobacteria;o__Rhizobiales;f__Ancalomicrobiaceae;g__Pinisolibacter;s__	taxonomic classification defined by topology and ANI	classification based on placement in class-level tree	GCA_021286855.1, s__Pinisolibacter sp021286855, 95.0, 85.23, 0.669; GCF_019160155.1, s__Pinisolibacter aquiterrae, 95.0, 85.1, 0.693; GCA_012517025.1, s__Pinisolibacter sp012517025, 95.0, 84.9, 0.627	91.84	11	0.9916	Genome not assigned to closest species as it falls outside its pre-defined ANI radius
V5_EKDN230028457-1A_HKTTNDSX7_L4.119	d__Bacteria;p__Pseudomonadota;c__Alphaproteobacteria;o__Rs-D84;f__Rs-D84;g__JAFGMC01;s__	N/A	N/A	N/A	N/A	N/A	GCA_016927735.1	95.0	d__Bacteria;p__Pseudomonadota;c__Alphaproteobacteria;o__Rs-D84;f__Rs-D84;g__JAFGMC01;s__JAFGMC01 sp016927735	80.88	0.76	d__Bacteria;p__Pseudomonadota;c__Alphaproteobacteria;o__Rs-D84;f__Rs-D84;g__JAFGMC01;s__	taxonomic classification defined by topology and ANI	classification based on placement in class-level tree	GCA_016927395.1, s__JAFGMC01 sp016927395, 95.0, 79.51, 0.617	71.54	11	0.94442	Genome not assigned to closest species as it falls outside its pre-defined ANI radius
V5_EKDN230028457-1A_HKTTNDSX7_L4.120	d__Bacteria;p__Bacteroidota;c__Bacteroidia;o__Flavobacteriales;f__Weeksellaceae;g__Kaistella;s__Kaistella chaponensis	GCF_900156725.1	95.0	d__Bacteria;p__Bacteroidota;c__Bacteroidia;o__Flavobacteriales;f__Weeksellaceae;g__Kaistella;s__Kaistella chaponensis	98.23	0.937	N/A	N/A	N/A	N/A	N/A	N/A	ani_screen	classification based on ANI only	N/A	N/A	N/A	N/A	N/A
V5_EKDN230028457-1A_HKTTNDSX7_L4.123	d__Bacteria;p__Bacillota;c__Bacilli;o__Lactobacillales;f__Aerococcaceae;g__Trichococcus;s__Trichococcus flocculiformis	GCF_900113645.1	95.0	d__Bacteria;p__Bacillota;c__Bacilli;o__Lactobacillales;f__Aerococcaceae;g__Trichococcus;s__Trichococcus flocculiformis	98.68	0.932	N/A	N/A	N/A	N/A	N/A	N/A	ani_screen	classification based on ANI only	N/A	N/A	N/A	N/A	N/A
V5_EKDN230028457-1A_HKTTNDSX7_L4.125	d__Bacteria;p__Bacillota;c__Bacilli;o__Lactobacillales;f__Streptococcaceae;g__Streptococcus;s__Streptococcus suis_AA	GCF_022354845.1	95.1545	d__Bacteria;p__Bacillota;c__Bacilli;o__Lactobacillales;f__Streptococcaceae;g__Streptococcus;s__Streptococcus suis_AA	98.3	0.868	N/A	N/A	N/A	N/A	N/A	N/A	ani_screen	classification based on ANI only	GCF_021654455.1, s__Streptococcus parasuis, 95.1545, 95.54, 0.848	N/A	N/A	N/A	N/A
V5_EKDN230028457-1A_HKTTNDSX7_L4.134	d__Bacteria;p__Bacteroidota;c__Bacteroidia;o__Bacteroidales;f__Tenuifilaceae;g__UBA8529;s__	N/A	N/A	N/A	N/A	N/A	GCA_003818205.1	95.0	d__Bacteria;p__Bacteroidota;c__Bacteroidia;o__Bacteroidales;f__Tenuifilaceae;g__UBA8529;s__UBA8529 sp003818205	80.57	0.539	d__Bacteria;p__Bacteroidota;c__Bacteroidia;o__Bacteroidales;f__Tenuifilaceae;g__UBA8529;s__	taxonomic classification defined by topology and ANI	classification based on placement in class-level tree	GCA_003531155.1, s__UBA8529 sp003531155, 95.0, 79.22, 0.227; GCA_013141385.1, s__UBA8529 sp013141385, 95.0, 78.37, 0.296; GCA_013376985.1, s__UBA8529 sp013376985, 95.0, 77.93, 0.272	76.21	11	0.9724	Genome not assigned to closest species as it falls outside its pre-defined ANI radius
V5_EKDN230028457-1A_HKTTNDSX7_L4.20	d__Bacteria;p__Nitrospirota;c__Nitrospiria;o__Nitrospirales;f__Nitrospiraceae;g__Nitrospira_A;s__	N/A	N/A	N/A	N/A	N/A	GCA_009594995.1	95.0	d__Bacteria;p__Nitrospirota;c__Nitrospiria;o__Nitrospirales;f__Nitrospiraceae;g__Nitrospira_A;s__Nitrospira_A sp009594995	84.78	0.753	d__Bacteria;p__Nitrospirota;c__Nitrospiria;o__Nitrospirales;f__Nitrospiraceae;g__Nitrospira_A;s__	taxonomic classification defined by topology and ANI	classification based on placement in class-level tree	GCA_020853775.1, s__Nitrospira_A sp020853775, 95.0, 83.0, 0.676; GCA_024998595.1, s__Nitrospira_A sp024998595, 95.0, 82.79, 0.655; GCA_014055465.1, s__Nitrospira_A sp014055465, 95.0, 82.62, 0.625; GCA_009594865.1, s__Nitrospira_A sp009594865, 95.0, 82.14, 0.661; GCF_900170025.1, s__Nitrospira_A sp900170025, 95.0, 82.11, 0.627; GCA_919902505.1, s__Nitrospira_A sp919902505, 95.0, 82.08, 0.626; GCA_022226935.1, s__Nitrospira_A sp022226935, 95.0, 82.06, 0.644; GCA_000196815.1, s__Nitrospira_A defluvii_A, 95.0, 81.94, 0.607; GCA_024998565.1, s__Nitrospira_A sp016788925, 95.0, 81.82, 0.638; GCA_024998625.1, s__Nitrospira_A sp024998625, 95.0, 81.69, 0.6; GCA_900696505.1, s__Nitrospira_A sp900696505, 95.0, 81.59, 0.648; GCA_902500995.1, s__Nitrospira_A sp902500995, 95.0, 81.56, 0.633; GCA_902500715.1, s__Nitrospira_A sp902500715, 95.0, 81.31, 0.642; GCA_902500785.1, s__Nitrospira_A sp902500785, 95.0, 80.87, 0.636; GCA_017986555.1, s__Nitrospira_A sp017986555, 95.0, 80.7, 0.556; GCA_016788885.1, s__Nitrospira_A sp009594855, 95.0, 80.42, 0.569; GCF_905220995.1, s__Nitrospira_A defluvii_C, 95.0, 80.29, 0.54; GCA_023248215.1, s__Nitrospira_A sp023248215, 95.0, 80.28, 0.531; GCA_024998705.1, s__Nitrospira_A sp024998705, 95.0, 80.25, 0.604; GCA_011525625.1, s__Nitrospira_A sp003456605, 95.0, 80.19, 0.501; GCA_018242665.1, s__Nitrospira_A sp018242665, 95.0, 80.07, 0.54; GCA_014055495.1, s__Nitrospira_A sp014055495, 95.0, 80.04, 0.518; GCA_016199015.1, s__Nitrospira_A defluvii_B, 95.0, 79.76, 0.547; GCA_013696305.1, s__Nitrospira_A sp013696305, 95.0, 79.33, 0.518; GCA_021323395.1, s__Nitrospira_A sp021323395, 95.0, 78.95, 0.483; GCA_020697375.1, s__Nitrospira_A sp020697375, 95.0, 78.64, 0.389; GCA_015709715.1, s__Nitrospira_A sp001567445, 95.0, 78.16, 0.304	88.86	11	0.97565	Genome not assigned to closest species as it falls outside its pre-defined ANI radius
V5_EKDN230028457-1A_HKTTNDSX7_L4.21	d__Bacteria;p__Pseudomonadota;c__Alphaproteobacteria;o__Sphingomonadales;f__Sphingomonadaceae;g__Novosphingobium;s__	N/A	N/A	N/A	N/A	N/A	N/A	N/A	N/A	N/A	N/A	d__Bacteria;p__Pseudomonadota;c__Alphaproteobacteria;o__Sphingomonadales;f__Sphingomonadaceae;g__Novosphingobium;s__	ANI	classification based on placement in class-level tree	GCA_016719755.1, s__Novosphingobium sp016719755, 95.0, 78.64, 0.304; GCA_020848655.1, s__Novosphingobium sp020848655, 95.0, 78.5, 0.35; GCA_017302615.1, s__Novosphingobium sp017302615, 95.0, 78.48, 0.309; GCF_001590965.1, s__Novosphingobium lentum, 95.0, 78.43, 0.318; GCA_021299075.1, s__Novosphingobium sp021299075, 95.0, 78.38, 0.284; GCF_014652615.1, s__Novosphingobium arvoryzae, 95.0, 78.35, 0.344; GCF_012927405.1, s__Novosphingobium olei, 95.0, 78.3, 0.271; GCA_001725355.1, s__Novosphingobium sp001725355, 95.0, 78.24, 0.283; GCF_002813245.1, s__Novosphingobium kunmingense, 95.0, 78.24, 0.276; GCA_020852455.1, s__Novosphingobium sp020852455, 95.0, 78.23, 0.295; GCF_001014975.1, s__Novosphingobium sp002336885, 95.0, 78.23, 0.313; GCF_014652555.1, s__Novosphingobium colocasiae, 95.0, 78.21, 0.317; GCF_005145025.1, s__Novosphingobium sp005145025, 95.0, 78.21, 0.297; GCA_024236175.1, s__Novosphingobium sp024236175, 95.0, 78.18, 0.306; GCA_015657645.1, s__Novosphingobium sp015657645, 95.0, 78.16, 0.281; GCA_018334165.1, s__Novosphingobium sp018334165, 95.0, 78.15, 0.273; GCF_000272475.1, s__Novosphingobium sp000272475, 95.0, 78.13, 0.223; GCA_024236215.1, s__Novosphingobium sp024236215, 95.0, 78.13, 0.268; GCF_900113255.1, s__Novosphingobium sp900113255, 95.0, 78.13, 0.289; GCA_009926135.1, s__Novosphingobium sp009926135, 95.0, 78.12, 0.262; GCF_020179475.1, s__Novosphingobium huizhouense, 95.0, 78.12, 0.274; GCF_002198665.1, s__Novosphingobium sp002198665, 95.0, 78.11, 0.301; GCF_002855555.1, s__Novosphingobium sp002855555, 95.0, 78.11, 0.324; GCF_014230305.1, s__Novosphingobium aerophilum, 95.0, 78.09, 0.282; GCA_025153475.1, s__Novosphingobium sp025153475, 95.0, 78.09, 0.294; GCF_020179425.1, s__Novosphingobium percolationis, 95.0, 78.08, 0.294; GCA_002440635.1, s__Novosphingobium sp002440635, 95.0, 78.08, 0.283; GCF_020404405.1, s__Novosphingobium sp020404405, 95.0, 78.04, 0.281; GCA_018241045.1, s__Novosphingobium sp018241045, 95.0, 77.99, 0.227; GCF_001298105.1, s__Novosphingobium sp001298105, 95.0, 77.98, 0.295; GCA_021782155.1, s__Novosphingobium sp021782155, 95.0, 77.97, 0.208; GCF_006874585.1, s__Novosphingobium sp006874585, 95.0, 77.97, 0.323; GCF_001590985.1, s__Novosphingobium naphthalenivorans, 95.0, 77.97, 0.315; GCA_013141325.1, s__Novosphingobium sp013141325, 95.0, 77.97, 0.315; GCF_007954425.1, s__Novosphingobium ginsenosidimutans, 95.0, 77.96, 0.25; GCA_004211435.1, s__Novosphingobium sp004211435, 95.0, 77.95, 0.318; GCF_007991615.1, s__Novosphingobium sediminis, 95.0, 77.94, 0.236; GCF_002556635.1, s__Novosphingobium sp002556635, 95.0, 77.92, 0.329; GCF_022832375.1, s__Novosphingobium sp022832375, 95.0, 77.91, 0.332; GCF_001421325.1, s__Novosphingobium sp001421325, 95.0, 77.89, 0.28; GCF_014652855.1, s__Novosphingobium pokkalii, 95.0, 77.89, 0.304; GCF_900168325.1, s__Novosphingobium mathurense, 95.0, 77.89, 0.281; GCF_022832385.1, s__Novosphingobium sp022832385, 95.0, 77.88, 0.3; GCA_015661825.1, s__Novosphingobium capsulatum_A, 95.0, 77.88, 0.226; GCA_945906005.1, s__Novosphingobium sp945906005, 95.0, 77.88, 0.252; GCF_002896965.1, s__Novosphingobium guangzhouense, 95.0, 77.88, 0.297; GCF_021227995.1, s__Novosphingobium sp021227995, 95.0, 77.86, 0.295; GCF_022832435.1, s__Novosphingobium sp022832435, 95.0, 77.86, 0.272; GCF_000802225.1, s__Novosphingobium malaysiense, 95.0, 77.85, 0.284; GCA_002454125.1, s__Novosphingobium sp002454125, 95.0, 77.84, 0.272; GCA_013822005.1, s__Novosphingobium sp013822005, 95.0, 77.84, 0.297; GCF_014230315.1, s__Novosphingobium flavum, 95.0, 77.84, 0.27; GCF_014230355.1, s__Novosphingobium piscinae, 95.0, 77.82, 0.28; GCF_004341845.1, s__Novosphingobium sp004341845, 95.0, 77.82, 0.331; GCF_900117425.1, s__Novosphingobium sp900117425, 95.0, 77.81, 0.263; GCF_000767465.1, s__Novosphingobium pentaromativorans, 95.0, 77.81, 0.266; GCF_002149965.1, s__Novosphingobium panipatense, 95.0, 77.78, 0.304; GCA_018971065.1, s__Novosphingobium sp018971065, 95.0, 77.77, 0.289; GCF_001046635.1, s__Novosphingobium barchaimii, 95.0, 77.75, 0.261; GCF_014640675.1, s__Novosphingobium endophyticum, 95.0, 77.74, 0.316; GCF_000876675.2, s__Novosphingobium sp000876675, 95.0, 77.74, 0.296; GCF_004342985.1, s__Novosphingobium sp004342985, 95.0, 77.74, 0.297; GCF_902506425.1, s__Novosphingobium sp902506425, 95.0, 77.72, 0.248; GCF_000445125.1, s__Novosphingobium lindaniclasticum, 95.0, 77.72, 0.259; GCF_019075875.1, s__Novosphingobium sp019075875, 95.0, 77.72, 0.356; GCA_013791705.1, s__Novosphingobium sp013791705, 95.0, 77.71, 0.27; GCF_014204535.1, s__Novosphingobium chloroacetimidivorans, 95.0, 77.7, 0.271; GCF_014196615.1, s__Novosphingobium fluoreni, 95.0, 77.7, 0.234; GCA_018240895.1, s__Novosphingobium sp018240895, 95.0, 77.69, 0.272; GCA_017987575.1, s__Novosphingobium sp017987575, 95.0, 77.68, 0.253; GCA_017745295.1, s__Novosphingobium sp017745295, 95.0, 77.64, 0.292; GCF_001519075.1, s__Novosphingobium fuchskuhlense, 95.0, 77.63, 0.245; GCF_902706195.1, s__Novosphingobium sp902706195, 95.0, 77.62, 0.29; GCF_009746585.1, s__Novosphingobium aquimarinum, 95.0, 77.61, 0.287; GCF_009707465.1, s__Novosphingobium sp009707465, 95.0, 77.61, 0.202; GCF_002916655.1, s__Novosphingobium sp002916655, 95.0, 77.6, 0.194; GCF_013408095.1, s__Novosphingobium marinum, 95.0, 77.59, 0.249; GCF_014645195.1, s__Novosphingobium indicum, 95.0, 77.56, 0.311; GCA_945906105.1, s__Novosphingobium sp945906105, 95.0, 77.53, 0.274; GCA_019748365.1, s__Novosphingobium sp019748365, 95.0, 77.52, 0.223; GCF_001742225.1, s__Novosphingobium resinovorum, 95.0, 77.5, 0.299; GCF_018491765.1, s__Novosphingobium profundi, 95.0, 77.45, 0.231; GCA_024642085.1, s__Novosphingobium sp024642085, 95.0, 77.43, 0.224; GCF_000281975.1, s__Novosphingobium sp000281975, 95.0, 77.42, 0.3; GCA_023266625.1, s__Novosphingobium sp023266625, 95.0, 77.39, 0.269; GCA_020446505.1, s__Novosphingobium sp020446505, 95.0, 77.33, 0.189; GCF_018417475.1, s__Novosphingobium decolorationis, 95.0, 77.32, 0.236; GCF_009856825.1, s__Novosphingobium silvae, 95.0, 77.31, 0.239; GCF_020524485.1, s__Novosphingobium profundi_A, 95.0, 77.25, 0.221; GCA_019510335.1, s__Novosphingobium sp019510335, 95.0, 77.25, 0.268; GCA_903834285.1, s__Novosphingobium sp903834285, 95.0, 77.2, 0.204; GCA_903970225.1, s__Novosphingobium sp903970225, 95.0, 77.2, 0.213; GCF_015865035.1, s__Novosphingobium aureum, 95.0, 77.19, 0.253; GCA_017302775.1, s__Novosphingobium sp017302775, 95.0, 77.17, 0.156; GCA_019090585.1, s__Novosphingobium sp019090585, 95.0, 77.13, 0.215; GCA_020446575.1, s__Novosphingobium sp020446575, 95.0, 77.1, 0.214; GCA_903828025.1, s__Novosphingobium sp903828025, 95.0, 77.05, 0.223; GCF_008107685.1, s__Novosphingobium sp008107685, 95.0, 77.05, 0.207; GCA_020446595.1, s__Novosphingobium sp020446595, 95.0, 77.03, 0.206; GCA_903911985.1, s__Novosphingobium sp903911985, 95.0, 76.81, 0.196	82.44	11	0.93221	N/A
V5_EKDN230028457-1A_HKTTNDSX7_L4.22	d__Bacteria;p__Actinomycetota;c__Actinomycetia;o__Actinomycetales;f__Microbacteriaceae;g__Microbacterium;s__Microbacterium maritypicum	GCA_008868125.1	95.0	d__Bacteria;p__Actinomycetota;c__Actinomycetia;o__Actinomycetales;f__Microbacteriaceae;g__Microbacterium;s__Microbacterium maritypicum	98.14	0.85	N/A	N/A	N/A	N/A	N/A	N/A	ani_screen	classification based on ANI only	N/A	N/A	N/A	N/A	N/A
V5_EKDN230028457-1A_HKTTNDSX7_L4.25	d__Bacteria;p__Bacteroidota;c__Bacteroidia;o__Bacteroidales;f__UBA4417;g__UBA4417;s__	N/A	N/A	N/A	N/A	N/A	N/A	N/A	N/A	N/A	N/A	d__Bacteria;p__Bacteroidota;c__Bacteroidia;o__Bacteroidales;f__UBA4417;g__UBA4417;s__	ANI	classification based on placement in class-level tree	GCA_002389705.1, s__UBA4417 sp002389705, 95.0, 76.76, 0.035; GCA_015657475.1, s__UBA4417 sp015657475, 95.0, 76.75, 0.028; GCA_016707785.1, s__UBA4417 sp016707785, 95.0, 76.67, 0.036; GCA_903887815.1, s__UBA4417 sp903887815, 95.0, 76.65, 0.041; GCA_903917425.1, s__UBA4417 sp903917425, 95.0, 76.58, 0.034; GCA_020048595.1, s__UBA4417 sp020048595, 95.0, 76.54, 0.024; GCA_013376995.1, s__UBA4417 sp013376995, 95.0, 76.4, 0.032; GCA_903913645.1, s__UBA4417 sp903913645, 95.0, 76.39, 0.054; GCA_016707705.1, s__UBA4417 sp016707705, 95.0, 76.32, 0.028; GCA_903879715.1, s__UBA4417 sp903879715, 95.0, 76.31, 0.059; GCA_903822525.1, s__UBA4417 sp903822525, 95.0, 76.27, 0.057; GCA_903878265.1, s__UBA4417 sp903878265, 95.0, 76.25, 0.057; GCA_903946925.1, s__UBA4417 sp903946925, 95.0, 76.02, 0.057; GCA_022711175.1, s__UBA4417 sp022711175, 95.0, 75.9, 0.034; GCA_903864265.1, s__UBA4417 sp903864265, 95.0, 75.64, 0.014	97.48	11	0.92066	N/A
V5_EKDN230028457-1A_HKTTNDSX7_L4.29	d__Bacteria;p__Pseudomonadota;c__Gammaproteobacteria;o__Burkholderiales;f__Burkholderiaceae_B;g__Polaromonas;s__	N/A	N/A	N/A	N/A	N/A	N/A	N/A	N/A	N/A	N/A	d__Bacteria;p__Pseudomonadota;c__Gammaproteobacteria;o__Burkholderiales;f__Burkholderiaceae_B;g__Polaromonas;s__	taxonomic classification defined by topology and ANI	classification based on placement in class-level tree	GCA_010365105.1, s__Polaromonas sp010365105, 95.0, 84.68, 0.793; GCF_000015505.1, s__Polaromonas naphthalenivorans, 95.0, 84.52, 0.756; GCF_000709345.1, s__Polaromonas glacialis, 95.0, 84.27, 0.781; GCA_000751355.1, s__Polaromonas sp000751355, 95.0, 84.25, 0.755; GCA_016000195.1, s__Polaromonas sp016000195, 95.0, 84.09, 0.639; GCF_015752205.1, s__Polaromonas sp015752205, 95.0, 84.08, 0.736; GCA_014376885.1, s__Polaromonas sp014376885, 95.0, 82.03, 0.563; GCA_018780625.1, s__Polaromonas sp018780625, 95.0, 81.96, 0.554; GCA_903926695.1, s__Polaromonas sp903926695, 95.0, 81.44, 0.483; GCF_900112285.1, s__Polaromonas sp900112285, 95.0, 81.27, 0.631; GCF_001598235.1, s__Polaromonas jejuensis, 95.0, 81.27, 0.637; GCA_024703855.1, s__Polaromonas sp024703855, 95.0, 80.92, 0.6; GCA_012927415.1, s__Polaromonas sp012927415, 95.0, 80.9, 0.579; GCA_012927455.1, s__Polaromonas sp012927455, 95.0, 80.86, 0.594; GCF_003711205.1, s__Polaromonas sp003711205, 95.0, 80.55, 0.587; GCA_002381615.1, s__Polaromonas sp002381615, 95.0, 80.48, 0.558; GCF_900116715.1, s__Polaromonas sp900116715, 95.0, 80.48, 0.568; GCF_900103405.1, s__Polaromonas sp900103405, 95.0, 80.47, 0.581; GCF_000282655.1, s__Polaromonas sp000282655, 95.0, 80.37, 0.569; GCF_000013865.1, s__Polaromonas sp000013865, 95.0, 80.37, 0.581; GCF_002379085.1, s__Polaromonas sp002379085, 95.0, 80.28, 0.544; GCA_002278925.1, s__Polaromonas sp002278925, 95.0, 80.17, 0.535; GCF_002379095.1, s__Polaromonas sp002379095, 95.0, 80.12, 0.529; GCA_001770785.1, s__Polaromonas sp001770785, 95.0, 80.1, 0.465; GCA_002413395.1, s__Polaromonas sp002413395, 95.0, 80.02, 0.475; GCA_002256925.1, s__Polaromonas sp002256925, 95.0, 79.93, 0.384; GCA_021153985.1, s__Polaromonas sp021153985, 95.0, 79.82, 0.498; GCA_013824015.1, s__Polaromonas sp013824015, 95.0, 79.67, 0.47; GCA_016185115.1, s__Polaromonas sp016185115, 95.0, 79.64, 0.475; GCA_013817205.1, s__Polaromonas sp013817205, 95.0, 79.59, 0.473; GCA_023259235.1, s__Polaromonas sp023259235, 95.0, 79.51, 0.43; GCF_014641715.1, s__Polaromonas eurypsychrophila, 95.0, 79.45, 0.484; GCA_021737905.1, s__Polaromonas sp021737905, 95.0, 79.41, 0.371; GCA_903941205.1, s__Polaromonas sp903941205, 95.0, 79.38, 0.333; GCA_021731285.1, s__Polaromonas sp021731285, 95.0, 79.37, 0.423; GCF_002001015.1, s__Polaromonas sp002001015, 95.0, 79.34, 0.48; GCA_945871335.1, s__Polaromonas sp945871335, 95.0, 78.79, 0.287; GCA_004293655.1, s__Polaromonas sp004293655, 95.0, 78.73, 0.392; GCA_012927485.1, s__Polaromonas sp012927485, 95.0, 78.57, 0.419; GCA_945860515.1, s__Polaromonas sp945860515, 95.0, 78.49, 0.323; GCA_903844825.1, s__Polaromonas sp903844825, 95.0, 78.37, 0.314; GCA_013205645.1, s__Polaromonas sp013205645, 95.0, 78.22, 0.291; GCA_945878995.1, s__Polaromonas sp945878995, 95.0, 78.14, 0.317; GCA_021299555.1, s__Polaromonas sp021299555, 95.0, 77.8, 0.199; GCF_012584515.1, s__Polaromonas vacuolata, 95.0, 77.35, 0.258; GCA_016868205.1, s__Polaromonas sp016868205, 95.0, 77.17, 0.186	73.58	11	0.99109	Genome has more than 10.0% of markers with multiple hits;Genome not assigned to closest species as it falls outside its pre-defined ANI radius
V5_EKDN230028457-1A_HKTTNDSX7_L4.31	d__Bacteria;p__Actinomycetota;c__Actinomycetia;o__Propionibacteriales;f__Propionibacteriaceae;g__;s__	N/A	N/A	N/A	N/A	N/A	N/A	N/A	N/A	N/A	N/A	d__Bacteria;p__Actinomycetota;c__Actinomycetia;o__Propionibacteriales;f__Propionibacteriaceae;g__;s__	taxonomic novelty determined using RED	classification based on placement in class-level tree	N/A	90.01	11	0.91238	N/A
V5_EKDN230028457-1A_HKTTNDSX7_L4.33	d__Bacteria;p__Pseudomonadota;c__Gammaproteobacteria;o__Burkholderiales;f__Burkholderiaceae;g__CTSOIL-112;s__CTSOIL-112 sp017986195	GCA_017986195.1	95.0	d__Bacteria;p__Pseudomonadota;c__Gammaproteobacteria;o__Burkholderiales;f__Burkholderiaceae;g__CTSOIL-112;s__CTSOIL-112 sp017986195	97.41	0.804	N/A	N/A	N/A	N/A	N/A	N/A	ani_screen	classification based on ANI only	N/A	N/A	N/A	N/A	N/A
V5_EKDN230028457-1A_HKTTNDSX7_L4.36	d__Bacteria;p__Actinomycetota;c__Coriobacteriia;o__Coriobacteriales;f__Eggerthellaceae;g__Gordonibacter;s__	N/A	N/A	N/A	N/A	N/A	GCA_023395755.1	95.0	d__Bacteria;p__Actinomycetota;c__Coriobacteriia;o__Coriobacteriales;f__Eggerthellaceae;g__Gordonibacter;s__Gordonibacter sp023395755	85.51	0.682	d__Bacteria;p__Actinomycetota;c__Coriobacteriia;o__Coriobacteriales;f__Eggerthellaceae;g__Gordonibacter;s__	taxonomic classification defined by topology and ANI	classification based on placement in class-level tree	GCF_003339845.1, s__Gordonibacter sp003339845, 95.0, 78.14, 0.261; GCF_000210055.1, s__Gordonibacter pamelaeae, 95.0, 78.03, 0.241; GCA_900170005.1, s__Gordonibacter massiliensis, 95.0, 77.92, 0.257; GCA_019113915.1, s__Gordonibacter avicola, 95.0, 77.91, 0.218; GCF_900199375.1, s__Gordonibacter urolithinfaciens, 95.0, 77.68, 0.259	61.31	11	0.98547	Genome not assigned to closest species as it falls outside its pre-defined ANI radius
V5_EKDN230028457-1A_HKTTNDSX7_L4.38	d__Bacteria;p__Bacteroidota;c__Bacteroidia;o__Flavobacteriales;f__Flavobacteriaceae;g__Flavobacterium;s__Flavobacterium sp017997335	GCA_017997335.1	95.0	d__Bacteria;p__Bacteroidota;c__Bacteroidia;o__Flavobacteriales;f__Flavobacteriaceae;g__Flavobacterium;s__Flavobacterium sp017997335	98.86	0.751	N/A	N/A	N/A	N/A	N/A	N/A	ani_screen	classification based on ANI only	N/A	N/A	N/A	N/A	N/A
V5_EKDN230028457-1A_HKTTNDSX7_L4.41	d__Bacteria;p__Bacillota_A;c__Clostridia;o__Peptostreptococcales;f__Anaerovoracaceae;g__;s__	N/A	N/A	N/A	N/A	N/A	N/A	N/A	N/A	N/A	N/A	d__Bacteria;p__Bacillota_A;c__Clostridia;o__Peptostreptococcales;f__Anaerovoracaceae;g__;s__	taxonomic classification fully defined by topology	classification based on placement in class-level tree	N/A	84.57	11	0.77235	N/A
V5_EKDN230028457-1A_HKTTNDSX7_L4.43	d__Bacteria;p__Pseudomonadota;c__Gammaproteobacteria;o__Burkholderiales;f__Methylophilaceae;g__Methylotenera;s__	N/A	N/A	N/A	N/A	N/A	GCF_000093025.1	95.0	d__Bacteria;p__Pseudomonadota;c__Gammaproteobacteria;o__Burkholderiales;f__Methylophilaceae;g__Methylotenera;s__Methylotenera versatilis	80.81	0.496	d__Bacteria;p__Pseudomonadota;c__Gammaproteobacteria;o__Burkholderiales;f__Methylophilaceae;g__Methylotenera;s__	taxonomic classification defined by topology and ANI	classification based on placement in class-level tree	GCA_013141425.1, s__Methylotenera sp013141425, 95.0, 79.03, 0.382; GCA_013141075.1, s__Methylotenera sp013141075, 95.0, 78.89, 0.354; GCA_009693255.1, s__Methylotenera sp009693255, 95.0, 78.31, 0.406; GCA_903854305.1, s__Methylotenera sp903854305, 95.0, 78.26, 0.308; GCA_903882525.1, s__Methylotenera sp903882525, 95.0, 78.24, 0.27; GCA_014378495.1, s__Methylotenera sp014378495, 95.0, 78.13, 0.263; GCA_903833595.1, s__Methylotenera sp903833595, 95.0, 78.13, 0.31; GCA_002842195.1, s__Methylotenera sp002842195, 95.0, 78.09, 0.333; GCA_903838125.1, s__Methylotenera sp903838125, 95.0, 78.07, 0.266; GCF_000384255.1, s__Methylotenera mobilis_B, 95.0, 78.04, 0.195; GCA_013141495.1, s__Methylotenera sp013141495, 95.0, 78.04, 0.255; GCA_903926935.1, s__Methylotenera sp903926935, 95.0, 77.97, 0.31; GCA_002429455.1, s__Methylotenera sp002429455, 95.0, 77.96, 0.26; GCA_021738125.1, s__Methylotenera sp021738125, 95.0, 77.96, 0.302; GCA_001803395.1, s__Methylotenera sp001803395, 95.0, 77.91, 0.308; GCF_004661485.1, s__Methylotenera oryzisoli, 95.0, 77.91, 0.202; GCA_903846555.1, s__Methylotenera sp903846555, 95.0, 77.9, 0.313; GCF_000744605.1, s__Methylotenera sp000744605, 95.0, 77.88, 0.208; GCA_903951385.1, s__Methylotenera sp903951385, 95.0, 77.84, 0.276; GCF_000023705.1, s__Methylotenera mobilis, 95.0, 77.84, 0.2; GCA_903876765.1, s__Methylotenera sp903876765, 95.0, 77.82, 0.276; GCA_013140755.1, s__Methylotenera sp013140755, 95.0, 77.74, 0.236; GCA_013816325.1, s__Methylotenera sp013816325, 95.0, 77.68, 0.186; GCA_903860085.1, s__Methylotenera sp903860085, 95.0, 77.68, 0.311; GCA_002281815.1, s__Methylotenera sp002281815, 95.0, 77.66, 0.239; GCA_002842285.1, s__Methylotenera sp002842285, 95.0, 77.64, 0.147; GCA_023259635.1, s__Methylotenera sp023259635, 95.0, 77.6, 0.168; GCA_020035195.1, s__Methylotenera sp020035195, 95.0, 77.49, 0.223; GCA_020622105.1, s__Methylotenera sp020622105, 95.0, 77.46, 0.18; GCA_005777825.1, s__Methylotenera sp005777825, 95.0, 77.34, 0.189; GCA_005791685.1, s__Methylotenera sp005791685, 95.0, 77.31, 0.21; GCF_000799735.1, s__Methylotenera sp000799735, 95.0, 77.3, 0.123; GCA_002928535.1, s__Methylotenera sp002928535, 95.0, 77.21, 0.147; GCA_016867975.1, s__Methylotenera sp016867975, 95.0, 76.87, 0.173	85.94	11	0.98459	N/A
V5_EKDN230028457-1A_HKTTNDSX7_L4.55	d__Bacteria;p__Actinomycetota;c__Actinomycetia;o__Actinomycetales;f__Actinomycetaceae;g__Pauljensenia;s__	N/A	N/A	N/A	N/A	N/A	N/A	N/A	N/A	N/A	N/A	d__Bacteria;p__Actinomycetota;c__Actinomycetia;o__Actinomycetales;f__Actinomycetaceae;g__Pauljensenia;s__	taxonomic classification defined by topology and ANI	classification based on placement in class-level tree	GCF_000820725.1, s__Pauljensenia polynesiensis, 95.0, 80.99, 0.538; GCF_900155435.1, s__Pauljensenia provencensis, 95.0, 80.71, 0.641; GCA_023426345.1, s__Pauljensenia sp023426345, 95.0, 79.87, 0.472; GCA_022649165.1, s__Pauljensenia sp022649165, 95.0, 79.79, 0.51; GCF_900499005.1, s__Pauljensenia culturomici_A, 95.0, 79.26, 0.446; GCF_018986735.1, s__Pauljensenia sp018986735, 95.0, 79.05, 0.358; GCF_014208035.1, s__Pauljensenia hyovaginalis, 95.0, 79.04, 0.347; GCF_001746855.1, s__Pauljensenia hongkongensis, 95.0, 78.95, 0.273; GCA_916438945.1, s__Pauljensenia sp916438945, 95.0, 78.83, 0.231; GCF_005696695.1, s__Pauljensenia odontolytica_C, 95.0, 78.81, 0.314; GCA_018375675.1, s__Pauljensenia sp018375675, 95.0, 78.76, 0.281; GCF_000429245.1, s__Pauljensenia georgiae, 95.0, 78.71, 0.356; GCA_001064145.1, s__Pauljensenia sp001064145, 95.0, 78.71, 0.306; GCF_024584435.1, s__Pauljensenia sp000185285, 95.0, 78.66, 0.267; GCF_019429565.1, s__Pauljensenia sp018382595, 95.0, 78.65, 0.323; GCA_902373545.1, s__Pauljensenia sp902373545, 95.0, 78.65, 0.262; GCF_000466265.1, s__Pauljensenia sp000466265, 95.0, 78.65, 0.286; GCA_001072465.1, s__Pauljensenia sp001072465, 95.0, 78.63, 0.293; GCF_002847525.1, s__Pauljensenia odontolytica_B, 95.0, 78.62, 0.299; GCA_019425105.1, s__Pauljensenia sp019425105, 95.0, 78.61, 0.222; GCF_900155605.1, s__Pauljensenia marseillensis, 95.0, 78.53, 0.101; GCA_916439125.1, s__Pauljensenia sp916439125, 95.0, 78.53, 0.295; GCA_001838165.1, s__Pauljensenia sp001838165, 95.0, 78.49, 0.295; GCA_902373435.1, s__Pauljensenia sp902373435, 95.0, 78.45, 0.25; GCA_015655375.1, s__Pauljensenia sp015655375, 95.0, 78.38, 0.422; GCA_900556405.1, s__Pauljensenia sp900556405, 95.0, 78.37, 0.17; GCA_000411415.1, s__Pauljensenia sp000411415, 95.0, 78.31, 0.269; GCF_009730335.1, s__Pauljensenia odontolytica_A, 95.0, 78.29, 0.304; GCF_900128465.1, s__Pauljensenia bouchesdurhonensis, 95.0, 78.22, 0.2; GCA_916438365.1, s__Pauljensenia sp916438365, 95.0, 78.2, 0.224; GCF_000278725.1, s__Pauljensenia sp000278725, 95.0, 78.19, 0.283; GCF_000308055.1, s__Pauljensenia sp000308055, 95.0, 78.18, 0.078; GCF_900155595.1, s__Pauljensenia mediterranea, 95.0, 78.12, 0.262; GCF_900105015.1, s__Pauljensenia meyeri, 95.0, 78.04, 0.201; GCF_900445025.1, s__Pauljensenia odontolytica, 95.0, 78.03, 0.266; GCF_016405145.1, s__Pauljensenia cardiffensis, 95.0, 78.02, 0.208; GCA_900541895.1, s__Pauljensenia sp900541895, 95.0, 78.02, 0.074; GCF_011038885.2, s__Pauljensenia sp011038875, 95.0, 77.94, 0.102; GCF_003858455.1, s__Pauljensenia canis, 95.0, 77.8, 0.134; GCF_000758755.1, s__Pauljensenia sp000758755, 95.0, 77.69, 0.106; GCF_000296505.1, s__Pauljensenia turicensis, 95.0, 77.54, 0.116; GCF_000420425.1, s__Pauljensenia vaccimaxillae, 95.0, 77.47, 0.123; GCF_903645355.1, s__Pauljensenia sp903645355, 95.0, 77.44, 0.182; GCF_001070855.1, s__Pauljensenia pyogenes_A, 95.0, 77.38, 0.08; GCA_900554605.1, s__Pauljensenia sp900554605, 95.0, 77.14, 0.079; GCF_000429105.1, s__Pauljensenia suimastitidis, 95.0, 77.12, 0.071; GCF_021083645.1, s__Pauljensenia sp021083645, 95.0, 77.1, 0.035; GCF_900106055.1, s__Pauljensenia radingae_A, 95.0, 77.08, 0.101; GCA_916719935.1, s__Pauljensenia sp916719935, 95.0, 76.73, 0.062	79.3	11	0.93321	Genome not assigned to closest species as it falls outside its pre-defined ANI radius
V5_EKDN230028457-1A_HKTTNDSX7_L4.59	d__Bacteria;p__Bacillota;c__Bacilli;o__Lactobacillales;f__Streptococcaceae;g__Lactococcus_A;s__Lactococcus_A raffinolactis	GCF_001591765.1	95.0	d__Bacteria;p__Bacillota;c__Bacilli;o__Lactobacillales;f__Streptococcaceae;g__Lactococcus_A;s__Lactococcus_A raffinolactis	99.23	0.918	N/A	N/A	N/A	N/A	N/A	N/A	ani_screen	classification based on ANI only	N/A	N/A	N/A	N/A	N/A
V5_EKDN230028457-1A_HKTTNDSX7_L4.60	d__Bacteria;p__Bacillota_B;c__TC1;o__;f__;g__;s__	N/A	N/A	N/A	N/A	N/A	N/A	N/A	N/A	N/A	N/A	d__Bacteria;p__Bacillota_B;c__TC1;o__;f__;g__;s__	taxonomic novelty determined using RED	classification based on placement in class-level tree	N/A	77.46	11	0.487	N/A
V5_EKDN230028457-1A_HKTTNDSX7_L4.64	d__Bacteria;p__Bacteroidota;c__Bacteroidia;o__Bacteroidales;f__DTU049;g__GWF2-43-63;s__	N/A	N/A	N/A	N/A	N/A	N/A	N/A	N/A	N/A	N/A	d__Bacteria;p__Bacteroidota;c__Bacteroidia;o__Bacteroidales;f__DTU049;g__GWF2-43-63;s__	ANI	classification based on placement in class-level tree	GCA_020720525.1, s__GWF2-43-63 sp020720525, 95.0, 79.62, 0.258; GCA_001769275.1, s__GWF2-43-63 sp001769275, 95.0, 77.41, 0.199; GCA_002842495.1, s__GWF2-43-63 sp002842495, 95.0, 77.36, 0.258; GCA_012520175.1, s__GWF2-43-63 sp012520175, 95.0, 75.75, 0.039	72.02	11	0.92269	N/A
V5_EKDN230028457-1A_HKTTNDSX7_L4.67	d__Bacteria;p__Desulfobacterota;c__Desulfobulbia;o__Desulfobulbales;f__Desulfobulbaceae;g__Desulfobulbus;s__	N/A	N/A	N/A	N/A	N/A	GCF_000186885.1	95.0	d__Bacteria;p__Desulfobacterota;c__Desulfobulbia;o__Desulfobulbales;f__Desulfobulbaceae;g__Desulfobulbus;s__Desulfobulbus propionicus	80.42	0.549	d__Bacteria;p__Desulfobacterota;c__Desulfobulbia;o__Desulfobulbales;f__Desulfobulbaceae;g__Desulfobulbus;s__	taxonomic classification defined by topology and ANI	classification based on placement in class-level tree	GCF_000621145.1, s__Desulfobulbus elongatus, 95.0, 80.43, 0.481; GCA_009782165.1, s__Desulfobulbus sp009782165, 95.0, 79.37, 0.488; GCA_017998195.1, s__Desulfobulbus sp017998195, 95.0, 79.24, 0.447; GCA_903842475.1, s__Desulfobulbus sp903842475, 95.0, 79.23, 0.353; GCA_009778955.1, s__Desulfobulbus sp009778955, 95.0, 78.59, 0.375; GCA_009778235.1, s__Desulfobulbus sp009778235, 95.0, 78.53, 0.422; GCA_019163135.1, s__Desulfobulbus sp019163135, 95.0, 78.41, 0.333; GCA_009780825.1, s__Desulfobulbus sp009780825, 95.0, 78.19, 0.316; GCA_903896915.1, s__Desulfobulbus sp903896915, 95.0, 77.44, 0.267; GCA_007121995.1, s__Desulfobulbus sp007121995, 95.0, 76.93, 0.167; GCF_016918545.1, s__Desulfobulbus alkaliphilus, 95.0, 76.81, 0.184; GCF_016919065.1, s__Desulfobulbus rhabdoformis, 95.0, 76.79, 0.18; GCA_013201405.1, s__Desulfobulbus sp013201405, 95.0, 76.62, 0.111; GCF_016446285.1, s__Desulfobulbus oligotrophicus, 95.0, 76.55, 0.135; GCF_002952055.1, s__Desulfobulbus oralis, 95.0, 76.5, 0.103; GCA_012744275.1, s__Desulfobulbus sp012744275, 95.0, 76.25, 0.1; GCA_012729435.1, s__Desulfobulbus sp012729435, 95.0, 76.21, 0.132	65.96	11	0.92048	Genome has more than 10.8% of markers with multiple hits;Genome not assigned to closest species as it falls outside its pre-defined ANI radius
V5_EKDN230028457-1A_HKTTNDSX7_L4.71	d__Bacteria;p__Desulfobacterota;c__Desulfobacteria;o__Desulfobacterales;f__Desulfobacteraceae;g__Desulfobacter;s__Desulfobacter postgatei	GCF_000233695.2	95.0	d__Bacteria;p__Desulfobacterota;c__Desulfobacteria;o__Desulfobacterales;f__Desulfobacteraceae;g__Desulfobacter;s__Desulfobacter postgatei	96.2	0.808	N/A	N/A	N/A	N/A	N/A	N/A	ani_screen	classification based on ANI only	N/A	N/A	N/A	N/A	N/A
V5_EKDN230028457-1A_HKTTNDSX7_L4.77	d__Bacteria;p__Bacillota_A;c__Clostridia;o__Peptostreptococcales;f__Anaerovoracaceae;g__UBA1422;s__	N/A	N/A	N/A	N/A	N/A	N/A	N/A	N/A	N/A	N/A	d__Bacteria;p__Bacillota_A;c__Clostridia;o__Peptostreptococcales;f__Anaerovoracaceae;g__UBA1422;s__	taxonomic novelty determined using RED	classification based on placement in class-level tree	N/A	83.61	11	0.88041	N/A
V5_EKDN230028457-1A_HKTTNDSX7_L4.83	d__Bacteria;p__Bacteroidota;c__Bacteroidia;o__Bacteroidales;f__Williamwhitmaniaceae;g__Williamwhitmania;s__	N/A	N/A	N/A	N/A	N/A	GCF_900096565.1	95.0	d__Bacteria;p__Bacteroidota;c__Bacteroidia;o__Bacteroidales;f__Williamwhitmaniaceae;g__Williamwhitmania;s__Williamwhitmania taraxaci	79.12	0.449	d__Bacteria;p__Bacteroidota;c__Bacteroidia;o__Bacteroidales;f__Williamwhitmaniaceae;g__Williamwhitmania;s__	taxonomic classification defined by topology and ANI	classification based on placement in class-level tree	N/A	78.55	11	0.95671	N/A
V5_EKDN230028457-1A_HKTTNDSX7_L4.89	d__Bacteria;p__Bacillota_A;c__Clostridia;o__Tissierellales;f__Tissierellaceae_B;g__Tissierella_B;s__	N/A	N/A	N/A	N/A	N/A	GCA_005046945.1	95.0	d__Bacteria;p__Bacillota_A;c__Clostridia;o__Tissierellales;f__Tissierellaceae_B;g__Tissierella_B;s__Tissierella_B creatinini	77.57	0.233	d__Bacteria;p__Bacillota_A;c__Clostridia;o__Tissierellales;f__Tissierellaceae_B;g__Tissierella_B;s__	taxonomic classification defined by topology and ANI	classification based on placement in class-level tree	N/A	90.74	11	0.8447	N/A
V5_EKDN230028457-1A_HKTTNDSX7_L4.90	d__Bacteria;p__Bacillota;c__Bacilli;o__Erysipelotrichales;f__Erysipelotrichaceae;g__UBA2212;s__	N/A	N/A	N/A	N/A	N/A	GCA_021847325.1	95.0	d__Bacteria;p__Bacillota;c__Bacilli;o__Erysipelotrichales;f__Erysipelotrichaceae;g__UBA2212;s__UBA2212 sp021847325	82.84	0.657	d__Bacteria;p__Bacillota;c__Bacilli;o__Erysipelotrichales;f__Erysipelotrichaceae;g__UBA2212;s__	taxonomic classification defined by topology and ANI	classification based on placement in class-level tree	GCA_003543215.1, s__UBA2212 sp003543215, 95.0, 77.88, 0.171; GCA_002402585.1, s__UBA2212 sp002402585, 95.0, 77.84, 0.198; GCA_903847945.1, s__UBA2212 sp903847945, 95.0, 77.69, 0.014; GCA_013334325.1, s__UBA2212 sp013334325, 95.0, 76.72, 0.058; GCA_009773735.1, s__UBA2212 sp009773735, 95.0, 76.62, 0.056; GCA_903919545.1, s__UBA2212 sp903919545, 95.0, 76.31, 0.067	86.18	11	0.98457	Genome not assigned to closest species as it falls outside its pre-defined ANI radius
V6_EKDN230028458-1A_HKTTNDSX7_L4.104	d__Bacteria;p__Pseudomonadota;c__Gammaproteobacteria;o__Pseudomonadales;f__Moraxellaceae;g__Moraxella_A;s__Moraxella_A sp002478835	GCF_009867135.1	95.0237	d__Bacteria;p__Pseudomonadota;c__Gammaproteobacteria;o__Pseudomonadales;f__Moraxellaceae;g__Moraxella_A;s__Moraxella_A sp002478835	97.28	0.977	N/A	N/A	N/A	N/A	N/A	N/A	ani_screen	classification based on ANI only	GCF_001553955.1, s__Moraxella_A osloensis, 95.0237, 95.19, 0.934; GCA_014647715.1, s__Moraxella_A cinereus, 95.0, 95.16, 0.908	N/A	N/A	N/A	N/A
V6_EKDN230028458-1A_HKTTNDSX7_L4.106	d__Bacteria;p__Pseudomonadota;c__Alphaproteobacteria;o__Sphingomonadales;f__Sphingomonadaceae;g__Novosphingobium;s__	N/A	N/A	N/A	N/A	N/A	N/A	N/A	N/A	N/A	N/A	d__Bacteria;p__Pseudomonadota;c__Alphaproteobacteria;o__Sphingomonadales;f__Sphingomonadaceae;g__Novosphingobium;s__	ANI	classification based on placement in class-level tree	GCA_020848655.1, s__Novosphingobium sp020848655, 95.0, 78.52, 0.337; GCA_016719755.1, s__Novosphingobium sp016719755, 95.0, 78.44, 0.295; GCF_001590965.1, s__Novosphingobium lentum, 95.0, 78.34, 0.319; GCF_014652615.1, s__Novosphingobium arvoryzae, 95.0, 78.28, 0.332; GCA_017302615.1, s__Novosphingobium sp017302615, 95.0, 78.28, 0.284; GCF_002855555.1, s__Novosphingobium sp002855555, 95.0, 78.2, 0.293; GCF_014652555.1, s__Novosphingobium colocasiae, 95.0, 78.2, 0.312; GCA_018334165.1, s__Novosphingobium sp018334165, 95.0, 78.16, 0.242; GCF_001014975.1, s__Novosphingobium sp002336885, 95.0, 78.11, 0.294; GCA_020852455.1, s__Novosphingobium sp020852455, 95.0, 78.01, 0.257; GCA_001725355.1, s__Novosphingobium sp001725355, 95.0, 78.01, 0.291; GCF_002198665.1, s__Novosphingobium sp002198665, 95.0, 77.99, 0.293; GCF_012927405.1, s__Novosphingobium olei, 95.0, 77.99, 0.255; GCA_024236215.1, s__Novosphingobium sp024236215, 95.0, 77.99, 0.25; GCA_018241045.1, s__Novosphingobium sp018241045, 95.0, 77.95, 0.227; GCF_001421325.1, s__Novosphingobium sp001421325, 95.0, 77.93, 0.271; GCA_002440635.1, s__Novosphingobium sp002440635, 95.0, 77.91, 0.26; GCF_002813245.1, s__Novosphingobium kunmingense, 95.0, 77.91, 0.283; GCF_006874585.1, s__Novosphingobium sp006874585, 95.0, 77.91, 0.299; GCF_020179425.1, s__Novosphingobium percolationis, 95.0, 77.91, 0.287; GCF_007991615.1, s__Novosphingobium sediminis, 95.0, 77.9, 0.232; GCA_945906005.1, s__Novosphingobium sp945906005, 95.0, 77.9, 0.188; GCF_020404405.1, s__Novosphingobium sp020404405, 95.0, 77.88, 0.269; GCA_015657645.1, s__Novosphingobium sp015657645, 95.0, 77.88, 0.231; GCA_025153475.1, s__Novosphingobium sp025153475, 95.0, 77.88, 0.304; GCF_001590985.1, s__Novosphingobium naphthalenivorans, 95.0, 77.87, 0.306; GCA_013822005.1, s__Novosphingobium sp013822005, 95.0, 77.86, 0.213; GCF_007954425.1, s__Novosphingobium ginsenosidimutans, 95.0, 77.84, 0.231; GCA_013141325.1, s__Novosphingobium sp013141325, 95.0, 77.83, 0.245; GCA_009926135.1, s__Novosphingobium sp009926135, 95.0, 77.82, 0.25; GCF_020179475.1, s__Novosphingobium huizhouense, 95.0, 77.82, 0.272; GCA_024236175.1, s__Novosphingobium sp024236175, 95.0, 77.81, 0.31; GCF_014230315.1, s__Novosphingobium flavum, 95.0, 77.8, 0.253; GCF_022832375.1, s__Novosphingobium sp022832375, 95.0, 77.79, 0.334; GCF_005145025.1, s__Novosphingobium sp005145025, 95.0, 77.79, 0.313; GCA_018240895.1, s__Novosphingobium sp018240895, 95.0, 77.78, 0.242; GCA_015661825.1, s__Novosphingobium capsulatum_A, 95.0, 77.76, 0.223; GCF_900113255.1, s__Novosphingobium sp900113255, 95.0, 77.75, 0.295; GCF_001298105.1, s__Novosphingobium sp001298105, 95.0, 77.75, 0.297; GCF_014230305.1, s__Novosphingobium aerophilum, 95.0, 77.71, 0.251; GCA_017987575.1, s__Novosphingobium sp017987575, 95.0, 77.7, 0.203; GCF_002556635.1, s__Novosphingobium sp002556635, 95.0, 77.69, 0.32; GCF_014230355.1, s__Novosphingobium piscinae, 95.0, 77.69, 0.264; GCF_002149965.1, s__Novosphingobium panipatense, 95.0, 77.68, 0.294; GCF_009746585.1, s__Novosphingobium aquimarinum, 95.0, 77.65, 0.257; GCF_900168325.1, s__Novosphingobium mathurense, 95.0, 77.65, 0.268; GCA_021299075.1, s__Novosphingobium sp021299075, 95.0, 77.63, 0.22; GCF_022832435.1, s__Novosphingobium sp022832435, 95.0, 77.63, 0.255; GCF_014652855.1, s__Novosphingobium pokkalii, 95.0, 77.63, 0.313; GCF_000767465.1, s__Novosphingobium pentaromativorans, 95.0, 77.63, 0.28; GCA_017745295.1, s__Novosphingobium sp017745295, 95.0, 77.61, 0.266; GCF_022832385.1, s__Novosphingobium sp022832385, 95.0, 77.59, 0.288; GCA_013791705.1, s__Novosphingobium sp013791705, 95.0, 77.57, 0.239; GCF_014196615.1, s__Novosphingobium fluoreni, 95.0, 77.57, 0.242; GCF_001046635.1, s__Novosphingobium barchaimii, 95.0, 77.55, 0.272; GCF_014204535.1, s__Novosphingobium chloroacetimidivorans, 95.0, 77.55, 0.277; GCF_004341845.1, s__Novosphingobium sp004341845, 95.0, 77.53, 0.327; GCF_021227995.1, s__Novosphingobium sp021227995, 95.0, 77.53, 0.295; GCF_000445125.1, s__Novosphingobium lindaniclasticum, 95.0, 77.52, 0.238; GCA_021782155.1, s__Novosphingobium sp021782155, 95.0, 77.52, 0.186; GCA_004211435.1, s__Novosphingobium sp004211435, 95.0, 77.5, 0.305; GCF_000272475.1, s__Novosphingobium sp000272475, 95.0, 77.49, 0.228; GCA_002454125.1, s__Novosphingobium sp002454125, 95.0, 77.49, 0.221; GCF_900117425.1, s__Novosphingobium sp900117425, 95.0, 77.48, 0.261; GCF_000876675.2, s__Novosphingobium sp000876675, 95.0, 77.47, 0.298; GCF_002896965.1, s__Novosphingobium guangzhouense, 95.0, 77.47, 0.312; GCF_014645195.1, s__Novosphingobium indicum, 95.0, 77.47, 0.305; GCF_001742225.1, s__Novosphingobium resinovorum, 95.0, 77.45, 0.309; GCF_014640675.1, s__Novosphingobium endophyticum, 95.0, 77.44, 0.31; GCF_013408095.1, s__Novosphingobium marinum, 95.0, 77.4, 0.242; GCA_018971065.1, s__Novosphingobium sp018971065, 95.0, 77.39, 0.28; GCF_019075875.1, s__Novosphingobium sp019075875, 95.0, 77.38, 0.349; GCF_902506425.1, s__Novosphingobium sp902506425, 95.0, 77.37, 0.242; GCF_000281975.1, s__Novosphingobium sp000281975, 95.0, 77.33, 0.276; GCF_009707465.1, s__Novosphingobium sp009707465, 95.0, 77.33, 0.196; GCF_001519075.1, s__Novosphingobium fuchskuhlense, 95.0, 77.33, 0.249; GCF_004342985.1, s__Novosphingobium sp004342985, 95.0, 77.32, 0.313; GCF_902706195.1, s__Novosphingobium sp902706195, 95.0, 77.32, 0.295; GCA_945906105.1, s__Novosphingobium sp945906105, 95.0, 77.32, 0.258; GCA_020446505.1, s__Novosphingobium sp020446505, 95.0, 77.3, 0.179; GCA_019748365.1, s__Novosphingobium sp019748365, 95.0, 77.28, 0.224; GCF_000802225.1, s__Novosphingobium malaysiense, 95.0, 77.24, 0.304; GCF_018417475.1, s__Novosphingobium decolorationis, 95.0, 77.22, 0.22; GCF_002916655.1, s__Novosphingobium sp002916655, 95.0, 77.22, 0.195; GCA_903970225.1, s__Novosphingobium sp903970225, 95.0, 77.18, 0.202; GCF_018491765.1, s__Novosphingobium profundi, 95.0, 77.12, 0.229; GCF_009856825.1, s__Novosphingobium silvae, 95.0, 77.12, 0.239; GCF_020524485.1, s__Novosphingobium profundi_A, 95.0, 77.11, 0.225; GCA_023266625.1, s__Novosphingobium sp023266625, 95.0, 77.09, 0.271; GCF_015865035.1, s__Novosphingobium aureum, 95.0, 77.08, 0.218; GCA_020446575.1, s__Novosphingobium sp020446575, 95.0, 77.08, 0.151; GCA_017302775.1, s__Novosphingobium sp017302775, 95.0, 77.06, 0.132; GCA_019090585.1, s__Novosphingobium sp019090585, 95.0, 76.99, 0.152; GCF_008107685.1, s__Novosphingobium sp008107685, 95.0, 76.96, 0.199; GCA_024642085.1, s__Novosphingobium sp024642085, 95.0, 76.92, 0.183; GCA_019510335.1, s__Novosphingobium sp019510335, 95.0, 76.89, 0.188; GCA_903828025.1, s__Novosphingobium sp903828025, 95.0, 76.85, 0.176; GCA_020446595.1, s__Novosphingobium sp020446595, 95.0, 76.78, 0.176; GCA_903834285.1, s__Novosphingobium sp903834285, 95.0, 76.75, 0.201; GCA_903911985.1, s__Novosphingobium sp903911985, 95.0, 76.59, 0.157	75.11	11	0.93213	N/A
V6_EKDN230028458-1A_HKTTNDSX7_L4.108	d__Bacteria;p__Bacteroidota;c__Bacteroidia;o__Bacteroidales;f__Tannerellaceae;g__Macellibacteroides;s__Macellibacteroides sp018054455	GCA_018054455.1	95.0	d__Bacteria;p__Bacteroidota;c__Bacteroidia;o__Bacteroidales;f__Tannerellaceae;g__Macellibacteroides;s__Macellibacteroides sp018054455	98.78	0.806	N/A	N/A	N/A	N/A	N/A	N/A	ani_screen	classification based on ANI only	N/A	N/A	N/A	N/A	N/A
V6_EKDN230028458-1A_HKTTNDSX7_L4.15	d__Bacteria;p__Desulfobacterota;c__Desulfobacteria;o__Desulfobacterales;f__Desulfobacteraceae;g__Desulfobacter;s__Desulfobacter postgatei	GCF_000233695.2	95.0	d__Bacteria;p__Desulfobacterota;c__Desulfobacteria;o__Desulfobacterales;f__Desulfobacteraceae;g__Desulfobacter;s__Desulfobacter postgatei	96.31	0.828	N/A	N/A	N/A	N/A	N/A	N/A	ani_screen	classification based on ANI only	N/A	N/A	N/A	N/A	N/A
V6_EKDN230028458-1A_HKTTNDSX7_L4.19	d__Bacteria;p__Bacillota_A;c__Clostridia;o__Peptostreptococcales;f__Anaerovoracaceae;g__UBA1422;s__	N/A	N/A	N/A	N/A	N/A	N/A	N/A	N/A	N/A	N/A	d__Bacteria;p__Bacillota_A;c__Clostridia;o__Peptostreptococcales;f__Anaerovoracaceae;g__UBA1422;s__	taxonomic novelty determined using RED	classification based on placement in class-level tree	N/A	93.94	11	0.8789	N/A
V6_EKDN230028458-1A_HKTTNDSX7_L4.20	d__Bacteria;p__Bacteroidota;c__Bacteroidia;o__Flavobacteriales;f__Weeksellaceae;g__Kaistella;s__Kaistella chaponensis	GCF_900156725.1	95.0	d__Bacteria;p__Bacteroidota;c__Bacteroidia;o__Flavobacteriales;f__Weeksellaceae;g__Kaistella;s__Kaistella chaponensis	98.32	0.965	N/A	N/A	N/A	N/A	N/A	N/A	ani_screen	classification based on ANI only	N/A	N/A	N/A	N/A	N/A
V6_EKDN230028458-1A_HKTTNDSX7_L4.27	d__Bacteria;p__Bacillota;c__Bacilli;o__Lactobacillales;f__Streptococcaceae;g__Lactococcus_A;s__Lactococcus_A raffinolactis	GCF_001591765.1	95.0	d__Bacteria;p__Bacillota;c__Bacilli;o__Lactobacillales;f__Streptococcaceae;g__Lactococcus_A;s__Lactococcus_A raffinolactis	99.14	0.891	N/A	N/A	N/A	N/A	N/A	N/A	ani_screen	classification based on ANI only	N/A	N/A	N/A	N/A	N/A
V6_EKDN230028458-1A_HKTTNDSX7_L4.32	d__Bacteria;p__Pseudomonadota;c__Gammaproteobacteria;o__Burkholderiales;f__Burkholderiaceae_B;g__Polaromonas;s__	N/A	N/A	N/A	N/A	N/A	N/A	N/A	N/A	N/A	N/A	d__Bacteria;p__Pseudomonadota;c__Gammaproteobacteria;o__Burkholderiales;f__Burkholderiaceae_B;g__Polaromonas;s__	taxonomic classification defined by topology and ANI	classification based on placement in class-level tree	GCA_010365105.1, s__Polaromonas sp010365105, 95.0, 84.88, 0.784; GCF_000015505.1, s__Polaromonas naphthalenivorans, 95.0, 84.52, 0.779; GCA_016000195.1, s__Polaromonas sp016000195, 95.0, 84.31, 0.663; GCF_000709345.1, s__Polaromonas glacialis, 95.0, 84.29, 0.78; GCA_000751355.1, s__Polaromonas sp000751355, 95.0, 84.23, 0.731; GCF_015752205.1, s__Polaromonas sp015752205, 95.0, 84.05, 0.713; GCA_014376885.1, s__Polaromonas sp014376885, 95.0, 82.47, 0.653; GCA_018780625.1, s__Polaromonas sp018780625, 95.0, 82.06, 0.558; GCA_903926695.1, s__Polaromonas sp903926695, 95.0, 81.28, 0.583; GCF_001598235.1, s__Polaromonas jejuensis, 95.0, 81.26, 0.623; GCF_900112285.1, s__Polaromonas sp900112285, 95.0, 81.23, 0.609; GCA_012927415.1, s__Polaromonas sp012927415, 95.0, 80.8, 0.562; GCA_012927455.1, s__Polaromonas sp012927455, 95.0, 80.7, 0.605; GCA_024703855.1, s__Polaromonas sp024703855, 95.0, 80.68, 0.612; GCF_003711205.1, s__Polaromonas sp003711205, 95.0, 80.58, 0.591; GCF_000013865.1, s__Polaromonas sp000013865, 95.0, 80.48, 0.56; GCA_002381615.1, s__Polaromonas sp002381615, 95.0, 80.46, 0.539; GCF_900116715.1, s__Polaromonas sp900116715, 95.0, 80.46, 0.572; GCF_900103405.1, s__Polaromonas sp900103405, 95.0, 80.44, 0.573; GCF_000282655.1, s__Polaromonas sp000282655, 95.0, 80.37, 0.568; GCA_001770785.1, s__Polaromonas sp001770785, 95.0, 80.27, 0.438; GCF_002379085.1, s__Polaromonas sp002379085, 95.0, 80.27, 0.544; GCF_002379095.1, s__Polaromonas sp002379095, 95.0, 80.19, 0.517; GCA_002256925.1, s__Polaromonas sp002256925, 95.0, 80.15, 0.458; GCA_002278925.1, s__Polaromonas sp002278925, 95.0, 80.08, 0.539; GCA_002413395.1, s__Polaromonas sp002413395, 95.0, 79.96, 0.474; GCA_021153985.1, s__Polaromonas sp021153985, 95.0, 79.83, 0.507; GCA_013824015.1, s__Polaromonas sp013824015, 95.0, 79.67, 0.476; GCA_016185115.1, s__Polaromonas sp016185115, 95.0, 79.58, 0.458; GCF_002001015.1, s__Polaromonas sp002001015, 95.0, 79.52, 0.469; GCA_023259235.1, s__Polaromonas sp023259235, 95.0, 79.52, 0.461; GCA_013817205.1, s__Polaromonas sp013817205, 95.0, 79.49, 0.474; GCA_903941205.1, s__Polaromonas sp903941205, 95.0, 79.39, 0.344; GCF_014641715.1, s__Polaromonas eurypsychrophila, 95.0, 79.36, 0.474; GCA_021737905.1, s__Polaromonas sp021737905, 95.0, 79.35, 0.435; GCA_021731285.1, s__Polaromonas sp021731285, 95.0, 79.28, 0.415; GCA_004293655.1, s__Polaromonas sp004293655, 95.0, 78.98, 0.453; GCA_945871335.1, s__Polaromonas sp945871335, 95.0, 78.78, 0.345; GCA_012927485.1, s__Polaromonas sp012927485, 95.0, 78.57, 0.411; GCA_945860515.1, s__Polaromonas sp945860515, 95.0, 78.47, 0.375; GCA_013205645.1, s__Polaromonas sp013205645, 95.0, 78.43, 0.333; GCA_945878995.1, s__Polaromonas sp945878995, 95.0, 78.1, 0.322; GCA_903844825.1, s__Polaromonas sp903844825, 95.0, 78.07, 0.326; GCA_021299555.1, s__Polaromonas sp021299555, 95.0, 77.72, 0.234; GCF_012584515.1, s__Polaromonas vacuolata, 95.0, 77.25, 0.242; GCA_016868205.1, s__Polaromonas sp016868205, 95.0, 76.93, 0.198	93.01	11	0.99293	Genome not assigned to closest species as it falls outside its pre-defined ANI radius
V6_EKDN230028458-1A_HKTTNDSX7_L4.33	d__Bacteria;p__Actinomycetota;c__Actinomycetia;o__Propionibacteriales;f__Propionibacteriaceae;g__;s__	N/A	N/A	N/A	N/A	N/A	N/A	N/A	N/A	N/A	N/A	d__Bacteria;p__Actinomycetota;c__Actinomycetia;o__Propionibacteriales;f__Propionibacteriaceae;g__;s__	taxonomic novelty determined using RED	classification based on placement in class-level tree	N/A	92.63	11	0.91223	N/A
V6_EKDN230028458-1A_HKTTNDSX7_L4.34	d__Bacteria;p__Pseudomonadota;c__Gammaproteobacteria;o__Burkholderiales;f__Burkholderiaceae;g__CTSOIL-112;s__CTSOIL-112 sp017986195	GCA_017986195.1	95.0	d__Bacteria;p__Pseudomonadota;c__Gammaproteobacteria;o__Burkholderiales;f__Burkholderiaceae;g__CTSOIL-112;s__CTSOIL-112 sp017986195	97.59	0.798	N/A	N/A	N/A	N/A	N/A	N/A	ani_screen	classification based on ANI only	N/A	N/A	N/A	N/A	N/A
V6_EKDN230028458-1A_HKTTNDSX7_L4.42	d__Bacteria;p__Bacillota;c__Bacilli;o__Erysipelotrichales;f__Erysipelotrichaceae;g__UBA2212;s__	N/A	N/A	N/A	N/A	N/A	GCA_021847325.1	95.0	d__Bacteria;p__Bacillota;c__Bacilli;o__Erysipelotrichales;f__Erysipelotrichaceae;g__UBA2212;s__UBA2212 sp021847325	83.37	0.757	d__Bacteria;p__Bacillota;c__Bacilli;o__Erysipelotrichales;f__Erysipelotrichaceae;g__UBA2212;s__	taxonomic classification defined by topology and ANI	classification based on placement in class-level tree	GCA_903847945.1, s__UBA2212 sp903847945, 95.0, 81.0, 0.006; GCA_003543215.1, s__UBA2212 sp003543215, 95.0, 78.25, 0.14; GCA_002402585.1, s__UBA2212 sp002402585, 95.0, 77.71, 0.268; GCA_013334325.1, s__UBA2212 sp013334325, 95.0, 77.22, 0.077; GCA_009773735.1, s__UBA2212 sp009773735, 95.0, 76.98, 0.051; GCA_903919545.1, s__UBA2212 sp903919545, 95.0, 76.64, 0.072	66.61	11	0.98681	Genome not assigned to closest species as it falls outside its pre-defined ANI radius
V6_EKDN230028458-1A_HKTTNDSX7_L4.48	d__Bacteria;p__Actinomycetota;c__Actinomycetia;o__Propionibacteriales;f__Propionibacteriaceae;g__Arachnia;s__	N/A	N/A	N/A	N/A	N/A	GCA_934636715.1	95.0	d__Bacteria;p__Actinomycetota;c__Actinomycetia;o__Propionibacteriales;f__Propionibacteriaceae;g__Arachnia;s__Arachnia sp934636715	88.25	0.46	d__Bacteria;p__Actinomycetota;c__Actinomycetia;o__Propionibacteriales;f__Propionibacteriaceae;g__Arachnia;s__	taxonomic classification defined by topology and ANI	classification based on placement in class-level tree	GCA_016714275.1, s__Arachnia sp016714275, 95.0, 86.8, 0.831; GCF_019316905.1, s__Arachnia sp019316905, 95.0, 80.98, 0.605; GCF_001997345.1, s__Arachnia aquimaris, 95.0, 80.97, 0.606; GCF_014489575.1, s__Arachnia defluvii, 95.0, 80.91, 0.589; GCF_001998865.1, s__Arachnia flavescens, 95.0, 80.9, 0.58; GCF_011174705.1, s__Arachnia coleopterorum, 95.0, 80.7, 0.559; GCF_001693815.1, s__Arachnia lapidicapta, 95.0, 80.6, 0.54; GCA_012837465.1, s__Arachnia sp012837465, 95.0, 80.29, 0.471; GCF_000826065.2, s__Arachnia massiliensis_A, 95.0, 80.08, 0.511; GCF_014164775.1, s__Arachnia sp014164775, 95.0, 79.99, 0.508; GCF_017815535.1, s__Arachnia sp001956895, 95.0, 79.9, 0.517; GCA_020741375.1, s__Arachnia flavescens_A, 95.0, 79.76, 0.42; GCF_900141915.1, s__Arachnia bendigoensis, 95.0, 79.63, 0.462; GCF_001997295.1, s__Arachnia flava, 95.0, 79.53, 0.502; GCF_900103275.1, s__Arachnia oleiagri, 95.0, 79.2, 0.445; GCF_007197885.1, s__Arachnia rhinocerotis, 95.0, 79.12, 0.451; GCA_943914565.1, s__Arachnia sp943914565, 95.0, 79.03, 0.397; GCA_000619965.1, s__Arachnia sp000619965, 95.0, 79.01, 0.382; GCF_020687685.1, s__Arachnia sp020687685, 95.0, 78.66, 0.418; GCF_003859805.1, s__Arachnia propionica_C, 95.0, 78.42, 0.298; GCF_003688855.1, s__Arachnia antarctica, 95.0, 78.36, 0.337; GCF_003932785.1, s__Arachnia propionica_B, 95.0, 78.26, 0.344; GCA_905372155.1, s__Arachnia sp905372155, 95.0, 78.22, 0.257; GCF_900607225.1, s__Arachnia massiliensis, 95.0, 78.17, 0.287; GCA_012514785.1, s__Arachnia sp012514785, 95.0, 78.14, 0.325; GCF_003932855.1, s__Arachnia sp003932855, 95.0, 78.08, 0.232; GCF_900637725.1, s__Arachnia propionica, 95.0, 78.04, 0.279; GCF_900343145.1, s__Arachnia timonensis, 95.0, 77.8, 0.241; GCA_013333945.2, s__Arachnia sp013333945, 95.0, 77.64, 0.163; GCA_002748325.1, s__Arachnia propionica_A, 95.0, 77.63, 0.164; GCF_019973735.1, s__Arachnia rubra, 95.0, 77.51, 0.24; GCA_023443125.1, s__Arachnia sp023443125, 95.0, 77.5, 0.259	69.49	11	0.99528	Genome not assigned to closest species as it falls outside its pre-defined ANI radius
V6_EKDN230028458-1A_HKTTNDSX7_L4.49	d__Bacteria;p__Bacillota;c__Bacilli;o__Lactobacillales;f__Streptococcaceae;g__Streptococcus;s__Streptococcus suis_AA	GCF_022354845.1	95.1545	d__Bacteria;p__Bacillota;c__Bacilli;o__Lactobacillales;f__Streptococcaceae;g__Streptococcus;s__Streptococcus suis_AA	98.35	0.864	N/A	N/A	N/A	N/A	N/A	N/A	ani_screen	classification based on ANI only	GCF_021654455.1, s__Streptococcus parasuis, 95.1545, 95.57, 0.841	N/A	N/A	N/A	N/A
V6_EKDN230028458-1A_HKTTNDSX7_L4.58	d__Bacteria;p__Actinomycetota;c__Actinomycetia;o__Actinomycetales;f__Actinomycetaceae;g__Pauljensenia;s__	N/A	N/A	N/A	N/A	N/A	N/A	N/A	N/A	N/A	N/A	d__Bacteria;p__Actinomycetota;c__Actinomycetia;o__Actinomycetales;f__Actinomycetaceae;g__Pauljensenia;s__	taxonomic classification defined by topology and ANI	classification based on placement in class-level tree	GCF_000820725.1, s__Pauljensenia polynesiensis, 95.0, 80.95, 0.554; GCF_900155435.1, s__Pauljensenia provencensis, 95.0, 80.83, 0.638; GCA_023426345.1, s__Pauljensenia sp023426345, 95.0, 80.04, 0.462; GCA_022649165.1, s__Pauljensenia sp022649165, 95.0, 79.72, 0.505; GCF_900499005.1, s__Pauljensenia culturomici_A, 95.0, 79.47, 0.434; GCF_001746855.1, s__Pauljensenia hongkongensis, 95.0, 79.39, 0.261; GCF_014208035.1, s__Pauljensenia hyovaginalis, 95.0, 79.24, 0.359; GCF_018986735.1, s__Pauljensenia sp018986735, 95.0, 79.1, 0.346; GCF_005696695.1, s__Pauljensenia odontolytica_C, 95.0, 79.03, 0.3; GCF_000429245.1, s__Pauljensenia georgiae, 95.0, 79.01, 0.316; GCA_916438945.1, s__Pauljensenia sp916438945, 95.0, 78.95, 0.236; GCA_001072465.1, s__Pauljensenia sp001072465, 95.0, 78.77, 0.285; GCA_902373545.1, s__Pauljensenia sp902373545, 95.0, 78.76, 0.253; GCF_002847525.1, s__Pauljensenia odontolytica_B, 95.0, 78.76, 0.285; GCF_000466265.1, s__Pauljensenia sp000466265, 95.0, 78.74, 0.277; GCA_916439125.1, s__Pauljensenia sp916439125, 95.0, 78.73, 0.287; GCF_009730335.1, s__Pauljensenia odontolytica_A, 95.0, 78.71, 0.266; GCF_900155605.1, s__Pauljensenia marseillensis, 95.0, 78.69, 0.091; GCA_001064145.1, s__Pauljensenia sp001064145, 95.0, 78.67, 0.293; GCA_001838165.1, s__Pauljensenia sp001838165, 95.0, 78.63, 0.274; GCA_019425105.1, s__Pauljensenia sp019425105, 95.0, 78.62, 0.211; GCF_019429565.1, s__Pauljensenia sp018382595, 95.0, 78.61, 0.295; GCA_000411415.1, s__Pauljensenia sp000411415, 95.0, 78.58, 0.256; GCF_024584435.1, s__Pauljensenia sp000185285, 95.0, 78.56, 0.277; GCA_018375675.1, s__Pauljensenia sp018375675, 95.0, 78.54, 0.288; GCA_916438365.1, s__Pauljensenia sp916438365, 95.0, 78.54, 0.205; GCA_902373435.1, s__Pauljensenia sp902373435, 95.0, 78.48, 0.234; GCA_015655375.1, s__Pauljensenia sp015655375, 95.0, 78.47, 0.391; GCF_900445025.1, s__Pauljensenia odontolytica, 95.0, 78.46, 0.247; GCF_000278725.1, s__Pauljensenia sp000278725, 95.0, 78.35, 0.269; GCF_900105015.1, s__Pauljensenia meyeri, 95.0, 78.35, 0.196; GCA_900556405.1, s__Pauljensenia sp900556405, 95.0, 78.32, 0.19; GCF_900128465.1, s__Pauljensenia bouchesdurhonensis, 95.0, 78.28, 0.208; GCF_000308055.1, s__Pauljensenia sp000308055, 95.0, 78.19, 0.088; GCF_900155595.1, s__Pauljensenia mediterranea, 95.0, 78.11, 0.271; GCF_011038885.2, s__Pauljensenia sp011038875, 95.0, 78.07, 0.114; GCF_000296505.1, s__Pauljensenia turicensis, 95.0, 78.0, 0.131; GCA_900541895.1, s__Pauljensenia sp900541895, 95.0, 77.89, 0.079; GCF_903645355.1, s__Pauljensenia sp903645355, 95.0, 77.76, 0.2; GCF_016405145.1, s__Pauljensenia cardiffensis, 95.0, 77.73, 0.221; GCF_003858455.1, s__Pauljensenia canis, 95.0, 77.67, 0.128; GCF_000429105.1, s__Pauljensenia suimastitidis, 95.0, 77.57, 0.079; GCF_001070855.1, s__Pauljensenia pyogenes_A, 95.0, 77.55, 0.088; GCF_000758755.1, s__Pauljensenia sp000758755, 95.0, 77.46, 0.1; GCF_000420425.1, s__Pauljensenia vaccimaxillae, 95.0, 77.42, 0.133; GCF_021083645.1, s__Pauljensenia sp021083645, 95.0, 77.4, 0.035; GCF_900106055.1, s__Pauljensenia radingae_A, 95.0, 77.28, 0.109; GCA_900554605.1, s__Pauljensenia sp900554605, 95.0, 77.28, 0.086; GCA_916719935.1, s__Pauljensenia sp916719935, 95.0, 77.05, 0.067	83.67	11	0.93379	Genome not assigned to closest species as it falls outside its pre-defined ANI radius
V6_EKDN230028458-1A_HKTTNDSX7_L4.60	d__Bacteria;p__Bacillota_A;c__Clostridia;o__Clostridiales;f__Clostridiaceae;g__JG1575;s__	N/A	N/A	N/A	N/A	N/A	N/A	N/A	N/A	N/A	N/A	d__Bacteria;p__Bacillota_A;c__Clostridia;o__Clostridiales;f__Clostridiaceae;g__JG1575;s__	ANI	classification based on placement in class-level tree	GCA_012511315.1, s__JG1575 sp012511315, 95.0, 78.57, 0.085; GCA_024579835.1, s__JG1575 sp024579835, 95.0, 78.12, 0.147; GCA_002838815.1, s__JG1575 sp002838815, 95.0, 76.58, 0.061	96.56	11	0.92072	N/A
V6_EKDN230028458-1A_HKTTNDSX7_L4.62	d__Bacteria;p__Pseudomonadota;c__Gammaproteobacteria;o__Burkholderiales;f__Methylophilaceae;g__Methylotenera;s__	N/A	N/A	N/A	N/A	N/A	GCF_000093025.1	95.0	d__Bacteria;p__Pseudomonadota;c__Gammaproteobacteria;o__Burkholderiales;f__Methylophilaceae;g__Methylotenera;s__Methylotenera versatilis	80.62	0.499	d__Bacteria;p__Pseudomonadota;c__Gammaproteobacteria;o__Burkholderiales;f__Methylophilaceae;g__Methylotenera;s__	taxonomic classification defined by topology and ANI	classification based on placement in class-level tree	GCA_013141425.1, s__Methylotenera sp013141425, 95.0, 78.98, 0.374; GCA_013141075.1, s__Methylotenera sp013141075, 95.0, 78.94, 0.336; GCA_903833595.1, s__Methylotenera sp903833595, 95.0, 78.47, 0.292; GCA_013141495.1, s__Methylotenera sp013141495, 95.0, 78.37, 0.252; GCA_009693255.1, s__Methylotenera sp009693255, 95.0, 78.29, 0.395; GCA_014378495.1, s__Methylotenera sp014378495, 95.0, 78.22, 0.246; GCA_903854305.1, s__Methylotenera sp903854305, 95.0, 78.14, 0.304; GCA_903846555.1, s__Methylotenera sp903846555, 95.0, 78.12, 0.299; GCA_021738125.1, s__Methylotenera sp021738125, 95.0, 78.12, 0.303; GCA_001803395.1, s__Methylotenera sp001803395, 95.0, 78.07, 0.302; GCA_002842195.1, s__Methylotenera sp002842195, 95.0, 78.03, 0.339; GCF_000384255.1, s__Methylotenera mobilis_B, 95.0, 77.99, 0.184; GCA_903926935.1, s__Methylotenera sp903926935, 95.0, 77.98, 0.313; GCA_903876765.1, s__Methylotenera sp903876765, 95.0, 77.89, 0.271; GCA_903838125.1, s__Methylotenera sp903838125, 95.0, 77.87, 0.252; GCA_002429455.1, s__Methylotenera sp002429455, 95.0, 77.86, 0.24; GCA_013140755.1, s__Methylotenera sp013140755, 95.0, 77.83, 0.227; GCF_000023705.1, s__Methylotenera mobilis, 95.0, 77.79, 0.19; GCA_903882525.1, s__Methylotenera sp903882525, 95.0, 77.77, 0.273; GCA_013816325.1, s__Methylotenera sp013816325, 95.0, 77.74, 0.179; GCA_002281815.1, s__Methylotenera sp002281815, 95.0, 77.74, 0.23; GCF_004661485.1, s__Methylotenera oryzisoli, 95.0, 77.72, 0.199; GCF_000744605.1, s__Methylotenera sp000744605, 95.0, 77.67, 0.197; GCA_002842285.1, s__Methylotenera sp002842285, 95.0, 77.64, 0.142; GCA_903860085.1, s__Methylotenera sp903860085, 95.0, 77.61, 0.305; GCA_903951385.1, s__Methylotenera sp903951385, 95.0, 77.54, 0.255; GCA_020035195.1, s__Methylotenera sp020035195, 95.0, 77.42, 0.209; GCA_002928535.1, s__Methylotenera sp002928535, 95.0, 77.23, 0.141; GCA_020622105.1, s__Methylotenera sp020622105, 95.0, 77.2, 0.175; GCA_005791685.1, s__Methylotenera sp005791685, 95.0, 77.19, 0.21; GCF_000799735.1, s__Methylotenera sp000799735, 95.0, 77.15, 0.118; GCA_023259635.1, s__Methylotenera sp023259635, 95.0, 77.14, 0.166; GCA_005777825.1, s__Methylotenera sp005777825, 95.0, 77.13, 0.184; GCA_016867975.1, s__Methylotenera sp016867975, 95.0, 77.08, 0.167	83.69	11	0.9838	N/A
V6_EKDN230028458-1A_HKTTNDSX7_L4.82	d__Bacteria;p__Nitrospirota;c__Nitrospiria;o__Nitrospirales;f__Nitrospiraceae;g__Nitrospira_A;s__	N/A	N/A	N/A	N/A	N/A	GCA_009594995.1	95.0	d__Bacteria;p__Nitrospirota;c__Nitrospiria;o__Nitrospirales;f__Nitrospiraceae;g__Nitrospira_A;s__Nitrospira_A sp009594995	84.88	0.752	d__Bacteria;p__Nitrospirota;c__Nitrospiria;o__Nitrospirales;f__Nitrospiraceae;g__Nitrospira_A;s__	taxonomic classification defined by topology and ANI	classification based on placement in class-level tree	GCA_020853775.1, s__Nitrospira_A sp020853775, 95.0, 83.05, 0.665; GCA_024998595.1, s__Nitrospira_A sp024998595, 95.0, 82.79, 0.658; GCA_014055465.1, s__Nitrospira_A sp014055465, 95.0, 82.64, 0.616; GCF_900170025.1, s__Nitrospira_A sp900170025, 95.0, 82.11, 0.609; GCA_009594865.1, s__Nitrospira_A sp009594865, 95.0, 82.08, 0.659; GCA_022226935.1, s__Nitrospira_A sp022226935, 95.0, 82.02, 0.652; GCA_919902505.1, s__Nitrospira_A sp919902505, 95.0, 82.01, 0.626; GCA_000196815.1, s__Nitrospira_A defluvii_A, 95.0, 81.91, 0.607; GCA_024998565.1, s__Nitrospira_A sp016788925, 95.0, 81.78, 0.633; GCA_024998625.1, s__Nitrospira_A sp024998625, 95.0, 81.73, 0.603; GCA_900696505.1, s__Nitrospira_A sp900696505, 95.0, 81.6, 0.659; GCA_902500995.1, s__Nitrospira_A sp902500995, 95.0, 81.53, 0.631; GCA_902500715.1, s__Nitrospira_A sp902500715, 95.0, 81.17, 0.64; GCA_902500785.1, s__Nitrospira_A sp902500785, 95.0, 80.94, 0.624; GCA_017986555.1, s__Nitrospira_A sp017986555, 95.0, 80.62, 0.557; GCA_016788885.1, s__Nitrospira_A sp009594855, 95.0, 80.41, 0.567; GCF_905220995.1, s__Nitrospira_A defluvii_C, 95.0, 80.33, 0.533; GCA_024998705.1, s__Nitrospira_A sp024998705, 95.0, 80.33, 0.602; GCA_023248215.1, s__Nitrospira_A sp023248215, 95.0, 80.31, 0.531; GCA_011525625.1, s__Nitrospira_A sp003456605, 95.0, 80.11, 0.503; GCA_018242665.1, s__Nitrospira_A sp018242665, 95.0, 80.06, 0.54; GCA_014055495.1, s__Nitrospira_A sp014055495, 95.0, 79.94, 0.521; GCA_016199015.1, s__Nitrospira_A defluvii_B, 95.0, 79.61, 0.55; GCA_013696305.1, s__Nitrospira_A sp013696305, 95.0, 79.44, 0.511; GCA_021323395.1, s__Nitrospira_A sp021323395, 95.0, 79.08, 0.484; GCA_020697375.1, s__Nitrospira_A sp020697375, 95.0, 78.71, 0.395; GCA_015709715.1, s__Nitrospira_A sp001567445, 95.0, 78.16, 0.309	90.67	11	0.97563	Genome not assigned to closest species as it falls outside its pre-defined ANI radius
V6_EKDN230028458-1A_HKTTNDSX7_L4.83	d__Bacteria;p__Bacillota;c__Bacilli;o__Lactobacillales;f__Aerococcaceae;g__Trichococcus;s__Trichococcus flocculiformis	GCF_900113645.1	95.0	d__Bacteria;p__Bacillota;c__Bacilli;o__Lactobacillales;f__Aerococcaceae;g__Trichococcus;s__Trichococcus flocculiformis	98.49	0.918	N/A	N/A	N/A	N/A	N/A	N/A	ani_screen	classification based on ANI only	N/A	N/A	N/A	N/A	N/A
V6_EKDN230028458-1A_HKTTNDSX7_L4.87	d__Bacteria;p__Actinomycetota;c__Actinomycetia;o__Propionibacteriales;f__Propionibacteriaceae;g__Luteococcus;s__	N/A	N/A	N/A	N/A	N/A	GCF_003752415.1	95.0	d__Bacteria;p__Actinomycetota;c__Actinomycetia;o__Propionibacteriales;f__Propionibacteriaceae;g__Luteococcus;s__Luteococcus japonicus	81.11	0.576	d__Bacteria;p__Actinomycetota;c__Actinomycetia;o__Propionibacteriales;f__Propionibacteriaceae;g__Luteococcus;s__	taxonomic classification defined by topology and ANI	classification based on placement in class-level tree	GCA_002387005.1, s__Luteococcus avicola, 95.0, 80.43, 0.434	84.49	11	0.96439	Genome not assigned to closest species as it falls outside its pre-defined ANI radius
V6_EKDN230028458-1A_HKTTNDSX7_L4.90	d__Bacteria;p__Pseudomonadota;c__Alphaproteobacteria;o__Rhizobiales;f__Ancalomicrobiaceae;g__Pinisolibacter;s__	N/A	N/A	N/A	N/A	N/A	GCA_002298965.1	95.0	d__Bacteria;p__Pseudomonadota;c__Alphaproteobacteria;o__Rhizobiales;f__Ancalomicrobiaceae;g__Pinisolibacter;s__Pinisolibacter sp002298965	93.04	0.77	d__Bacteria;p__Pseudomonadota;c__Alphaproteobacteria;o__Rhizobiales;f__Ancalomicrobiaceae;g__Pinisolibacter;s__	taxonomic classification defined by topology and ANI	classification based on placement in class-level tree	GCA_021286855.1, s__Pinisolibacter sp021286855, 95.0, 85.13, 0.693; GCF_019160155.1, s__Pinisolibacter aquiterrae, 95.0, 84.94, 0.713; GCA_012517025.1, s__Pinisolibacter sp012517025, 95.0, 84.7, 0.607	86.75	11	0.99174	Genome not assigned to closest species as it falls outside its pre-defined ANI radius
V6_EKDN230028458-1A_HKTTNDSX7_L4.95	d__Bacteria;p__Bacillota_B;c__TC1;o__;f__;g__;s__	N/A	N/A	N/A	N/A	N/A	N/A	N/A	N/A	N/A	N/A	d__Bacteria;p__Bacillota_B;c__TC1;o__;f__;g__;s__	taxonomic novelty determined using RED	classification based on placement in class-level tree	N/A	89.26	11	0.48706	N/A
V7_EKDN230028459-1A_HKTTNDSX7_L4.101	d__Bacteria;p__Pseudomonadota;c__Gammaproteobacteria;o__Burkholderiales;f__Burkholderiaceae_B;g__Rubrivivax;s__	N/A	N/A	N/A	N/A	N/A	N/A	N/A	N/A	N/A	N/A	d__Bacteria;p__Pseudomonadota;c__Gammaproteobacteria;o__Burkholderiales;f__Burkholderiaceae_B;g__Rubrivivax;s__	taxonomic classification defined by topology and ANI	classification based on placement in class-level tree	GCA_022842305.1, s__Rubrivivax sp022842305, 95.0, 81.7, 0.479; GCA_001295905.1, s__Rubrivivax sp001295905, 95.0, 81.08, 0.46; GCF_004016505.1, s__Rubrivivax rivuli, 95.0, 81.03, 0.467; GCA_016704535.1, s__Rubrivivax sp016704535, 95.0, 81.01, 0.458; GCA_001295865.1, s__Rubrivivax sp001295865, 95.0, 80.98, 0.463; GCA_014859905.1, s__Rubrivivax sp014859905, 95.0, 80.97, 0.344; GCF_904426505.1, s__Rubrivivax sp904426505, 95.0, 80.89, 0.5; GCA_013822265.1, s__Rubrivivax sp013822265, 95.0, 80.87, 0.497; GCA_011391855.1, s__Rubrivivax sp011391855, 95.0, 80.87, 0.511; GCA_016709385.1, s__Rubrivivax sp016709385, 95.0, 80.82, 0.489; GCA_020720385.1, s__Rubrivivax sp020720385, 95.0, 80.6, 0.542; GCA_903914615.1, s__Rubrivivax sp903914615, 95.0, 80.51, 0.426; GCA_016790395.1, s__Rubrivivax sp016790395, 95.0, 80.45, 0.492; GCA_903828235.1, s__Rubrivivax sp903828235, 95.0, 80.33, 0.449; GCA_022842595.1, s__Rubrivivax sp022842595, 95.0, 80.27, 0.448; GCA_020248945.1, s__Rubrivivax sp020248945, 95.0, 80.19, 0.446; GCA_903822435.1, s__Rubrivivax sp903822435, 95.0, 80.13, 0.403; GCA_016719535.1, s__Rubrivivax sp016719535, 95.0, 80.11, 0.439; GCA_019635315.1, s__Rubrivivax sp019635315, 95.0, 80.03, 0.46; GCA_023657425.1, s__Rubrivivax sp023657425, 95.0, 79.99, 0.451; GCA_022843905.1, s__Rubrivivax sp022843905, 95.0, 79.97, 0.444; GCA_020161065.1, s__Rubrivivax sp020161065, 95.0, 79.95, 0.474; GCA_016707445.1, s__Rubrivivax sp016707445, 95.0, 79.79, 0.384; GCA_001464055.1, s__Rubrivivax sp001464055, 95.0, 79.77, 0.413; GCF_004016515.1, s__Rubrivivax albus, 95.0, 79.71, 0.43; GCA_024235855.1, s__Rubrivivax sp024235855, 95.0, 79.63, 0.405; GCA_903938815.1, s__Rubrivivax sp903938815, 95.0, 79.61, 0.39; GCA_016790225.1, s__Rubrivivax sp016790225, 95.0, 79.51, 0.38; GCA_018780805.1, s__Rubrivivax sp018780805, 95.0, 79.42, 0.4; GCA_024235915.1, s__Rubrivivax sp024235915, 95.0, 79.38, 0.365; GCF_016583785.1, s__Rubrivivax gelatinosus_B, 95.0, 79.37, 0.402; GCA_024641925.1, s__Rubrivivax sp024641925, 95.0, 79.36, 0.375; GCA_022842825.1, s__Rubrivivax sp022842825, 95.0, 79.36, 0.386; GCA_018971105.1, s__Rubrivivax sp018971105, 95.0, 79.35, 0.377; GCF_000190375.1, s__Rubrivivax benzoatilyticus, 95.0, 79.34, 0.439; GCF_000284255.1, s__Rubrivivax gelatinosus_A, 95.0, 79.31, 0.388; GCF_004340905.1, s__Rubrivivax gelatinosus, 95.0, 79.3, 0.396; GCA_021300575.1, s__Rubrivivax sp021300575, 95.0, 79.29, 0.323; GCA_020248915.1, s__Rubrivivax sp020248915, 95.0, 79.19, 0.404; GCA_001725505.1, s__Rubrivivax sp001725505, 95.0, 79.12, 0.403; GCA_016223165.1, s__Rubrivivax sp016223165, 95.0, 79.11, 0.449; GCA_016789865.1, s__Rubrivivax sp016789865, 95.0, 79.09, 0.396; GCA_016716535.1, s__Rubrivivax sp016716535, 95.0, 79.03, 0.408; GCA_016788525.1, s__Rubrivivax sp016788525, 95.0, 78.98, 0.373; GCA_001724995.1, s__Rubrivivax sp001724995, 95.0, 78.92, 0.385; GCA_020852865.1, s__Rubrivivax sp020852865, 95.0, 78.92, 0.374; GCA_016790435.1, s__Rubrivivax sp016790435, 95.0, 78.91, 0.328; GCA_903885585.1, s__Rubrivivax sp903885585, 95.0, 78.88, 0.282; GCA_021298085.1, s__Rubrivivax sp021298085, 95.0, 78.85, 0.34; GCA_021297985.1, s__Rubrivivax sp021297985, 95.0, 78.84, 0.345; GCA_018241895.1, s__Rubrivivax sp018241895, 95.0, 78.75, 0.403; GCA_016789955.1, s__Rubrivivax sp016789955, 95.0, 78.71, 0.365; GCA_016790425.1, s__Rubrivivax sp016790425, 95.0, 78.7, 0.369; GCA_020851615.1, s__Rubrivivax sp020851615, 95.0, 78.57, 0.463; GCA_024641945.1, s__Rubrivivax sp024641945, 95.0, 78.53, 0.332; GCA_024235895.1, s__Rubrivivax sp011525985, 95.0, 78.45, 0.35; GCA_016191995.1, s__Rubrivivax sp016191995, 95.0, 78.22, 0.324; GCA_903876715.1, s__Rubrivivax sp903876715, 95.0, 77.87, 0.27; GCA_903834645.1, s__Rubrivivax sp903834645, 95.0, 77.72, 0.321; GCA_009923895.1, s__Rubrivivax sp009923895, 95.0, 77.04, 0.23	64.33	11	0.97153	Genome not assigned to closest species as it falls outside its pre-defined ANI radius
V7_EKDN230028459-1A_HKTTNDSX7_L4.102	d__Bacteria;p__Pseudomonadota;c__Gammaproteobacteria;o__Thiotrichales;f__Thiotrichaceae;g__Thiothrix;s__Thiothrix fructosivorans	GCF_017349355.1	95.0	d__Bacteria;p__Pseudomonadota;c__Gammaproteobacteria;o__Thiotrichales;f__Thiotrichaceae;g__Thiothrix;s__Thiothrix fructosivorans	99.13	0.96	N/A	N/A	N/A	N/A	N/A	N/A	ani_screen	classification based on ANI only	N/A	N/A	N/A	N/A	N/A
V7_EKDN230028459-1A_HKTTNDSX7_L4.109	d__Bacteria;p__Pseudomonadota;c__Gammaproteobacteria;o__Beggiatoales;f__Beggiatoaceae;g__DYNO01;s__	N/A	N/A	N/A	N/A	N/A	GCA_020721025.1	95.0	d__Bacteria;p__Pseudomonadota;c__Gammaproteobacteria;o__Beggiatoales;f__Beggiatoaceae;g__DYNO01;s__DYNO01 sp020721025	80.71	0.518	d__Bacteria;p__Pseudomonadota;c__Gammaproteobacteria;o__Beggiatoales;f__Beggiatoaceae;g__DYNO01;s__	taxonomic classification defined by topology and ANI	classification based on placement in class-level tree	N/A	86.79	11	0.9574	Genome not assigned to closest species as it falls outside its pre-defined ANI radius
V7_EKDN230028459-1A_HKTTNDSX7_L4.11	d__Bacteria;p__Bacteroidota;c__Bacteroidia;o__Flavobacteriales;f__Weeksellaceae;g__Cloacibacterium;s__	N/A	N/A	N/A	N/A	N/A	N/A	N/A	N/A	N/A	N/A	d__Bacteria;p__Bacteroidota;c__Bacteroidia;o__Flavobacteriales;f__Weeksellaceae;g__Cloacibacterium;s__	taxonomic novelty determined using RED	classification based on placement in class-level tree	N/A	88.5	11	0.97405	N/A
V7_EKDN230028459-1A_HKTTNDSX7_L4.111	d__Bacteria;p__Pseudomonadota;c__Gammaproteobacteria;o__Burkholderiales;f__Burkholderiaceae_C;g__CAIJKV01;s__	N/A	N/A	N/A	N/A	N/A	GCA_903821335.1	95.0	d__Bacteria;p__Pseudomonadota;c__Gammaproteobacteria;o__Burkholderiales;f__Burkholderiaceae_C;g__CAIJKV01;s__CAIJKV01 sp903821335	80.84	0.603	d__Bacteria;p__Pseudomonadota;c__Gammaproteobacteria;o__Burkholderiales;f__Burkholderiaceae_C;g__CAIJKV01;s__	taxonomic classification defined by topology and ANI	classification based on placement in class-level tree	N/A	85.88	11	0.98569	Genome not assigned to closest species as it falls outside its pre-defined ANI radius
V7_EKDN230028459-1A_HKTTNDSX7_L4.118	d__Bacteria;p__Actinomycetota;c__Actinomycetia;o__Mycobacteriales;f__Jatrophihabitantaceae;g__;s__	N/A	N/A	N/A	N/A	N/A	N/A	N/A	N/A	N/A	N/A	d__Bacteria;p__Actinomycetota;c__Actinomycetia;o__Mycobacteriales;f__Jatrophihabitantaceae;g__;s__	taxonomic novelty determined using RED	classification based on placement in class-level tree	N/A	74.52	11	0.80583	N/A
V7_EKDN230028459-1A_HKTTNDSX7_L4.123	d__Bacteria;p__Bacillota_B;c__Desulfitobacteriia;o__Desulfitobacteriales;f__Desulfitobacteriaceae;g__Desulfosporosinus;s__	N/A	N/A	N/A	N/A	N/A	GCA_002404215.1	95.0	d__Bacteria;p__Bacillota_B;c__Desulfitobacteriia;o__Desulfitobacteriales;f__Desulfitobacteriaceae;g__Desulfosporosinus;s__Desulfosporosinus sp002404215	84.61	0.686	d__Bacteria;p__Bacillota_B;c__Desulfitobacteriia;o__Desulfitobacteriales;f__Desulfitobacteriaceae;g__Desulfosporosinus;s__	taxonomic classification defined by topology and ANI	classification based on placement in class-level tree	GCF_004766045.1, s__Desulfosporosinus fructosivorans, 95.0, 80.17, 0.381; GCA_900290375.1, s__Desulfosporosinus infrequens, 95.0, 79.75, 0.373; GCA_001516045.1, s__Desulfosporosinus sp001516045, 95.0, 79.44, 0.341; GCA_003132105.1, s__Desulfosporosinus sp003132105, 95.0, 79.34, 0.417; GCF_000224515.1, s__Desulfosporosinus sp000224515, 95.0, 79.34, 0.366; GCF_001707885.1, s__Desulfosporosinus sp001707885, 95.0, 79.27, 0.356; GCF_001936615.1, s__Desulfosporosinus metallidurans, 95.0, 79.16, 0.294; GCF_000960765.1, s__Desulfosporosinus sp000960765, 95.0, 78.64, 0.224; GCF_004766055.1, s__Desulfosporosinus sp004766055, 95.0, 78.62, 0.295; GCF_023897015.1, s__Desulfosporosinus nitroreducens, 95.0, 78.59, 0.223; GCF_900129935.1, s__Desulfosporosinus lacus, 95.0, 78.55, 0.248; GCA_000770645.1, s__Desulfosporosinus sp000770645, 95.0, 78.53, 0.309; GCA_927405585.1, s__Desulfosporosinus sp927405585, 95.0, 78.51, 0.266; GCA_000961805.1, s__Desulfosporosinus sp000961805, 95.0, 78.4, 0.257; GCA_002413075.1, s__Desulfosporosinus sp002413075, 95.0, 78.38, 0.321; GCF_020595055.1, s__Desulfosporosinus sp020595055, 95.0, 78.35, 0.224; GCA_021779415.1, s__Desulfosporosinus sp021779415, 95.0, 78.25, 0.262; GCF_000231385.2, s__Desulfosporosinus meridiei, 95.0, 78.02, 0.157; GCA_003513495.1, s__Desulfosporosinus sp003513495, 95.0, 77.96, 0.167; GCF_900100785.1, s__Desulfosporosinus hippei, 95.0, 77.84, 0.159; GCF_000765145.1, s__Desulfosporosinus sp000765145, 95.0, 77.84, 0.15; GCA_016278585.1, s__Desulfosporosinus sp016278585, 95.0, 77.51, 0.226; GCF_000244895.1, s__Desulfosporosinus youngiae, 95.0, 77.51, 0.194; GCF_000235605.1, s__Desulfosporosinus orientis, 95.0, 77.44, 0.126; GCF_002196705.1, s__Desulfosporosinus sp002196705, 95.0, 77.29, 0.089; GCF_000255115.2, s__Desulfosporosinus acidiphilus, 95.0, 77.0, 0.1; GCF_001029285.1, s__Desulfosporosinus acididurans, 95.0, 76.91, 0.092	77.12	11	0.97357	Genome not assigned to closest species as it falls outside its pre-defined ANI radius
V7_EKDN230028459-1A_HKTTNDSX7_L4.13	d__Bacteria;p__Pseudomonadota;c__Alphaproteobacteria;o__Rhizobiales;f__Rhizobiaceae;g__;s__	N/A	N/A	N/A	N/A	N/A	N/A	N/A	N/A	N/A	N/A	d__Bacteria;p__Pseudomonadota;c__Alphaproteobacteria;o__Rhizobiales;f__Rhizobiaceae;g__;s__	taxonomic classification fully defined by topology	classification based on placement in class-level tree	N/A	88.06	11	0.86432	N/A
V7_EKDN230028459-1A_HKTTNDSX7_L4.134	d__Bacteria;p__Pseudomonadota;c__Gammaproteobacteria;o__Burkholderiales;f__Methylophilaceae;g__Methylotenera;s__	N/A	N/A	N/A	N/A	N/A	GCF_000093025.1	95.0	d__Bacteria;p__Pseudomonadota;c__Gammaproteobacteria;o__Burkholderiales;f__Methylophilaceae;g__Methylotenera;s__Methylotenera versatilis	80.54	0.504	d__Bacteria;p__Pseudomonadota;c__Gammaproteobacteria;o__Burkholderiales;f__Methylophilaceae;g__Methylotenera;s__	taxonomic classification defined by topology and ANI	classification based on placement in class-level tree	GCA_013141425.1, s__Methylotenera sp013141425, 95.0, 78.76, 0.375; GCA_013141075.1, s__Methylotenera sp013141075, 95.0, 78.59, 0.319; GCA_903854305.1, s__Methylotenera sp903854305, 95.0, 78.25, 0.314; GCA_009693255.1, s__Methylotenera sp009693255, 95.0, 78.19, 0.401; GCF_000384255.1, s__Methylotenera mobilis_B, 95.0, 78.14, 0.171; GCA_903833595.1, s__Methylotenera sp903833595, 95.0, 78.11, 0.295; GCA_014378495.1, s__Methylotenera sp014378495, 95.0, 78.09, 0.247; GCA_903846555.1, s__Methylotenera sp903846555, 95.0, 78.05, 0.291; GCA_001803395.1, s__Methylotenera sp001803395, 95.0, 78.0, 0.285; GCA_002842195.1, s__Methylotenera sp002842195, 95.0, 77.96, 0.299; GCA_013141495.1, s__Methylotenera sp013141495, 95.0, 77.94, 0.255; GCA_021738125.1, s__Methylotenera sp021738125, 95.0, 77.91, 0.286; GCF_000023705.1, s__Methylotenera mobilis, 95.0, 77.86, 0.194; GCA_903926935.1, s__Methylotenera sp903926935, 95.0, 77.83, 0.313; GCA_903882525.1, s__Methylotenera sp903882525, 95.0, 77.83, 0.268; GCA_903838125.1, s__Methylotenera sp903838125, 95.0, 77.8, 0.26; GCA_013816325.1, s__Methylotenera sp013816325, 95.0, 77.8, 0.176; GCF_000744605.1, s__Methylotenera sp000744605, 95.0, 77.78, 0.205; GCA_002429455.1, s__Methylotenera sp002429455, 95.0, 77.78, 0.245; GCA_903876765.1, s__Methylotenera sp903876765, 95.0, 77.67, 0.275; GCA_013140755.1, s__Methylotenera sp013140755, 95.0, 77.65, 0.221; GCA_002281815.1, s__Methylotenera sp002281815, 95.0, 77.62, 0.243; GCF_004661485.1, s__Methylotenera oryzisoli, 95.0, 77.62, 0.21; GCA_903860085.1, s__Methylotenera sp903860085, 95.0, 77.51, 0.279; GCA_903951385.1, s__Methylotenera sp903951385, 95.0, 77.51, 0.255; GCA_002842285.1, s__Methylotenera sp002842285, 95.0, 77.48, 0.133; GCA_020622105.1, s__Methylotenera sp020622105, 95.0, 77.37, 0.157; GCA_005791685.1, s__Methylotenera sp005791685, 95.0, 77.28, 0.193; GCA_023259635.1, s__Methylotenera sp023259635, 95.0, 77.24, 0.157; GCA_020035195.1, s__Methylotenera sp020035195, 95.0, 77.2, 0.223; GCA_002928535.1, s__Methylotenera sp002928535, 95.0, 77.18, 0.124; GCF_000799735.1, s__Methylotenera sp000799735, 95.0, 77.11, 0.116; GCA_005777825.1, s__Methylotenera sp005777825, 95.0, 77.03, 0.182; GCA_016867975.1, s__Methylotenera sp016867975, 95.0, 76.84, 0.165	66.97	11	0.98489	Genome not assigned to closest species as it falls outside its pre-defined ANI radius
V7_EKDN230028459-1A_HKTTNDSX7_L4.138	d__Bacteria;p__Pseudomonadota;c__Gammaproteobacteria;o__Burkholderiales;f__Burkholderiaceae_B;g__Ottowia;s__	N/A	N/A	N/A	N/A	N/A	GCA_018060485.1	95.0	d__Bacteria;p__Pseudomonadota;c__Gammaproteobacteria;o__Burkholderiales;f__Burkholderiaceae_B;g__Ottowia;s__Ottowia sp018060485	86.14	0.702	d__Bacteria;p__Pseudomonadota;c__Gammaproteobacteria;o__Burkholderiales;f__Burkholderiaceae_B;g__Ottowia;s__	taxonomic classification defined by topology and ANI	classification based on placement in class-level tree	GCF_013423955.1, s__Ottowia beijingensis, 95.0, 85.25, 0.814; GCF_017498525.1, s__Ottowia testudinis, 95.0, 85.17, 0.774; GCA_023394015.1, s__Ottowia sp023394015, 95.0, 84.35, 0.622; GCA_016702555.1, s__Ottowia sp016702555, 95.0, 84.16, 0.722; GCA_001897615.1, s__Ottowia sp001897615, 95.0, 83.51, 0.671; GCA_016703145.1, s__Ottowia sp016703145, 95.0, 83.07, 0.696; GCA_020848515.1, s__Ottowia sp020848515, 95.0, 82.86, 0.631; GCA_024235995.1, s__Ottowia sp018240925, 95.0, 82.57, 0.659; GCF_008017535.1, s__Ottowia sp008017535, 95.0, 82.56, 0.719; GCA_024235955.1, s__Ottowia sp024235955, 95.0, 82.53, 0.72; GCA_020161215.1, s__Ottowia sp020161215, 95.0, 82.5, 0.685; GCA_023442945.1, s__Ottowia sp023442945, 95.0, 82.46, 0.734; GCA_017307865.1, s__Ottowia sp017307865, 95.0, 82.35, 0.677; GCA_017997715.1, s__Ottowia sp017997715, 95.0, 82.01, 0.625; GCF_003008535.1, s__Ottowia oryzae, 95.0, 82.0, 0.727; GCA_018241325.1, s__Ottowia sp018241325, 95.0, 81.69, 0.669; GCA_009778355.1, s__Ottowia sp009778355, 95.0, 80.72, 0.415; GCA_003859965.1, s__Ottowia sp003859965, 95.0, 80.58, 0.497; GCF_001262075.1, s__Ottowia sp001262075, 95.0, 78.17, 0.339; GCA_004299095.1, s__Ottowia sp004299095, 95.0, 78.09, 0.326; GCA_023228705.1, s__Ottowia sp023228705, 95.0, 77.96, 0.333; GCA_015999985.1, s__Ottowia sp015999985, 95.0, 77.72, 0.226; GCF_000422885.1, s__Ottowia thiooxydans, 95.0, 77.49, 0.327; GCA_017437605.1, s__Ottowia sp017437605, 95.0, 77.36, 0.301; GCA_900320815.1, s__Ottowia sp900320815, 95.0, 76.54, 0.251	68.94	11	0.99106	Genome not assigned to closest species as it falls outside its pre-defined ANI radius
V7_EKDN230028459-1A_HKTTNDSX7_L4.2	d__Bacteria;p__Pseudomonadota;c__Gammaproteobacteria;o__Burkholderiales;f__Burkholderiaceae_C;g__CAITPF01;s__CAITPF01 sp020851995	GCA_020851995.1	95.0	d__Bacteria;p__Pseudomonadota;c__Gammaproteobacteria;o__Burkholderiales;f__Burkholderiaceae_C;g__CAITPF01;s__CAITPF01 sp020851995	98.81	0.717	N/A	N/A	N/A	N/A	N/A	N/A	ani_screen	classification based on ANI only	N/A	N/A	N/A	N/A	N/A
V7_EKDN230028459-1A_HKTTNDSX7_L4.24	d__Bacteria;p__Bacillota_A;c__Clostridia;o__Peptostreptococcales;f__Anaerovoracaceae;g__JAENWH01;s__	N/A	N/A	N/A	N/A	N/A	N/A	N/A	N/A	N/A	N/A	d__Bacteria;p__Bacillota_A;c__Clostridia;o__Peptostreptococcales;f__Anaerovoracaceae;g__JAENWH01;s__	taxonomic novelty determined using RED	classification based on placement in class-level tree	N/A	61.43	11	0.93789	N/A
V7_EKDN230028459-1A_HKTTNDSX7_L4.26	d__Bacteria;p__Bacteroidota;c__Bacteroidia;o__Chitinophagales;f__JADIYW01;g__JADJSS01;s__	N/A	N/A	N/A	N/A	N/A	N/A	N/A	N/A	N/A	N/A	d__Bacteria;p__Bacteroidota;c__Bacteroidia;o__Chitinophagales;f__JADIYW01;g__JADJSS01;s__	ANI	classification based on placement in class-level tree	GCA_017984135.1, s__JADJSS01 sp017984135, 95.0, 77.91, 0.316; GCA_020848475.1, s__JADJSS01 sp020848475, 95.0, 77.43, 0.293; GCA_016721245.1, s__JADJSS01 sp016721245, 95.0, 77.3, 0.256; GCA_020436225.1, s__JADJSS01 sp020436225, 95.0, 77.17, 0.27; GCA_020848255.1, s__JADJSS01 sp020848255, 95.0, 77.03, 0.189; GCA_016711605.1, s__JADJSS01 sp016711605, 95.0, 76.93, 0.253; GCA_016719635.1, s__JADJSS01 sp016719635, 95.0, 76.64, 0.114; GCA_020848315.1, s__JADJSS01 sp020848315, 95.0, 76.34, 0.095; GCA_016699615.1, s__JADJSS01 sp016699615, 95.0, 76.17, 0.112; GCA_020636545.1, s__JADJSS01 sp020636545, 95.0, 76.09, 0.101; GCA_020636535.1, s__JADJSS01 sp020636535, 95.0, 75.8, 0.086	96.03	11	0.94385	N/A
V7_EKDN230028459-1A_HKTTNDSX7_L4.31	d__Bacteria;p__Pseudomonadota;c__Gammaproteobacteria;o__Beggiatoales;f__Beggiatoaceae;g__DYNO01;s__	N/A	N/A	N/A	N/A	N/A	GCA_020721025.1	95.0	d__Bacteria;p__Pseudomonadota;c__Gammaproteobacteria;o__Beggiatoales;f__Beggiatoaceae;g__DYNO01;s__DYNO01 sp020721025	80.16	0.495	d__Bacteria;p__Pseudomonadota;c__Gammaproteobacteria;o__Beggiatoales;f__Beggiatoaceae;g__DYNO01;s__	taxonomic classification defined by topology and ANI	classification based on placement in class-level tree	N/A	84.87	11	0.9544	N/A
V7_EKDN230028459-1A_HKTTNDSX7_L4.32	d__Bacteria;p__Pseudomonadota;c__Gammaproteobacteria;o__UBA9339;f__UBA9339;g__;s__	N/A	N/A	N/A	N/A	N/A	GCA_003142435.1	95.0	d__Bacteria;p__Pseudomonadota;c__Gammaproteobacteria;o__UBA9339;f__UBA9339;g__FEN-1226;s__FEN-1226 sp003142435	75.8	0.036	d__Bacteria;p__Pseudomonadota;c__Gammaproteobacteria;o__UBA9339;f__UBA9339;g__;s__	taxonomic classification defined by topology and ANI	classification based on placement in class-level tree	N/A	93.25	11	0.82089	N/A
V7_EKDN230028459-1A_HKTTNDSX7_L4.42	d__Bacteria;p__Pseudomonadota;c__Gammaproteobacteria;o__Burkholderiales;f__Burkholderiaceae_B;g__;s__	N/A	N/A	N/A	N/A	N/A	N/A	N/A	N/A	N/A	N/A	d__Bacteria;p__Pseudomonadota;c__Gammaproteobacteria;o__Burkholderiales;f__Burkholderiaceae_B;g__;s__	taxonomic classification fully defined by topology	classification based on placement in class-level tree	N/A	85.92	11	0.91804	N/A
V7_EKDN230028459-1A_HKTTNDSX7_L4.47	d__Bacteria;p__Bacteroidota;c__Bacteroidia;o__Bacteroidales;f__UBA4417;g__UBA4417;s__	N/A	N/A	N/A	N/A	N/A	N/A	N/A	N/A	N/A	N/A	d__Bacteria;p__Bacteroidota;c__Bacteroidia;o__Bacteroidales;f__UBA4417;g__UBA4417;s__	ANI	classification based on placement in class-level tree	GCA_903879715.1, s__UBA4417 sp903879715, 95.0, 78.31, 0.291; GCA_903913645.1, s__UBA4417 sp903913645, 95.0, 77.97, 0.256; GCA_903822525.1, s__UBA4417 sp903822525, 95.0, 77.89, 0.242; GCA_020048595.1, s__UBA4417 sp020048595, 95.0, 77.87, 0.206; GCA_002389705.1, s__UBA4417 sp002389705, 95.0, 77.63, 0.183; GCA_903946925.1, s__UBA4417 sp903946925, 95.0, 77.57, 0.218; GCA_903917425.1, s__UBA4417 sp903917425, 95.0, 77.57, 0.172; GCA_903887815.1, s__UBA4417 sp903887815, 95.0, 77.5, 0.178; GCA_903878265.1, s__UBA4417 sp903878265, 95.0, 77.2, 0.191; GCA_016707785.1, s__UBA4417 sp016707785, 95.0, 77.14, 0.056; GCA_016707705.1, s__UBA4417 sp016707705, 95.0, 77.12, 0.053; GCA_903864265.1, s__UBA4417 sp903864265, 95.0, 76.84, 0.138; GCA_013376995.1, s__UBA4417 sp013376995, 95.0, 76.68, 0.039; GCA_015657475.1, s__UBA4417 sp015657475, 95.0, 76.26, 0.05; GCA_022711175.1, s__UBA4417 sp022711175, 95.0, 76.17, 0.056	78.89	11	0.95956	N/A
V7_EKDN230028459-1A_HKTTNDSX7_L4.51	d__Bacteria;p__Myxococcota;c__Myxococcia;o__Myxococcales;f__Myxococcaceae;g__FEN-1143;s__	N/A	N/A	N/A	N/A	N/A	GCA_903911905.1	95.0	d__Bacteria;p__Myxococcota;c__Myxococcia;o__Myxococcales;f__Myxococcaceae;g__FEN-1143;s__FEN-1143 sp903911905	79.8	0.528	d__Bacteria;p__Myxococcota;c__Myxococcia;o__Myxococcales;f__Myxococcaceae;g__FEN-1143;s__	taxonomic classification defined by topology and ANI	classification based on placement in class-level tree	GCA_003153055.1, s__FEN-1143 sp003153055, 95.0, 78.06, 0.329	85.62	11	0.94354	Genome not assigned to closest species as it falls outside its pre-defined ANI radius
V7_EKDN230028459-1A_HKTTNDSX7_L4.61	d__Bacteria;p__Planctomycetota;c__UBA11346;o__UBA11346;f__UBA11346;g__UBA11346;s__	N/A	N/A	N/A	N/A	N/A	GCA_017302815.1	95.0	d__Bacteria;p__Planctomycetota;c__UBA11346;o__UBA11346;f__UBA11346;g__UBA11346;s__UBA11346 sp017302815	86.24	0.616	d__Bacteria;p__Planctomycetota;c__UBA11346;o__UBA11346;f__UBA11346;g__UBA11346;s__	taxonomic classification defined by topology and ANI	classification based on placement in class-level tree	GCA_022841245.1, s__UBA11346 sp022841245, 95.0, 83.55, 0.53; GCA_020047915.1, s__UBA11346 sp003482625, 95.0, 82.72, 0.51; GCA_020049615.1, s__UBA11346 sp020049615, 95.0, 82.29, 0.514; GCA_025055595.1, s__UBA11346 sp025055595, 95.0, 79.24, 0.54	85.02	11	0.96889	Genome not assigned to closest species as it falls outside its pre-defined ANI radius
V7_EKDN230028459-1A_HKTTNDSX7_L4.66	d__Bacteria;p__Bacteroidota;c__Bacteroidia;o__Flavobacteriales;f__Flavobacteriaceae;g__Flavobacterium;s__	N/A	N/A	N/A	N/A	N/A	GCA_903842575.1	95.0	d__Bacteria;p__Bacteroidota;c__Bacteroidia;o__Flavobacteriales;f__Flavobacteriaceae;g__Flavobacterium;s__Flavobacterium sp903842575	78.07	0.352	d__Bacteria;p__Bacteroidota;c__Bacteroidia;o__Flavobacteriales;f__Flavobacteriaceae;g__Flavobacterium;s__	taxonomic classification defined by topology and ANI	classification based on placement in class-level tree	GCA_016718345.1, s__Flavobacterium sp016718345, 95.0, 79.0, 0.303; GCF_001662485.1, s__Flavobacterium succinicans_A, 95.0, 78.83, 0.207; GCF_020886055.1, s__Flavobacterium sp020886055, 95.0, 78.51, 0.289; GCF_003634825.1, s__Flavobacterium sp003634825, 95.0, 78.43, 0.296; GCA_001800905.1, s__Flavobacterium sp001800905, 95.0, 78.36, 0.315; GCF_000422705.1, s__Flavobacterium soli, 95.0, 78.34, 0.253; GCF_020885975.1, s__Flavobacterium sp020885975, 95.0, 78.28, 0.31; GCF_007097365.1, s__Flavobacterium franklandianum, 95.0, 78.25, 0.237; GCA_022758945.1, s__Flavobacterium sp022758945, 95.0, 78.2, 0.298; GCA_002382495.1, s__Flavobacterium sp002382495, 95.0, 78.18, 0.291; GCA_024642105.1, s__Flavobacterium sp024642105, 95.0, 78.15, 0.227; GCF_008806775.1, s__Flavobacterium luteum, 95.0, 78.15, 0.254; GCA_903879875.1, s__Flavobacterium sp903879875, 95.0, 78.15, 0.282; GCF_020905345.1, s__Flavobacterium sp020905345, 95.0, 78.14, 0.233; GCA_945874225.1, s__Flavobacterium psychrophilum_M, 95.0, 78.12, 0.244; GCF_015351595.1, s__Flavobacterium sp015351595, 95.0, 78.11, 0.247; GCA_012837155.1, s__Flavobacterium sp012837155, 95.0, 78.1, 0.203; GCA_017997335.1, s__Flavobacterium sp017997335, 95.0, 78.09, 0.254; GCA_017984035.1, s__Flavobacterium sp017984035, 95.0, 78.07, 0.313; GCF_015277675.1, s__Flavobacterium soyangense, 95.0, 78.07, 0.237; GCF_019351435.1, s__Flavobacterium taihuense, 95.0, 78.06, 0.235; GCA_021740105.1, s__Flavobacterium sp021740105, 95.0, 78.05, 0.309; GCF_002754315.1, s__Flavobacterium sp002754315, 95.0, 78.05, 0.247; GCF_003314435.2, s__Flavobacterium petrolei, 95.0, 78.05, 0.221; GCA_016714905.1, s__Flavobacterium sp016714905, 95.0, 78.04, 0.219; GCF_000812945.1, s__Flavobacterium sp000812945, 95.0, 78.04, 0.248; GCA_945861915.1, s__Flavobacterium psychrophilum_E, 95.0, 78.04, 0.268; GCF_003097635.1, s__Flavobacterium psychrotolerans, 95.0, 78.01, 0.246; GCF_900112975.1, s__Flavobacterium xueshanense, 95.0, 78.0, 0.232; GCF_003312425.1, s__Flavobacterium psychrolimnae, 95.0, 78.0, 0.243; GCF_003634755.1, s__Flavobacterium limicola, 95.0, 77.99, 0.236; GCF_000737695.1, s__Flavobacterium hydatis, 95.0, 77.99, 0.239; GCF_002001005.1, s__Flavobacterium sp002001005, 95.0, 77.99, 0.227; GCF_000813005.1, s__Flavobacterium sp000813005, 95.0, 77.98, 0.232; GCF_004349085.1, s__Flavobacterium caseinilyticum, 95.0, 77.98, 0.225; GCA_002280815.1, s__Flavobacterium sp002280815, 95.0, 77.98, 0.197; GCF_000744835.1, s__Flavobacterium sp000744835, 95.0, 77.97, 0.248; GCF_004349195.1, s__Flavobacterium rhamnosiphilum, 95.0, 77.96, 0.258; GCF_902506345.1, s__Flavobacterium sp902506345, 95.0, 77.96, 0.229; GCA_943913405.1, s__Flavobacterium sp943913405, 95.0, 77.95, 0.202; GCF_014305095.1, s__Flavobacterium kayseriense, 95.0, 77.94, 0.193; GCF_009909155.2, s__Flavobacterium undicola, 95.0, 77.94, 0.213; GCF_004349355.1, s__Flavobacterium cellulosilyticum, 95.0, 77.94, 0.225; GCF_003634455.1, s__Flavobacterium endophyticum, 95.0, 77.91, 0.163; GCF_007097265.1, s__Flavobacterium gawalongense, 95.0, 77.9, 0.249; GCA_903839195.1, s__Flavobacterium sp903839195, 95.0, 77.9, 0.381; GCF_900110375.1, s__Flavobacterium sinopsychrotolerans, 95.0, 77.89, 0.229; GCF_003097655.1, s__Flavobacterium laiguense, 95.0, 77.88, 0.228; GCA_900107365.1, s__Flavobacterium aquidurense, 95.0, 77.88, 0.258; GCF_014305155.1, s__Flavobacterium muglaense, 95.0, 77.86, 0.218; GCA_017988155.1, s__Flavobacterium sp017988155, 95.0, 77.86, 0.284; GCF_900142885.1, s__Flavobacterium xinjiangense, 95.0, 77.85, 0.233; GCA_016721735.1, s__Flavobacterium sp016721735, 95.0, 77.85, 0.207; GCF_017875765.1, s__Flavobacterium sp017875765, 95.0, 77.84, 0.233; GCF_900187965.1, s__Flavobacterium sp900187965, 95.0, 77.83, 0.26; GCF_020911925.1, s__Flavobacterium sp001027725, 95.0, 77.83, 0.218; GCF_004349315.1, s__Flavobacterium ranwuense, 95.0, 77.83, 0.239; GCF_009674775.1, s__Flavobacterium sp009674775, 95.0, 77.82, 0.191; GCF_013284035.1, s__Flavobacterium sp003096795, 95.0, 77.81, 0.235; GCF_003350545.1, s__Flavobacterium glaciei, 95.0, 77.81, 0.245; GCF_009711165.2, s__Flavobacterium sp009711165, 95.0, 77.81, 0.277; GCF_009707955.1, s__Flavobacterium sp009707955, 95.0, 77.8, 0.277; GCF_000611675.1, s__Flavobacterium succinicans, 95.0, 77.8, 0.217; GCF_007109225.1, s__Flavobacterium sp007109225, 95.0, 77.79, 0.18; GCF_020911885.1, s__Flavobacterium sp020911885, 95.0, 77.77, 0.208; GCA_002483285.1, s__Flavobacterium sp002483285, 95.0, 77.77, 0.087; GCA_009926065.1, s__Flavobacterium sp009926065, 95.0, 77.76, 0.321; GCF_015594725.1, s__Flavobacterium sp015594725, 95.0, 77.76, 0.241; GCF_900108015.1, s__Flavobacterium urumqiense, 95.0, 77.75, 0.242; GCA_903819815.1, s__Flavobacterium sp903819815, 95.0, 77.75, 0.302; GCF_900129705.1, s__Flavobacterium granuli, 95.0, 77.75, 0.213; GCF_003254745.1, s__Flavobacterium aquariorum, 95.0, 77.73, 0.232; GCF_004349135.1, s__Flavobacterium sandaracinum, 95.0, 77.72, 0.235; GCF_023278045.1, s__Flavobacterium sp023278045, 95.0, 77.72, 0.195; GCF_007097385.1, s__Flavobacterium sp007097385, 95.0, 77.72, 0.23; GCF_004349145.1, s__Flavobacterium hiemivividum, 95.0, 77.69, 0.199; GCF_900100375.1, s__Flavobacterium noncentrifugens, 95.0, 77.69, 0.137; GCA_002413745.1, s__Flavobacterium sp002413745, 95.0, 77.68, 0.228; GCF_900142695.1, s__Flavobacterium xanthum, 95.0, 77.67, 0.223; GCF_900107635.1, s__Flavobacterium gillisiae, 95.0, 77.67, 0.194; GCF_007097245.1, s__Flavobacterium restrictum, 95.0, 77.66, 0.217; GCF_003668995.1, s__Flavobacterium sp003668995, 95.0, 77.63, 0.24; GCF_900106645.1, s__Flavobacterium degerlachei, 95.0, 77.6, 0.181; GCA_945860385.1, s__Flavobacterium psychrophilum_K, 95.0, 77.58, 0.227; GCA_018883065.1, s__Flavobacterium sp018883065, 95.0, 77.56, 0.19; GCA_009693635.1, s__Flavobacterium sp009693635, 95.0, 77.56, 0.333; GCF_003968755.1, s__Flavobacterium sp003968755, 95.0, 77.54, 0.197; GCA_024642295.1, s__Flavobacterium sp024642295, 95.0, 77.54, 0.22; GCA_903837025.1, s__Flavobacterium sp903837025, 95.0, 77.54, 0.243; GCA_945897545.1, s__Flavobacterium psychrophilum_L, 95.0, 77.47, 0.248; GCA_010365135.1, s__Flavobacterium sp010365135, 95.0, 77.44, 0.206; GCA_903861155.1, s__Flavobacterium sp903861155, 95.0, 77.43, 0.238; GCF_000252125.1, s__Flavobacterium frigoris_A, 95.0, 77.37, 0.176; GCA_903824755.1, s__Flavobacterium sp903824755, 95.0, 77.33, 0.312; GCA_002256285.1, s__Flavobacterium sp002256285, 95.0, 77.18, 0.075; GCA_023427845.1, s__Flavobacterium sp023427845, 95.0, 77.1, 0.091; GCF_011392125.1, s__Flavobacterium lotistagni, 95.0, 77.03, 0.107; GCA_023259675.1, s__Flavobacterium sp023259675, 95.0, 76.93, 0.167; GCA_014378065.1, s__Flavobacterium sp014378065, 95.0, 76.9, 0.176	86.71	11	0.96594	N/A
V7_EKDN230028459-1A_HKTTNDSX7_L4.68	d__Bacteria;p__Bacillota_B;c__Desulfitobacteriia;o__Desulfitobacteriales;f__Desulfitobacteriaceae;g__Desulfosporosinus;s__	N/A	N/A	N/A	N/A	N/A	GCA_002404215.1	95.0	d__Bacteria;p__Bacillota_B;c__Desulfitobacteriia;o__Desulfitobacteriales;f__Desulfitobacteriaceae;g__Desulfosporosinus;s__Desulfosporosinus sp002404215	86.09	0.536	d__Bacteria;p__Bacillota_B;c__Desulfitobacteriia;o__Desulfitobacteriales;f__Desulfitobacteriaceae;g__Desulfosporosinus;s__	taxonomic classification defined by topology and ANI	classification based on placement in class-level tree	GCF_004766045.1, s__Desulfosporosinus fructosivorans, 95.0, 80.44, 0.418; GCA_900290375.1, s__Desulfosporosinus infrequens, 95.0, 80.04, 0.347; GCA_001516045.1, s__Desulfosporosinus sp001516045, 95.0, 79.89, 0.397; GCF_000224515.1, s__Desulfosporosinus sp000224515, 95.0, 79.84, 0.404; GCA_003132105.1, s__Desulfosporosinus sp003132105, 95.0, 79.83, 0.381; GCF_001707885.1, s__Desulfosporosinus sp001707885, 95.0, 79.82, 0.381; GCF_001936615.1, s__Desulfosporosinus metallidurans, 95.0, 79.27, 0.342; GCF_000960765.1, s__Desulfosporosinus sp000960765, 95.0, 79.19, 0.277; GCA_000770645.1, s__Desulfosporosinus sp000770645, 95.0, 79.11, 0.276; GCA_021779415.1, s__Desulfosporosinus sp021779415, 95.0, 79.04, 0.243; GCA_927405585.1, s__Desulfosporosinus sp927405585, 95.0, 79.0, 0.258; GCF_020595055.1, s__Desulfosporosinus sp020595055, 95.0, 78.75, 0.245; GCF_004766055.1, s__Desulfosporosinus sp004766055, 95.0, 78.73, 0.308; GCF_023897015.1, s__Desulfosporosinus nitroreducens, 95.0, 78.67, 0.267; GCA_000961805.1, s__Desulfosporosinus sp000961805, 95.0, 78.63, 0.269; GCF_900129935.1, s__Desulfosporosinus lacus, 95.0, 78.54, 0.279; GCA_002413075.1, s__Desulfosporosinus sp002413075, 95.0, 78.48, 0.281; GCA_016278585.1, s__Desulfosporosinus sp016278585, 95.0, 78.05, 0.203; GCF_000244895.1, s__Desulfosporosinus youngiae, 95.0, 77.98, 0.198; GCF_900100785.1, s__Desulfosporosinus hippei, 95.0, 77.87, 0.152; GCA_003513495.1, s__Desulfosporosinus sp003513495, 95.0, 77.69, 0.19; GCF_000231385.2, s__Desulfosporosinus meridiei, 95.0, 77.66, 0.153; GCF_000765145.1, s__Desulfosporosinus sp000765145, 95.0, 77.57, 0.144; GCF_000235605.1, s__Desulfosporosinus orientis, 95.0, 77.44, 0.157; GCF_000255115.2, s__Desulfosporosinus acidiphilus, 95.0, 77.37, 0.093; GCF_002196705.1, s__Desulfosporosinus sp002196705, 95.0, 77.21, 0.103; GCF_001029285.1, s__Desulfosporosinus acididurans, 95.0, 76.67, 0.095	71.04	11	0.97452	Genome not assigned to closest species as it falls outside its pre-defined ANI radius
V7_EKDN230028459-1A_HKTTNDSX7_L4.75	d__Bacteria;p__Pseudomonadota;c__Alphaproteobacteria;o__Rhizobiales;f__Aestuariivirgaceae;g__Aestuariivirga;s__	N/A	N/A	N/A	N/A	N/A	N/A	N/A	N/A	N/A	N/A	d__Bacteria;p__Pseudomonadota;c__Alphaproteobacteria;o__Rhizobiales;f__Aestuariivirgaceae;g__Aestuariivirga;s__	ANI	classification based on placement in class-level tree	GCF_003234965.1, s__Aestuariivirga litoralis, 95.0, 77.88, 0.241; GCA_945889445.1, s__Aestuariivirga sp945889445, 95.0, 77.72, 0.214; GCA_016710435.1, s__Aestuariivirga sp016710435, 95.0, 77.65, 0.211; GCA_016792865.1, s__Aestuariivirga sp016792865, 95.0, 77.61, 0.219; GCF_015714715.1, s__Aestuariivirga litoralis_A, 95.0, 77.56, 0.164; GCA_020252405.1, s__Aestuariivirga sp020252405, 95.0, 77.55, 0.239; GCA_902826365.1, s__Aestuariivirga sp902826365, 95.0, 77.44, 0.235; GCA_022842165.1, s__Aestuariivirga sp022842165, 95.0, 77.44, 0.202; GCA_016792825.1, s__Aestuariivirga sp016792825, 95.0, 77.38, 0.218; GCA_020252395.1, s__Aestuariivirga sp020252395, 95.0, 77.34, 0.215; GCA_020161855.1, s__Aestuariivirga sp020161855, 95.0, 77.29, 0.19; GCA_020252385.1, s__Aestuariivirga sp020252385, 95.0, 77.28, 0.193; GCA_900298995.1, s__Aestuariivirga sp900298995, 95.0, 77.04, 0.179; GCA_009885825.1, s__Aestuariivirga sp009885825, 95.0, 77.03, 0.191; GCA_903930095.1, s__Aestuariivirga sp903930095, 95.0, 77.01, 0.185; GCA_012032065.1, s__Aestuariivirga sp012032065, 95.0, 77.0, 0.163; GCA_016185245.1, s__Aestuariivirga sp016185245, 95.0, 76.99, 0.173; GCA_023266715.1, s__Aestuariivirga sp023266715, 95.0, 76.97, 0.167; GCA_020029455.1, s__Aestuariivirga sp020029455, 95.0, 76.85, 0.161; GCA_014380505.1, s__Aestuariivirga sp014380505, 95.0, 76.41, 0.153; GCA_020441605.1, s__Aestuariivirga sp020441605, 95.0, 76.07, 0.12; GCA_003151375.1, s__Aestuariivirga sp003151375, 95.0, 75.97, 0.046	70.31	11	0.93094	N/A
V7_EKDN230028459-1A_HKTTNDSX7_L4.76	d__Bacteria;p__Bacteroidota;c__Bacteroidia;o__Flavobacteriales;f__Weeksellaceae;g__Kaistella;s__Kaistella chaponensis	GCF_900156725.1	95.0	d__Bacteria;p__Bacteroidota;c__Bacteroidia;o__Flavobacteriales;f__Weeksellaceae;g__Kaistella;s__Kaistella chaponensis	98.09	0.948	N/A	N/A	N/A	N/A	N/A	N/A	ani_screen	classification based on ANI only	N/A	N/A	N/A	N/A	N/A
V7_EKDN230028459-1A_HKTTNDSX7_L4.92	d__Bacteria;p__Pseudomonadota;c__Gammaproteobacteria;o__Burkholderiales;f__Methylophilaceae;g__Novimethylophilus;s__	N/A	N/A	N/A	N/A	N/A	GCF_003112435.1	95.0	d__Bacteria;p__Pseudomonadota;c__Gammaproteobacteria;o__Burkholderiales;f__Methylophilaceae;g__Novimethylophilus;s__Novimethylophilus kurashikiensis	78.03	0.269	d__Bacteria;p__Pseudomonadota;c__Gammaproteobacteria;o__Burkholderiales;f__Methylophilaceae;g__Novimethylophilus;s__	taxonomic classification defined by topology and ANI	classification based on placement in class-level tree	N/A	90.09	11	0.87478	N/A
V7_EKDN230028459-1A_HKTTNDSX7_L4.96	d__Bacteria;p__Pseudomonadota;c__Gammaproteobacteria;o__Xanthomonadales;f__Xanthomonadaceae;g__Thermomonas;s__	N/A	N/A	N/A	N/A	N/A	GCF_020034655.1	95.0	d__Bacteria;p__Pseudomonadota;c__Gammaproteobacteria;o__Xanthomonadales;f__Xanthomonadaceae;g__Thermomonas;s__Thermomonas beijingensis	87.83	0.891	d__Bacteria;p__Pseudomonadota;c__Gammaproteobacteria;o__Xanthomonadales;f__Xanthomonadaceae;g__Thermomonas;s__	taxonomic classification defined by topology and ANI	classification based on placement in class-level tree	GCA_018262705.1, s__Thermomonas sp018262705, 95.0, 80.47, 0.456; GCF_024498955.1, s__Thermomonas sp024498955, 95.0, 79.78, 0.592; GCA_024711415.1, s__Thermomonas sp024711415, 95.0, 79.63, 0.402; GCF_000423885.1, s__Thermomonas fusca, 95.0, 79.61, 0.584; GCF_014395425.1, s__Thermomonas brevis, 95.0, 79.47, 0.592; GCA_021821195.1, s__Thermomonas sp021821195, 95.0, 79.45, 0.584; GCF_014678725.1, s__Thermomonas sp014678725, 95.0, 79.43, 0.561; GCA_019104945.1, s__Thermomonas sp019104945, 95.0, 79.3, 0.41; GCA_018242365.1, s__Thermomonas sp018242365, 95.0, 79.26, 0.441; GCF_004346265.1, s__Thermomonas haemolytica, 95.0, 79.2, 0.515; GCF_024704365.1, s__Thermomonas sp017305095, 95.0, 79.09, 0.525; GCF_011302915.1, s__Thermomonas sp011302915, 95.0, 78.88, 0.477; GCF_006337105.1, s__Thermomonas aquatica, 95.0, 78.87, 0.525; GCF_900129205.1, s__Thermomonas hydrothermalis, 95.0, 78.77, 0.391; GCA_020850895.1, s__Thermomonas sp020850895, 95.0, 78.76, 0.36; GCF_022419205.1, s__Thermomonas alba, 95.0, 78.65, 0.448; GCA_023953935.1, s__Thermomonas sp023953935, 95.0, 78.6, 0.441; GCA_023388715.1, s__Thermomonas sp023388715, 95.0, 78.54, 0.356; GCA_016720345.1, s__Thermomonas sp016720345, 95.0, 78.51, 0.471; GCF_022419185.1, s__Thermomonas flagellata, 95.0, 78.36, 0.356; GCA_017302075.1, s__Thermomonas sp017302075, 95.0, 78.34, 0.358; GCA_017302095.1, s__Thermomonas sp017302095, 95.0, 78.3, 0.282; GCF_014396975.1, s__Thermomonas carbonis, 95.0, 78.3, 0.46	72.69	11	0.99309	Genome not assigned to closest species as it falls outside its pre-defined ANI radius
V7_EKDN230028459-1A_HKTTNDSX7_L4.98	d__Bacteria;p__Pseudomonadota;c__Alphaproteobacteria;o__Rhizobiales;f__Aestuariivirgaceae;g__Aestuariivirga;s__	N/A	N/A	N/A	N/A	N/A	N/A	N/A	N/A	N/A	N/A	d__Bacteria;p__Pseudomonadota;c__Alphaproteobacteria;o__Rhizobiales;f__Aestuariivirgaceae;g__Aestuariivirga;s__	ANI	classification based on placement in class-level tree	GCA_016710435.1, s__Aestuariivirga sp016710435, 95.0, 77.82, 0.204; GCA_016792865.1, s__Aestuariivirga sp016792865, 95.0, 77.46, 0.222; GCA_945889445.1, s__Aestuariivirga sp945889445, 95.0, 77.45, 0.217; GCA_020161855.1, s__Aestuariivirga sp020161855, 95.0, 77.41, 0.185; GCF_003234965.1, s__Aestuariivirga litoralis, 95.0, 77.35, 0.24; GCA_020252405.1, s__Aestuariivirga sp020252405, 95.0, 77.33, 0.22; GCA_020252395.1, s__Aestuariivirga sp020252395, 95.0, 77.33, 0.197; GCF_015714715.1, s__Aestuariivirga litoralis_A, 95.0, 77.32, 0.159; GCA_016792825.1, s__Aestuariivirga sp016792825, 95.0, 77.3, 0.233; GCA_022842165.1, s__Aestuariivirga sp022842165, 95.0, 77.27, 0.206; GCA_020252385.1, s__Aestuariivirga sp020252385, 95.0, 77.23, 0.173; GCA_903930095.1, s__Aestuariivirga sp903930095, 95.0, 77.02, 0.164; GCA_902826365.1, s__Aestuariivirga sp902826365, 95.0, 77.01, 0.241; GCA_016185245.1, s__Aestuariivirga sp016185245, 95.0, 76.99, 0.175; GCA_900298995.1, s__Aestuariivirga sp900298995, 95.0, 76.83, 0.179; GCA_009885825.1, s__Aestuariivirga sp009885825, 95.0, 76.83, 0.177; GCA_014380505.1, s__Aestuariivirga sp014380505, 95.0, 76.8, 0.142; GCA_023266715.1, s__Aestuariivirga sp023266715, 95.0, 76.79, 0.169; GCA_012032065.1, s__Aestuariivirga sp012032065, 95.0, 76.64, 0.156; GCA_020029455.1, s__Aestuariivirga sp020029455, 95.0, 76.51, 0.164; GCA_020441605.1, s__Aestuariivirga sp020441605, 95.0, 76.18, 0.108; GCA_003151375.1, s__Aestuariivirga sp003151375, 95.0, 75.64, 0.037	76.46	11	0.93117	N/A
V7_EKDN230028459-1A_HKTTNDSX7_L4.99	d__Bacteria;p__Pseudomonadota;c__Alphaproteobacteria;o__Rhodobacterales;f__Rhodobacteraceae;g__Cypionkella;s__	N/A	N/A	N/A	N/A	N/A	GCA_002256245.1	95.0	d__Bacteria;p__Pseudomonadota;c__Alphaproteobacteria;o__Rhodobacterales;f__Rhodobacteraceae;g__Cypionkella;s__Cypionkella sp002256245	85.83	0.794	d__Bacteria;p__Pseudomonadota;c__Alphaproteobacteria;o__Rhodobacterales;f__Rhodobacteraceae;g__Cypionkella;s__	taxonomic classification defined by topology and ANI	classification based on placement in class-level tree	GCF_001294535.1, s__Cypionkella psychrotolerans, 95.0, 86.17, 0.848; GCA_009773375.1, s__Cypionkella sp009773375, 95.0, 82.28, 0.641; GCA_001828855.1, s__Cypionkella sp001828855, 95.0, 80.55, 0.582; GCA_024641255.1, s__Cypionkella sp024641255, 95.0, 80.38, 0.638; GCA_945860375.1, s__Cypionkella antarcticus_A, 95.0, 80.11, 0.523; GCA_913062925.1, s__Cypionkella sp913062925, 95.0, 79.75, 0.522; GCA_024642045.1, s__Cypionkella sp024642045, 95.0, 79.44, 0.457; GCA_023255415.1, s__Cypionkella sp023255415, 95.0, 79.37, 0.538; GCA_018063485.1, s__Cypionkella sp018063485, 95.0, 78.93, 0.509; GCA_013298675.1, s__Cypionkella sp013298675, 95.0, 77.56, 0.306; GCA_945861995.1, s__Cypionkella antarcticus_B, 95.0, 77.04, 0.287; GCA_945862435.1, s__Cypionkella antarcticus_C, 95.0, 76.96, 0.225	80.73	11	0.99497	Genome not assigned to closest species as it falls outside its pre-defined ANI radius
V8_EKDN230028460-1A_HHGM2DSX7_L1.11	d__Bacteria;p__Pseudomonadota;c__Gammaproteobacteria;o__Burkholderiales;f__Burkholderiaceae_B;g__Sphaerotilus;s__	N/A	N/A	N/A	N/A	N/A	GCF_013410775.1	95.0	d__Bacteria;p__Pseudomonadota;c__Gammaproteobacteria;o__Burkholderiales;f__Burkholderiaceae_B;g__Sphaerotilus;s__Sphaerotilus montanus	89.62	0.888	d__Bacteria;p__Pseudomonadota;c__Gammaproteobacteria;o__Burkholderiales;f__Burkholderiaceae_B;g__Sphaerotilus;s__	taxonomic classification defined by topology and ANI	classification based on placement in class-level tree	GCA_013299175.1, s__Sphaerotilus sp013299175, 95.0, 87.64, 0.766; GCA_013299055.1, s__Sphaerotilus sp013299055, 95.0, 86.64, 0.717; GCA_013294065.1, s__Sphaerotilus sp013294065, 95.0, 83.71, 0.755; GCF_013426975.1, s__Sphaerotilus sulfidivorans, 95.0, 83.39, 0.736; GCF_900156335.1, s__Sphaerotilus natans, 95.0, 83.33, 0.734; GCF_003201595.1, s__Sphaerotilus hippei, 95.0, 81.72, 0.643	70.9	11	0.99562	Genome not assigned to closest species as it falls outside its pre-defined ANI radius
V8_EKDN230028460-1A_HHGM2DSX7_L1.3	d__Bacteria;p__Pseudomonadota;c__Alphaproteobacteria;o__Rhizobiales;f__Hyphomicrobiaceae;g__Hyphomicrobium_B;s__	N/A	N/A	N/A	N/A	N/A	GCF_000143145.1	95.0	d__Bacteria;p__Pseudomonadota;c__Alphaproteobacteria;o__Rhizobiales;f__Hyphomicrobiaceae;g__Hyphomicrobium_B;s__Hyphomicrobium_B denitrificans	86.55	0.865	d__Bacteria;p__Pseudomonadota;c__Alphaproteobacteria;o__Rhizobiales;f__Hyphomicrobiaceae;g__Hyphomicrobium_B;s__	taxonomic classification defined by topology and ANI	classification based on placement in class-level tree	GCF_000230975.2, s__Hyphomicrobium_B denitrificans_A, 95.0, 84.12, 0.777; GCF_000384335.2, s__Hyphomicrobium_B sp000384335, 95.0, 79.19, 0.455; GCF_000253295.1, s__Hyphomicrobium_B sp000253295, 95.0, 79.14, 0.454; GCF_900116175.1, s__Hyphomicrobium_B facile, 95.0, 79.13, 0.47; GCA_019753045.1, s__Hyphomicrobium_B sp019753045, 95.0, 79.09, 0.461; GCA_003987725.1, s__Hyphomicrobium_B sp003987725, 95.0, 79.07, 0.475; GCA_018242295.1, s__Hyphomicrobium_B sp018242295, 95.0, 79.06, 0.449; GCA_018242215.1, s__Hyphomicrobium_B sp018242215, 95.0, 78.88, 0.403; GCA_023390485.1, s__Hyphomicrobium_B sp023390485, 95.0, 78.78, 0.335; GCF_013626205.1, s__Hyphomicrobium_B methylovorum, 95.0, 78.7, 0.446; GCA_018242255.1, s__Hyphomicrobium_B sp018242255, 95.0, 78.63, 0.384; GCA_003987855.1, s__Hyphomicrobium_B sp003987855, 95.0, 78.59, 0.369; GCA_016716675.1, s__Hyphomicrobium_B sp016716675, 95.0, 78.24, 0.276; GCA_017512425.1, s__Hyphomicrobium_B sp017512425, 95.0, 78.19, 0.296; GCA_902825785.1, s__Hyphomicrobium_B sp902825785, 95.0, 78.0, 0.252; GCA_013141015.1, s__Hyphomicrobium_B sp013141015, 95.0, 77.96, 0.252; GCA_019748215.1, s__Hyphomicrobium_B sp019748215, 95.0, 77.5, 0.228; GCA_016793445.1, s__Hyphomicrobium_B sp016793445, 95.0, 77.48, 0.246; GCA_022843145.1, s__Hyphomicrobium_B sp022843145, 95.0, 77.41, 0.207; GCA_021732485.1, s__Hyphomicrobium_B sp021732485, 95.0, 77.37, 0.202; GCA_021812845.1, s__Hyphomicrobium_B sp021812845, 95.0, 77.3, 0.156; GCA_002928515.1, s__Hyphomicrobium_B sp002928515, 95.0, 77.16, 0.149; GCA_002928395.1, s__Hyphomicrobium_B sp002928395, 95.0, 77.07, 0.152; GCA_002928955.1, s__Hyphomicrobium_B sp002928955, 95.0, 76.66, 0.166	84.63	11	0.99201	Genome not assigned to closest species as it falls outside its pre-defined ANI radius
V8_EKDN230028460-1A_HHGM2DSX7_L1.5	d__Bacteria;p__Pseudomonadota;c__Gammaproteobacteria;o__Burkholderiales;f__Methylophilaceae;g__Methylotenera;s__	N/A	N/A	N/A	N/A	N/A	GCF_000093025.1	95.0	d__Bacteria;p__Pseudomonadota;c__Gammaproteobacteria;o__Burkholderiales;f__Methylophilaceae;g__Methylotenera;s__Methylotenera versatilis	80.76	0.493	d__Bacteria;p__Pseudomonadota;c__Gammaproteobacteria;o__Burkholderiales;f__Methylophilaceae;g__Methylotenera;s__	taxonomic classification defined by topology and ANI	classification based on placement in class-level tree	GCA_013141425.1, s__Methylotenera sp013141425, 95.0, 79.07, 0.386; GCA_013141075.1, s__Methylotenera sp013141075, 95.0, 78.89, 0.336; GCA_009693255.1, s__Methylotenera sp009693255, 95.0, 78.6, 0.406; GCA_903854305.1, s__Methylotenera sp903854305, 95.0, 78.42, 0.309; GCA_903833595.1, s__Methylotenera sp903833595, 95.0, 78.38, 0.312; GCA_014378495.1, s__Methylotenera sp014378495, 95.0, 78.37, 0.244; GCA_013141495.1, s__Methylotenera sp013141495, 95.0, 78.32, 0.262; GCF_000384255.1, s__Methylotenera mobilis_B, 95.0, 78.32, 0.192; GCA_002842195.1, s__Methylotenera sp002842195, 95.0, 78.26, 0.331; GCA_903926935.1, s__Methylotenera sp903926935, 95.0, 78.19, 0.31; GCA_903846555.1, s__Methylotenera sp903846555, 95.0, 78.17, 0.308; GCA_001803395.1, s__Methylotenera sp001803395, 95.0, 78.1, 0.298; GCA_021738125.1, s__Methylotenera sp021738125, 95.0, 78.1, 0.302; GCA_903838125.1, s__Methylotenera sp903838125, 95.0, 78.08, 0.282; GCA_013816325.1, s__Methylotenera sp013816325, 95.0, 78.06, 0.181; GCF_000023705.1, s__Methylotenera mobilis, 95.0, 78.04, 0.194; GCA_903882525.1, s__Methylotenera sp903882525, 95.0, 78.03, 0.282; GCA_002429455.1, s__Methylotenera sp002429455, 95.0, 77.98, 0.264; GCF_004661485.1, s__Methylotenera oryzisoli, 95.0, 77.89, 0.206; GCA_002281815.1, s__Methylotenera sp002281815, 95.0, 77.89, 0.25; GCF_000744605.1, s__Methylotenera sp000744605, 95.0, 77.86, 0.202; GCA_903876765.1, s__Methylotenera sp903876765, 95.0, 77.85, 0.275; GCA_013140755.1, s__Methylotenera sp013140755, 95.0, 77.82, 0.24; GCA_903860085.1, s__Methylotenera sp903860085, 95.0, 77.68, 0.314; GCA_002842285.1, s__Methylotenera sp002842285, 95.0, 77.63, 0.154; GCA_020622105.1, s__Methylotenera sp020622105, 95.0, 77.57, 0.173; GCA_023259635.1, s__Methylotenera sp023259635, 95.0, 77.45, 0.169; GCA_903951385.1, s__Methylotenera sp903951385, 95.0, 77.35, 0.269; GCA_020035195.1, s__Methylotenera sp020035195, 95.0, 77.27, 0.217; GCF_000799735.1, s__Methylotenera sp000799735, 95.0, 77.26, 0.13; GCA_002928535.1, s__Methylotenera sp002928535, 95.0, 77.26, 0.137; GCA_016867975.1, s__Methylotenera sp016867975, 95.0, 77.26, 0.175; GCA_005791685.1, s__Methylotenera sp005791685, 95.0, 77.21, 0.202; GCA_005777825.1, s__Methylotenera sp005777825, 95.0, 77.08, 0.189	89.77	11	0.9844	N/A
V8_EKDN230028460-1A_HHGM2DSX7_L1.9	d__Bacteria;p__Pseudomonadota;c__Gammaproteobacteria;o__Burkholderiales;f__Methylophilaceae;g__Methylotenera;s__	N/A	N/A	N/A	N/A	N/A	N/A	N/A	N/A	N/A	N/A	d__Bacteria;p__Pseudomonadota;c__Gammaproteobacteria;o__Burkholderiales;f__Methylophilaceae;g__Methylotenera;s__	taxonomic classification defined by topology and ANI	classification based on placement in class-level tree	GCF_000093025.1, s__Methylotenera versatilis, 95.0, 80.57, 0.55; GCA_013141075.1, s__Methylotenera sp013141075, 95.0, 78.85, 0.387; GCA_009693255.1, s__Methylotenera sp009693255, 95.0, 78.54, 0.362; GCA_013141425.1, s__Methylotenera sp013141425, 95.0, 78.48, 0.377; GCA_903854305.1, s__Methylotenera sp903854305, 95.0, 78.29, 0.335; GCA_903833595.1, s__Methylotenera sp903833595, 95.0, 78.28, 0.308; GCA_903926935.1, s__Methylotenera sp903926935, 95.0, 78.08, 0.266; GCA_014378495.1, s__Methylotenera sp014378495, 95.0, 78.03, 0.244; GCA_013141495.1, s__Methylotenera sp013141495, 95.0, 78.03, 0.24; GCA_903846555.1, s__Methylotenera sp903846555, 95.0, 78.01, 0.337; GCA_021738125.1, s__Methylotenera sp021738125, 95.0, 77.98, 0.264; GCA_002429455.1, s__Methylotenera sp002429455, 95.0, 77.94, 0.282; GCA_001803395.1, s__Methylotenera sp001803395, 95.0, 77.89, 0.268; GCA_903882525.1, s__Methylotenera sp903882525, 95.0, 77.86, 0.191; GCA_002842195.1, s__Methylotenera sp002842195, 95.0, 77.8, 0.26; GCF_000384255.1, s__Methylotenera mobilis_B, 95.0, 77.75, 0.214; GCA_903838125.1, s__Methylotenera sp903838125, 95.0, 77.61, 0.188; GCA_903876765.1, s__Methylotenera sp903876765, 95.0, 77.55, 0.272; GCA_013140755.1, s__Methylotenera sp013140755, 95.0, 77.46, 0.214; GCF_000023705.1, s__Methylotenera mobilis, 95.0, 77.44, 0.19; GCA_903860085.1, s__Methylotenera sp903860085, 95.0, 77.41, 0.181; GCA_020035195.1, s__Methylotenera sp020035195, 95.0, 77.41, 0.169; GCF_000744605.1, s__Methylotenera sp000744605, 95.0, 77.4, 0.226; GCF_004661485.1, s__Methylotenera oryzisoli, 95.0, 77.37, 0.216; GCA_903951385.1, s__Methylotenera sp903951385, 95.0, 77.21, 0.192; GCA_005777825.1, s__Methylotenera sp005777825, 95.0, 77.16, 0.153; GCA_005791685.1, s__Methylotenera sp005791685, 95.0, 77.15, 0.169; GCA_020622105.1, s__Methylotenera sp020622105, 95.0, 76.97, 0.157; GCA_013816325.1, s__Methylotenera sp013816325, 95.0, 76.94, 0.163; GCA_002281815.1, s__Methylotenera sp002281815, 95.0, 76.92, 0.167; GCA_002842285.1, s__Methylotenera sp002842285, 95.0, 76.92, 0.129; GCF_000799735.1, s__Methylotenera sp000799735, 95.0, 76.87, 0.127; GCA_023259635.1, s__Methylotenera sp023259635, 95.0, 76.79, 0.107; GCA_002928535.1, s__Methylotenera sp002928535, 95.0, 76.78, 0.121; GCA_016867975.1, s__Methylotenera sp016867975, 95.0, 76.61, 0.104	58.77	11	0.96634	Genome not assigned to closest species as it falls outside its pre-defined ANI radius
V8_EKDN230028460-1A_HJH72DSX7_L2.11	d__Bacteria;p__Pseudomonadota;c__Alphaproteobacteria;o__Sphingomonadales;f__Sphingomonadaceae;g__Novosphingobium;s__	N/A	N/A	N/A	N/A	N/A	N/A	N/A	N/A	N/A	N/A	d__Bacteria;p__Pseudomonadota;c__Alphaproteobacteria;o__Sphingomonadales;f__Sphingomonadaceae;g__Novosphingobium;s__	ANI	classification based on placement in class-level tree	GCA_016719755.1, s__Novosphingobium sp016719755, 95.0, 78.68, 0.303; GCA_020848655.1, s__Novosphingobium sp020848655, 95.0, 78.63, 0.383; GCF_014652615.1, s__Novosphingobium arvoryzae, 95.0, 78.5, 0.348; GCF_001590965.1, s__Novosphingobium lentum, 95.0, 78.49, 0.323; GCF_001014975.1, s__Novosphingobium sp002336885, 95.0, 78.43, 0.317; GCA_017302615.1, s__Novosphingobium sp017302615, 95.0, 78.39, 0.347; GCF_014652555.1, s__Novosphingobium colocasiae, 95.0, 78.33, 0.305; GCA_020852455.1, s__Novosphingobium sp020852455, 95.0, 78.31, 0.318; GCA_015657645.1, s__Novosphingobium sp015657645, 95.0, 78.27, 0.31; GCF_002855555.1, s__Novosphingobium sp002855555, 95.0, 78.27, 0.353; GCF_002813245.1, s__Novosphingobium kunmingense, 95.0, 78.26, 0.278; GCA_018334165.1, s__Novosphingobium sp018334165, 95.0, 78.25, 0.305; GCA_025153475.1, s__Novosphingobium sp025153475, 95.0, 78.21, 0.295; GCA_024236215.1, s__Novosphingobium sp024236215, 95.0, 78.2, 0.314; GCF_020404405.1, s__Novosphingobium sp020404405, 95.0, 78.2, 0.268; GCF_020179425.1, s__Novosphingobium percolationis, 95.0, 78.18, 0.285; GCF_002198665.1, s__Novosphingobium sp002198665, 95.0, 78.18, 0.294; GCF_900113255.1, s__Novosphingobium sp900113255, 95.0, 78.16, 0.29; GCA_009926135.1, s__Novosphingobium sp009926135, 95.0, 78.15, 0.261; GCF_001590985.1, s__Novosphingobium naphthalenivorans, 95.0, 78.15, 0.311; GCA_945906005.1, s__Novosphingobium sp945906005, 95.0, 78.15, 0.286; GCA_001725355.1, s__Novosphingobium sp001725355, 95.0, 78.14, 0.302; GCF_012927405.1, s__Novosphingobium olei, 95.0, 78.13, 0.273; GCF_020179475.1, s__Novosphingobium huizhouense, 95.0, 78.11, 0.269; GCA_002440635.1, s__Novosphingobium sp002440635, 95.0, 78.1, 0.297; GCA_021299075.1, s__Novosphingobium sp021299075, 95.0, 78.1, 0.312; GCF_006874585.1, s__Novosphingobium sp006874585, 95.0, 78.08, 0.319; GCA_018241045.1, s__Novosphingobium sp018241045, 95.0, 78.08, 0.253; GCA_021782155.1, s__Novosphingobium sp021782155, 95.0, 78.06, 0.257; GCF_005145025.1, s__Novosphingobium sp005145025, 95.0, 78.03, 0.319; GCF_022832375.1, s__Novosphingobium sp022832375, 95.0, 78.03, 0.328; GCF_001421325.1, s__Novosphingobium sp001421325, 95.0, 78.03, 0.283; GCF_022832385.1, s__Novosphingobium sp022832385, 95.0, 78.02, 0.298; GCF_014230305.1, s__Novosphingobium aerophilum, 95.0, 78.02, 0.281; GCF_007954425.1, s__Novosphingobium ginsenosidimutans, 95.0, 78.0, 0.274; GCA_024236175.1, s__Novosphingobium sp024236175, 95.0, 78.0, 0.318; GCF_007991615.1, s__Novosphingobium sediminis, 95.0, 77.97, 0.242; GCA_013141325.1, s__Novosphingobium sp013141325, 95.0, 77.95, 0.357; GCA_004211435.1, s__Novosphingobium sp004211435, 95.0, 77.93, 0.304; GCF_000272475.1, s__Novosphingobium sp000272475, 95.0, 77.92, 0.239; GCF_002556635.1, s__Novosphingobium sp002556635, 95.0, 77.9, 0.329; GCF_014230315.1, s__Novosphingobium flavum, 95.0, 77.89, 0.258; GCF_001298105.1, s__Novosphingobium sp001298105, 95.0, 77.89, 0.289; GCF_014652855.1, s__Novosphingobium pokkalii, 95.0, 77.88, 0.309; GCF_022832435.1, s__Novosphingobium sp022832435, 95.0, 77.87, 0.266; GCA_013822005.1, s__Novosphingobium sp013822005, 95.0, 77.86, 0.321; GCA_015661825.1, s__Novosphingobium capsulatum_A, 95.0, 77.85, 0.25; GCA_013791705.1, s__Novosphingobium sp013791705, 95.0, 77.84, 0.298; GCF_900117425.1, s__Novosphingobium sp900117425, 95.0, 77.83, 0.262; GCF_004341845.1, s__Novosphingobium sp004341845, 95.0, 77.83, 0.33; GCA_018240895.1, s__Novosphingobium sp018240895, 95.0, 77.82, 0.311; GCF_013408095.1, s__Novosphingobium marinum, 95.0, 77.82, 0.242; GCF_900168325.1, s__Novosphingobium mathurense, 95.0, 77.82, 0.28; GCF_014640675.1, s__Novosphingobium endophyticum, 95.0, 77.81, 0.312; GCF_002896965.1, s__Novosphingobium guangzhouense, 95.0, 77.81, 0.299; GCF_019075875.1, s__Novosphingobium sp019075875, 95.0, 77.8, 0.347; GCF_000767465.1, s__Novosphingobium pentaromativorans, 95.0, 77.79, 0.27; GCF_002149965.1, s__Novosphingobium panipatense, 95.0, 77.79, 0.304; GCF_000876675.2, s__Novosphingobium sp000876675, 95.0, 77.78, 0.295; GCF_014230355.1, s__Novosphingobium piscinae, 95.0, 77.78, 0.275; GCF_014204535.1, s__Novosphingobium chloroacetimidivorans, 95.0, 77.77, 0.264; GCF_902506425.1, s__Novosphingobium sp902506425, 95.0, 77.76, 0.247; GCF_004342985.1, s__Novosphingobium sp004342985, 95.0, 77.74, 0.294; GCF_021227995.1, s__Novosphingobium sp021227995, 95.0, 77.73, 0.297; GCF_000445125.1, s__Novosphingobium lindaniclasticum, 95.0, 77.73, 0.255; GCA_017745295.1, s__Novosphingobium sp017745295, 95.0, 77.71, 0.276; GCA_018971065.1, s__Novosphingobium sp018971065, 95.0, 77.7, 0.278; GCF_001519075.1, s__Novosphingobium fuchskuhlense, 95.0, 77.7, 0.23; GCA_002454125.1, s__Novosphingobium sp002454125, 95.0, 77.7, 0.317; GCF_000802225.1, s__Novosphingobium malaysiense, 95.0, 77.7, 0.293; GCF_009746585.1, s__Novosphingobium aquimarinum, 95.0, 77.66, 0.284; GCF_014196615.1, s__Novosphingobium fluoreni, 95.0, 77.65, 0.246; GCF_014645195.1, s__Novosphingobium indicum, 95.0, 77.65, 0.312; GCF_002916655.1, s__Novosphingobium sp002916655, 95.0, 77.63, 0.193; GCF_902706195.1, s__Novosphingobium sp902706195, 95.0, 77.63, 0.28; GCA_017987575.1, s__Novosphingobium sp017987575, 95.0, 77.59, 0.286; GCF_009707465.1, s__Novosphingobium sp009707465, 95.0, 77.56, 0.214; GCF_001742225.1, s__Novosphingobium resinovorum, 95.0, 77.55, 0.296; GCF_000281975.1, s__Novosphingobium sp000281975, 95.0, 77.52, 0.29; GCF_001046635.1, s__Novosphingobium barchaimii, 95.0, 77.51, 0.274; GCA_019748365.1, s__Novosphingobium sp019748365, 95.0, 77.51, 0.229; GCA_945906105.1, s__Novosphingobium sp945906105, 95.0, 77.47, 0.311; GCF_018417475.1, s__Novosphingobium decolorationis, 95.0, 77.47, 0.236; GCA_024642085.1, s__Novosphingobium sp024642085, 95.0, 77.43, 0.248; GCF_009856825.1, s__Novosphingobium silvae, 95.0, 77.41, 0.231; GCF_020524485.1, s__Novosphingobium profundi_A, 95.0, 77.39, 0.226; GCA_903970225.1, s__Novosphingobium sp903970225, 95.0, 77.37, 0.211; GCA_019510335.1, s__Novosphingobium sp019510335, 95.0, 77.37, 0.286; GCA_023266625.1, s__Novosphingobium sp023266625, 95.0, 77.36, 0.277; GCA_020446505.1, s__Novosphingobium sp020446505, 95.0, 77.33, 0.222; GCA_903834285.1, s__Novosphingobium sp903834285, 95.0, 77.31, 0.195; GCF_008107685.1, s__Novosphingobium sp008107685, 95.0, 77.31, 0.2; GCF_015865035.1, s__Novosphingobium aureum, 95.0, 77.26, 0.242; GCA_019090585.1, s__Novosphingobium sp019090585, 95.0, 77.25, 0.244; GCF_018491765.1, s__Novosphingobium profundi, 95.0, 77.23, 0.241; GCA_903828025.1, s__Novosphingobium sp903828025, 95.0, 77.21, 0.237; GCA_020446575.1, s__Novosphingobium sp020446575, 95.0, 77.17, 0.229; GCA_017302775.1, s__Novosphingobium sp017302775, 95.0, 77.1, 0.168; GCA_020446595.1, s__Novosphingobium sp020446595, 95.0, 76.97, 0.231; GCA_903911985.1, s__Novosphingobium sp903911985, 95.0, 76.92, 0.224	96.35	11	0.93208	N/A
V8_EKDN230028460-1A_HJH72DSX7_L2.14	d__Bacteria;p__Pseudomonadota;c__Gammaproteobacteria;o__Beggiatoales;f__Beggiatoaceae;g__DYRG01;s__	N/A	N/A	N/A	N/A	N/A	GCA_020718845.1	95.0	d__Bacteria;p__Pseudomonadota;c__Gammaproteobacteria;o__Beggiatoales;f__Beggiatoaceae;g__DYRG01;s__DYRG01 sp020718845	91.0	0.784	d__Bacteria;p__Pseudomonadota;c__Gammaproteobacteria;o__Beggiatoales;f__Beggiatoaceae;g__DYRG01;s__	taxonomic classification defined by topology and ANI	classification based on placement in class-level tree	N/A	64.53	11	0.98683	Genome not assigned to closest species as it falls outside its pre-defined ANI radius
V8_EKDN230028460-1A_HJH72DSX7_L2.15	d__Bacteria;p__Nitrospirota;c__Nitrospiria;o__Nitrospirales;f__Nitrospiraceae;g__Nitrospira_A;s__	N/A	N/A	N/A	N/A	N/A	N/A	N/A	N/A	N/A	N/A	d__Bacteria;p__Nitrospirota;c__Nitrospiria;o__Nitrospirales;f__Nitrospiraceae;g__Nitrospira_A;s__	taxonomic classification defined by topology and ANI	classification based on placement in class-level tree	GCA_009594995.1, s__Nitrospira_A sp009594995, 95.0, 84.78, 0.746; GCA_020853775.1, s__Nitrospira_A sp020853775, 95.0, 83.08, 0.656; GCA_024998595.1, s__Nitrospira_A sp024998595, 95.0, 82.8, 0.641; GCA_014055465.1, s__Nitrospira_A sp014055465, 95.0, 82.58, 0.622; GCA_022226935.1, s__Nitrospira_A sp022226935, 95.0, 82.09, 0.641; GCF_900170025.1, s__Nitrospira_A sp900170025, 95.0, 82.07, 0.626; GCA_009594865.1, s__Nitrospira_A sp009594865, 95.0, 82.02, 0.655; GCA_919902505.1, s__Nitrospira_A sp919902505, 95.0, 82.01, 0.631; GCA_000196815.1, s__Nitrospira_A defluvii_A, 95.0, 81.95, 0.598; GCA_024998565.1, s__Nitrospira_A sp016788925, 95.0, 81.77, 0.632; GCA_024998625.1, s__Nitrospira_A sp024998625, 95.0, 81.63, 0.586; GCA_900696505.1, s__Nitrospira_A sp900696505, 95.0, 81.58, 0.642; GCA_902500995.1, s__Nitrospira_A sp902500995, 95.0, 81.47, 0.623; GCA_902500715.1, s__Nitrospira_A sp902500715, 95.0, 81.16, 0.631; GCA_902500785.1, s__Nitrospira_A sp902500785, 95.0, 81.0, 0.615; GCA_017986555.1, s__Nitrospira_A sp017986555, 95.0, 80.64, 0.559; GCF_905220995.1, s__Nitrospira_A defluvii_C, 95.0, 80.32, 0.54; GCA_023248215.1, s__Nitrospira_A sp023248215, 95.0, 80.3, 0.541; GCA_016788885.1, s__Nitrospira_A sp009594855, 95.0, 80.3, 0.565; GCA_024998705.1, s__Nitrospira_A sp024998705, 95.0, 80.28, 0.597; GCA_018242665.1, s__Nitrospira_A sp018242665, 95.0, 80.13, 0.534; GCA_011525625.1, s__Nitrospira_A sp003456605, 95.0, 80.1, 0.503; GCA_014055495.1, s__Nitrospira_A sp014055495, 95.0, 79.93, 0.504; GCA_016199015.1, s__Nitrospira_A defluvii_B, 95.0, 79.63, 0.547; GCA_013696305.1, s__Nitrospira_A sp013696305, 95.0, 79.44, 0.507; GCA_021323395.1, s__Nitrospira_A sp021323395, 95.0, 78.95, 0.479; GCA_020697375.1, s__Nitrospira_A sp020697375, 95.0, 78.63, 0.385; GCA_015709715.1, s__Nitrospira_A sp001567445, 95.0, 78.26, 0.3	82.32	11	0.97093	Genome not assigned to closest species as it falls outside its pre-defined ANI radius
V8_EKDN230028460-1A_HJH72DSX7_L2.17	d__Bacteria;p__Pseudomonadota;c__Gammaproteobacteria;o__Burkholderiales;f__Casimicrobiaceae;g__Casimicrobium;s__	N/A	N/A	N/A	N/A	N/A	GCA_014378555.1	95.0	d__Bacteria;p__Pseudomonadota;c__Gammaproteobacteria;o__Burkholderiales;f__Casimicrobiaceae;g__Casimicrobium;s__Casimicrobium sp014378555	77.61	0.266	d__Bacteria;p__Pseudomonadota;c__Gammaproteobacteria;o__Burkholderiales;f__Casimicrobiaceae;g__Casimicrobium;s__	taxonomic classification defined by topology and ANI	classification based on placement in class-level tree	GCF_009746125.1, s__Casimicrobium huifangae, 95.0, 79.58, 0.487; GCA_016790165.1, s__Casimicrobium sp016790165, 95.0, 78.48, 0.342; GCA_018241765.1, s__Casimicrobium sp018241765, 95.0, 77.85, 0.269; GCA_017989135.1, s__Casimicrobium sp017989135, 95.0, 77.68, 0.239; GCA_004293675.1, s__Casimicrobium sp004293675, 95.0, 77.04, 0.148; GCA_013298045.1, s__Casimicrobium sp013298045, 95.0, 76.94, 0.148; GCA_013298455.1, s__Casimicrobium sp013298455, 95.0, 76.92, 0.145; GCA_013298695.1, s__Casimicrobium sp013298695, 95.0, 76.82, 0.131; GCA_013298145.1, s__Casimicrobium sp004294365, 95.0, 76.81, 0.13; GCA_013298765.1, s__Casimicrobium sp013298765, 95.0, 76.51, 0.144	77.8	11	0.9603	N/A
V8_EKDN230028460-1A_HJH72DSX7_L2.18	d__Bacteria;p__Myxococcota;c__Myxococcia;o__Myxococcales;f__Myxococcaceae;g__FEN-1143;s__	N/A	N/A	N/A	N/A	N/A	GCA_903911905.1	95.0	d__Bacteria;p__Myxococcota;c__Myxococcia;o__Myxococcales;f__Myxococcaceae;g__FEN-1143;s__FEN-1143 sp903911905	79.72	0.499	d__Bacteria;p__Myxococcota;c__Myxococcia;o__Myxococcales;f__Myxococcaceae;g__FEN-1143;s__	taxonomic classification defined by topology and ANI	classification based on placement in class-level tree	GCA_003153055.1, s__FEN-1143 sp003153055, 95.0, 78.01, 0.312	89.26	11	0.94328	N/A
V8_EKDN230028460-1A_HJH72DSX7_L2.2	d__Bacteria;p__Pseudomonadota;c__Gammaproteobacteria;o__Xanthomonadales;f__Xanthomonadaceae;g__Thermomonas;s__	N/A	N/A	N/A	N/A	N/A	GCF_020034655.1	95.0	d__Bacteria;p__Pseudomonadota;c__Gammaproteobacteria;o__Xanthomonadales;f__Xanthomonadaceae;g__Thermomonas;s__Thermomonas beijingensis	87.91	0.922	d__Bacteria;p__Pseudomonadota;c__Gammaproteobacteria;o__Xanthomonadales;f__Xanthomonadaceae;g__Thermomonas;s__	taxonomic classification defined by topology and ANI	classification based on placement in class-level tree	GCA_018262705.1, s__Thermomonas sp018262705, 95.0, 80.29, 0.463; GCF_024498955.1, s__Thermomonas sp024498955, 95.0, 79.54, 0.608; GCF_014395425.1, s__Thermomonas brevis, 95.0, 79.51, 0.615; GCA_021821195.1, s__Thermomonas sp021821195, 95.0, 79.38, 0.615; GCA_024711415.1, s__Thermomonas sp024711415, 95.0, 79.35, 0.403; GCF_014678725.1, s__Thermomonas sp014678725, 95.0, 79.32, 0.587; GCF_004346265.1, s__Thermomonas haemolytica, 95.0, 79.31, 0.498; GCF_000423885.1, s__Thermomonas fusca, 95.0, 79.3, 0.61; GCA_018242365.1, s__Thermomonas sp018242365, 95.0, 79.05, 0.465; GCF_024704365.1, s__Thermomonas sp017305095, 95.0, 78.86, 0.526; GCA_019104945.1, s__Thermomonas sp019104945, 95.0, 78.85, 0.472; GCA_020850895.1, s__Thermomonas sp020850895, 95.0, 78.73, 0.403; GCF_022419205.1, s__Thermomonas alba, 95.0, 78.6, 0.452; GCA_023953935.1, s__Thermomonas sp023953935, 95.0, 78.48, 0.442; GCA_016720345.1, s__Thermomonas sp016720345, 95.0, 78.45, 0.459; GCF_006337105.1, s__Thermomonas aquatica, 95.0, 78.41, 0.541; GCF_011302915.1, s__Thermomonas sp011302915, 95.0, 78.4, 0.496; GCF_900129205.1, s__Thermomonas hydrothermalis, 95.0, 78.29, 0.411; GCF_014396975.1, s__Thermomonas carbonis, 95.0, 78.19, 0.489; GCA_023388715.1, s__Thermomonas sp023388715, 95.0, 78.15, 0.348; GCA_017302075.1, s__Thermomonas sp017302075, 95.0, 78.15, 0.377; GCA_017302095.1, s__Thermomonas sp017302095, 95.0, 77.95, 0.297; GCF_022419185.1, s__Thermomonas flagellata, 95.0, 77.87, 0.372	67.59	11	0.99299	Genome not assigned to closest species as it falls outside its pre-defined ANI radius
V8_EKDN230028460-1A_HJH72DSX7_L2.21	d__Bacteria;p__Pseudomonadota;c__Alphaproteobacteria;o__Rhizobiales;f__Rhizobiaceae;g__;s__	N/A	N/A	N/A	N/A	N/A	N/A	N/A	N/A	N/A	N/A	d__Bacteria;p__Pseudomonadota;c__Alphaproteobacteria;o__Rhizobiales;f__Rhizobiaceae;g__;s__	taxonomic classification fully defined by topology	classification based on placement in class-level tree	N/A	90.57	11	0.8644	N/A
V8_EKDN230028460-1A_HJH72DSX7_L2.24	d__Bacteria;p__Bacteroidota;c__Bacteroidia;o__Bacteroidales;f__UBA4417;g__UBA4417;s__	N/A	N/A	N/A	N/A	N/A	N/A	N/A	N/A	N/A	N/A	d__Bacteria;p__Bacteroidota;c__Bacteroidia;o__Bacteroidales;f__UBA4417;g__UBA4417;s__	ANI	classification based on placement in class-level tree	GCA_903879715.1, s__UBA4417 sp903879715, 95.0, 78.21, 0.298; GCA_903913645.1, s__UBA4417 sp903913645, 95.0, 78.04, 0.244; GCA_002389705.1, s__UBA4417 sp002389705, 95.0, 77.77, 0.188; GCA_020048595.1, s__UBA4417 sp020048595, 95.0, 77.77, 0.202; GCA_903822525.1, s__UBA4417 sp903822525, 95.0, 77.73, 0.231; GCA_016707705.1, s__UBA4417 sp016707705, 95.0, 77.69, 0.061; GCA_903946925.1, s__UBA4417 sp903946925, 95.0, 77.56, 0.225; GCA_903887815.1, s__UBA4417 sp903887815, 95.0, 77.52, 0.178; GCA_903917425.1, s__UBA4417 sp903917425, 95.0, 77.37, 0.193; GCA_903878265.1, s__UBA4417 sp903878265, 95.0, 77.31, 0.176; GCA_903864265.1, s__UBA4417 sp903864265, 95.0, 76.79, 0.145; GCA_016707785.1, s__UBA4417 sp016707785, 95.0, 76.77, 0.056; GCA_013376995.1, s__UBA4417 sp013376995, 95.0, 76.44, 0.038; GCA_015657475.1, s__UBA4417 sp015657475, 95.0, 76.18, 0.049; GCA_022711175.1, s__UBA4417 sp022711175, 95.0, 75.87, 0.06	79.84	11	0.95941	N/A
V8_EKDN230028460-1A_HJH72DSX7_L2.29	d__Bacteria;p__Planctomycetota;c__UBA11346;o__UBA11346;f__UBA11346;g__UBA11346;s__	N/A	N/A	N/A	N/A	N/A	GCA_017302815.1	95.0	d__Bacteria;p__Planctomycetota;c__UBA11346;o__UBA11346;f__UBA11346;g__UBA11346;s__UBA11346 sp017302815	85.65	0.567	d__Bacteria;p__Planctomycetota;c__UBA11346;o__UBA11346;f__UBA11346;g__UBA11346;s__	taxonomic classification defined by topology and ANI	classification based on placement in class-level tree	GCA_022841245.1, s__UBA11346 sp022841245, 95.0, 83.06, 0.574; GCA_020047915.1, s__UBA11346 sp003482625, 95.0, 82.64, 0.465; GCA_020049615.1, s__UBA11346 sp020049615, 95.0, 82.12, 0.471; GCA_025055595.1, s__UBA11346 sp025055595, 95.0, 78.8, 0.39	76.92	11	0.97299	Genome not assigned to closest species as it falls outside its pre-defined ANI radius
V8_EKDN230028460-1A_HJH72DSX7_L2.32	d__Bacteria;p__Pseudomonadota;c__Alphaproteobacteria;o__Rhodobacterales;f__Rhodobacteraceae;g__Cypionkella;s__	N/A	N/A	N/A	N/A	N/A	GCA_002256245.1	95.0	d__Bacteria;p__Pseudomonadota;c__Alphaproteobacteria;o__Rhodobacterales;f__Rhodobacteraceae;g__Cypionkella;s__Cypionkella sp002256245	85.8	0.777	d__Bacteria;p__Pseudomonadota;c__Alphaproteobacteria;o__Rhodobacterales;f__Rhodobacteraceae;g__Cypionkella;s__	taxonomic classification defined by topology and ANI	classification based on placement in class-level tree	GCF_001294535.1, s__Cypionkella psychrotolerans, 95.0, 86.13, 0.818; GCA_009773375.1, s__Cypionkella sp009773375, 95.0, 82.22, 0.619; GCA_001828855.1, s__Cypionkella sp001828855, 95.0, 80.54, 0.565; GCA_024641255.1, s__Cypionkella sp024641255, 95.0, 80.39, 0.622; GCA_945860375.1, s__Cypionkella antarcticus_A, 95.0, 80.07, 0.504; GCA_913062925.1, s__Cypionkella sp913062925, 95.0, 79.63, 0.518; GCA_024642045.1, s__Cypionkella sp024642045, 95.0, 79.36, 0.443; GCA_023255415.1, s__Cypionkella sp023255415, 95.0, 79.32, 0.535; GCA_018063485.1, s__Cypionkella sp018063485, 95.0, 78.85, 0.526; GCA_013298675.1, s__Cypionkella sp013298675, 95.0, 77.38, 0.303; GCA_945861995.1, s__Cypionkella antarcticus_B, 95.0, 77.09, 0.281; GCA_945862435.1, s__Cypionkella antarcticus_C, 95.0, 76.99, 0.224	77.0	11	0.99495	Genome not assigned to closest species as it falls outside its pre-defined ANI radius
V8_EKDN230028460-1A_HJH72DSX7_L2.38	d__Bacteria;p__Bacteroidota;c__Bacteroidia;o__Flavobacteriales;f__Weeksellaceae;g__Kaistella;s__Kaistella chaponensis	GCF_900156725.1	95.0	d__Bacteria;p__Bacteroidota;c__Bacteroidia;o__Flavobacteriales;f__Weeksellaceae;g__Kaistella;s__Kaistella chaponensis	98.01	0.948	N/A	N/A	N/A	N/A	N/A	N/A	ani_screen	classification based on ANI only	N/A	N/A	N/A	N/A	N/A
V8_EKDN230028460-1A_HJH72DSX7_L2.43	d__Bacteria;p__Pseudomonadota;c__Gammaproteobacteria;o__Burkholderiales;f__Burkholderiaceae_B;g__;s__	N/A	N/A	N/A	N/A	N/A	N/A	N/A	N/A	N/A	N/A	d__Bacteria;p__Pseudomonadota;c__Gammaproteobacteria;o__Burkholderiales;f__Burkholderiaceae_B;g__;s__	taxonomic classification fully defined by topology	classification based on placement in class-level tree	N/A	65.88	11	0.91834	N/A
V8_EKDN230028460-1A_HJH72DSX7_L2.44	d__Bacteria;p__Pseudomonadota;c__Gammaproteobacteria;o__Burkholderiales;f__Burkholderiaceae_C;g__CAIJKV01;s__	N/A	N/A	N/A	N/A	N/A	GCA_903821335.1	95.0	d__Bacteria;p__Pseudomonadota;c__Gammaproteobacteria;o__Burkholderiales;f__Burkholderiaceae_C;g__CAIJKV01;s__CAIJKV01 sp903821335	80.84	0.602	d__Bacteria;p__Pseudomonadota;c__Gammaproteobacteria;o__Burkholderiales;f__Burkholderiaceae_C;g__CAIJKV01;s__	taxonomic classification defined by topology and ANI	classification based on placement in class-level tree	N/A	75.15	11	0.98484	Genome not assigned to closest species as it falls outside its pre-defined ANI radius
V8_EKDN230028460-1A_HJH72DSX7_L2.47	d__Bacteria;p__Pseudomonadota;c__Alphaproteobacteria;o__Rhizobiales;f__Aestuariivirgaceae;g__Aestuariivirga;s__	N/A	N/A	N/A	N/A	N/A	N/A	N/A	N/A	N/A	N/A	d__Bacteria;p__Pseudomonadota;c__Alphaproteobacteria;o__Rhizobiales;f__Aestuariivirgaceae;g__Aestuariivirga;s__	ANI	classification based on placement in class-level tree	GCA_016710435.1, s__Aestuariivirga sp016710435, 95.0, 77.72, 0.219; GCF_003234965.1, s__Aestuariivirga litoralis, 95.0, 77.49, 0.225; GCA_016792865.1, s__Aestuariivirga sp016792865, 95.0, 77.46, 0.227; GCA_945889445.1, s__Aestuariivirga sp945889445, 95.0, 77.4, 0.212; GCA_020161855.1, s__Aestuariivirga sp020161855, 95.0, 77.4, 0.18; GCA_020252405.1, s__Aestuariivirga sp020252405, 95.0, 77.36, 0.216; GCA_020252395.1, s__Aestuariivirga sp020252395, 95.0, 77.34, 0.199; GCA_020252385.1, s__Aestuariivirga sp020252385, 95.0, 77.27, 0.173; GCA_022842165.1, s__Aestuariivirga sp022842165, 95.0, 77.25, 0.192; GCA_016792825.1, s__Aestuariivirga sp016792825, 95.0, 77.16, 0.229; GCF_015714715.1, s__Aestuariivirga litoralis_A, 95.0, 77.11, 0.163; GCA_902826365.1, s__Aestuariivirga sp902826365, 95.0, 77.02, 0.238; GCA_016185245.1, s__Aestuariivirga sp016185245, 95.0, 77.0, 0.175; GCA_903930095.1, s__Aestuariivirga sp903930095, 95.0, 76.97, 0.167; GCA_023266715.1, s__Aestuariivirga sp023266715, 95.0, 76.83, 0.164; GCA_900298995.1, s__Aestuariivirga sp900298995, 95.0, 76.83, 0.174; GCA_009885825.1, s__Aestuariivirga sp009885825, 95.0, 76.79, 0.174; GCA_020029455.1, s__Aestuariivirga sp020029455, 95.0, 76.72, 0.161; GCA_012032065.1, s__Aestuariivirga sp012032065, 95.0, 76.65, 0.156; GCA_014380505.1, s__Aestuariivirga sp014380505, 95.0, 76.64, 0.137; GCA_020441605.1, s__Aestuariivirga sp020441605, 95.0, 75.98, 0.113; GCA_003151375.1, s__Aestuariivirga sp003151375, 95.0, 75.61, 0.039	80.16	11	0.92949	N/A
V8_EKDN230028460-1A_HJH72DSX7_L2.5	d__Bacteria;p__Bacteroidota;c__Bacteroidia;o__Flavobacteriales;f__Flavobacteriaceae;g__Flavobacterium;s__	N/A	N/A	N/A	N/A	N/A	N/A	N/A	N/A	N/A	N/A	d__Bacteria;p__Bacteroidota;c__Bacteroidia;o__Flavobacteriales;f__Flavobacteriaceae;g__Flavobacterium;s__	ANI	classification based on placement in class-level tree	GCF_014486675.1, s__Flavobacterium macrobrachii, 95.0, 79.74, 0.378; GCF_004362665.1, s__Flavobacterium dankookense, 95.0, 79.58, 0.375; GCF_012911605.1, s__Flavobacterium solisilvae, 95.0, 79.46, 0.438; GCA_016718345.1, s__Flavobacterium sp016718345, 95.0, 79.02, 0.284; GCA_017303755.1, s__Flavobacterium sp017303755, 95.0, 78.95, 0.366; GCF_014642275.1, s__Flavobacterium lutivivi, 95.0, 78.68, 0.352; GCF_001662485.1, s__Flavobacterium succinicans_A, 95.0, 78.56, 0.211; GCF_013072765.1, s__Flavobacterium sp013072765, 95.0, 78.54, 0.274; GCA_016787805.1, s__Flavobacterium sp016787805, 95.0, 78.49, 0.361; GCF_003634825.1, s__Flavobacterium sp003634825, 95.0, 78.2, 0.297; GCA_020403245.1, s__Flavobacterium sp020403245, 95.0, 78.16, 0.291; GCF_000422705.1, s__Flavobacterium soli, 95.0, 78.09, 0.249; GCF_900111965.1, s__Flavobacterium swingsii, 95.0, 78.05, 0.372; GCA_903842575.1, s__Flavobacterium sp903842575, 95.0, 78.04, 0.352; GCF_008806775.1, s__Flavobacterium luteum, 95.0, 78.01, 0.25; GCA_903879875.1, s__Flavobacterium sp903879875, 95.0, 78.0, 0.282; GCA_022758945.1, s__Flavobacterium sp022758945, 95.0, 78.0, 0.279; GCA_945874225.1, s__Flavobacterium psychrophilum_M, 95.0, 77.97, 0.254; GCA_012837155.1, s__Flavobacterium sp012837155, 95.0, 77.94, 0.2; GCA_903839195.1, s__Flavobacterium sp903839195, 95.0, 77.89, 0.365; GCA_021740105.1, s__Flavobacterium sp021740105, 95.0, 77.83, 0.301; GCA_945861915.1, s__Flavobacterium psychrophilum_E, 95.0, 77.83, 0.25; GCA_024642105.1, s__Flavobacterium sp024642105, 95.0, 77.83, 0.223; GCF_003097635.1, s__Flavobacterium psychrotolerans, 95.0, 77.82, 0.247; GCF_002754315.1, s__Flavobacterium sp002754315, 95.0, 77.81, 0.236; GCA_903819815.1, s__Flavobacterium sp903819815, 95.0, 77.8, 0.294; GCA_009693635.1, s__Flavobacterium sp009693635, 95.0, 77.79, 0.335; GCF_900110375.1, s__Flavobacterium sinopsychrotolerans, 95.0, 77.78, 0.236; GCF_010119235.1, s__Flavobacterium phycosphaerae, 95.0, 77.77, 0.226; GCF_003634755.1, s__Flavobacterium limicola, 95.0, 77.77, 0.246; GCF_000813005.1, s__Flavobacterium sp000813005, 95.0, 77.76, 0.231; GCF_004349195.1, s__Flavobacterium rhamnosiphilum, 95.0, 77.75, 0.26; GCA_903861155.1, s__Flavobacterium sp903861155, 95.0, 77.71, 0.232; GCA_943913405.1, s__Flavobacterium sp943913405, 95.0, 77.71, 0.205; GCA_016714905.1, s__Flavobacterium sp016714905, 95.0, 77.71, 0.218; GCF_004349315.1, s__Flavobacterium ranwuense, 95.0, 77.71, 0.236; GCF_015277675.1, s__Flavobacterium soyangense, 95.0, 77.7, 0.223; GCF_900129705.1, s__Flavobacterium granuli, 95.0, 77.7, 0.194; GCF_003865365.1, s__Flavobacterium macacae, 95.0, 77.68, 0.225; GCF_004349085.1, s__Flavobacterium caseinilyticum, 95.0, 77.67, 0.213; GCA_018062725.1, s__Flavobacterium sp018062725, 95.0, 77.65, 0.301; GCF_000425465.1, s__Flavobacterium filum, 95.0, 77.64, 0.245; GCF_003268815.1, s__Flavobacterium lacus, 95.0, 77.63, 0.214; GCF_002217405.1, s__Flavobacterium psychrophilum, 95.0, 77.62, 0.315; GCA_016721735.1, s__Flavobacterium sp016721735, 95.0, 77.62, 0.201; GCF_003097655.1, s__Flavobacterium laiguense, 95.0, 77.61, 0.224; GCF_004122165.1, s__Flavobacterium amnicola, 95.0, 77.6, 0.27; GCF_019351435.1, s__Flavobacterium taihuense, 95.0, 77.59, 0.238; GCF_004349355.1, s__Flavobacterium cellulosilyticum, 95.0, 77.57, 0.229; GCF_000737695.1, s__Flavobacterium hydatis, 95.0, 77.56, 0.242; GCF_007109225.1, s__Flavobacterium sp007109225, 95.0, 77.56, 0.173; GCF_020911885.1, s__Flavobacterium sp020911885, 95.0, 77.56, 0.211; GCF_003634455.1, s__Flavobacterium endophyticum, 95.0, 77.54, 0.162; GCF_003350545.1, s__Flavobacterium glaciei, 95.0, 77.54, 0.232; GCF_023635005.1, s__Flavobacterium sp023635005, 95.0, 77.52, 0.197; GCA_945860385.1, s__Flavobacterium psychrophilum_K, 95.0, 77.51, 0.23; GCF_000425485.1, s__Flavobacterium tegetincola, 95.0, 77.51, 0.198; GCA_009926065.1, s__Flavobacterium sp009926065, 95.0, 77.49, 0.315; GCA_002428305.1, s__Flavobacterium sp002428305, 95.0, 77.48, 0.232; GCA_945879625.1, s__Flavobacterium psychrophilum_G, 95.0, 77.48, 0.197; GCF_023195775.1, s__Flavobacterium sp023195775, 95.0, 77.48, 0.262; GCF_003668995.1, s__Flavobacterium sp003668995, 95.0, 77.48, 0.242; GCF_007097385.1, s__Flavobacterium sp007097385, 95.0, 77.47, 0.226; GCA_945897545.1, s__Flavobacterium psychrophilum_L, 95.0, 77.46, 0.244; GCA_903837025.1, s__Flavobacterium sp903837025, 95.0, 77.45, 0.238; GCF_014638005.1, s__Flavobacterium orientale, 95.0, 77.44, 0.246; GCA_013822155.1, s__Flavobacterium sp013822155, 95.0, 77.42, 0.224; GCA_002413745.1, s__Flavobacterium sp002413745, 95.0, 77.39, 0.227; GCF_004122145.1, s__Flavobacterium piscinae, 95.0, 77.39, 0.222; GCA_023387965.1, s__Flavobacterium sp023387965, 95.0, 77.38, 0.197; GCA_903824755.1, s__Flavobacterium sp903824755, 95.0, 77.37, 0.301; GCA_002352205.1, s__Flavobacterium sp002352205, 95.0, 77.35, 0.284; GCA_023427845.1, s__Flavobacterium sp023427845, 95.0, 77.35, 0.086; GCA_010365135.1, s__Flavobacterium sp010365135, 95.0, 77.34, 0.21; GCF_007097245.1, s__Flavobacterium restrictum, 95.0, 77.32, 0.216; GCA_002483285.1, s__Flavobacterium sp002483285, 95.0, 77.32, 0.082; GCA_022709825.1, s__Flavobacterium sp022709825, 95.0, 77.27, 0.267; GCF_006385255.1, s__Flavobacterium microcysteis, 95.0, 77.23, 0.158; GCF_900142035.1, s__Flavobacterium terrae, 95.0, 77.2, 0.229; GCF_000419685.1, s__Flavobacterium antarcticum, 95.0, 77.16, 0.225; GCF_004745595.1, s__Flavobacterium humi, 95.0, 77.11, 0.116; GCF_002846575.1, s__Flavobacterium lindanitolerans, 95.0, 77.09, 0.144; GCA_002256285.1, s__Flavobacterium sp002256285, 95.0, 77.08, 0.062; GCA_945869365.1, s__Flavobacterium psychrophilum_J, 95.0, 77.05, 0.17; GCF_900100375.1, s__Flavobacterium noncentrifugens, 95.0, 77.04, 0.141; GCF_003076475.1, s__Flavobacterium kingsejongi, 95.0, 77.04, 0.101; GCA_018883065.1, s__Flavobacterium sp018883065, 95.0, 77.01, 0.184; GCA_020720185.1, s__Flavobacterium psychrophilum_O, 95.0, 76.99, 0.251; GCF_003055625.1, s__Flavobacterium magnum, 95.0, 76.91, 0.051; GCF_004959765.1, s__Flavobacterium sp004959765, 95.0, 76.9, 0.172; GCF_023634845.1, s__Flavobacterium amniphilum, 95.0, 76.89, 0.144; GCF_002217205.1, s__Flavobacterium branchiophilum, 95.0, 76.88, 0.162; GCA_017987725.1, s__Flavobacterium sp017987725, 95.0, 76.88, 0.171; GCF_003097535.1, s__Flavobacterium pallidum, 95.0, 76.76, 0.083; GCA_015234525.1, s__Flavobacterium sp015234525, 95.0, 76.67, 0.102; GCF_018413465.1, s__Flavobacterium sp018413465, 95.0, 76.67, 0.15; GCF_011392125.1, s__Flavobacterium lotistagni, 95.0, 76.66, 0.108; GCA_014378065.1, s__Flavobacterium sp014378065, 95.0, 76.65, 0.173; GCA_018267095.1, s__Flavobacterium sp018267095, 95.0, 76.64, 0.149; GCA_015478765.1, s__Flavobacterium sp015478765, 95.0, 76.48, 0.063	76.54	11	0.95035	N/A
V8_EKDN230028460-1A_HJH72DSX7_L2.50	d__Bacteria;p__Bacteroidota;c__Bacteroidia;o__Flavobacteriales;f__Flavobacteriaceae;g__Flavobacterium;s__	N/A	N/A	N/A	N/A	N/A	N/A	N/A	N/A	N/A	N/A	d__Bacteria;p__Bacteroidota;c__Bacteroidia;o__Flavobacteriales;f__Flavobacteriaceae;g__Flavobacterium;s__	taxonomic classification defined by topology and ANI	classification based on placement in class-level tree	GCF_900111965.1, s__Flavobacterium swingsii, 95.0, 82.4, 0.667; GCF_002217405.1, s__Flavobacterium psychrophilum, 95.0, 81.54, 0.603; GCA_003525665.1, s__Flavobacterium sp003525665, 95.0, 78.0, 0.304; GCF_003634825.1, s__Flavobacterium sp003634825, 95.0, 77.78, 0.232; GCF_004122165.1, s__Flavobacterium amnicola, 95.0, 77.77, 0.313; GCA_903879875.1, s__Flavobacterium sp903879875, 95.0, 77.75, 0.228; GCF_004745595.1, s__Flavobacterium humi, 95.0, 77.73, 0.248; GCF_000757385.1, s__Flavobacterium aquatile, 95.0, 77.73, 0.345; GCA_001464475.1, s__Flavobacterium sp001464475, 95.0, 77.69, 0.296; GCA_013298525.1, s__Flavobacterium sp013298525, 95.0, 77.57, 0.27; GCA_945872875.1, s__Flavobacterium psychrophilum_N, 95.0, 77.55, 0.2; GCA_903879645.1, s__Flavobacterium sp903879645, 95.0, 77.54, 0.198; GCF_003097635.1, s__Flavobacterium psychrotolerans, 95.0, 77.54, 0.222; GCF_004362665.1, s__Flavobacterium dankookense, 95.0, 77.52, 0.288; GCA_018062725.1, s__Flavobacterium sp018062725, 95.0, 77.52, 0.248; GCF_004349355.1, s__Flavobacterium cellulosilyticum, 95.0, 77.49, 0.25; GCA_022730285.1, s__Flavobacterium psychrophilum_C, 95.0, 77.48, 0.286; GCA_903842575.1, s__Flavobacterium sp903842575, 95.0, 77.46, 0.242; GCF_008806775.1, s__Flavobacterium luteum, 95.0, 77.44, 0.276; GCA_903913315.1, s__Flavobacterium sp903913315, 95.0, 77.44, 0.224; GCF_014486675.1, s__Flavobacterium macrobrachii, 95.0, 77.41, 0.284; GCF_012911605.1, s__Flavobacterium solisilvae, 95.0, 77.4, 0.308; GCA_020048955.1, s__Flavobacterium sp020048955, 95.0, 77.37, 0.234; GCA_016718345.1, s__Flavobacterium sp016718345, 95.0, 77.36, 0.202; GCA_903839195.1, s__Flavobacterium sp903839195, 95.0, 77.34, 0.232; GCA_022709825.1, s__Flavobacterium sp022709825, 95.0, 77.32, 0.144; GCF_900142035.1, s__Flavobacterium terrae, 95.0, 77.31, 0.256; GCA_019752245.1, s__Flavobacterium sp019752245, 95.0, 77.27, 0.238; GCA_020161455.1, s__Flavobacterium sp020161455, 95.0, 77.25, 0.272; GCA_903819815.1, s__Flavobacterium sp903819815, 95.0, 77.24, 0.175; GCA_903838055.1, s__Flavobacterium sp903838055, 95.0, 77.22, 0.232; GCF_014486695.1, s__Flavobacterium buctense, 95.0, 77.21, 0.212; GCA_024644655.1, s__Flavobacterium sp024644655, 95.0, 77.14, 0.173; GCF_004797125.1, s__Flavobacterium sangjuense, 95.0, 77.1, 0.234; GCA_009693635.1, s__Flavobacterium sp009693635, 95.0, 77.09, 0.204; GCF_021608185.1, s__Flavobacterium sp021608185, 95.0, 77.09, 0.236; GCF_000425465.1, s__Flavobacterium filum, 95.0, 77.07, 0.183; GCA_017302935.1, s__Flavobacterium sp017302935, 95.0, 77.07, 0.163; GCF_023635005.1, s__Flavobacterium sp023635005, 95.0, 77.06, 0.218; GCA_016714905.1, s__Flavobacterium sp016714905, 95.0, 77.01, 0.194; GCF_003634455.1, s__Flavobacterium endophyticum, 95.0, 77.01, 0.155; GCF_023634845.1, s__Flavobacterium amniphilum, 95.0, 76.99, 0.192; GCF_004122145.1, s__Flavobacterium piscinae, 95.0, 76.99, 0.173; GCA_017303755.1, s__Flavobacterium sp017303755, 95.0, 76.97, 0.248; GCF_007109225.1, s__Flavobacterium sp007109225, 95.0, 76.95, 0.171; GCF_000498535.1, s__Flavobacterium limnosediminis, 95.0, 76.93, 0.123; GCA_002428305.1, s__Flavobacterium sp002428305, 95.0, 76.93, 0.179; GCA_020403245.1, s__Flavobacterium sp020403245, 95.0, 76.92, 0.262; GCF_014642275.1, s__Flavobacterium lutivivi, 95.0, 76.91, 0.202; GCF_021608265.1, s__Flavobacterium sp021608265, 95.0, 76.9, 0.161; GCA_024709705.1, s__Flavobacterium sp024709705, 95.0, 76.89, 0.121; GCA_016787805.1, s__Flavobacterium sp016787805, 95.0, 76.88, 0.258; GCF_013072765.1, s__Flavobacterium sp013072765, 95.0, 76.84, 0.228; GCA_023213215.1, s__Flavobacterium sp023213215, 95.0, 76.83, 0.188; GCF_000422705.1, s__Flavobacterium soli, 95.0, 76.83, 0.242; GCA_943913405.1, s__Flavobacterium sp943913405, 95.0, 76.81, 0.194; GCF_002217205.1, s__Flavobacterium branchiophilum, 95.0, 76.81, 0.171; GCA_002786385.1, s__Flavobacterium sp002786385, 95.0, 76.81, 0.171; GCA_013822155.1, s__Flavobacterium sp013822155, 95.0, 76.79, 0.19; GCF_013389455.1, s__Flavobacterium inviolabile, 95.0, 76.76, 0.115; GCF_010119235.1, s__Flavobacterium phycosphaerae, 95.0, 76.71, 0.224; GCF_004959765.1, s__Flavobacterium sp004959765, 95.0, 76.7, 0.206; GCA_016721735.1, s__Flavobacterium sp016721735, 95.0, 76.7, 0.202; GCA_020720185.1, s__Flavobacterium psychrophilum_O, 95.0, 76.68, 0.181; GCF_000498475.1, s__Flavobacterium cauense, 95.0, 76.65, 0.185; GCF_023195775.1, s__Flavobacterium sp023195775, 95.0, 76.62, 0.224; GCF_011742145.1, s__Flavobacterium sp011742145, 95.0, 76.62, 0.218; GCF_022836875.1, s__Flavobacterium enshiense_A, 95.0, 76.59, 0.125; GCF_900100625.1, s__Flavobacterium saliperosum, 95.0, 76.57, 0.159; GCA_024710485.1, s__Flavobacterium sp024710485, 95.0, 76.56, 0.159; GCA_903902795.1, s__Flavobacterium sp903902795, 95.0, 76.56, 0.173; GCA_002352205.1, s__Flavobacterium sp002352205, 95.0, 76.53, 0.212; GCF_000498495.1, s__Flavobacterium enshiense, 95.0, 76.53, 0.133; GCF_014638005.1, s__Flavobacterium orientale, 95.0, 76.5, 0.212; GCF_024496085.1, s__Flavobacterium cerinum_A, 95.0, 76.5, 0.119; GCF_019565455.1, s__Flavobacterium oreochromis, 95.0, 76.49, 0.183; GCA_017987725.1, s__Flavobacterium sp017987725, 95.0, 76.48, 0.097; GCF_003268855.1, s__Flavobacterium aciduliphilum, 95.0, 76.46, 0.192; GCF_900100375.1, s__Flavobacterium noncentrifugens, 95.0, 76.42, 0.145; GCF_002917885.1, s__Flavobacterium croceum, 95.0, 76.41, 0.198; GCA_002296885.1, s__Flavobacterium sp002296885, 95.0, 76.41, 0.103; GCF_004329815.1, s__Flavobacterium silvisoli, 95.0, 76.35, 0.161; GCF_019565505.1, s__Flavobacterium davisii, 95.0, 76.35, 0.175; GCA_002256285.1, s__Flavobacterium sp002256285, 95.0, 76.33, 0.069; GCF_003268815.1, s__Flavobacterium lacus, 95.0, 76.31, 0.2; GCA_018267095.1, s__Flavobacterium sp018267095, 95.0, 76.3, 0.141; GCA_018883065.1, s__Flavobacterium sp018883065, 95.0, 76.3, 0.131; GCA_023427845.1, s__Flavobacterium sp023427845, 95.0, 76.29, 0.056; GCA_023446155.1, s__Flavobacterium sp023446155, 95.0, 76.28, 0.111; GCF_002530675.1, s__Flavobacterium columnare, 95.0, 76.28, 0.169; GCA_023434025.1, s__Flavobacterium sp023434025, 95.0, 76.25, 0.119; GCA_019565575.1, s__Flavobacterium covae, 95.0, 76.24, 0.175; GCF_004122105.1, s__Flavobacterium stagni, 95.0, 76.2, 0.125; GCA_002483285.1, s__Flavobacterium sp002483285, 95.0, 76.18, 0.095; GCF_022012335.1, s__Flavobacterium sp022012335, 95.0, 76.17, 0.137; GCA_014378065.1, s__Flavobacterium sp014378065, 95.0, 76.12, 0.151; GCF_004801375.1, s__Flavobacterium supellecticarium, 95.0, 76.11, 0.105; GCF_011392125.1, s__Flavobacterium lotistagni, 95.0, 76.09, 0.099; GCF_018413465.1, s__Flavobacterium sp018413465, 95.0, 75.99, 0.131; GCF_000430025.1, s__Flavobacterium suncheonense, 95.0, 75.92, 0.109	62.46	11	0.98301	Genome not assigned to closest species as it falls outside its pre-defined ANI radius
V8_EKDN230028460-1A_HJH72DSX7_L2.55	d__Bacteria;p__Bacillota_B;c__Desulfitobacteriia;o__Desulfitobacteriales;f__Desulfitobacteriaceae;g__Desulfosporosinus;s__	N/A	N/A	N/A	N/A	N/A	GCA_002404215.1	95.0	d__Bacteria;p__Bacillota_B;c__Desulfitobacteriia;o__Desulfitobacteriales;f__Desulfitobacteriaceae;g__Desulfosporosinus;s__Desulfosporosinus sp002404215	84.77	0.658	d__Bacteria;p__Bacillota_B;c__Desulfitobacteriia;o__Desulfitobacteriales;f__Desulfitobacteriaceae;g__Desulfosporosinus;s__	taxonomic classification defined by topology and ANI	classification based on placement in class-level tree	GCF_004766045.1, s__Desulfosporosinus fructosivorans, 95.0, 80.21, 0.407; GCA_900290375.1, s__Desulfosporosinus infrequens, 95.0, 79.78, 0.364; GCA_001516045.1, s__Desulfosporosinus sp001516045, 95.0, 79.58, 0.355; GCF_000224515.1, s__Desulfosporosinus sp000224515, 95.0, 79.53, 0.374; GCA_003132105.1, s__Desulfosporosinus sp003132105, 95.0, 79.35, 0.41; GCF_001707885.1, s__Desulfosporosinus sp001707885, 95.0, 79.33, 0.364; GCF_001936615.1, s__Desulfosporosinus metallidurans, 95.0, 79.19, 0.313; GCF_000960765.1, s__Desulfosporosinus sp000960765, 95.0, 78.8, 0.241; GCA_927405585.1, s__Desulfosporosinus sp927405585, 95.0, 78.61, 0.268; GCA_000961805.1, s__Desulfosporosinus sp000961805, 95.0, 78.6, 0.267; GCF_004766055.1, s__Desulfosporosinus sp004766055, 95.0, 78.59, 0.299; GCF_900129935.1, s__Desulfosporosinus lacus, 95.0, 78.57, 0.248; GCA_000770645.1, s__Desulfosporosinus sp000770645, 95.0, 78.51, 0.302; GCF_023897015.1, s__Desulfosporosinus nitroreducens, 95.0, 78.49, 0.244; GCF_020595055.1, s__Desulfosporosinus sp020595055, 95.0, 78.39, 0.244; GCA_002413075.1, s__Desulfosporosinus sp002413075, 95.0, 78.32, 0.326; GCF_000231385.2, s__Desulfosporosinus meridiei, 95.0, 78.23, 0.166; GCA_021779415.1, s__Desulfosporosinus sp021779415, 95.0, 78.23, 0.263; GCF_000765145.1, s__Desulfosporosinus sp000765145, 95.0, 78.13, 0.159; GCA_003513495.1, s__Desulfosporosinus sp003513495, 95.0, 78.09, 0.178; GCF_900100785.1, s__Desulfosporosinus hippei, 95.0, 77.99, 0.175; GCA_016278585.1, s__Desulfosporosinus sp016278585, 95.0, 77.78, 0.224; GCF_000244895.1, s__Desulfosporosinus youngiae, 95.0, 77.7, 0.213; GCF_000235605.1, s__Desulfosporosinus orientis, 95.0, 77.58, 0.139; GCF_002196705.1, s__Desulfosporosinus sp002196705, 95.0, 77.4, 0.1; GCF_000255115.2, s__Desulfosporosinus acidiphilus, 95.0, 77.13, 0.103; GCF_001029285.1, s__Desulfosporosinus acididurans, 95.0, 77.07, 0.092	85.4	11	0.97487	Genome not assigned to closest species as it falls outside its pre-defined ANI radius
V8_EKDN230028460-1A_HJH72DSX7_L2.62	d__Bacteria;p__Bacteroidota;c__Bacteroidia;o__Chitinophagales;f__JADIYW01;g__JADJSS01;s__	N/A	N/A	N/A	N/A	N/A	N/A	N/A	N/A	N/A	N/A	d__Bacteria;p__Bacteroidota;c__Bacteroidia;o__Chitinophagales;f__JADIYW01;g__JADJSS01;s__	ANI	classification based on placement in class-level tree	GCA_017984135.1, s__JADJSS01 sp017984135, 95.0, 77.99, 0.33; GCA_016721245.1, s__JADJSS01 sp016721245, 95.0, 77.21, 0.262; GCA_020848475.1, s__JADJSS01 sp020848475, 95.0, 77.17, 0.268; GCA_020436225.1, s__JADJSS01 sp020436225, 95.0, 77.08, 0.261; GCA_020848255.1, s__JADJSS01 sp020848255, 95.0, 77.06, 0.21; GCA_016711605.1, s__JADJSS01 sp016711605, 95.0, 76.95, 0.246; GCA_016719635.1, s__JADJSS01 sp016719635, 95.0, 76.47, 0.122; GCA_016699615.1, s__JADJSS01 sp016699615, 95.0, 76.3, 0.11; GCA_020848315.1, s__JADJSS01 sp020848315, 95.0, 76.2, 0.093; GCA_020636545.1, s__JADJSS01 sp020636545, 95.0, 75.93, 0.079; GCA_020636535.1, s__JADJSS01 sp020636535, 95.0, 75.53, 0.069	86.51	11	0.94369	N/A
V8_EKDN230028460-1A_HJH72DSX7_L2.63	d__Bacteria;p__Bacteroidota;c__Bacteroidia;o__Chitinophagales;f__Chitinophagaceae;g__Ferruginibacter;s__	N/A	N/A	N/A	N/A	N/A	GCA_002400445.1	95.0	d__Bacteria;p__Bacteroidota;c__Bacteroidia;o__Chitinophagales;f__Chitinophagaceae;g__Ferruginibacter;s__Ferruginibacter sp002400445	77.05	0.209	d__Bacteria;p__Bacteroidota;c__Bacteroidia;o__Chitinophagales;f__Chitinophagaceae;g__Ferruginibacter;s__	taxonomic classification defined by topology and ANI	classification based on placement in class-level tree	GCA_013141115.1, s__Ferruginibacter sp013141115, 95.0, 79.32, 0.195; GCA_017983695.1, s__Ferruginibacter sp017983695, 95.0, 77.61, 0.177; GCA_014379905.1, s__Ferruginibacter sp014379905, 95.0, 77.36, 0.171; GCA_016715365.1, s__Ferruginibacter sp016715365, 95.0, 77.23, 0.18; GCA_018057635.1, s__Ferruginibacter sp018057635, 95.0, 77.13, 0.157; GCA_018268185.1, s__Ferruginibacter sp018268185, 95.0, 77.1, 0.134; GCA_018266775.1, s__Ferruginibacter sp018266775, 95.0, 77.05, 0.138; GCA_016710935.1, s__Ferruginibacter sp016710935, 95.0, 76.98, 0.153; GCA_903831575.1, s__Ferruginibacter sp903831575, 95.0, 76.88, 0.087; GCF_024343615.1, s__Ferruginibacter sp024343615, 95.0, 76.84, 0.126; GCA_016786725.1, s__Ferruginibacter sp016786725, 95.0, 76.83, 0.166; GCA_015655125.1, s__Ferruginibacter sp015655125, 95.0, 76.8, 0.123; GCA_016710745.1, s__Ferruginibacter sp016710745, 95.0, 76.79, 0.103; GCA_018268085.1, s__Ferruginibacter sp018268085, 95.0, 76.73, 0.121; GCA_016703625.1, s__Ferruginibacter sp016703625, 95.0, 76.73, 0.147; GCA_024642285.1, s__Ferruginibacter sp024642285, 95.0, 76.69, 0.137; GCA_018268135.1, s__Ferruginibacter sp018268135, 95.0, 76.66, 0.171; GCA_903878475.1, s__Ferruginibacter sp903878475, 95.0, 76.63, 0.134; GCA_023417815.1, s__Ferruginibacter sp023417815, 95.0, 76.6, 0.065; GCA_002352045.1, s__Ferruginibacter sp002352045, 95.0, 76.59, 0.178; GCA_016720775.1, s__Ferruginibacter sp016720775, 95.0, 76.58, 0.143; GCA_019638575.1, s__Ferruginibacter sp019638575, 95.0, 76.55, 0.144; GCA_016710165.1, s__Ferruginibacter sp016710165, 95.0, 76.51, 0.121; GCA_018266615.1, s__Ferruginibacter sp018266615, 95.0, 76.5, 0.085; GCA_016713965.1, s__Ferruginibacter sp016713965, 95.0, 76.49, 0.091; GCA_903858475.1, s__Ferruginibacter sp903858475, 95.0, 76.49, 0.085; GCA_016710595.1, s__Ferruginibacter sp016710595, 95.0, 76.47, 0.122; GCA_023422565.1, s__Ferruginibacter sp023422565, 95.0, 76.47, 0.078; GCA_016722465.1, s__Ferruginibacter sp016722465, 95.0, 76.47, 0.117; GCA_019638525.1, s__Ferruginibacter sp018268155, 95.0, 76.45, 0.143; GCF_020783315.1, s__Ferruginibacter lapsinanis, 95.0, 76.44, 0.114; GCA_023433345.1, s__Ferruginibacter sp023433345, 95.0, 76.44, 0.07; GCA_003455235.1, s__Ferruginibacter sp003455235, 95.0, 76.4, 0.131; GCA_016721725.1, s__Ferruginibacter sp016721725, 95.0, 76.38, 0.075; GCA_019638635.1, s__Ferruginibacter sp019638635, 95.0, 76.38, 0.073; GCA_945872815.1, s__Ferruginibacter pinensis_C, 95.0, 76.36, 0.085; GCA_014377385.1, s__Ferruginibacter sp014377385, 95.0, 76.35, 0.134; GCA_001898465.1, s__Ferruginibacter sp001898465, 95.0, 76.34, 0.129; GCA_020059395.1, s__Ferruginibacter sp020059395, 95.0, 76.34, 0.137; GCA_016721385.1, s__Ferruginibacter sp016721385, 95.0, 76.33, 0.117; GCA_945870835.1, s__Ferruginibacter pinensis_A, 95.0, 76.33, 0.082; GCA_945865645.1, s__Ferruginibacter pinensis_B, 95.0, 76.31, 0.137; GCA_002343985.1, s__Ferruginibacter sp002343985, 95.0, 76.25, 0.09; GCA_019638485.1, s__Ferruginibacter sp019638485, 95.0, 76.24, 0.067; GCA_903837525.1, s__Ferruginibacter sp903837525, 95.0, 76.23, 0.102; GCF_020042285.1, s__Ferruginibacter sp020042285, 95.0, 76.23, 0.085; GCA_017303335.1, s__Ferruginibacter sp017303335, 95.0, 76.21, 0.08; GCA_018268175.1, s__Ferruginibacter sp018268175, 95.0, 76.15, 0.097; GCA_016699815.1, s__Ferruginibacter sp002381005, 95.0, 76.14, 0.133; GCA_013288745.1, s__Ferruginibacter sp013288745, 95.0, 76.12, 0.108; GCA_009885535.1, s__Ferruginibacter sp009885535, 95.0, 76.12, 0.086; GCA_003534175.1, s__Ferruginibacter sp003534175, 95.0, 76.11, 0.074; GCA_014379625.1, s__Ferruginibacter sp014379625, 95.0, 76.06, 0.086; GCA_903871575.1, s__Ferruginibacter sp903871575, 95.0, 76.05, 0.1; GCA_018882645.1, s__Ferruginibacter sp018882645, 95.0, 76.01, 0.079; GCA_013298665.1, s__Ferruginibacter sp013298665, 95.0, 75.99, 0.048; GCA_014377975.1, s__Ferruginibacter sp014377975, 95.0, 75.96, 0.105; GCA_017988335.1, s__Ferruginibacter sp017988335, 95.0, 75.94, 0.104; GCA_018266715.1, s__Ferruginibacter sp018266715, 95.0, 75.92, 0.112; GCA_013141435.1, s__Ferruginibacter sp013141435, 95.0, 75.91, 0.078; GCA_002336815.1, s__Ferruginibacter sp002336815, 95.0, 75.9, 0.087; GCA_023390215.1, s__Ferruginibacter sp023390215, 95.0, 75.82, 0.077	95.0	11	0.95257	N/A
V8_EKDN230028460-1A_HJH72DSX7_L2.64	d__Bacteria;p__Pseudomonadota;c__Gammaproteobacteria;o__Burkholderiales;f__Methylophilaceae;g__Novimethylophilus;s__	N/A	N/A	N/A	N/A	N/A	GCF_003112435.1	95.0	d__Bacteria;p__Pseudomonadota;c__Gammaproteobacteria;o__Burkholderiales;f__Methylophilaceae;g__Novimethylophilus;s__Novimethylophilus kurashikiensis	78.06	0.262	d__Bacteria;p__Pseudomonadota;c__Gammaproteobacteria;o__Burkholderiales;f__Methylophilaceae;g__Novimethylophilus;s__	taxonomic classification defined by topology and ANI	classification based on placement in class-level tree	N/A	77.46	11	0.87246	N/A
V8_EKDN230028460-1A_HJH72DSX7_L2.71	d__Bacteria;p__Pseudomonadota;c__Gammaproteobacteria;o__Burkholderiales;f__Burkholderiaceae_B;g__Rubrivivax;s__	N/A	N/A	N/A	N/A	N/A	N/A	N/A	N/A	N/A	N/A	d__Bacteria;p__Pseudomonadota;c__Gammaproteobacteria;o__Burkholderiales;f__Burkholderiaceae_B;g__Rubrivivax;s__	taxonomic classification defined by topology and ANI	classification based on placement in class-level tree	GCA_022842305.1, s__Rubrivivax sp022842305, 95.0, 81.86, 0.527; GCA_013822265.1, s__Rubrivivax sp013822265, 95.0, 81.16, 0.499; GCF_004016505.1, s__Rubrivivax rivuli, 95.0, 81.12, 0.539; GCA_001295905.1, s__Rubrivivax sp001295905, 95.0, 81.12, 0.533; GCA_016709385.1, s__Rubrivivax sp016709385, 95.0, 81.06, 0.537; GCA_001295865.1, s__Rubrivivax sp001295865, 95.0, 81.03, 0.534; GCA_016704535.1, s__Rubrivivax sp016704535, 95.0, 81.0, 0.495; GCA_014859905.1, s__Rubrivivax sp014859905, 95.0, 80.99, 0.334; GCF_904426505.1, s__Rubrivivax sp904426505, 95.0, 80.94, 0.552; GCA_020720385.1, s__Rubrivivax sp020720385, 95.0, 80.82, 0.518; GCA_011391855.1, s__Rubrivivax sp011391855, 95.0, 80.76, 0.496; GCA_903914615.1, s__Rubrivivax sp903914615, 95.0, 80.61, 0.468; GCA_016790395.1, s__Rubrivivax sp016790395, 95.0, 80.55, 0.459; GCA_903828235.1, s__Rubrivivax sp903828235, 95.0, 80.32, 0.468; GCA_022842595.1, s__Rubrivivax sp022842595, 95.0, 80.26, 0.51; GCA_020248945.1, s__Rubrivivax sp020248945, 95.0, 80.23, 0.485; GCA_019635315.1, s__Rubrivivax sp019635315, 95.0, 80.12, 0.509; GCA_016719535.1, s__Rubrivivax sp016719535, 95.0, 80.08, 0.514; GCA_903822435.1, s__Rubrivivax sp903822435, 95.0, 80.06, 0.451; GCA_022843905.1, s__Rubrivivax sp022843905, 95.0, 80.03, 0.509; GCA_020161065.1, s__Rubrivivax sp020161065, 95.0, 80.02, 0.533; GCA_023657425.1, s__Rubrivivax sp023657425, 95.0, 79.98, 0.424; GCA_016707445.1, s__Rubrivivax sp016707445, 95.0, 79.86, 0.437; GCA_001464055.1, s__Rubrivivax sp001464055, 95.0, 79.86, 0.459; GCF_004016515.1, s__Rubrivivax albus, 95.0, 79.83, 0.469; GCA_903938815.1, s__Rubrivivax sp903938815, 95.0, 79.68, 0.423; GCA_024235855.1, s__Rubrivivax sp024235855, 95.0, 79.6, 0.401; GCA_018780805.1, s__Rubrivivax sp018780805, 95.0, 79.56, 0.46; GCF_016583785.1, s__Rubrivivax gelatinosus_B, 95.0, 79.45, 0.418; GCA_024235915.1, s__Rubrivivax sp024235915, 95.0, 79.42, 0.396; GCA_024641925.1, s__Rubrivivax sp024641925, 95.0, 79.4, 0.39; GCA_022842825.1, s__Rubrivivax sp022842825, 95.0, 79.4, 0.438; GCF_000190375.1, s__Rubrivivax benzoatilyticus, 95.0, 79.33, 0.417; GCA_016790225.1, s__Rubrivivax sp016790225, 95.0, 79.33, 0.404; GCA_016789865.1, s__Rubrivivax sp016789865, 95.0, 79.3, 0.401; GCF_000284255.1, s__Rubrivivax gelatinosus_A, 95.0, 79.27, 0.451; GCA_020248915.1, s__Rubrivivax sp020248915, 95.0, 79.26, 0.392; GCA_021300575.1, s__Rubrivivax sp021300575, 95.0, 79.23, 0.351; GCA_018971105.1, s__Rubrivivax sp018971105, 95.0, 79.22, 0.369; GCA_001725505.1, s__Rubrivivax sp001725505, 95.0, 79.18, 0.391; GCF_004340905.1, s__Rubrivivax gelatinosus, 95.0, 79.17, 0.444; GCA_016716535.1, s__Rubrivivax sp016716535, 95.0, 79.14, 0.435; GCA_016223165.1, s__Rubrivivax sp016223165, 95.0, 79.06, 0.486; GCA_020852865.1, s__Rubrivivax sp020852865, 95.0, 79.01, 0.389; GCA_018241895.1, s__Rubrivivax sp018241895, 95.0, 79.0, 0.376; GCA_001724995.1, s__Rubrivivax sp001724995, 95.0, 78.99, 0.362; GCA_021297985.1, s__Rubrivivax sp021297985, 95.0, 78.92, 0.356; GCA_021298085.1, s__Rubrivivax sp021298085, 95.0, 78.88, 0.357; GCA_016788525.1, s__Rubrivivax sp016788525, 95.0, 78.87, 0.373; GCA_016790435.1, s__Rubrivivax sp016790435, 95.0, 78.86, 0.355; GCA_016790425.1, s__Rubrivivax sp016790425, 95.0, 78.82, 0.39; GCA_020851615.1, s__Rubrivivax sp020851615, 95.0, 78.75, 0.44; GCA_016789955.1, s__Rubrivivax sp016789955, 95.0, 78.74, 0.397; GCA_903885585.1, s__Rubrivivax sp903885585, 95.0, 78.74, 0.287; GCA_024235895.1, s__Rubrivivax sp011525985, 95.0, 78.66, 0.334; GCA_024641945.1, s__Rubrivivax sp024641945, 95.0, 78.48, 0.382; GCA_016191995.1, s__Rubrivivax sp016191995, 95.0, 78.38, 0.319; GCA_903834645.1, s__Rubrivivax sp903834645, 95.0, 77.97, 0.299; GCA_903876715.1, s__Rubrivivax sp903876715, 95.0, 77.89, 0.301; GCA_009923895.1, s__Rubrivivax sp009923895, 95.0, 76.95, 0.214	60.46	11	0.97209	Genome not assigned to closest species as it falls outside its pre-defined ANI radius
V8_EKDN230028460-1A_HJH72DSX7_L2.78	d__Bacteria;p__Actinomycetota;c__Actinomycetia;o__Propionibacteriales;f__Propionibacteriaceae;g__Fen-668;s__	N/A	N/A	N/A	N/A	N/A	N/A	N/A	N/A	N/A	N/A	d__Bacteria;p__Actinomycetota;c__Actinomycetia;o__Propionibacteriales;f__Propionibacteriaceae;g__Fen-668;s__	taxonomic novelty determined using RED	classification based on placement in class-level tree	N/A	86.81	11	0.9498	N/A
V8_EKDN230028460-1A_HJH72DSX7_L2.79	d__Bacteria;p__Bacteroidota;c__Bacteroidia;o__Flavobacteriales;f__Weeksellaceae;g__Cloacibacterium;s__	N/A	N/A	N/A	N/A	N/A	N/A	N/A	N/A	N/A	N/A	d__Bacteria;p__Bacteroidota;c__Bacteroidia;o__Flavobacteriales;f__Weeksellaceae;g__Cloacibacterium;s__	taxonomic classification defined by topology and ANI	classification based on placement in class-level tree	GCF_907163105.1, s__Cloacibacterium caeni_A, 95.0, 82.15, 0.631; GCF_003860565.1, s__Cloacibacterium normanense, 95.1075, 82.12, 0.63; GCF_907163125.1, s__Cloacibacterium caeni_B, 95.1075, 81.96, 0.62; GCF_002943105.1, s__Cloacibacterium sp002422665, 95.0662, 81.92, 0.621; GCF_014645495.1, s__Cloacibacterium rupense, 95.0, 81.88, 0.633; GCA_002337005.1, s__Cloacibacterium sp002337005, 95.0, 81.58, 0.6	92.19	11	0.98326	Genome not assigned to closest species as it falls outside its pre-defined ANI radius
V8_EKDN230028460-1A_HJH72DSX7_L2.80	d__Bacteria;p__Pseudomonadota;c__Gammaproteobacteria;o__Burkholderiales;f__Methylophilaceae;g__Methylotenera;s__	N/A	N/A	N/A	N/A	N/A	GCF_000093025.1	95.0	d__Bacteria;p__Pseudomonadota;c__Gammaproteobacteria;o__Burkholderiales;f__Methylophilaceae;g__Methylotenera;s__Methylotenera versatilis	80.89	0.512	d__Bacteria;p__Pseudomonadota;c__Gammaproteobacteria;o__Burkholderiales;f__Methylophilaceae;g__Methylotenera;s__	taxonomic classification defined by topology and ANI	classification based on placement in class-level tree	GCA_013141425.1, s__Methylotenera sp013141425, 95.0, 79.02, 0.377; GCA_013141075.1, s__Methylotenera sp013141075, 95.0, 78.78, 0.323; GCA_903854305.1, s__Methylotenera sp903854305, 95.0, 78.42, 0.309; GCA_009693255.1, s__Methylotenera sp009693255, 95.0, 78.19, 0.386; GCA_021738125.1, s__Methylotenera sp021738125, 95.0, 78.18, 0.289; GCA_014378495.1, s__Methylotenera sp014378495, 95.0, 78.16, 0.244; GCF_000384255.1, s__Methylotenera mobilis_B, 95.0, 78.05, 0.196; GCA_002842195.1, s__Methylotenera sp002842195, 95.0, 78.03, 0.325; GCA_903926935.1, s__Methylotenera sp903926935, 95.0, 78.02, 0.31; GCA_002429455.1, s__Methylotenera sp002429455, 95.0, 78.0, 0.245; GCA_903838125.1, s__Methylotenera sp903838125, 95.0, 77.99, 0.262; GCA_903833595.1, s__Methylotenera sp903833595, 95.0, 77.98, 0.294; GCA_903846555.1, s__Methylotenera sp903846555, 95.0, 77.92, 0.291; GCA_013141495.1, s__Methylotenera sp013141495, 95.0, 77.84, 0.251; GCA_001803395.1, s__Methylotenera sp001803395, 95.0, 77.81, 0.297; GCF_000023705.1, s__Methylotenera mobilis, 95.0, 77.79, 0.199; GCF_000744605.1, s__Methylotenera sp000744605, 95.0, 77.78, 0.21; GCA_903876765.1, s__Methylotenera sp903876765, 95.0, 77.76, 0.288; GCA_013140755.1, s__Methylotenera sp013140755, 95.0, 77.7, 0.228; GCA_002281815.1, s__Methylotenera sp002281815, 95.0, 77.67, 0.247; GCA_002842285.1, s__Methylotenera sp002842285, 95.0, 77.61, 0.137; GCA_903882525.1, s__Methylotenera sp903882525, 95.0, 77.61, 0.275; GCA_903860085.1, s__Methylotenera sp903860085, 95.0, 77.57, 0.298; GCA_013816325.1, s__Methylotenera sp013816325, 95.0, 77.56, 0.19; GCF_004661485.1, s__Methylotenera oryzisoli, 95.0, 77.54, 0.2; GCF_000799735.1, s__Methylotenera sp000799735, 95.0, 77.39, 0.118; GCA_023259635.1, s__Methylotenera sp023259635, 95.0, 77.36, 0.162; GCA_020622105.1, s__Methylotenera sp020622105, 95.0, 77.33, 0.173; GCA_005777825.1, s__Methylotenera sp005777825, 95.0, 77.25, 0.177; GCA_002928535.1, s__Methylotenera sp002928535, 95.0, 77.2, 0.141; GCA_020035195.1, s__Methylotenera sp020035195, 95.0, 77.17, 0.231; GCA_903951385.1, s__Methylotenera sp903951385, 95.0, 77.17, 0.283; GCA_005791685.1, s__Methylotenera sp005791685, 95.0, 77.05, 0.193; GCA_016867975.1, s__Methylotenera sp016867975, 95.0, 77.01, 0.179	77.66	11	0.98471	Genome not assigned to closest species as it falls outside its pre-defined ANI radius
V9_EKDN230028461-1A_HKTTNDSX7_L4.104	d__Bacteria;p__Pseudomonadota;c__Alphaproteobacteria;o__Rhizobiales;f__Aestuariivirgaceae;g__Aestuariivirga;s__	N/A	N/A	N/A	N/A	N/A	N/A	N/A	N/A	N/A	N/A	d__Bacteria;p__Pseudomonadota;c__Alphaproteobacteria;o__Rhizobiales;f__Aestuariivirgaceae;g__Aestuariivirga;s__	ANI	classification based on placement in class-level tree	GCA_016710435.1, s__Aestuariivirga sp016710435, 95.0, 77.91, 0.224; GCA_016792865.1, s__Aestuariivirga sp016792865, 95.0, 77.89, 0.225; GCA_022842165.1, s__Aestuariivirga sp022842165, 95.0, 77.76, 0.192; GCF_003234965.1, s__Aestuariivirga litoralis, 95.0, 77.65, 0.252; GCA_945889445.1, s__Aestuariivirga sp945889445, 95.0, 77.65, 0.221; GCF_015714715.1, s__Aestuariivirga litoralis_A, 95.0, 77.63, 0.163; GCA_020252385.1, s__Aestuariivirga sp020252385, 95.0, 77.59, 0.185; GCA_020252395.1, s__Aestuariivirga sp020252395, 95.0, 77.56, 0.218; GCA_903930095.1, s__Aestuariivirga sp903930095, 95.0, 77.41, 0.177; GCA_020252405.1, s__Aestuariivirga sp020252405, 95.0, 77.4, 0.232; GCA_902826365.1, s__Aestuariivirga sp902826365, 95.0, 77.33, 0.231; GCA_016792825.1, s__Aestuariivirga sp016792825, 95.0, 77.31, 0.226; GCA_020161855.1, s__Aestuariivirga sp020161855, 95.0, 77.26, 0.193; GCA_012032065.1, s__Aestuariivirga sp012032065, 95.0, 77.17, 0.151; GCA_016185245.1, s__Aestuariivirga sp016185245, 95.0, 77.14, 0.169; GCA_900298995.1, s__Aestuariivirga sp900298995, 95.0, 77.13, 0.193; GCA_023266715.1, s__Aestuariivirga sp023266715, 95.0, 77.08, 0.163; GCA_020029455.1, s__Aestuariivirga sp020029455, 95.0, 77.0, 0.155; GCA_009885825.1, s__Aestuariivirga sp009885825, 95.0, 76.95, 0.184; GCA_014380505.1, s__Aestuariivirga sp014380505, 95.0, 76.48, 0.15; GCA_020441605.1, s__Aestuariivirga sp020441605, 95.0, 76.13, 0.108; GCA_003151375.1, s__Aestuariivirga sp003151375, 95.0, 75.88, 0.042	78.65	11	0.92881	N/A
V9_EKDN230028461-1A_HKTTNDSX7_L4.105	d__Bacteria;p__Pseudomonadota;c__Alphaproteobacteria;o__Rhizobiales;f__Rhizobiaceae;g__;s__	N/A	N/A	N/A	N/A	N/A	N/A	N/A	N/A	N/A	N/A	d__Bacteria;p__Pseudomonadota;c__Alphaproteobacteria;o__Rhizobiales;f__Rhizobiaceae;g__;s__	taxonomic classification fully defined by topology	classification based on placement in class-level tree	N/A	89.73	11	0.86425	N/A
V9_EKDN230028461-1A_HKTTNDSX7_L4.107	d__Bacteria;p__Pseudomonadota;c__Gammaproteobacteria;o__Burkholderiales;f__Burkholderiaceae_C;g__CAIJKV01;s__	N/A	N/A	N/A	N/A	N/A	GCA_903821335.1	95.0	d__Bacteria;p__Pseudomonadota;c__Gammaproteobacteria;o__Burkholderiales;f__Burkholderiaceae_C;g__CAIJKV01;s__CAIJKV01 sp903821335	80.9	0.601	d__Bacteria;p__Pseudomonadota;c__Gammaproteobacteria;o__Burkholderiales;f__Burkholderiaceae_C;g__CAIJKV01;s__	taxonomic classification defined by topology and ANI	classification based on placement in class-level tree	N/A	88.4	11	0.98595	Genome not assigned to closest species as it falls outside its pre-defined ANI radius
V9_EKDN230028461-1A_HKTTNDSX7_L4.109	d__Bacteria;p__Pseudomonadota;c__Gammaproteobacteria;o__Xanthomonadales;f__Rhodanobacteraceae;g__Dokdonella_A;s__	N/A	N/A	N/A	N/A	N/A	N/A	N/A	N/A	N/A	N/A	d__Bacteria;p__Pseudomonadota;c__Gammaproteobacteria;o__Xanthomonadales;f__Rhodanobacteraceae;g__Dokdonella_A;s__	taxonomic classification defined by topology and ANI	classification based on placement in class-level tree	GCF_014138265.1, s__Dokdonella_A fugitiva_A, 95.0, 84.21, 0.788; GCF_004342425.1, s__Dokdonella_A fugitiva, 95.0, 83.78, 0.753; GCA_009996615.1, s__Dokdonella_A sp009996615, 95.0, 82.24, 0.625; GCA_017744955.1, s__Dokdonella_A sp017744955, 95.0, 81.67, 0.648; GCA_023388255.1, s__Dokdonella_A sp023388255, 95.0, 81.46, 0.524; GCA_004143945.1, s__Dokdonella_A sp004143945, 95.0, 81.44, 0.603; GCA_023430685.1, s__Dokdonella_A sp023430685, 95.0, 81.21, 0.568; GCA_002297645.1, s__Dokdonella_A sp002297645, 95.0, 81.12, 0.509; GCA_003142815.1, s__Dokdonella_A sp003142815, 95.0, 80.45, 0.485; GCA_014338185.1, s__Dokdonella_A sp014338185, 95.0, 80.22, 0.509; GCA_023412995.1, s__Dokdonella_A sp023412995, 95.0, 80.22, 0.529; GCA_019634845.1, s__Dokdonella_A sp019634845, 95.0, 79.97, 0.507; GCA_002632325.1, s__Dokdonella_A sp002632325, 95.0, 79.65, 0.457; GCA_017305135.1, s__Dokdonella_A sp017305135, 95.0, 79.55, 0.436; GCA_019634815.1, s__Dokdonella_A sp019634815, 95.0, 79.38, 0.453; GCA_023228465.1, s__Dokdonella_A sp023228465, 95.0, 78.84, 0.399	77.54	11	0.96161	Genome not assigned to closest species as it falls outside its pre-defined ANI radius
V9_EKDN230028461-1A_HKTTNDSX7_L4.112	d__Bacteria;p__Pseudomonadota;c__Gammaproteobacteria;o__Beggiatoales;f__Beggiatoaceae;g__DYNO01;s__	N/A	N/A	N/A	N/A	N/A	GCA_020721025.1	95.0	d__Bacteria;p__Pseudomonadota;c__Gammaproteobacteria;o__Beggiatoales;f__Beggiatoaceae;g__DYNO01;s__DYNO01 sp020721025	80.57	0.538	d__Bacteria;p__Pseudomonadota;c__Gammaproteobacteria;o__Beggiatoales;f__Beggiatoaceae;g__DYNO01;s__	taxonomic classification defined by topology and ANI	classification based on placement in class-level tree	N/A	80.81	11	0.95508	Genome not assigned to closest species as it falls outside its pre-defined ANI radius
V9_EKDN230028461-1A_HKTTNDSX7_L4.121	d__Bacteria;p__Pseudomonadota;c__Alphaproteobacteria;o__Rhizobiales;f__Beijerinckiaceae;g__Rhabdaerophilum;s__	N/A	N/A	N/A	N/A	N/A	GCA_020161475.1	95.0	d__Bacteria;p__Pseudomonadota;c__Alphaproteobacteria;o__Rhizobiales;f__Beijerinckiaceae;g__Rhabdaerophilum;s__Rhabdaerophilum sp020161475	81.74	0.564	d__Bacteria;p__Pseudomonadota;c__Alphaproteobacteria;o__Rhizobiales;f__Beijerinckiaceae;g__Rhabdaerophilum;s__	taxonomic classification defined by topology and ANI	classification based on placement in class-level tree	GCA_002256205.1, s__Rhabdaerophilum sp002256205, 95.0, 79.08, 0.432; GCA_009773635.1, s__Rhabdaerophilum sp009773635, 95.0, 78.94, 0.418; GCA_009846685.1, s__Rhabdaerophilum sp009846685, 95.0, 78.64, 0.393; GCA_020161575.1, s__Rhabdaerophilum sp020161575, 95.0, 78.55, 0.374; GCA_002928875.1, s__Rhabdaerophilum sp002928875, 95.0, 78.38, 0.323; GCA_020252645.1, s__Rhabdaerophilum sp020252645, 95.0, 78.35, 0.326; GCF_008641065.1, s__Rhabdaerophilum calidifontis, 95.0, 78.15, 0.389; GCA_020252865.1, s__Rhabdaerophilum sp020252865, 95.0, 78.14, 0.29; GCA_017302635.1, s__Rhabdaerophilum sp017302635, 95.0, 78.0, 0.285; GCA_020253445.1, s__Rhabdaerophilum sp020253445, 95.0, 77.96, 0.34	61.79	11	0.98335	Genome not assigned to closest species as it falls outside its pre-defined ANI radius
V9_EKDN230028461-1A_HKTTNDSX7_L4.123	d__Bacteria;p__Pseudomonadota;c__Gammaproteobacteria;o__Burkholderiales;f__Burkholderiaceae_B;g__Polaromonas;s__	N/A	N/A	N/A	N/A	N/A	GCA_012927415.1	95.0	d__Bacteria;p__Pseudomonadota;c__Gammaproteobacteria;o__Burkholderiales;f__Burkholderiaceae_B;g__Polaromonas;s__Polaromonas sp012927415	81.24	0.564	d__Bacteria;p__Pseudomonadota;c__Gammaproteobacteria;o__Burkholderiales;f__Burkholderiaceae_B;g__Polaromonas;s__	taxonomic classification defined by topology and ANI	classification based on placement in class-level tree	GCF_000015505.1, s__Polaromonas naphthalenivorans, 95.0, 82.29, 0.601; GCA_016000195.1, s__Polaromonas sp016000195, 95.0, 82.04, 0.499; GCF_000709345.1, s__Polaromonas glacialis, 95.0, 81.96, 0.645; GCA_010365105.1, s__Polaromonas sp010365105, 95.0, 81.7, 0.585; GCF_900112285.1, s__Polaromonas sp900112285, 95.0, 81.58, 0.568; GCF_001598235.1, s__Polaromonas jejuensis, 95.0, 81.56, 0.573; GCA_000751355.1, s__Polaromonas sp000751355, 95.0, 81.36, 0.556; GCF_015752205.1, s__Polaromonas sp015752205, 95.0, 81.03, 0.54; GCA_018780625.1, s__Polaromonas sp018780625, 95.0, 80.99, 0.468; GCF_000282655.1, s__Polaromonas sp000282655, 95.0, 80.96, 0.543; GCF_900103405.1, s__Polaromonas sp900103405, 95.0, 80.94, 0.564; GCF_900116715.1, s__Polaromonas sp900116715, 95.0, 80.69, 0.52; GCF_003711205.1, s__Polaromonas sp003711205, 95.0, 80.61, 0.545; GCA_014376885.1, s__Polaromonas sp014376885, 95.0, 80.59, 0.483; GCF_000013865.1, s__Polaromonas sp000013865, 95.0, 80.53, 0.531; GCA_012927455.1, s__Polaromonas sp012927455, 95.0, 80.47, 0.544; GCF_002379085.1, s__Polaromonas sp002379085, 95.0, 80.42, 0.492; GCF_002379095.1, s__Polaromonas sp002379095, 95.0, 80.35, 0.492; GCA_024703855.1, s__Polaromonas sp024703855, 95.0, 80.32, 0.552; GCA_002278925.1, s__Polaromonas sp002278925, 95.0, 80.29, 0.482; GCA_002381615.1, s__Polaromonas sp002381615, 95.0, 80.17, 0.483; GCA_021153985.1, s__Polaromonas sp021153985, 95.0, 80.02, 0.458; GCA_001770785.1, s__Polaromonas sp001770785, 95.0, 79.98, 0.39; GCA_002256925.1, s__Polaromonas sp002256925, 95.0, 79.85, 0.333; GCA_013824015.1, s__Polaromonas sp013824015, 95.0, 79.79, 0.428; GCF_014641715.1, s__Polaromonas eurypsychrophila, 95.0, 79.57, 0.427; GCA_023259235.1, s__Polaromonas sp023259235, 95.0, 79.55, 0.395; GCF_002001015.1, s__Polaromonas sp002001015, 95.0, 79.5, 0.417; GCA_002413395.1, s__Polaromonas sp002413395, 95.0, 79.44, 0.42; GCA_016185115.1, s__Polaromonas sp016185115, 95.0, 79.4, 0.388; GCA_903926695.1, s__Polaromonas sp903926695, 95.0, 79.33, 0.392; GCA_021731285.1, s__Polaromonas sp021731285, 95.0, 79.25, 0.385; GCA_013817205.1, s__Polaromonas sp013817205, 95.0, 79.22, 0.412; GCA_021737905.1, s__Polaromonas sp021737905, 95.0, 78.98, 0.348; GCA_903941205.1, s__Polaromonas sp903941205, 95.0, 78.55, 0.286; GCA_945871335.1, s__Polaromonas sp945871335, 95.0, 78.52, 0.264; GCA_012927485.1, s__Polaromonas sp012927485, 95.0, 78.41, 0.346; GCA_004293655.1, s__Polaromonas sp004293655, 95.0, 78.28, 0.312; GCA_945860515.1, s__Polaromonas sp945860515, 95.0, 78.05, 0.272; GCA_903844825.1, s__Polaromonas sp903844825, 95.0, 78.0, 0.278; GCA_945878995.1, s__Polaromonas sp945878995, 95.0, 77.97, 0.261; GCA_021299555.1, s__Polaromonas sp021299555, 95.0, 77.78, 0.172; GCA_013205645.1, s__Polaromonas sp013205645, 95.0, 77.43, 0.224; GCA_016868205.1, s__Polaromonas sp016868205, 95.0, 77.34, 0.166; GCF_012584515.1, s__Polaromonas vacuolata, 95.0, 77.03, 0.159	66.65	11	0.99194	Genome not assigned to closest species as it falls outside its pre-defined ANI radius
V9_EKDN230028461-1A_HKTTNDSX7_L4.131	d__Bacteria;p__Nitrospirota;c__Nitrospiria;o__Nitrospirales;f__Nitrospiraceae;g__Nitrospira_A;s__	N/A	N/A	N/A	N/A	N/A	N/A	N/A	N/A	N/A	N/A	d__Bacteria;p__Nitrospirota;c__Nitrospiria;o__Nitrospirales;f__Nitrospiraceae;g__Nitrospira_A;s__	taxonomic classification defined by topology and ANI	classification based on placement in class-level tree	GCA_009594995.1, s__Nitrospira_A sp009594995, 95.0, 84.79, 0.742; GCA_020853775.1, s__Nitrospira_A sp020853775, 95.0, 83.04, 0.656; GCA_024998595.1, s__Nitrospira_A sp024998595, 95.0, 82.82, 0.651; GCA_014055465.1, s__Nitrospira_A sp014055465, 95.0, 82.59, 0.617; GCA_009594865.1, s__Nitrospira_A sp009594865, 95.0, 82.13, 0.663; GCA_919902505.1, s__Nitrospira_A sp919902505, 95.0, 82.11, 0.624; GCF_900170025.1, s__Nitrospira_A sp900170025, 95.0, 82.07, 0.624; GCA_022226935.1, s__Nitrospira_A sp022226935, 95.0, 82.05, 0.641; GCA_000196815.1, s__Nitrospira_A defluvii_A, 95.0, 81.91, 0.593; GCA_024998565.1, s__Nitrospira_A sp016788925, 95.0, 81.77, 0.632; GCA_024998625.1, s__Nitrospira_A sp024998625, 95.0, 81.68, 0.593; GCA_900696505.1, s__Nitrospira_A sp900696505, 95.0, 81.58, 0.633; GCA_902500995.1, s__Nitrospira_A sp902500995, 95.0, 81.5, 0.618; GCA_902500715.1, s__Nitrospira_A sp902500715, 95.0, 81.28, 0.635; GCA_902500785.1, s__Nitrospira_A sp902500785, 95.0, 80.95, 0.623; GCA_017986555.1, s__Nitrospira_A sp017986555, 95.0, 80.67, 0.552; GCA_016788885.1, s__Nitrospira_A sp009594855, 95.0, 80.36, 0.565; GCA_023248215.1, s__Nitrospira_A sp023248215, 95.0, 80.3, 0.526; GCF_905220995.1, s__Nitrospira_A defluvii_C, 95.0, 80.29, 0.542; GCA_024998705.1, s__Nitrospira_A sp024998705, 95.0, 80.27, 0.594; GCA_011525625.1, s__Nitrospira_A sp003456605, 95.0, 80.16, 0.501; GCA_018242665.1, s__Nitrospira_A sp018242665, 95.0, 80.06, 0.532; GCA_014055495.1, s__Nitrospira_A sp014055495, 95.0, 79.93, 0.521; GCA_016199015.1, s__Nitrospira_A defluvii_B, 95.0, 79.68, 0.542; GCA_013696305.1, s__Nitrospira_A sp013696305, 95.0, 79.4, 0.499; GCA_021323395.1, s__Nitrospira_A sp021323395, 95.0, 79.07, 0.471; GCA_020697375.1, s__Nitrospira_A sp020697375, 95.0, 78.65, 0.38; GCA_015709715.1, s__Nitrospira_A sp001567445, 95.0, 78.17, 0.299	79.9	11	0.97082	Genome not assigned to closest species as it falls outside its pre-defined ANI radius
V9_EKDN230028461-1A_HKTTNDSX7_L4.145	d__Bacteria;p__Pseudomonadota;c__Alphaproteobacteria;o__Sphingomonadales;f__Sphingomonadaceae;g__Novosphingobium;s__	N/A	N/A	N/A	N/A	N/A	N/A	N/A	N/A	N/A	N/A	d__Bacteria;p__Pseudomonadota;c__Alphaproteobacteria;o__Sphingomonadales;f__Sphingomonadaceae;g__Novosphingobium;s__	ANI	classification based on placement in class-level tree	GCA_016719755.1, s__Novosphingobium sp016719755, 95.0, 78.8, 0.309; GCA_020848655.1, s__Novosphingobium sp020848655, 95.0, 78.69, 0.369; GCF_014652615.1, s__Novosphingobium arvoryzae, 95.0, 78.51, 0.354; GCF_001590965.1, s__Novosphingobium lentum, 95.0, 78.48, 0.32; GCA_017302615.1, s__Novosphingobium sp017302615, 95.0, 78.44, 0.342; GCF_001014975.1, s__Novosphingobium sp002336885, 95.0, 78.4, 0.301; GCF_014652555.1, s__Novosphingobium colocasiae, 95.0, 78.37, 0.312; GCA_024236215.1, s__Novosphingobium sp024236215, 95.0, 78.28, 0.305; GCF_002198665.1, s__Novosphingobium sp002198665, 95.0, 78.28, 0.289; GCA_009926135.1, s__Novosphingobium sp009926135, 95.0, 78.27, 0.254; GCF_002855555.1, s__Novosphingobium sp002855555, 95.0, 78.25, 0.357; GCA_020852455.1, s__Novosphingobium sp020852455, 95.0, 78.25, 0.311; GCA_015657645.1, s__Novosphingobium sp015657645, 95.0, 78.24, 0.309; GCF_020179425.1, s__Novosphingobium percolationis, 95.0, 78.22, 0.28; GCA_018334165.1, s__Novosphingobium sp018334165, 95.0, 78.22, 0.302; GCF_002813245.1, s__Novosphingobium kunmingense, 95.0, 78.2, 0.276; GCA_001725355.1, s__Novosphingobium sp001725355, 95.0, 78.19, 0.3; GCF_900113255.1, s__Novosphingobium sp900113255, 95.0, 78.18, 0.275; GCF_020404405.1, s__Novosphingobium sp020404405, 95.0, 78.16, 0.265; GCA_018241045.1, s__Novosphingobium sp018241045, 95.0, 78.14, 0.247; GCA_002440635.1, s__Novosphingobium sp002440635, 95.0, 78.12, 0.297; GCA_021299075.1, s__Novosphingobium sp021299075, 95.0, 78.11, 0.312; GCF_001590985.1, s__Novosphingobium naphthalenivorans, 95.0, 78.11, 0.307; GCA_945906005.1, s__Novosphingobium sp945906005, 95.0, 78.1, 0.284; GCA_021782155.1, s__Novosphingobium sp021782155, 95.0, 78.07, 0.247; GCF_007991615.1, s__Novosphingobium sediminis, 95.0, 78.06, 0.24; GCF_005145025.1, s__Novosphingobium sp005145025, 95.0, 78.06, 0.309; GCF_000272475.1, s__Novosphingobium sp000272475, 95.0, 78.05, 0.229; GCF_012927405.1, s__Novosphingobium olei, 95.0, 78.02, 0.262; GCF_006874585.1, s__Novosphingobium sp006874585, 95.0, 78.01, 0.312; GCF_020179475.1, s__Novosphingobium huizhouense, 95.0, 78.01, 0.266; GCF_022832375.1, s__Novosphingobium sp022832375, 95.0, 78.0, 0.318; GCF_001421325.1, s__Novosphingobium sp001421325, 95.0, 77.99, 0.277; GCA_013822005.1, s__Novosphingobium sp013822005, 95.0, 77.99, 0.334; GCA_013141325.1, s__Novosphingobium sp013141325, 95.0, 77.98, 0.355; GCF_022832385.1, s__Novosphingobium sp022832385, 95.0, 77.98, 0.292; GCF_014230305.1, s__Novosphingobium aerophilum, 95.0, 77.97, 0.277; GCA_024236175.1, s__Novosphingobium sp024236175, 95.0, 77.96, 0.314; GCF_007954425.1, s__Novosphingobium ginsenosidimutans, 95.0, 77.96, 0.274; GCA_025153475.1, s__Novosphingobium sp025153475, 95.0, 77.96, 0.295; GCA_004211435.1, s__Novosphingobium sp004211435, 95.0, 77.95, 0.298; GCF_014652855.1, s__Novosphingobium pokkalii, 95.0, 77.94, 0.309; GCA_018240895.1, s__Novosphingobium sp018240895, 95.0, 77.93, 0.314; GCA_015661825.1, s__Novosphingobium capsulatum_A, 95.0, 77.93, 0.241; GCA_017745295.1, s__Novosphingobium sp017745295, 95.0, 77.89, 0.268; GCF_014640675.1, s__Novosphingobium endophyticum, 95.0, 77.89, 0.301; GCF_900168325.1, s__Novosphingobium mathurense, 95.0, 77.88, 0.283; GCF_001298105.1, s__Novosphingobium sp001298105, 95.0, 77.88, 0.288; GCA_013791705.1, s__Novosphingobium sp013791705, 95.0, 77.88, 0.302; GCF_900117425.1, s__Novosphingobium sp900117425, 95.0, 77.88, 0.259; GCF_014230315.1, s__Novosphingobium flavum, 95.0, 77.86, 0.25; GCF_002556635.1, s__Novosphingobium sp002556635, 95.0, 77.85, 0.322; GCF_000767465.1, s__Novosphingobium pentaromativorans, 95.0, 77.84, 0.26; GCF_013408095.1, s__Novosphingobium marinum, 95.0, 77.81, 0.238; GCF_902506425.1, s__Novosphingobium sp902506425, 95.0, 77.81, 0.241; GCF_022832435.1, s__Novosphingobium sp022832435, 95.0, 77.81, 0.268; GCF_002896965.1, s__Novosphingobium guangzhouense, 95.0, 77.79, 0.293; GCF_004342985.1, s__Novosphingobium sp004342985, 95.0, 77.79, 0.292; GCF_000445125.1, s__Novosphingobium lindaniclasticum, 95.0, 77.78, 0.259; GCF_004341845.1, s__Novosphingobium sp004341845, 95.0, 77.78, 0.336; GCF_002149965.1, s__Novosphingobium panipatense, 95.0, 77.78, 0.309; GCF_014230355.1, s__Novosphingobium piscinae, 95.0, 77.76, 0.265; GCF_021227995.1, s__Novosphingobium sp021227995, 95.0, 77.76, 0.293; GCF_019075875.1, s__Novosphingobium sp019075875, 95.0, 77.76, 0.345; GCA_002454125.1, s__Novosphingobium sp002454125, 95.0, 77.75, 0.315; GCF_014645195.1, s__Novosphingobium indicum, 95.0, 77.72, 0.309; GCF_001046635.1, s__Novosphingobium barchaimii, 95.0, 77.71, 0.265; GCF_014204535.1, s__Novosphingobium chloroacetimidivorans, 95.0, 77.71, 0.269; GCF_000802225.1, s__Novosphingobium malaysiense, 95.0, 77.7, 0.293; GCF_000876675.2, s__Novosphingobium sp000876675, 95.0, 77.64, 0.301; GCF_014196615.1, s__Novosphingobium fluoreni, 95.0, 77.64, 0.245; GCF_009746585.1, s__Novosphingobium aquimarinum, 95.0, 77.63, 0.276; GCA_017987575.1, s__Novosphingobium sp017987575, 95.0, 77.62, 0.285; GCA_018971065.1, s__Novosphingobium sp018971065, 95.0, 77.62, 0.282; GCF_001519075.1, s__Novosphingobium fuchskuhlense, 95.0, 77.6, 0.234; GCF_000281975.1, s__Novosphingobium sp000281975, 95.0, 77.6, 0.282; GCF_009707465.1, s__Novosphingobium sp009707465, 95.0, 77.58, 0.203; GCF_001742225.1, s__Novosphingobium resinovorum, 95.0, 77.56, 0.295; GCA_945906105.1, s__Novosphingobium sp945906105, 95.0, 77.55, 0.311; GCF_902706195.1, s__Novosphingobium sp902706195, 95.0, 77.54, 0.288; GCF_009856825.1, s__Novosphingobium silvae, 95.0, 77.52, 0.23; GCA_019748365.1, s__Novosphingobium sp019748365, 95.0, 77.5, 0.226; GCF_015865035.1, s__Novosphingobium aureum, 95.0, 77.49, 0.233; GCF_020524485.1, s__Novosphingobium profundi_A, 95.0, 77.48, 0.221; GCA_023266625.1, s__Novosphingobium sp023266625, 95.0, 77.47, 0.271; GCF_002916655.1, s__Novosphingobium sp002916655, 95.0, 77.46, 0.195; GCF_018417475.1, s__Novosphingobium decolorationis, 95.0, 77.44, 0.229; GCA_020446505.1, s__Novosphingobium sp020446505, 95.0, 77.42, 0.215; GCA_024642085.1, s__Novosphingobium sp024642085, 95.0, 77.39, 0.25; GCA_019510335.1, s__Novosphingobium sp019510335, 95.0, 77.36, 0.283; GCF_018491765.1, s__Novosphingobium profundi, 95.0, 77.34, 0.241; GCF_008107685.1, s__Novosphingobium sp008107685, 95.0, 77.28, 0.199; GCA_019090585.1, s__Novosphingobium sp019090585, 95.0, 77.28, 0.241; GCA_903834285.1, s__Novosphingobium sp903834285, 95.0, 77.27, 0.195; GCA_903970225.1, s__Novosphingobium sp903970225, 95.0, 77.26, 0.208; GCA_903828025.1, s__Novosphingobium sp903828025, 95.0, 77.18, 0.233; GCA_020446575.1, s__Novosphingobium sp020446575, 95.0, 77.15, 0.229; GCA_017302775.1, s__Novosphingobium sp017302775, 95.0, 77.14, 0.173; GCA_020446595.1, s__Novosphingobium sp020446595, 95.0, 77.02, 0.231; GCA_903911985.1, s__Novosphingobium sp903911985, 95.0, 76.9, 0.224	94.72	11	0.93229	N/A
V9_EKDN230028461-1A_HKTTNDSX7_L4.18	d__Bacteria;p__Actinomycetota;c__Actinomycetia;o__Propionibacteriales;f__Propionibacteriaceae;g__Fen-668;s__	N/A	N/A	N/A	N/A	N/A	N/A	N/A	N/A	N/A	N/A	d__Bacteria;p__Actinomycetota;c__Actinomycetia;o__Propionibacteriales;f__Propionibacteriaceae;g__Fen-668;s__	taxonomic classification defined by topology and ANI	classification based on placement in class-level tree	GCA_003153855.1, s__Fen-668 sp003153855, 95.0, 82.24, 0.577; GCA_003158895.1, s__Fen-668 sp003158895, 95.0, 81.94, 0.516; GCA_017882655.1, s__Fen-668 sp017882655, 95.0, 81.9, 0.627; GCA_021803025.1, s__Fen-668 sp021803025, 95.0, 81.32, 0.496; GCA_016213595.1, s__Fen-668 sp016213595, 95.0, 81.15, 0.519	80.48	11	0.97175	Genome not assigned to closest species as it falls outside its pre-defined ANI radius
V9_EKDN230028461-1A_HKTTNDSX7_L4.23	d__Bacteria;p__Bacteroidota;c__Bacteroidia;o__Bacteroidales;f__UBA4417;g__UBA4417;s__	N/A	N/A	N/A	N/A	N/A	GCA_002389705.1	95.0	d__Bacteria;p__Bacteroidota;c__Bacteroidia;o__Bacteroidales;f__UBA4417;g__UBA4417;s__UBA4417 sp002389705	77.4	0.168	d__Bacteria;p__Bacteroidota;c__Bacteroidia;o__Bacteroidales;f__UBA4417;g__UBA4417;s__	taxonomic classification defined by topology and ANI	classification based on placement in class-level tree	GCA_903879715.1, s__UBA4417 sp903879715, 95.0, 77.95, 0.281; GCA_903913645.1, s__UBA4417 sp903913645, 95.0, 77.75, 0.233; GCA_903822525.1, s__UBA4417 sp903822525, 95.0, 77.71, 0.234; GCA_020048595.1, s__UBA4417 sp020048595, 95.0, 77.64, 0.185; GCA_903917425.1, s__UBA4417 sp903917425, 95.0, 77.22, 0.17; GCA_016707705.1, s__UBA4417 sp016707705, 95.0, 77.12, 0.042; GCA_903946925.1, s__UBA4417 sp903946925, 95.0, 77.09, 0.201; GCA_903887815.1, s__UBA4417 sp903887815, 95.0, 77.06, 0.162; GCA_016707785.1, s__UBA4417 sp016707785, 95.0, 76.9, 0.052; GCA_903878265.1, s__UBA4417 sp903878265, 95.0, 76.86, 0.175; GCA_903864265.1, s__UBA4417 sp903864265, 95.0, 76.75, 0.127; GCA_015657475.1, s__UBA4417 sp015657475, 95.0, 76.14, 0.044; GCA_013376995.1, s__UBA4417 sp013376995, 95.0, 75.82, 0.029; GCA_022711175.1, s__UBA4417 sp022711175, 95.0, 75.77, 0.055	66.69	11	0.96831	N/A
V9_EKDN230028461-1A_HKTTNDSX7_L4.28	d__Bacteria;p__Bacteroidota;c__Bacteroidia;o__Flavobacteriales;f__Flavobacteriaceae;g__Flavobacterium;s__	N/A	N/A	N/A	N/A	N/A	N/A	N/A	N/A	N/A	N/A	d__Bacteria;p__Bacteroidota;c__Bacteroidia;o__Flavobacteriales;f__Flavobacteriaceae;g__Flavobacterium;s__	taxonomic classification defined by topology and ANI	classification based on placement in class-level tree	GCF_900111965.1, s__Flavobacterium swingsii, 95.0, 82.87, 0.654; GCF_002217405.1, s__Flavobacterium psychrophilum, 95.0, 81.88, 0.58; GCF_004349355.1, s__Flavobacterium cellulosilyticum, 95.0, 78.63, 0.275; GCF_004122165.1, s__Flavobacterium amnicola, 95.0, 78.38, 0.329; GCA_003525665.1, s__Flavobacterium sp003525665, 95.0, 78.37, 0.305; GCA_903879875.1, s__Flavobacterium sp903879875, 95.0, 78.34, 0.248; GCA_013298525.1, s__Flavobacterium sp013298525, 95.0, 78.33, 0.275; GCF_003634825.1, s__Flavobacterium sp003634825, 95.0, 78.29, 0.249; GCF_004745595.1, s__Flavobacterium humi, 95.0, 78.26, 0.239; GCA_001464475.1, s__Flavobacterium sp001464475, 95.0, 78.16, 0.319; GCA_945872875.1, s__Flavobacterium psychrophilum_N, 95.0, 78.12, 0.249; GCF_000757385.1, s__Flavobacterium aquatile, 95.0, 78.08, 0.337; GCF_014486675.1, s__Flavobacterium macrobrachii, 95.0, 78.0, 0.304; GCF_003097635.1, s__Flavobacterium psychrotolerans, 95.0, 77.97, 0.245; GCA_903879645.1, s__Flavobacterium sp903879645, 95.0, 77.93, 0.227; GCA_020161455.1, s__Flavobacterium sp020161455, 95.0, 77.93, 0.254; GCA_903838055.1, s__Flavobacterium sp903838055, 95.0, 77.91, 0.248; GCF_004362665.1, s__Flavobacterium dankookense, 95.0, 77.9, 0.301; GCF_008806775.1, s__Flavobacterium luteum, 95.0, 77.89, 0.26; GCF_012911605.1, s__Flavobacterium solisilvae, 95.0, 77.89, 0.316; GCF_000422705.1, s__Flavobacterium soli, 95.0, 77.88, 0.246; GCA_903913315.1, s__Flavobacterium sp903913315, 95.0, 77.87, 0.255; GCF_021608185.1, s__Flavobacterium sp021608185, 95.0, 77.85, 0.231; GCF_000425465.1, s__Flavobacterium filum, 95.0, 77.82, 0.199; GCA_022730285.1, s__Flavobacterium psychrophilum_C, 95.0, 77.82, 0.279; GCF_900142035.1, s__Flavobacterium terrae, 95.0, 77.82, 0.295; GCA_903839195.1, s__Flavobacterium sp903839195, 95.0, 77.77, 0.263; GCA_020048955.1, s__Flavobacterium sp020048955, 95.0, 77.76, 0.24; GCA_018062725.1, s__Flavobacterium sp018062725, 95.0, 77.75, 0.278; GCF_014486695.1, s__Flavobacterium buctense, 95.0, 77.75, 0.21; GCF_013389455.1, s__Flavobacterium inviolabile, 95.0, 77.74, 0.147; GCF_023635005.1, s__Flavobacterium sp023635005, 95.0, 77.73, 0.225; GCA_023213215.1, s__Flavobacterium sp023213215, 95.0, 77.72, 0.196; GCA_016718345.1, s__Flavobacterium sp016718345, 95.0, 77.7, 0.23; GCA_903819815.1, s__Flavobacterium sp903819815, 95.0, 77.68, 0.2; GCF_011742145.1, s__Flavobacterium sp011742145, 95.0, 77.67, 0.208; GCF_004797125.1, s__Flavobacterium sangjuense, 95.0, 77.66, 0.246; GCF_014642275.1, s__Flavobacterium lutivivi, 95.0, 77.65, 0.221; GCF_021608265.1, s__Flavobacterium sp021608265, 95.0, 77.62, 0.174; GCA_016714905.1, s__Flavobacterium sp016714905, 95.0, 77.62, 0.205; GCA_002428305.1, s__Flavobacterium sp002428305, 95.0, 77.62, 0.196; GCF_004801375.1, s__Flavobacterium supellecticarium, 95.0, 77.61, 0.121; GCF_023634845.1, s__Flavobacterium amniphilum, 95.0, 77.61, 0.19; GCF_000498495.1, s__Flavobacterium enshiense, 95.0, 77.61, 0.14; GCA_017303755.1, s__Flavobacterium sp017303755, 95.0, 77.6, 0.275; GCF_022836875.1, s__Flavobacterium enshiense_A, 95.0, 77.59, 0.157; GCF_003634455.1, s__Flavobacterium endophyticum, 95.0, 77.59, 0.165; GCF_010119235.1, s__Flavobacterium phycosphaerae, 95.0, 77.58, 0.227; GCA_024709705.1, s__Flavobacterium sp024709705, 95.0, 77.57, 0.141; GCF_007109225.1, s__Flavobacterium sp007109225, 95.0, 77.55, 0.183; GCA_903842575.1, s__Flavobacterium sp903842575, 95.0, 77.55, 0.236; GCF_013072765.1, s__Flavobacterium sp013072765, 95.0, 77.49, 0.231; GCA_002256285.1, s__Flavobacterium sp002256285, 95.0, 77.49, 0.094; GCF_000498475.1, s__Flavobacterium cauense, 95.0, 77.48, 0.18; GCF_002917885.1, s__Flavobacterium croceum, 95.0, 77.47, 0.211; GCA_019752245.1, s__Flavobacterium sp019752245, 95.0, 77.47, 0.23; GCA_020403245.1, s__Flavobacterium sp020403245, 95.0, 77.47, 0.267; GCA_023446155.1, s__Flavobacterium sp023446155, 95.0, 77.46, 0.125; GCF_003268855.1, s__Flavobacterium aciduliphilum, 95.0, 77.46, 0.207; GCA_943913405.1, s__Flavobacterium sp943913405, 95.0, 77.46, 0.204; GCF_000498535.1, s__Flavobacterium limnosediminis, 95.0, 77.45, 0.16; GCA_022709825.1, s__Flavobacterium sp022709825, 95.0, 77.44, 0.163; GCA_002786385.1, s__Flavobacterium sp002786385, 95.0, 77.44, 0.175; GCA_024644655.1, s__Flavobacterium sp024644655, 95.0, 77.44, 0.177; GCA_002352205.1, s__Flavobacterium sp002352205, 95.0, 77.43, 0.199; GCF_024496085.1, s__Flavobacterium cerinum_A, 95.0, 77.41, 0.142; GCA_017302935.1, s__Flavobacterium sp017302935, 95.0, 77.41, 0.186; GCF_900100625.1, s__Flavobacterium saliperosum, 95.0, 77.41, 0.157; GCA_016721735.1, s__Flavobacterium sp016721735, 95.0, 77.39, 0.219; GCF_002217205.1, s__Flavobacterium branchiophilum, 95.0, 77.38, 0.21; GCA_023427845.1, s__Flavobacterium sp023427845, 95.0, 77.37, 0.074; GCF_004122145.1, s__Flavobacterium piscinae, 95.0, 77.36, 0.19; GCA_009693635.1, s__Flavobacterium sp009693635, 95.0, 77.36, 0.249; GCA_016787805.1, s__Flavobacterium sp016787805, 95.0, 77.36, 0.254; GCF_003268815.1, s__Flavobacterium lacus, 95.0, 77.32, 0.211; GCA_002483285.1, s__Flavobacterium sp002483285, 95.0, 77.31, 0.092; GCF_019565505.1, s__Flavobacterium davisii, 95.0, 77.3, 0.184; GCF_900100375.1, s__Flavobacterium noncentrifugens, 95.0, 77.28, 0.147; GCA_017987725.1, s__Flavobacterium sp017987725, 95.0, 77.25, 0.103; GCF_023195775.1, s__Flavobacterium sp023195775, 95.0, 77.22, 0.246; GCF_014638005.1, s__Flavobacterium orientale, 95.0, 77.22, 0.221; GCF_000430025.1, s__Flavobacterium suncheonense, 95.0, 77.22, 0.122; GCF_004959765.1, s__Flavobacterium sp004959765, 95.0, 77.19, 0.233; GCA_018883065.1, s__Flavobacterium sp018883065, 95.0, 77.18, 0.147; GCF_004329815.1, s__Flavobacterium silvisoli, 95.0, 77.18, 0.196; GCA_020720185.1, s__Flavobacterium psychrophilum_O, 95.0, 77.17, 0.192; GCA_013822155.1, s__Flavobacterium sp013822155, 95.0, 77.16, 0.215; GCF_022012335.1, s__Flavobacterium sp022012335, 95.0, 77.15, 0.148; GCA_023434025.1, s__Flavobacterium sp023434025, 95.0, 77.14, 0.127; GCF_004122105.1, s__Flavobacterium stagni, 95.0, 77.1, 0.139; GCA_903902795.1, s__Flavobacterium sp903902795, 95.0, 77.08, 0.174; GCA_019565575.1, s__Flavobacterium covae, 95.0, 77.04, 0.201; GCA_024710485.1, s__Flavobacterium sp024710485, 95.0, 77.03, 0.186; GCF_011392125.1, s__Flavobacterium lotistagni, 95.0, 77.01, 0.118; GCF_018413465.1, s__Flavobacterium sp018413465, 95.0, 76.99, 0.147; GCF_002530675.1, s__Flavobacterium columnare, 95.0, 76.96, 0.204; GCF_019565455.1, s__Flavobacterium oreochromis, 95.0, 76.9, 0.202; GCA_018267095.1, s__Flavobacterium sp018267095, 95.0, 76.8, 0.148; GCA_002296885.1, s__Flavobacterium sp002296885, 95.0, 76.79, 0.133; GCA_014378065.1, s__Flavobacterium sp014378065, 95.0, 76.67, 0.172	73.21	11	0.98095	Genome not assigned to closest species as it falls outside its pre-defined ANI radius
V9_EKDN230028461-1A_HKTTNDSX7_L4.35	d__Bacteria;p__Bacteroidota;c__Bacteroidia;o__Chitinophagales;f__Chitinophagaceae;g__Ferruginibacter;s__	N/A	N/A	N/A	N/A	N/A	GCA_002400445.1	95.0	d__Bacteria;p__Bacteroidota;c__Bacteroidia;o__Chitinophagales;f__Chitinophagaceae;g__Ferruginibacter;s__Ferruginibacter sp002400445	77.09	0.202	d__Bacteria;p__Bacteroidota;c__Bacteroidia;o__Chitinophagales;f__Chitinophagaceae;g__Ferruginibacter;s__	taxonomic classification defined by topology and ANI	classification based on placement in class-level tree	GCA_013141115.1, s__Ferruginibacter sp013141115, 95.0, 78.67, 0.186; GCA_014379905.1, s__Ferruginibacter sp014379905, 95.0, 77.34, 0.171; GCA_016715365.1, s__Ferruginibacter sp016715365, 95.0, 77.16, 0.18; GCA_018057635.1, s__Ferruginibacter sp018057635, 95.0, 77.05, 0.154; GCA_018268185.1, s__Ferruginibacter sp018268185, 95.0, 77.04, 0.128; GCA_016710935.1, s__Ferruginibacter sp016710935, 95.0, 76.99, 0.152; GCA_018266775.1, s__Ferruginibacter sp018266775, 95.0, 76.99, 0.136; GCF_024343615.1, s__Ferruginibacter sp024343615, 95.0, 76.94, 0.126; GCA_017983695.1, s__Ferruginibacter sp017983695, 95.0, 76.93, 0.169; GCA_015655125.1, s__Ferruginibacter sp015655125, 95.0, 76.86, 0.121; GCA_016786725.1, s__Ferruginibacter sp016786725, 95.0, 76.84, 0.165; GCA_016710745.1, s__Ferruginibacter sp016710745, 95.0, 76.82, 0.103; GCA_018268085.1, s__Ferruginibacter sp018268085, 95.0, 76.74, 0.121; GCA_016720775.1, s__Ferruginibacter sp016720775, 95.0, 76.73, 0.144; GCA_016703625.1, s__Ferruginibacter sp016703625, 95.0, 76.73, 0.146; GCA_903831575.1, s__Ferruginibacter sp903831575, 95.0, 76.72, 0.085; GCA_002352045.1, s__Ferruginibacter sp002352045, 95.0, 76.68, 0.181; GCA_018266615.1, s__Ferruginibacter sp018266615, 95.0, 76.65, 0.081; GCA_016722465.1, s__Ferruginibacter sp016722465, 95.0, 76.65, 0.113; GCA_023417815.1, s__Ferruginibacter sp023417815, 95.0, 76.64, 0.067; GCA_945865645.1, s__Ferruginibacter pinensis_B, 95.0, 76.64, 0.135; GCA_903878475.1, s__Ferruginibacter sp903878475, 95.0, 76.62, 0.133; GCA_016713965.1, s__Ferruginibacter sp016713965, 95.0, 76.61, 0.09; GCA_018268135.1, s__Ferruginibacter sp018268135, 95.0, 76.6, 0.17; GCA_024642285.1, s__Ferruginibacter sp024642285, 95.0, 76.59, 0.134; GCA_016710595.1, s__Ferruginibacter sp016710595, 95.0, 76.53, 0.12; GCA_016710165.1, s__Ferruginibacter sp016710165, 95.0, 76.53, 0.119; GCA_945870835.1, s__Ferruginibacter pinensis_A, 95.0, 76.51, 0.082; GCA_001898465.1, s__Ferruginibacter sp001898465, 95.0, 76.51, 0.131; GCA_019638525.1, s__Ferruginibacter sp018268155, 95.0, 76.51, 0.14; GCA_019638575.1, s__Ferruginibacter sp019638575, 95.0, 76.5, 0.136; GCA_016721385.1, s__Ferruginibacter sp016721385, 95.0, 76.5, 0.118; GCA_016721725.1, s__Ferruginibacter sp016721725, 95.0, 76.49, 0.074; GCF_020783315.1, s__Ferruginibacter lapsinanis, 95.0, 76.47, 0.112; GCA_023422565.1, s__Ferruginibacter sp023422565, 95.0, 76.46, 0.074; GCA_002343985.1, s__Ferruginibacter sp002343985, 95.0, 76.45, 0.089; GCA_019638485.1, s__Ferruginibacter sp019638485, 95.0, 76.43, 0.062; GCA_013288745.1, s__Ferruginibacter sp013288745, 95.0, 76.43, 0.103; GCA_019638635.1, s__Ferruginibacter sp019638635, 95.0, 76.42, 0.073; GCA_023433345.1, s__Ferruginibacter sp023433345, 95.0, 76.4, 0.071; GCA_003455235.1, s__Ferruginibacter sp003455235, 95.0, 76.4, 0.131; GCA_020059395.1, s__Ferruginibacter sp020059395, 95.0, 76.37, 0.136; GCA_017303335.1, s__Ferruginibacter sp017303335, 95.0, 76.35, 0.077; GCA_014377385.1, s__Ferruginibacter sp014377385, 95.0, 76.34, 0.135; GCA_945872815.1, s__Ferruginibacter pinensis_C, 95.0, 76.31, 0.084; GCF_020042285.1, s__Ferruginibacter sp020042285, 95.0, 76.3, 0.083; GCA_016699815.1, s__Ferruginibacter sp002381005, 95.0, 76.29, 0.135; GCA_903858475.1, s__Ferruginibacter sp903858475, 95.0, 76.28, 0.088; GCA_018268175.1, s__Ferruginibacter sp018268175, 95.0, 76.25, 0.097; GCA_903837525.1, s__Ferruginibacter sp903837525, 95.0, 76.18, 0.099; GCA_014379625.1, s__Ferruginibacter sp014379625, 95.0, 76.06, 0.083; GCA_018882645.1, s__Ferruginibacter sp018882645, 95.0, 76.05, 0.077; GCA_002336815.1, s__Ferruginibacter sp002336815, 95.0, 76.02, 0.084; GCA_003534175.1, s__Ferruginibacter sp003534175, 95.0, 76.02, 0.074; GCA_009885535.1, s__Ferruginibacter sp009885535, 95.0, 76.01, 0.084; GCA_018266715.1, s__Ferruginibacter sp018266715, 95.0, 75.98, 0.112; GCA_013298665.1, s__Ferruginibacter sp013298665, 95.0, 75.98, 0.047; GCA_014377975.1, s__Ferruginibacter sp014377975, 95.0, 75.94, 0.101; GCA_013141435.1, s__Ferruginibacter sp013141435, 95.0, 75.92, 0.079; GCA_017988335.1, s__Ferruginibacter sp017988335, 95.0, 75.86, 0.101; GCA_903871575.1, s__Ferruginibacter sp903871575, 95.0, 75.86, 0.098; GCA_023390215.1, s__Ferruginibacter sp023390215, 95.0, 75.67, 0.079	97.46	11	0.95253	N/A
V9_EKDN230028461-1A_HKTTNDSX7_L4.39	d__Bacteria;p__Myxococcota;c__Myxococcia;o__Myxococcales;f__Myxococcaceae;g__FEN-1143;s__	N/A	N/A	N/A	N/A	N/A	GCA_903911905.1	95.0	d__Bacteria;p__Myxococcota;c__Myxococcia;o__Myxococcales;f__Myxococcaceae;g__FEN-1143;s__FEN-1143 sp903911905	79.81	0.536	d__Bacteria;p__Myxococcota;c__Myxococcia;o__Myxococcales;f__Myxococcaceae;g__FEN-1143;s__	taxonomic classification defined by topology and ANI	classification based on placement in class-level tree	GCA_003153055.1, s__FEN-1143 sp003153055, 95.0, 78.06, 0.328	89.69	11	0.94336	Genome not assigned to closest species as it falls outside its pre-defined ANI radius
V9_EKDN230028461-1A_HKTTNDSX7_L4.41	d__Bacteria;p__Bacillota_B;c__Desulfitobacteriia;o__Desulfitobacteriales;f__Desulfitobacteriaceae;g__Desulfosporosinus;s__	N/A	N/A	N/A	N/A	N/A	GCA_002404215.1	95.0	d__Bacteria;p__Bacillota_B;c__Desulfitobacteriia;o__Desulfitobacteriales;f__Desulfitobacteriaceae;g__Desulfosporosinus;s__Desulfosporosinus sp002404215	86.07	0.565	d__Bacteria;p__Bacillota_B;c__Desulfitobacteriia;o__Desulfitobacteriales;f__Desulfitobacteriaceae;g__Desulfosporosinus;s__	taxonomic classification defined by topology and ANI	classification based on placement in class-level tree	GCF_004766045.1, s__Desulfosporosinus fructosivorans, 95.0, 80.23, 0.433; GCA_003132105.1, s__Desulfosporosinus sp003132105, 95.0, 79.96, 0.382; GCA_900290375.1, s__Desulfosporosinus infrequens, 95.0, 79.95, 0.376; GCF_000224515.1, s__Desulfosporosinus sp000224515, 95.0, 79.94, 0.417; GCF_001707885.1, s__Desulfosporosinus sp001707885, 95.0, 79.78, 0.386; GCA_001516045.1, s__Desulfosporosinus sp001516045, 95.0, 79.66, 0.419; GCF_001936615.1, s__Desulfosporosinus metallidurans, 95.0, 79.2, 0.354; GCA_000770645.1, s__Desulfosporosinus sp000770645, 95.0, 79.01, 0.288; GCA_927405585.1, s__Desulfosporosinus sp927405585, 95.0, 78.98, 0.278; GCF_000960765.1, s__Desulfosporosinus sp000960765, 95.0, 78.9, 0.307; GCF_004766055.1, s__Desulfosporosinus sp004766055, 95.0, 78.9, 0.327; GCF_023897015.1, s__Desulfosporosinus nitroreducens, 95.0, 78.88, 0.29; GCA_021779415.1, s__Desulfosporosinus sp021779415, 95.0, 78.87, 0.252; GCF_020595055.1, s__Desulfosporosinus sp020595055, 95.0, 78.58, 0.266; GCA_000961805.1, s__Desulfosporosinus sp000961805, 95.0, 78.54, 0.303; GCF_900129935.1, s__Desulfosporosinus lacus, 95.0, 78.51, 0.294; GCA_002413075.1, s__Desulfosporosinus sp002413075, 95.0, 78.48, 0.293; GCA_003513495.1, s__Desulfosporosinus sp003513495, 95.0, 78.04, 0.205; GCF_000244895.1, s__Desulfosporosinus youngiae, 95.0, 78.01, 0.229; GCF_900100785.1, s__Desulfosporosinus hippei, 95.0, 77.94, 0.176; GCA_016278585.1, s__Desulfosporosinus sp016278585, 95.0, 77.91, 0.2; GCF_000765145.1, s__Desulfosporosinus sp000765145, 95.0, 77.88, 0.16; GCF_000231385.2, s__Desulfosporosinus meridiei, 95.0, 77.79, 0.176; GCF_000235605.1, s__Desulfosporosinus orientis, 95.0, 77.6, 0.172; GCF_002196705.1, s__Desulfosporosinus sp002196705, 95.0, 77.14, 0.117; GCF_000255115.2, s__Desulfosporosinus acidiphilus, 95.0, 77.03, 0.104; GCF_001029285.1, s__Desulfosporosinus acididurans, 95.0, 76.83, 0.099	68.98	11	0.97357	Genome not assigned to closest species as it falls outside its pre-defined ANI radius
V9_EKDN230028461-1A_HKTTNDSX7_L4.45	d__Bacteria;p__Pseudomonadota;c__Gammaproteobacteria;o__Beggiatoales;f__Beggiatoaceae;g__DYNO01;s__	N/A	N/A	N/A	N/A	N/A	GCA_020721025.1	95.0	d__Bacteria;p__Pseudomonadota;c__Gammaproteobacteria;o__Beggiatoales;f__Beggiatoaceae;g__DYNO01;s__DYNO01 sp020721025	80.03	0.495	d__Bacteria;p__Pseudomonadota;c__Gammaproteobacteria;o__Beggiatoales;f__Beggiatoaceae;g__DYNO01;s__	taxonomic classification defined by topology and ANI	classification based on placement in class-level tree	N/A	83.1	11	0.95188	N/A
V9_EKDN230028461-1A_HKTTNDSX7_L4.47	d__Bacteria;p__Bacteroidota;c__Bacteroidia;o__Chitinophagales;f__Chitinophagaceae;g__Ferruginibacter;s__	N/A	N/A	N/A	N/A	N/A	N/A	N/A	N/A	N/A	N/A	d__Bacteria;p__Bacteroidota;c__Bacteroidia;o__Chitinophagales;f__Chitinophagaceae;g__Ferruginibacter;s__	ANI	classification based on placement in class-level tree	GCA_016722465.1, s__Ferruginibacter sp016722465, 95.0, 77.81, 0.298; GCA_002336815.1, s__Ferruginibacter sp002336815, 95.0, 77.26, 0.238; GCA_016710935.1, s__Ferruginibacter sp016710935, 95.0, 76.99, 0.156; GCA_017983695.1, s__Ferruginibacter sp017983695, 95.0, 76.98, 0.168; GCA_013141115.1, s__Ferruginibacter sp013141115, 95.0, 76.92, 0.152; GCA_016715365.1, s__Ferruginibacter sp016715365, 95.0, 76.89, 0.168; GCA_023422565.1, s__Ferruginibacter sp023422565, 95.0, 76.79, 0.068; GCF_020783315.1, s__Ferruginibacter lapsinanis, 95.0, 76.75, 0.179; GCA_020059395.1, s__Ferruginibacter sp020059395, 95.0, 76.75, 0.136; GCA_014377975.1, s__Ferruginibacter sp014377975, 95.0, 76.74, 0.14; GCA_016703625.1, s__Ferruginibacter sp016703625, 95.0, 76.74, 0.145; GCA_013288745.1, s__Ferruginibacter sp013288745, 95.0, 76.72, 0.131; GCA_018057635.1, s__Ferruginibacter sp018057635, 95.0, 76.69, 0.113; GCF_020042285.1, s__Ferruginibacter sp020042285, 95.0, 76.67, 0.108; GCA_003534175.1, s__Ferruginibacter sp003534175, 95.0, 76.63, 0.079; GCA_018266775.1, s__Ferruginibacter sp018266775, 95.0, 76.59, 0.144; GCA_018268085.1, s__Ferruginibacter sp018268085, 95.0, 76.59, 0.121; GCA_016713965.1, s__Ferruginibacter sp016713965, 95.0, 76.59, 0.116; GCA_903878475.1, s__Ferruginibacter sp903878475, 95.0, 76.57, 0.15; GCA_024642285.1, s__Ferruginibacter sp024642285, 95.0, 76.57, 0.142; GCA_016786725.1, s__Ferruginibacter sp016786725, 95.0, 76.53, 0.168; GCA_016710745.1, s__Ferruginibacter sp016710745, 95.0, 76.53, 0.122; GCA_016720775.1, s__Ferruginibacter sp016720775, 95.0, 76.47, 0.138; GCA_014379625.1, s__Ferruginibacter sp014379625, 95.0, 76.46, 0.111; GCA_013298665.1, s__Ferruginibacter sp013298665, 95.0, 76.44, 0.058; GCA_945870835.1, s__Ferruginibacter pinensis_A, 95.0, 76.43, 0.121; GCA_016721725.1, s__Ferruginibacter sp016721725, 95.0, 76.41, 0.08; GCA_014379905.1, s__Ferruginibacter sp014379905, 95.0, 76.4, 0.093; GCF_024343615.1, s__Ferruginibacter sp024343615, 95.0, 76.4, 0.093; GCA_003455235.1, s__Ferruginibacter sp003455235, 95.0, 76.4, 0.123; GCA_016699815.1, s__Ferruginibacter sp002381005, 95.0, 76.39, 0.114; GCA_016710165.1, s__Ferruginibacter sp016710165, 95.0, 76.35, 0.118; GCA_019638575.1, s__Ferruginibacter sp019638575, 95.0, 76.31, 0.132; GCA_903858475.1, s__Ferruginibacter sp903858475, 95.0, 76.31, 0.103; GCA_019638525.1, s__Ferruginibacter sp018268155, 95.0, 76.31, 0.143; GCA_019638635.1, s__Ferruginibacter sp019638635, 95.0, 76.29, 0.095; GCA_002352045.1, s__Ferruginibacter sp002352045, 95.0, 76.29, 0.119; GCA_903837525.1, s__Ferruginibacter sp903837525, 95.0, 76.26, 0.115; GCA_016710595.1, s__Ferruginibacter sp016710595, 95.0, 76.19, 0.097; GCA_002343985.1, s__Ferruginibacter sp002343985, 95.0, 76.18, 0.078; GCA_023433345.1, s__Ferruginibacter sp023433345, 95.0, 76.18, 0.065; GCA_001898465.1, s__Ferruginibacter sp001898465, 95.0, 76.17, 0.101; GCA_018268135.1, s__Ferruginibacter sp018268135, 95.0, 76.14, 0.111; GCA_017303335.1, s__Ferruginibacter sp017303335, 95.0, 76.14, 0.075; GCA_002400445.1, s__Ferruginibacter sp002400445, 95.0, 76.13, 0.101; GCA_018268175.1, s__Ferruginibacter sp018268175, 95.0, 76.13, 0.079; GCA_903831575.1, s__Ferruginibacter sp903831575, 95.0, 76.11, 0.099; GCA_016721385.1, s__Ferruginibacter sp016721385, 95.0, 76.11, 0.11; GCA_014377385.1, s__Ferruginibacter sp014377385, 95.0, 76.1, 0.088; GCA_017988335.1, s__Ferruginibacter sp017988335, 95.0, 76.06, 0.09; GCA_945865645.1, s__Ferruginibacter pinensis_B, 95.0, 76.06, 0.141; GCA_023417815.1, s__Ferruginibacter sp023417815, 95.0, 76.04, 0.05; GCA_009885535.1, s__Ferruginibacter sp009885535, 95.0, 76.04, 0.072; GCA_018268185.1, s__Ferruginibacter sp018268185, 95.0, 76.01, 0.103; GCA_018266615.1, s__Ferruginibacter sp018266615, 95.0, 76.01, 0.086; GCA_019638485.1, s__Ferruginibacter sp019638485, 95.0, 75.99, 0.067; GCA_015655125.1, s__Ferruginibacter sp015655125, 95.0, 75.99, 0.111; GCA_945872815.1, s__Ferruginibacter pinensis_C, 95.0, 75.98, 0.08; GCA_018266715.1, s__Ferruginibacter sp018266715, 95.0, 75.93, 0.088; GCA_903871575.1, s__Ferruginibacter sp903871575, 95.0, 75.89, 0.103; GCA_018882645.1, s__Ferruginibacter sp018882645, 95.0, 75.66, 0.064; GCA_023390215.1, s__Ferruginibacter sp023390215, 95.0, 75.54, 0.056; GCA_013141435.1, s__Ferruginibacter sp013141435, 95.0, 75.38, 0.07	91.04	11	0.94844	N/A
V9_EKDN230028461-1A_HKTTNDSX7_L4.48	d__Bacteria;p__Nitrospirota;c__Nitrospiria;o__Nitrospirales;f__Nitrospiraceae;g__Nitrospira_A;s__	N/A	N/A	N/A	N/A	N/A	N/A	N/A	N/A	N/A	N/A	d__Bacteria;p__Nitrospirota;c__Nitrospiria;o__Nitrospirales;f__Nitrospiraceae;g__Nitrospira_A;s__	taxonomic classification defined by topology and ANI	classification based on placement in class-level tree	GCA_009594995.1, s__Nitrospira_A sp009594995, 95.0, 82.62, 0.618; GCA_014055465.1, s__Nitrospira_A sp014055465, 95.0, 81.5, 0.616; GCA_024998595.1, s__Nitrospira_A sp024998595, 95.0, 81.19, 0.604; GCA_902500785.1, s__Nitrospira_A sp902500785, 95.0, 81.01, 0.626; GCA_919902505.1, s__Nitrospira_A sp919902505, 95.0, 80.99, 0.59; GCF_900170025.1, s__Nitrospira_A sp900170025, 95.0, 80.94, 0.617; GCA_024998565.1, s__Nitrospira_A sp016788925, 95.0, 80.77, 0.607; GCA_020853775.1, s__Nitrospira_A sp020853775, 95.0, 80.71, 0.563; GCA_022226935.1, s__Nitrospira_A sp022226935, 95.0, 80.57, 0.578; GCA_000196815.1, s__Nitrospira_A defluvii_A, 95.0, 80.57, 0.593; GCA_024998625.1, s__Nitrospira_A sp024998625, 95.0, 80.53, 0.588; GCA_902500715.1, s__Nitrospira_A sp902500715, 95.0, 80.3, 0.511; GCA_023248215.1, s__Nitrospira_A sp023248215, 95.0, 80.28, 0.603; GCA_009594865.1, s__Nitrospira_A sp009594865, 95.0, 80.25, 0.5; GCA_902500995.1, s__Nitrospira_A sp902500995, 95.0, 80.13, 0.512; GCA_900696505.1, s__Nitrospira_A sp900696505, 95.0, 80.04, 0.444; GCF_905220995.1, s__Nitrospira_A defluvii_C, 95.0, 80.03, 0.498; GCA_017986555.1, s__Nitrospira_A sp017986555, 95.0, 80.0, 0.495; GCA_011525625.1, s__Nitrospira_A sp003456605, 95.0, 79.69, 0.507; GCA_024998705.1, s__Nitrospira_A sp024998705, 95.0, 79.64, 0.446; GCA_016788885.1, s__Nitrospira_A sp009594855, 95.0, 79.58, 0.498; GCA_016199015.1, s__Nitrospira_A defluvii_B, 95.0, 79.54, 0.419; GCA_014055495.1, s__Nitrospira_A sp014055495, 95.0, 79.37, 0.454; GCA_018242665.1, s__Nitrospira_A sp018242665, 95.0, 79.33, 0.449; GCA_013696305.1, s__Nitrospira_A sp013696305, 95.0, 79.05, 0.396; GCA_021323395.1, s__Nitrospira_A sp021323395, 95.0, 78.95, 0.356; GCA_020697375.1, s__Nitrospira_A sp020697375, 95.0, 78.72, 0.402; GCA_015709715.1, s__Nitrospira_A sp001567445, 95.0, 77.97, 0.283	63.4	11	0.96669	Genome not assigned to closest species as it falls outside its pre-defined ANI radius
V9_EKDN230028461-1A_HKTTNDSX7_L4.66	d__Bacteria;p__Planctomycetota;c__UBA11346;o__UBA11346;f__UBA11346;g__UBA11346;s__	N/A	N/A	N/A	N/A	N/A	GCA_017302815.1	95.0	d__Bacteria;p__Planctomycetota;c__UBA11346;o__UBA11346;f__UBA11346;g__UBA11346;s__UBA11346 sp017302815	85.68	0.598	d__Bacteria;p__Planctomycetota;c__UBA11346;o__UBA11346;f__UBA11346;g__UBA11346;s__	taxonomic classification defined by topology and ANI	classification based on placement in class-level tree	GCA_022841245.1, s__UBA11346 sp022841245, 95.0, 83.3, 0.547; GCA_020047915.1, s__UBA11346 sp003482625, 95.0, 82.58, 0.506; GCA_020049615.1, s__UBA11346 sp020049615, 95.0, 82.4, 0.501; GCA_025055595.1, s__UBA11346 sp025055595, 95.0, 78.95, 0.55	86.67	11	0.96986	Genome not assigned to closest species as it falls outside its pre-defined ANI radius
V9_EKDN230028461-1A_HKTTNDSX7_L4.69	d__Bacteria;p__Pseudomonadota;c__Alphaproteobacteria;o__Rhodobacterales;f__Rhodobacteraceae;g__Cypionkella;s__	N/A	N/A	N/A	N/A	N/A	GCA_002256245.1	95.0	d__Bacteria;p__Pseudomonadota;c__Alphaproteobacteria;o__Rhodobacterales;f__Rhodobacteraceae;g__Cypionkella;s__Cypionkella sp002256245	85.92	0.786	d__Bacteria;p__Pseudomonadota;c__Alphaproteobacteria;o__Rhodobacterales;f__Rhodobacteraceae;g__Cypionkella;s__	taxonomic classification defined by topology and ANI	classification based on placement in class-level tree	GCF_001294535.1, s__Cypionkella psychrotolerans, 95.0, 86.16, 0.841; GCA_009773375.1, s__Cypionkella sp009773375, 95.0, 82.2, 0.644; GCA_001828855.1, s__Cypionkella sp001828855, 95.0, 80.49, 0.589; GCA_024641255.1, s__Cypionkella sp024641255, 95.0, 80.29, 0.638; GCA_945860375.1, s__Cypionkella antarcticus_A, 95.0, 80.05, 0.523; GCA_913062925.1, s__Cypionkella sp913062925, 95.0, 79.65, 0.534; GCA_024642045.1, s__Cypionkella sp024642045, 95.0, 79.38, 0.453; GCA_023255415.1, s__Cypionkella sp023255415, 95.0, 79.35, 0.529; GCA_018063485.1, s__Cypionkella sp018063485, 95.0, 78.86, 0.512; GCA_013298675.1, s__Cypionkella sp013298675, 95.0, 77.52, 0.294; GCA_945861995.1, s__Cypionkella antarcticus_B, 95.0, 77.03, 0.278; GCA_945862435.1, s__Cypionkella antarcticus_C, 95.0, 76.95, 0.234	77.7	11	0.99498	Genome not assigned to closest species as it falls outside its pre-defined ANI radius
V9_EKDN230028461-1A_HKTTNDSX7_L4.7	d__Bacteria;p__Bacteroidota;c__Bacteroidia;o__Flavobacteriales;f__Flavobacteriaceae;g__Flavobacterium;s__	N/A	N/A	N/A	N/A	N/A	GCA_903842575.1	95.0	d__Bacteria;p__Bacteroidota;c__Bacteroidia;o__Flavobacteriales;f__Flavobacteriaceae;g__Flavobacterium;s__Flavobacterium sp903842575	78.04	0.343	d__Bacteria;p__Bacteroidota;c__Bacteroidia;o__Flavobacteriales;f__Flavobacteriaceae;g__Flavobacterium;s__	taxonomic classification defined by topology and ANI	classification based on placement in class-level tree	GCA_016718345.1, s__Flavobacterium sp016718345, 95.0, 78.98, 0.296; GCF_001662485.1, s__Flavobacterium succinicans_A, 95.0, 78.52, 0.219; GCF_020886055.1, s__Flavobacterium sp020886055, 95.0, 78.3, 0.281; GCA_001800905.1, s__Flavobacterium sp001800905, 95.0, 78.28, 0.305; GCA_024642105.1, s__Flavobacterium sp024642105, 95.0, 78.23, 0.225; GCF_008806775.1, s__Flavobacterium luteum, 95.0, 78.17, 0.26; GCF_003634825.1, s__Flavobacterium sp003634825, 95.0, 78.14, 0.297; GCF_000422705.1, s__Flavobacterium soli, 95.0, 78.12, 0.252; GCF_020885975.1, s__Flavobacterium sp020885975, 95.0, 78.11, 0.303; GCA_022758945.1, s__Flavobacterium sp022758945, 95.0, 78.08, 0.289; GCA_945861915.1, s__Flavobacterium psychrophilum_E, 95.0, 78.05, 0.268; GCA_903879875.1, s__Flavobacterium sp903879875, 95.0, 78.04, 0.283; GCF_020905345.1, s__Flavobacterium sp020905345, 95.0, 78.03, 0.232; GCA_017984035.1, s__Flavobacterium sp017984035, 95.0, 78.03, 0.306; GCA_903839195.1, s__Flavobacterium sp903839195, 95.0, 77.99, 0.351; GCA_002280815.1, s__Flavobacterium sp002280815, 95.0, 77.97, 0.203; GCA_017997335.1, s__Flavobacterium sp017997335, 95.0, 77.97, 0.254; GCF_007097365.1, s__Flavobacterium franklandianum, 95.0, 77.96, 0.248; GCA_002382495.1, s__Flavobacterium sp002382495, 95.0, 77.95, 0.298; GCA_012837155.1, s__Flavobacterium sp012837155, 95.0, 77.94, 0.219; GCF_003314435.2, s__Flavobacterium petrolei, 95.0, 77.92, 0.238; GCF_015277675.1, s__Flavobacterium soyangense, 95.0, 77.91, 0.233; GCF_003097635.1, s__Flavobacterium psychrotolerans, 95.0, 77.9, 0.254; GCF_004349315.1, s__Flavobacterium ranwuense, 95.0, 77.9, 0.25; GCF_900112975.1, s__Flavobacterium xueshanense, 95.0, 77.89, 0.257; GCA_021740105.1, s__Flavobacterium sp021740105, 95.0, 77.89, 0.295; GCA_016714905.1, s__Flavobacterium sp016714905, 95.0, 77.87, 0.217; GCA_945874225.1, s__Flavobacterium psychrophilum_M, 95.0, 77.87, 0.251; GCF_002754315.1, s__Flavobacterium sp002754315, 95.0, 77.87, 0.27; GCF_900110375.1, s__Flavobacterium sinopsychrotolerans, 95.0, 77.87, 0.247; GCF_004349085.1, s__Flavobacterium caseinilyticum, 95.0, 77.86, 0.235; GCA_017988155.1, s__Flavobacterium sp017988155, 95.0, 77.85, 0.278; GCF_902506345.1, s__Flavobacterium sp902506345, 95.0, 77.85, 0.232; GCF_014305095.1, s__Flavobacterium kayseriense, 95.0, 77.84, 0.181; GCF_000813005.1, s__Flavobacterium sp000813005, 95.0, 77.83, 0.243; GCF_014305155.1, s__Flavobacterium muglaense, 95.0, 77.81, 0.239; GCA_903819815.1, s__Flavobacterium sp903819815, 95.0, 77.8, 0.301; GCF_003312425.1, s__Flavobacterium psychrolimnae, 95.0, 77.8, 0.246; GCF_009707955.1, s__Flavobacterium sp009707955, 95.0, 77.8, 0.285; GCF_002001005.1, s__Flavobacterium sp002001005, 95.0, 77.79, 0.236; GCF_019351435.1, s__Flavobacterium taihuense, 95.0, 77.78, 0.247; GCF_003634755.1, s__Flavobacterium limicola, 95.0, 77.78, 0.253; GCF_015351595.1, s__Flavobacterium sp015351595, 95.0, 77.77, 0.267; GCA_943913405.1, s__Flavobacterium sp943913405, 95.0, 77.77, 0.222; GCF_000744835.1, s__Flavobacterium sp000744835, 95.0, 77.76, 0.26; GCA_016721735.1, s__Flavobacterium sp016721735, 95.0, 77.75, 0.21; GCF_009711165.2, s__Flavobacterium sp009711165, 95.0, 77.74, 0.287; GCF_000812945.1, s__Flavobacterium sp000812945, 95.0, 77.73, 0.263; GCF_004349195.1, s__Flavobacterium rhamnosiphilum, 95.0, 77.73, 0.281; GCF_007109225.1, s__Flavobacterium sp007109225, 95.0, 77.72, 0.17; GCF_007097265.1, s__Flavobacterium gawalongense, 95.0, 77.72, 0.258; GCA_900107365.1, s__Flavobacterium aquidurense, 95.0, 77.71, 0.277; GCF_003097655.1, s__Flavobacterium laiguense, 95.0, 77.7, 0.241; GCF_000611675.1, s__Flavobacterium succinicans, 95.0, 77.68, 0.219; GCF_017875765.1, s__Flavobacterium sp017875765, 95.0, 77.67, 0.247; GCF_000737695.1, s__Flavobacterium hydatis, 95.0, 77.67, 0.254; GCF_009909155.2, s__Flavobacterium undicola, 95.0, 77.66, 0.232; GCF_020911925.1, s__Flavobacterium sp001027725, 95.0, 77.66, 0.227; GCF_003350545.1, s__Flavobacterium glaciei, 95.0, 77.65, 0.244; GCF_003668995.1, s__Flavobacterium sp003668995, 95.0, 77.64, 0.24; GCF_900108015.1, s__Flavobacterium urumqiense, 95.0, 77.63, 0.247; GCF_023278045.1, s__Flavobacterium sp023278045, 95.0, 77.63, 0.198; GCF_900142885.1, s__Flavobacterium xinjiangense, 95.0, 77.62, 0.247; GCA_009926065.1, s__Flavobacterium sp009926065, 95.0, 77.62, 0.318; GCF_004349135.1, s__Flavobacterium sandaracinum, 95.0, 77.62, 0.242; GCF_900129705.1, s__Flavobacterium granuli, 95.0, 77.61, 0.216; GCF_003634455.1, s__Flavobacterium endophyticum, 95.0, 77.61, 0.161; GCF_020911885.1, s__Flavobacterium sp020911885, 95.0, 77.6, 0.225; GCF_003254745.1, s__Flavobacterium aquariorum, 95.0, 77.59, 0.255; GCF_007097385.1, s__Flavobacterium sp007097385, 95.0, 77.58, 0.25; GCA_002413745.1, s__Flavobacterium sp002413745, 95.0, 77.57, 0.234; GCA_945860385.1, s__Flavobacterium psychrophilum_K, 95.0, 77.57, 0.231; GCA_009693635.1, s__Flavobacterium sp009693635, 95.0, 77.57, 0.324; GCF_900142695.1, s__Flavobacterium xanthum, 95.0, 77.55, 0.239; GCF_013284035.1, s__Flavobacterium sp003096795, 95.0, 77.54, 0.238; GCF_007097245.1, s__Flavobacterium restrictum, 95.0, 77.52, 0.225; GCF_004349355.1, s__Flavobacterium cellulosilyticum, 95.0, 77.51, 0.244; GCF_900187965.1, s__Flavobacterium sp900187965, 95.0, 77.5, 0.279; GCF_015594725.1, s__Flavobacterium sp015594725, 95.0, 77.49, 0.261; GCF_009674775.1, s__Flavobacterium sp009674775, 95.0, 77.49, 0.196; GCF_900106645.1, s__Flavobacterium degerlachei, 95.0, 77.47, 0.191; GCF_004349145.1, s__Flavobacterium hiemivividum, 95.0, 77.45, 0.215; GCA_945897545.1, s__Flavobacterium psychrophilum_L, 95.0, 77.44, 0.241; GCA_002483285.1, s__Flavobacterium sp002483285, 95.0, 77.41, 0.092; GCA_010365135.1, s__Flavobacterium sp010365135, 95.0, 77.39, 0.219; GCF_003968755.1, s__Flavobacterium sp003968755, 95.0, 77.39, 0.211; GCA_903861155.1, s__Flavobacterium sp903861155, 95.0, 77.38, 0.237; GCF_900107635.1, s__Flavobacterium gillisiae, 95.0, 77.38, 0.203; GCA_903837025.1, s__Flavobacterium sp903837025, 95.0, 77.37, 0.241; GCF_900100375.1, s__Flavobacterium noncentrifugens, 95.0, 77.32, 0.144; GCA_024642295.1, s__Flavobacterium sp024642295, 95.0, 77.32, 0.234; GCA_903824755.1, s__Flavobacterium sp903824755, 95.0, 77.28, 0.298; GCF_000252125.1, s__Flavobacterium frigoris_A, 95.0, 77.16, 0.187; GCA_018883065.1, s__Flavobacterium sp018883065, 95.0, 77.15, 0.186; GCA_023259675.1, s__Flavobacterium sp023259675, 95.0, 77.0, 0.17; GCA_014378065.1, s__Flavobacterium sp014378065, 95.0, 76.97, 0.182; GCF_011392125.1, s__Flavobacterium lotistagni, 95.0, 76.94, 0.11; GCA_002256285.1, s__Flavobacterium sp002256285, 95.0, 76.88, 0.077; GCA_023427845.1, s__Flavobacterium sp023427845, 95.0, 76.86, 0.084	88.42	11	0.96558	N/A
V9_EKDN230028461-1A_HKTTNDSX7_L4.76	d__Bacteria;p__Bacteroidota;c__Bacteroidia;o__Flavobacteriales;f__Weeksellaceae;g__Kaistella;s__Kaistella chaponensis	GCF_900156725.1	95.0	d__Bacteria;p__Bacteroidota;c__Bacteroidia;o__Flavobacteriales;f__Weeksellaceae;g__Kaistella;s__Kaistella chaponensis	97.97	0.943	N/A	N/A	N/A	N/A	N/A	N/A	ani_screen	classification based on ANI only	N/A	N/A	N/A	N/A	N/A
V9_EKDN230028461-1A_HKTTNDSX7_L4.79	d__Bacteria;p__Pseudomonadota;c__Gammaproteobacteria;o__UBA9339;f__UBA9339;g__;s__	N/A	N/A	N/A	N/A	N/A	GCA_003142435.1	95.0	d__Bacteria;p__Pseudomonadota;c__Gammaproteobacteria;o__UBA9339;f__UBA9339;g__FEN-1226;s__FEN-1226 sp003142435	75.84	0.044	d__Bacteria;p__Pseudomonadota;c__Gammaproteobacteria;o__UBA9339;f__UBA9339;g__;s__	taxonomic classification defined by topology and ANI	classification based on placement in class-level tree	N/A	90.09	11	0.82123	N/A
V9_EKDN230028461-1A_HKTTNDSX7_L4.81	d__Bacteria;p__Pseudomonadota;c__Gammaproteobacteria;o__Burkholderiales;f__Burkholderiaceae_C;g__CAITPF01;s__CAITPF01 sp020851995	GCA_020851995.1	95.0	d__Bacteria;p__Pseudomonadota;c__Gammaproteobacteria;o__Burkholderiales;f__Burkholderiaceae_C;g__CAITPF01;s__CAITPF01 sp020851995	98.7	0.768	N/A	N/A	N/A	N/A	N/A	N/A	ani_screen	classification based on ANI only	N/A	N/A	N/A	N/A	N/A
V9_EKDN230028461-1A_HKTTNDSX7_L4.84	d__Bacteria;p__Pseudomonadota;c__Gammaproteobacteria;o__Burkholderiales;f__Methylophilaceae;g__Methylotenera;s__	N/A	N/A	N/A	N/A	N/A	N/A	N/A	N/A	N/A	N/A	d__Bacteria;p__Pseudomonadota;c__Gammaproteobacteria;o__Burkholderiales;f__Methylophilaceae;g__Methylotenera;s__	taxonomic classification defined by topology and ANI	classification based on placement in class-level tree	GCF_000093025.1, s__Methylotenera versatilis, 95.0, 81.04, 0.502; GCA_013141075.1, s__Methylotenera sp013141075, 95.0, 79.24, 0.363; GCA_013141425.1, s__Methylotenera sp013141425, 95.0, 79.03, 0.394; GCA_009693255.1, s__Methylotenera sp009693255, 95.0, 78.92, 0.502; GCA_903833595.1, s__Methylotenera sp903833595, 95.0, 78.67, 0.404; GCA_903854305.1, s__Methylotenera sp903854305, 95.0, 78.59, 0.367; GCA_903926935.1, s__Methylotenera sp903926935, 95.0, 78.42, 0.318; GCA_021738125.1, s__Methylotenera sp021738125, 95.0, 78.41, 0.38; GCA_903846555.1, s__Methylotenera sp903846555, 95.0, 78.36, 0.321; GCA_013141495.1, s__Methylotenera sp013141495, 95.0, 78.35, 0.273; GCA_014378495.1, s__Methylotenera sp014378495, 95.0, 78.22, 0.301; GCA_903882525.1, s__Methylotenera sp903882525, 95.0, 78.2, 0.294; GCA_001803395.1, s__Methylotenera sp001803395, 95.0, 78.15, 0.327; GCA_002842195.1, s__Methylotenera sp002842195, 95.0, 78.13, 0.37; GCA_903876765.1, s__Methylotenera sp903876765, 95.0, 78.13, 0.35; GCF_000744605.1, s__Methylotenera sp000744605, 95.0, 78.1, 0.221; GCA_002429455.1, s__Methylotenera sp002429455, 95.0, 78.1, 0.308; GCA_903951385.1, s__Methylotenera sp903951385, 95.0, 78.05, 0.234; GCA_903860085.1, s__Methylotenera sp903860085, 95.0, 78.01, 0.263; GCA_903838125.1, s__Methylotenera sp903838125, 95.0, 77.95, 0.284; GCF_000023705.1, s__Methylotenera mobilis, 95.0, 77.92, 0.202; GCF_004661485.1, s__Methylotenera oryzisoli, 95.0, 77.86, 0.216; GCA_013816325.1, s__Methylotenera sp013816325, 95.0, 77.84, 0.159; GCF_000384255.1, s__Methylotenera mobilis_B, 95.0, 77.83, 0.232; GCA_013140755.1, s__Methylotenera sp013140755, 95.0, 77.73, 0.228; GCA_020035195.1, s__Methylotenera sp020035195, 95.0, 77.71, 0.255; GCA_002281815.1, s__Methylotenera sp002281815, 95.0, 77.65, 0.23; GCA_005777825.1, s__Methylotenera sp005777825, 95.0, 77.37, 0.225; GCA_005791685.1, s__Methylotenera sp005791685, 95.0, 77.3, 0.253; GCA_020622105.1, s__Methylotenera sp020622105, 95.0, 77.29, 0.187; GCA_023259635.1, s__Methylotenera sp023259635, 95.0, 77.2, 0.155; GCA_016867975.1, s__Methylotenera sp016867975, 95.0, 77.17, 0.143; GCF_000799735.1, s__Methylotenera sp000799735, 95.0, 77.16, 0.125; GCA_002842285.1, s__Methylotenera sp002842285, 95.0, 77.13, 0.157; GCA_002928535.1, s__Methylotenera sp002928535, 95.0, 76.78, 0.138	61.23	11	0.96412	Genome has more than 10.0% of markers with multiple hits;Genome not assigned to closest species as it falls outside its pre-defined ANI radius
V9_EKDN230028461-1A_HKTTNDSX7_L4.85	d__Bacteria;p__Pseudomonadota;c__Gammaproteobacteria;o__Xanthomonadales;f__Xanthomonadaceae;g__Lysobacter_G;s__	N/A	N/A	N/A	N/A	N/A	GCF_007556775.1	95.0	d__Bacteria;p__Pseudomonadota;c__Gammaproteobacteria;o__Xanthomonadales;f__Xanthomonadaceae;g__Lysobacter_G;s__Lysobacter_G lycopersici	89.6	0.856	d__Bacteria;p__Pseudomonadota;c__Gammaproteobacteria;o__Xanthomonadales;f__Xanthomonadaceae;g__Lysobacter_G;s__	taxonomic classification defined by topology and ANI	classification based on placement in class-level tree	N/A	78.17	11	0.97747	Genome not assigned to closest species as it falls outside its pre-defined ANI radius
V9_EKDN230028461-1A_HKTTNDSX7_L4.89	d__Bacteria;p__Pseudomonadota;c__Gammaproteobacteria;o__Burkholderiales;f__Methylophilaceae;g__Novimethylophilus;s__	N/A	N/A	N/A	N/A	N/A	GCF_003112435.1	95.0	d__Bacteria;p__Pseudomonadota;c__Gammaproteobacteria;o__Burkholderiales;f__Methylophilaceae;g__Novimethylophilus;s__Novimethylophilus kurashikiensis	78.08	0.269	d__Bacteria;p__Pseudomonadota;c__Gammaproteobacteria;o__Burkholderiales;f__Methylophilaceae;g__Novimethylophilus;s__	taxonomic classification defined by topology and ANI	classification based on placement in class-level tree	N/A	89.63	11	0.87541	N/A
V9_EKDN230028461-1A_HKTTNDSX7_L4.92	d__Bacteria;p__Bacteroidota;c__Bacteroidia;o__Chitinophagales;f__JADIYW01;g__JADJSS01;s__	N/A	N/A	N/A	N/A	N/A	N/A	N/A	N/A	N/A	N/A	d__Bacteria;p__Bacteroidota;c__Bacteroidia;o__Chitinophagales;f__JADIYW01;g__JADJSS01;s__	ANI	classification based on placement in class-level tree	GCA_017984135.1, s__JADJSS01 sp017984135, 95.0, 78.06, 0.323; GCA_016721245.1, s__JADJSS01 sp016721245, 95.0, 77.33, 0.255; GCA_020848475.1, s__JADJSS01 sp020848475, 95.0, 77.33, 0.292; GCA_020436225.1, s__JADJSS01 sp020436225, 95.0, 77.25, 0.275; GCA_016711605.1, s__JADJSS01 sp016711605, 95.0, 77.08, 0.246; GCA_020848255.1, s__JADJSS01 sp020848255, 95.0, 77.03, 0.19; GCA_016719635.1, s__JADJSS01 sp016719635, 95.0, 76.72, 0.11; GCA_020848315.1, s__JADJSS01 sp020848315, 95.0, 76.42, 0.098; GCA_016699615.1, s__JADJSS01 sp016699615, 95.0, 76.21, 0.114; GCA_020636545.1, s__JADJSS01 sp020636545, 95.0, 76.06, 0.096; GCA_020636535.1, s__JADJSS01 sp020636535, 95.0, 75.76, 0.086	97.22	11	0.94393	N/A
V9_EKDN230028461-1A_HKTTNDSX7_L4.95	d__Bacteria;p__Bacteroidota;c__Bacteroidia;o__Flavobacteriales;f__Weeksellaceae;g__Cloacibacterium;s__	N/A	N/A	N/A	N/A	N/A	N/A	N/A	N/A	N/A	N/A	d__Bacteria;p__Bacteroidota;c__Bacteroidia;o__Flavobacteriales;f__Weeksellaceae;g__Cloacibacterium;s__	taxonomic classification defined by topology and ANI	classification based on placement in class-level tree	GCF_907163105.1, s__Cloacibacterium caeni_A, 95.0, 82.23, 0.631; GCF_003860565.1, s__Cloacibacterium normanense, 95.1075, 82.09, 0.629; GCF_907163125.1, s__Cloacibacterium caeni_B, 95.1075, 81.94, 0.619; GCF_002943105.1, s__Cloacibacterium sp002422665, 95.0662, 81.91, 0.609; GCF_014645495.1, s__Cloacibacterium rupense, 95.0, 81.77, 0.601; GCA_002337005.1, s__Cloacibacterium sp002337005, 95.0, 81.61, 0.583	91.32	11	0.98319	Genome not assigned to closest species as it falls outside its pre-defined ANI radius
V9_EKDN230028461-1A_HKTTNDSX7_L4.96	d__Bacteria;p__Pseudomonadota;c__Gammaproteobacteria;o__Burkholderiales;f__Burkholderiaceae_B;g__;s__	N/A	N/A	N/A	N/A	N/A	N/A	N/A	N/A	N/A	N/A	d__Bacteria;p__Pseudomonadota;c__Gammaproteobacteria;o__Burkholderiales;f__Burkholderiaceae_B;g__;s__	taxonomic classification fully defined by topology	classification based on placement in class-level tree	N/A	70.05	11	0.91895	N/A
