Bin_Id;Marker;lineage;genomes;markers;marker_sets;0;1;2;3;4;5+;Completeness;Contamination;
V9_EKDN230028461-1A_HKTTNDSX7_L4.1;k__Bacteria;(UID203);5449;104;58;0;18;77;9;0;0;100.00;91.58;7.69
V8_EKDN230028460-1A_HJH72DSX7_L2.33;k__Bacteria;(UID203);5449;104;58;0;43;53;7;1;0;100.00;92.41;6.25
V8_EKDN230028460-1A_HJH72DSX7_L2.31;k__Bacteria;(UID203);5449;104;58;0;5;22;22;25;30;100.00;250.06;8.85
V7_EKDN230028459-1A_HKTTNDSX7_L4.65;k__Bacteria;(UID203);5449;104;58;0;4;22;24;25;29;100.00;261.46;24.74
V6_EKDN230028458-1A_HKTTNDSX7_L4.55;root;(UID1);5656;56;24;0;0;0;0;0;56;100.00;1097.42;17.86
V6_EKDN230028458-1A_HKTTNDSX7_L4.54;k__Bacteria;(UID203);5449;104;58;0;6;63;34;1;0;100.00;102.43;41.52
V6_EKDN230028458-1A_HKTTNDSX7_L4.46;root;(UID1);5656;56;24;0;0;0;0;1;55;100.00;1148.13;2.91
V5_EKDN230028457-1A_HKTTNDSX7_L4.133;root;(UID1);5656;56;24;0;0;0;0;0;56;100.00;1967.58;1.62
V5_EKDN230028457-1A_HKTTNDSX7_L4.105;root;(UID1);5656;56;24;0;0;0;0;0;56;100.00;1132.83;17.83
V5_EKDN230028457-1A_HKTTNDSX7_L4.100;root;(UID1);5656;56;24;0;0,00;3;15;20;18;100.00;349.98;1.79
V4_EKDN230028456-1A_HKTTNDSX7_L4.74;k__Bacteria;(UID203);5449;104;58;0;7;10;16;19;52;100.00;365.13;16.38
V4_EKDN230028456-1A_HKTTNDSX7_L4.31;root;(UID1);5656;56;24;0;0;0;0;0;56;100.00;2909.00;2.26
V4_EKDN230028456-1A_HKTTNDSX7_L4.144;root;(UID1);5656;56;24;0;0;0;0;0;56;100.00;903.22;20.71
V3_EKDN230028455-1A_HKTC2DSX7_L4.44;k__Bacteria;(UID203);5449;103;57;0;60,00;5;6;9;23;100.00;53.30;8.07
V3_EKDN230028455-1A_HKTC2DSX7_L4.126;root;(UID1);5656;56;24;0;0;2;7;12;35;100.00;400.21;15.38
V3_EKDN230028455-1A_HKTC2DSX7_L4.104;root;(UID1);5656;56;24;0;0;0;0;0;56;100.00;1945.12;6.05
V2_EKDN230028454-1A_HKTTNDSX7_L4.89;k__Bacteria;(UID203);5449;104;58;0;2;6;12;9;75;100.00;619.90;6.55
V2_EKDN230028454-1A_HKTTNDSX7_L4.74;k__Bacteria;(UID203);5449;103;57;0;0;0;1;1;101;100.00;834.27;11.80
V2_EKDN230028454-1A_HKTTNDSX7_L4.113;root;(UID1);5656;56;24;0;0;0;0;0;56;100.00;1077.71;18.80
V2_EKDN230028454-1A_HKTTNDSX7_L4.108;root;(UID1);5656;56;24;0;0;0;0;0;56;100.00;3411.80;4.29
V1_EKDN230028453-1A_HKTTNDSX7_L4.52;root;(UID1);5656;56;24;0;0;0;1;0;55;100.00;794.48;27.86
V1_EKDN230028453-1A_HKTTNDSX7_L4.27;k__Bacteria;(UID203);5449;104;58;0;2;1;4;0;97;100.00;852.76;10.43
V1_EKDN230028453-1A_HKTTNDSX7_L4.113;root;(UID1);5656;56;24;0;0;0;0;0;56;100.00;2159.39;3.76
V1_EKDN230028453-1A_HKTTNDSX7_L4.104;root;(UID1);5656;56;24;0;0;1;1;6;48;100.00;573.16;17.58
V12_EKDN230028464-1A_HKTTNDSX7_L4.93;k__Bacteria;(UID203);5449;104;58;0;28;74;2;0;0;100.00;85.82;66.25
V12_EKDN230028464-1A_HKTTNDSX7_L4.8;root;(UID1);5656;56;24;0;0;3;4;8;41;100.00;622.89;3.31
V11_EKDN230028463-1A_HKTTNDSX7_L4.30;root;(UID1);5656;56;24;0;0;0;0;0;56;100.00;1461.15;4.62
V11_EKDN230028463-1A_HKTTNDSX7_L4.14;k__Bacteria;(UID203);5449;104;58;0;7;13;22;29;33;100.00;271.68;9.01
V10_EKDN230028462-1A_HKTTNDSX7_L4.60;root;(UID1);5656;56;24;0;0;0;0;0;56;100.00;1776.80;4.65
R9_EKDN230028437-1A_HKTC2DSX7_L3.3;k__Bacteria;(UID203);5449;104;58;0;1;1;1;4;97;100.00;1208.73;8.81
R8_EKDN230028436-1A_HKTC2DSX7_L3.25;k__Bacteria;(UID203);5449;103;57;0;4;13;26;31;29;100.00;309.34;35.43
R8_EKDN230028436-1A_HKTC2DSX7_L3.24;root;(UID1);5656;56;24;0;0;1;0;3;52;100.00;744.06;7.68
R7_EKDN230028435-1A_HKTC2DSX7_L3.39;root;(UID1);5656;56;24;0;1;1;3;4;47;100.00;563.71;5.18
R7_EKDN230028435-1A_HKTC2DSX7_L3.18;k__Bacteria;(UID203);5449;104;58;0;78;19;7;0;0;100.00;26.88;20.00
R7_EKDN230028435-1A_HKTC2DSX7_L3.11;k__Bacteria;(UID203);5449;104;58;0;8;51;32;6;7;100.00;140.91;61.26
R6_EKDN230028434-1A_HKTC2DSX7_L3.65;root;(UID1);5656;56;24;0;1;2;3;0;50;100.00;1443.39;28.02
R6_EKDN230028434-1A_HKTC2DSX7_L3.40;k__Bacteria;(UID203);5449;104;58;0;3;13;14;13;61;100.00;556.03;18.64
R5_EKDN230028433-1A_HKTC2DSX7_L3.9;k__Bacteria;(UID203);5449;102;56;0;45;39;12;5;1;100.00;112.01;36.52
R5_EKDN230028433-1A_HKTC2DSX7_L3.46;k__Bacteria;(UID203);5449;104;58;0;3;6;18;17;60;100.00;393.28;36.92
R5_EKDN230028433-1A_HKTC2DSX7_L3.10;root;(UID1);5656;56;24;0;0;0;0;1;55;100.00;1077.69;8.18
R4_EKDN230028432-1A_HKTC2DSX7_L3.42;root;(UID1);5656;56;24;0;0;0;2;1;53;100.00;1526.88;27.31
R3_EKDN230028431-1A_HKTC2DSX7_L3.40;k__Bacteria;(UID203);5449;104;58;0;90;9;1;4;0;100.00;6.01;11.11
R3_EKDN230028431-1A_HKTC2DSX7_L3.12;k__Bacteria;(UID203);5449;102;56;0;62;23;15;2;0;100.00;69.35;42.50
R2_EKDN230028430-1A_HKTC2DSX7_L3.35;k__Bacteria;(UID203);5449;104;58;0;1;3;3;3;94;100.00;674.77;12.52
R24_EKDN230028452-1A_HKTTNDSX7_L4.23;root;(UID1);5656;56;24;0;0;0;1;4;51;100.00;846.11;16.49
R24_EKDN230028452-1A_HKTTNDSX7_L4.10;root;(UID1);5656;56;24;0;0;4;2;6;44;100.00;555.56;10.99
R23_EKDN230028451-1A_HKTC2DSX7_L4.64;root;(UID1);5656;56;24;0;0;0;0;1;55;100.00;1262.14;5.57
R23_EKDN230028451-1A_HKTC2DSX7_L4.11;root;(UID1);5656;56;24;0;0;6;14;9;27;100.00;422.58;44.60
R22_EKDN230028450-1A_HKTC2DSX7_L3.74;root;(UID1);5656;56;24;0;0;0;0;1;55;100.00;1363.15;11.78
R22_EKDN230028450-1A_HKTC2DSX7_L3.67;root;(UID1);5656;56;24;0;0;10;14;11;21;100.00;353.32;46.46
R22_EKDN230028450-1A_HKTC2DSX7_L3.57;k__Bacteria;(UID203);5449;104;58;0;29;49;13;9;4;100.00;70.07;10.44
R21_EKDN230028449-1A_HKTC2DSX7_L3.19;k__Bacteria;(UID203);5449;104;58;0;3;3;6;5;87;100.00;917.00;10.24
R20_EKDN230028448-1A_HKTC2DSX7_L3.6;k__Bacteria;(UID203);5449;104;58;0;22;34;21;7;20;100.00;112.84;4.57
R20_EKDN230028448-1A_HKTC2DSX7_L3.36;k__Bacteria;(UID203);5449;104;58;0;65;37;2;0;0;100.00;37.77;53.49
R20_EKDN230028448-1A_HKTC2DSX7_L3.25;root;(UID1);5656;56;24;0;0;9;10;7;30;100.00;605.28;6.61
R1_EKDN230028429-1A_HKTC2DSX7_L3.52;root;(UID1);5656;56;24;0;1;2;3;5;45;100.00;764.91;12.94
R1_EKDN230028429-1A_HKTC2DSX7_L3.45;k__Bacteria;(UID203);5449;104;58;0;1;3;5;11;84;100.00;485.79;9.59
R18_EKDN230028446-1A_HKTC2DSX7_L3.79;k__Bacteria;(UID203);5449;104;58;0;53;34;10;4;3;100.00;59.53;8.47
R18_EKDN230028446-1A_HKTC2DSX7_L3.67;k__Bacteria;(UID203);5449;104;58;0;1;5;4;12;82;100.00;813.71;13.82
R17_EKDN230028445-1A_HKTC2DSX7_L3.48;k__Bacteria;(UID203);5449;104;58;0;2;13;8;11;70;100.00;512.42;24.39
R17_EKDN230028445-1A_HKTC2DSX7_L3.18;root;(UID1);5656;56;24;0;0;0;0;0;56;100.00;1349.99;5.24
R17_EKDN230028445-1A_HKTC2DSX7_L3.14;k__Bacteria;(UID203);5449;104;58;0;2;3;17;12;70;100.00;405.55;14.95
R16_EKDN230028444-1A_HKTC2DSX7_L3.59;root;(UID1);5656;56;24;0;0;0;0;1;55;100.00;1253.09;7.01
R16_EKDN230028444-1A_HKTC2DSX7_L3.52;root;(UID1);5656;56;24;0;0;0;0;0;56;100.00;1340.90;11.57
R14_EKDN230028442-1A_HKTC2DSX7_L3.15;k__Bacteria;(UID203);5449;104;58;0;6;11;19;24;44;100.00;326.32;4.49
R12_EKDN230028440-1A_HKTC2DSX7_L3.8;k__Bacteria;(UID203);5449;104;58;0;6;8;6;6;78;100.00;820.49;20.61
R12_EKDN230028440-1A_HKTC2DSX7_L3.64;root;(UID1);5656;56;24;0;0;1;4;4;47;100.00;487.66;11.60
R12_EKDN230028440-1A_HKTC2DSX7_L3.37;k__Bacteria;(UID203);5449;104;58;0;7;49;35;9;4;100.00;160.73;19.70
R11_EKDN230028439-1A_HKTC2DSX7_L3.80;root;(UID1);5656;56;24;0;0;0;0;1;55;100.00;885.12;16.51
R11_EKDN230028439-1A_HKTC2DSX7_L3.73;root;(UID1);5656;56;24;0;1;2;5;6;42;100.00;867.78;33.19
R10_EKDN230028438-1A_HKTC2DSX7_L3.88;k__Bacteria;(UID203);5449;104;58;0;3;5;9;5;82;100.00;808.99;29.56
R10_EKDN230028438-1A_HKTC2DSX7_L3.39;k__Bacteria;(UID203);5449;104;58;0;6;10;30;20;38;100.00;343.61;5.43
V11_EKDN230028463-1A_HKTTNDSX7_L4.112;k__Bacteria;(UID203);5449;104;58;1;24;70;9;0;0;99.84;87.16;62.89
R3_EKDN230028431-1A_HKTC2DSX7_L3.56;k__Bacteria;(UID203);5449;104;58;1;5;1;5;5;87;99.84;1461.14;15.26
R10_EKDN230028438-1A_HKTC2DSX7_L3.83;k__Bacteria;(UID203);5449;104;58;1;7;1;2;5;88;99.84;1094.32;17.86
V12_EKDN230028464-1A_HKTTNDSX7_L4.109;p__Euryarchaeota;(UID49);95;228;153;1;226;1;0;0;0;99.84;0.65;100.00
V10_EKDN230028462-1A_HKTTNDSX7_L4.103;p__Euryarchaeota;(UID49);95;228;153;1;226;1;0;0;0;99.84;0.65;100.00
R6_EKDN230028434-1A_HKTC2DSX7_L3.9;k__Bacteria;(UID2982);88;229;147;2;223;4;0;0;0;99.82;2.72;50.00
V9_EKDN230028461-1A_HKTTNDSX7_L4.31;k__Bacteria;(UID203);5449;104;58;2;12;5;10;9;66;99.69;772.79;14.18
V3_EKDN230028455-1A_HKTC2DSX7_L4.85;k__Bacteria;(UID203);5449;104;58;2;40;55;7;0;0;99.69;48.62;64.47
R5_EKDN230028433-1A_HKTC2DSX7_L3.28;k__Bacteria;(UID203);5449;104;58;2;2;7;3;3;87;99.69;804.25;14.59
R19_EKDN230028447-1A_HKTC2DSX7_L3.52;k__Bacteria;(UID203);5449;104;58;2;20;26;30;19;7;99.69;154.24;40.79
R18_EKDN230028446-1A_HKTC2DSX7_L3.37;k__Bacteria;(UID203);5449;104;58;2;1;2;4;5;90;99.69;866.68;17.38
R11_EKDN230028439-1A_HKTC2DSX7_L3.33;s__algicola;(UID2846);47;571;303;2;559;10;0;0;0;99.66;1.08;0.00
R21_EKDN230028449-1A_HKTC2DSX7_L3.2;k__Bacteria;(UID203);5449;104;58;3;13;15;15;8;50;99.53;459.23;4.74
R18_EKDN230028446-1A_HKTC2DSX7_L3.53;k__Bacteria;(UID203);5449;103;58;3;14;18;22;21;25;99.53;265.43;3.86
V9_EKDN230028461-1A_HKTTNDSX7_L4.35;p__Bacteroidetes;(UID2591);364;302;203;1;298;3;0;0;0;99.51;0.54;66.67
R17_EKDN230028445-1A_HKTC2DSX7_L3.46;f__Xanthomonadaceae;(UID4214);55;659;290;22;626;10;0;1;0;99.49;2.72;6.25
R9_EKDN230028437-1A_HKTC2DSX7_L3.34;k__Bacteria;(UID203);5449;104;58;4;15;18;8;10;49;99.37;457.16;15.72
R12_EKDN230028440-1A_HKTC2DSX7_L3.49;k__Bacteria;(UID203);5449;104;58;4;37;20;23;16;4;99.37;158.35;32.08
V11_EKDN230028463-1A_HKTTNDSX7_L4.84;p__Bacteroidetes;(UID2591);364;302;203;6;286;10;0;0;0;99.37;1.40;40.00
V5_EKDN230028457-1A_HKTTNDSX7_L4.71;c__Deltaproteobacteria;(UID3216);83;247;155;1;245;1;0;0;0;99.35;0.32;0.00
R23_EKDN230028451-1A_HKTC2DSX7_L4.33;p__Cyanobacteria;(UID2189);82;579;450;3;567;9;0;0;0;99.33;1.78;11.11
R8_EKDN230028436-1A_HKTC2DSX7_L3.13;f__Flavobacteriaceae;(UID2817);81;511;283;2;509;0;0;0;0;99.29;0.00;0.00
R7_EKDN230028435-1A_HKTC2DSX7_L3.1;f__Flavobacteriaceae;(UID2817);81;511;283;2;507;2;0;0;0;99.29;0.02;100.00
R16_EKDN230028444-1A_HKTC2DSX7_L3.89;f__Rhodobacteraceae;(UID3340);84;568;330;3;554;11;0;0;0;99.29;1.08;0.00
V10_EKDN230028462-1A_HKTTNDSX7_L4.115;p__Bacteroidetes;(UID2591);364;302;203;10;290;2;0;0;0;99.26;0.99;50.00
V4_EKDN230028456-1A_HKTTNDSX7_L4.119;o__Sphingomonadales;(UID3310);26;569;293;33;531;5;0;0;0;99.25;0.40;20.00
V1_EKDN230028453-1A_HKTTNDSX7_L4.97;o__Sphingomonadales;(UID3310);26;569;293;5;561;3;0;0;0;99.25;0.43;33.33
V10_EKDN230028462-1A_HKTTNDSX7_L4.54;k__Bacteria;(UID203);5449;104;58;5;15;24;25;10;25;99.22;280.86;10.75
V8_EKDN230028460-1A_HJH72DSX7_L2.55;c__Clostridia;(UID1085);35;420;196;11;384;24;1;0;0;99.17;7.58;59.26
R19_EKDN230028447-1A_HKTC2DSX7_L3.45;k__Bacteria;(UID203);5449;104;58;1;14;28;18;13;30;99.14;155.65;9.33
V7_EKDN230028459-1A_HKTTNDSX7_L4.3;k__Bacteria;(UID203);5449;104;58;6;29;27;26;8;8;99.06;151.82;9.87
R3_EKDN230028431-1A_HKTC2DSX7_L3.62;k__Bacteria;(UID203);5449;104;58;6;13;17;22;22;24;99.06;259.54;10.28
V8_EKDN230028460-1A_HJH72DSX7_L2.63;p__Bacteroidetes;(UID2591);364;302;203;3;290;9;0;0;0;99.01;0.69;77.78
R24_EKDN230028452-1A_HKTTNDSX7_L4.46;p__Bacteroidetes;(UID2591);364;303;203;2;298;3;0;0;0;99.01;1.23;33.33
R16_EKDN230028444-1A_HKTC2DSX7_L3.19;p__Bacteroidetes;(UID2591);364;303;203;2;294;7;0;0;0;99.01;2.55;42.86
R2_EKDN230028430-1A_HKTC2DSX7_L3.39;k__Bacteria;(UID203);5449;104;58;3;5;20;22;22;32;98.97;311.19;43.55
R19_EKDN230028447-1A_HKTC2DSX7_L3.31;k__Bacteria;(UID203);5449;104;58;3;69;28;4;0;0;98.97;45.04;32.50
R24_EKDN230028452-1A_HKTTNDSX7_L4.53;p__Cyanobacteria;(UID2189);82;579;450;6;566;7;0;0;0;98.89;1.41;0.00
R16_EKDN230028444-1A_HKTC2DSX7_L3.9;p__Cyanobacteria;(UID2189);82;579;450;6;569;4;0;0;0;98.89;0.89;0.00
V11_EKDN230028463-1A_HKTTNDSX7_L4.48;p__Euryarchaeota;(UID49);95;228;153;3;224;1;0;0;0;98.86;0.65;0.00
R18_EKDN230028446-1A_HKTC2DSX7_L3.30;p__Cyanobacteria;(UID2192);79;583;457;8;564;11;0;0;0;98.85;1.60;45.45
R19_EKDN230028447-1A_HKTC2DSX7_L3.30;k__Bacteria;(UID203);5449;104;58;3;16;13;4;10;58;98.82;537.14;5.56
V12_EKDN230028464-1A_HKTTNDSX7_L4.37;o__Sphingomonadales;(UID3310);26;569;293;10;553;6;0;0;0;98.82;0.94;16.67
R24_EKDN230028452-1A_HKTTNDSX7_L4.68;k__Bacteria;(UID203);5449;104;58;4;54;29;17;0;0;98.81;59.85;7.50
R12_EKDN230028440-1A_HKTC2DSX7_L3.30;o__Burkholderiales;(UID4000);193;427;214;7;397;23;0;0;0;98.78;5.36;52.17
R12_EKDN230028440-1A_HKTC2DSX7_L3.21;k__Bacteria;(UID2565);2921;140;85;2;70;35;30;2;1;98.75;104.26;39.46
R10_EKDN230028438-1A_HKTC2DSX7_L3.43;k__Bacteria;(UID2565);2921;140;85;2;114;19;5;0;0;98.75;27.25;38.24
R13_EKDN230028441-1A_HKTC2DSX7_L3.22;c__Alphaproteobacteria;(UID3422);26;529;308;7;519;3;0;0;0;98.70;0.81;33.33
V9_EKDN230028461-1A_HKTTNDSX7_L4.143;f__Rhodocyclaceae;(UID3972);30;540;241;8;104;342;75;9;2;98.68;109.21;30.11
R3_EKDN230028431-1A_HKTC2DSX7_L3.6;c__Bacilli;(UID256);765;274;150;2;270;2;0;0;0;98.67;1.33;50.00
R22_EKDN230028450-1A_HKTC2DSX7_L3.68;p__Cyanobacteria;(UID2189);82;579;450;7;568;4;0;0;0;98.67;0.89;0.00
R18_EKDN230028446-1A_HKTC2DSX7_L3.57;p__Cyanobacteria;(UID2189);82;579;450;7;568;4;0;0;0;98.67;0.89;0.00
R11_EKDN230028439-1A_HKTC2DSX7_L3.55;c__Bacilli;(UID256);765;274;150;2;270;2;0;0;0;98.67;1.00;0.00
V11_EKDN230028463-1A_HKTTNDSX7_L4.119;c__Clostridia;(UID1085);35;420;196;15;269;130;6;0;0;98.64;39.16;72.97
V10_EKDN230028462-1A_HKTTNDSX7_L4.119;c__Betaproteobacteria;(UID3959);235;420;211;21;397;2;0;0;0;98.61;0.54;0.00
V9_EKDN230028461-1A_HKTTNDSX7_L4.30;k__Bacteria;(UID203);5449;104;58;9;3;16;28;24;24;98.59;298.15;14.55
R18_EKDN230028446-1A_HKTC2DSX7_L3.15;k__Bacteria;(UID203);5449;104;58;9;65;26;4;0;0;98.59;11.68;13.16
R4_EKDN230028432-1A_HKTC2DSX7_L3.25;k__Bacteria;(UID2565);2921;140;85;5;87;20;14;9;5;98.55;99.62;44.58
R15_EKDN230028443-1A_HKTC2DSX7_L3.55;c__Alphaproteobacteria;(UID3422);26;529;308;8;518;3;0;0;0;98.54;0.81;0.00
V12_EKDN230028464-1A_HKTTNDSX7_L4.86;o__Flavobacteriales;(UID2815);123;324;204;29;290;5;0;0;0;98.53;1.84;0.00
R18_EKDN230028446-1A_HKTC2DSX7_L3.60;f__Xanthomonadaceae;(UID4214);55;659;290;32;622;4;1;0;0;98.50;1.32;0.00
V9_EKDN230028461-1A_HKTTNDSX7_L4.105;o__Rhizobiales;(UID3449);345;431;258;21;400;10;0;0;0;98.45;1.94;10.00
V9_EKDN230028461-1A_HKTTNDSX7_L4.39;c__Deltaproteobacteria;(UID3216);83;247;155;5;237;5;0;0;0;98.39;2.47;0.00
V8_EKDN230028460-1A_HJH72DSX7_L2.18;c__Deltaproteobacteria;(UID3216);83;247;155;3;237;7;0;0;0;98.39;2.83;28.57
V5_EKDN230028457-1A_HKTTNDSX7_L4.25;k__Bacteria;(UID2569);434;278;186;4;272;2;0;0;0;98.39;1.08;0.00
V9_EKDN230028461-1A_HKTTNDSX7_L4.89;c__Betaproteobacteria;(UID3888);323;387;234;23;358;5;1;0;0;98.39;1.73;12.50
V12_EKDN230028464-1A_HKTTNDSX7_L4.98;c__Gammaproteobacteria;(UID4274);112;580;289;15;545;19;1;0;0;98.39;3.76;22.73
V8_EKDN230028460-1A_HJH72DSX7_L2.83;k__Bacteria;(UID203);5449;104;58;1;7;29;26;22;19;98.28;279.01;50.00
V5_EKDN230028457-1A_HKTTNDSX7_L4.79;k__Bacteria;(UID203);5449;104;58;1;11;90;2;0;0;98.28;82.24;66.67
V4_EKDN230028456-1A_HKTTNDSX7_L4.122;k__Bacteria;(UID203);5449;104;58;1;13;88;1;1;0;98.28;84.70;65.98
V4_EKDN230028456-1A_HKTTNDSX7_L4.115;k__Bacteria;(UID203);5449;104;58;1;17;79;6;1;0;98.28;90.75;69.90
V3_EKDN230028455-1A_HKTC2DSX7_L4.49;k__Bacteria;(UID203);5449;104;58;1;2;10;14;23;54;98.28;332.33;37.31
V11_EKDN230028463-1A_HKTTNDSX7_L4.27;k__Bacteria;(UID203);5449;104;58;1;25;38;22;6;12;98.28;104.61;30.37
V11_EKDN230028463-1A_HKTTNDSX7_L4.21;k__Bacteria;(UID203);5449;104;58;1;76;27;0;0;0;98.28;10.19;37.04
V10_EKDN230028462-1A_HKTTNDSX7_L4.58;k__Bacteria;(UID203);5449;104;58;1;5;27;32;26;13;98.28;194.63;16.75
V10_EKDN230028462-1A_HKTTNDSX7_L4.37;k__Bacteria;(UID203);5449;104;58;2;36;50;13;3;0;98.28;87.52;50.47
R4_EKDN230028432-1A_HKTC2DSX7_L3.73;k__Bacteria;(UID203);5449;104;58;1;71;16;11;4;1;98.28;18.03;7.23
R19_EKDN230028447-1A_HKTC2DSX7_L3.51;k__Bacteria;(UID203);5449;104;58;1;0;0;0;4;99;98.28;912.83;11.49
R10_EKDN230028438-1A_HKTC2DSX7_L3.98;k__Bacteria;(UID203);5449;104;58;1;34;59;10;0;0;98.28;77.70;28.09
R10_EKDN230028438-1A_HKTC2DSX7_L3.34;k__Bacteria;(UID203);5449;104;58;1;4;3;15;37;44;98.28;305.79;18.32
R1_EKDN230028429-1A_HKTC2DSX7_L3.72;k__Bacteria;(UID203);5449;104;58;4;15;25;24;20;16;98.25;185.60;15.88
V6_EKDN230028458-1A_HKTTNDSX7_L4.101;k__Bacteria;(UID203);5449;103;57;1;56;27;13;6;0;98.25;40.43;6.86
V4_EKDN230028456-1A_HKTTNDSX7_L4.7;k__Bacteria;(UID203);5449;103;57;1;14;22;44;15;7;98.25;162.03;17.59
V10_EKDN230028462-1A_HKTTNDSX7_L4.29;c__Betaproteobacteria;(UID3888);323;387;234;22;360;4;1;0;0;98.24;1.31;0.00
V11_EKDN230028463-1A_HKTTNDSX7_L4.35;c__Alphaproteobacteria;(UID3305);564;349;230;8;318;23;0;0;0;98.20;5.95;43.48
V10_EKDN230028462-1A_HKTTNDSX7_L4.33;c__Clostridia;(UID1085);35;420;196;31;297;81;10;1;0;98.20;31.73;71.79
V9_EKDN230028461-1A_HKTTNDSX7_L4.135;c__Clostridia;(UID1085);35;420;196;13;375;29;3;0;0;98.18;10.20;68.42
R4_EKDN230028432-1A_HKTC2DSX7_L3.3;k__Bacteria;(UID2982);88;229;147;6;219;4;0;0;0;98.12;1.74;0.00
V12_EKDN230028464-1A_HKTTNDSX7_L4.28;f__Flavobacteriaceae;(UID2817);81;511;283;6;491;14;0;0;0;98.12;3.09;85.71
V8_EKDN230028460-1A_HJH72DSX7_L2.11;o__Sphingomonadales;(UID3310);26;569;293;8;554;7;0;0;0;98.11;0.94;0.00
V9_EKDN230028461-1A_HKTTNDSX7_L4.95;o__Flavobacteriales;(UID2815);123;324;204;14;296;14;0;0;0;98.10;4.37;71.43
V4_EKDN230028456-1A_HKTTNDSX7_L4.6;o__Rhizobiales;(UID3642);107;485;316;24;458;3;0;0;0;98.02;0.63;33.33
V11_EKDN230028463-1A_HKTTNDSX7_L4.55;o__Rhizobiales;(UID3449);345;431;258;26;402;3;0;0;0;98.01;0.43;66.67
R17_EKDN230028445-1A_HKTC2DSX7_L3.6;p__Cyanobacteria;(UID2189);82;579;450;10;565;4;0;0;0;98.00;0.89;0.00
R23_EKDN230028451-1A_HKTC2DSX7_L4.40;p__Cyanobacteria;(UID2192);79;583;457;13;562;8;0;0;0;97.98;1.17;12.50
R18_EKDN230028446-1A_HKTC2DSX7_L3.73;o__Actinomycetales;(UID1663);488;310;185;5;296;9;0;0;0;97.97;2.33;66.67
V8_EKDN230028460-1A_HJH72DSX7_L2.79;o__Flavobacteriales;(UID2815);123;324;204;7;307;10;0;0;0;97.97;3.68;70.00
V7_EKDN230028459-1A_HKTTNDSX7_L4.123;c__Clostridia;(UID1085);35;420;196;40;362;16;1;1;0;97.87;7.53;44.00
V12_EKDN230028464-1A_HKTTNDSX7_L4.73;o__Burkholderiales;(UID4000);193;427;214;10;406;11;0;0;0;97.85;3.92;27.27
V6_EKDN230028458-1A_HKTTNDSX7_L4.32;o__Burkholderiales;(UID4000);193;427;214;9;413;5;0;0;0;97.82;1.66;40.00
V7_EKDN230028459-1A_HKTTNDSX7_L4.92;c__Betaproteobacteria;(UID3888);323;387;234;24;357;5;1;0;0;97.82;1.73;12.50
V12_EKDN230028464-1A_HKTTNDSX7_L4.57;k__Bacteria;(UID203);5449;104;58;4;4;6;8;11;71;97.81;600.62;15.57
R4_EKDN230028432-1A_HKTC2DSX7_L3.26;k__Bacteria;(UID203);5449;104;58;14;15;11;13;6;45;97.81;417.54;20.95
V10_EKDN230028462-1A_HKTTNDSX7_L4.64;o__Flavobacteriales;(UID2815);123;324;204;28;292;4;0;0;0;97.81;1.14;50.00
V4_EKDN230028456-1A_HKTTNDSX7_L4.137;k__Bacteria;(UID203);5449;104;58;6;13;26;21;19;19;97.79;216.15;26.91
V9_EKDN230028461-1A_HKTTNDSX7_L4.92;p__Bacteroidetes;(UID2591);364;303;203;5;297;1;0;0;0;97.78;0.03;0.00
R17_EKDN230028445-1A_HKTC2DSX7_L3.10;p__Bacteroidetes;(UID2591);364;303;203;14;285;4;0;0;0;97.78;1.48;25.00
R4_EKDN230028432-1A_HKTC2DSX7_L3.70;o__Burkholderiales;(UID4000);193;426;214;13;404;9;0;0;0;97.78;1.36;33.33
V7_EKDN230028459-1A_HKTTNDSX7_L4.51;c__Deltaproteobacteria;(UID3216);83;247;155;20;221;6;0;0;0;97.78;3.12;16.67
V2_EKDN230028454-1A_HKTTNDSX7_L4.31;c__Betaproteobacteria;(UID3888);323;387;234;23;350;14;0;0;0;97.76;4.34;57.14
V7_EKDN230028459-1A_HKTTNDSX7_L4.88;k__Bacteria;(UID203);5449;104;58;12;17;12;12;9;42;97.74;401.15;11.18
V12_EKDN230028464-1A_HKTTNDSX7_L4.36;o__Rhizobiales;(UID3449);345;431;258;22;405;4;0;0;0;97.70;0.78;0.00
R20_EKDN230028448-1A_HKTC2DSX7_L3.50;k__Bacteria;(UID203);5449;104;58;3;19;19;18;17;28;97.70;299.28;16.58
V8_EKDN230028460-1A_HJH72DSX7_L2.21;o__Rhizobiales;(UID3449);345;431;258;23;405;3;0;0;0;97.67;0.52;0.00
V6_EKDN230028458-1A_HKTTNDSX7_L4.82;k__Bacteria;(UID3187);2258;181;110;5;163;9;3;1;0;97.67;4.29;25.00
V3_EKDN230028455-1A_HKTC2DSX7_L4.46;k__Bacteria;(UID3187);2258;181;110;5;154;19;3;0;0;97.67;13.38;21.43
V2_EKDN230028454-1A_HKTTNDSX7_L4.30;k__Bacteria;(UID3187);2258;181;110;5;157;19;0;0;0;97.67;13.82;78.95
V12_EKDN230028464-1A_HKTTNDSX7_L4.32;k__Bacteria;(UID3187);2258;181;110;5;169;6;1;0;0;97.67;5.00;44.44
R9_EKDN230028437-1A_HKTC2DSX7_L3.19;k__Bacteria;(UID203);5449;104;58;6;14;32;46;6;0;97.65;130.30;50.49
R1_EKDN230028429-1A_HKTC2DSX7_L3.12;k__Bacteria;(UID203);5449;103;57;5;13;9;18;33;25;97.61;261.00;42.75
V4_EKDN230028456-1A_HKTTNDSX7_L4.46;k__Bacteria;(UID203);5449;104;58;12;34;48;10;0;0;97.55;91.61;26.92
V12_EKDN230028464-1A_HKTTNDSX7_L4.38;p__Bacteroidetes;(UID2591);364;302;203;8;285;9;0;0;0;97.54;3.23;33.33
V12_EKDN230028464-1A_HKTTNDSX7_L4.46;k__Bacteria;(UID203);5449;104;58;7;20;26;35;10;6;97.49;194.06;44.94
R16_EKDN230028444-1A_HKTC2DSX7_L3.24;k__Bacteria;(UID203);5449;104;58;7;10;6;14;8;59;97.49;474.92;25.51
R15_EKDN230028443-1A_HKTC2DSX7_L3.3;k__Bacteria;(UID203);5449;104;58;6;38;45;14;1;0;97.49;89.15;43.01
R12_EKDN230028440-1A_HKTC2DSX7_L3.13;k__Bacteria;(UID203);5449;104;58;16;1;4;5;4;74;97.49;925.02;15.80
V1_EKDN230028453-1A_HKTTNDSX7_L4.68;f__Rhodobacteraceae;(UID3340);84;568;330;12;540;16;0;0;0;97.49;2.66;81.25
R12_EKDN230028440-1A_HKTC2DSX7_L3.71;s__algicola;(UID2846);47;571;303;16;504;46;5;0;0;97.47;9.19;3.28
V10_EKDN230028462-1A_HKTTNDSX7_L4.13;o__Sphingomonadales;(UID3310);26;569;293;11;553;5;0;0;0;97.46;0.78;0.00
V11_EKDN230028463-1A_HKTTNDSX7_L4.18;k__Bacteria;(UID203);5449;103;57;16;22;53;12;0;0;97.45;85.01;24.72
V1_EKDN230028453-1A_HKTTNDSX7_L4.64;o__Bacteroidales;(UID2621);198;427;260;34;248;128;14;3;0;97.44;40.93;45.74
V12_EKDN230028464-1A_HKTTNDSX7_L4.2;f__Rhodobacteraceae;(UID3340);84;568;330;20;530;18;0;0;0;97.43;2.62;33.33
V12_EKDN230028464-1A_HKTTNDSX7_L4.71;f__Xanthomonadaceae;(UID4214);55;659;290;48;200;352;56;3;0;97.40;82.73;4.46
R5_EKDN230028433-1A_HKTC2DSX7_L3.13;c__Alphaproteobacteria;(UID3305);564;349;230;9;326;14;0;0;0;97.38;2.53;85.71
V5_EKDN230028457-1A_HKTTNDSX7_L4.115;o__Rhizobiales;(UID3642);107;485;316;12;463;10;0;0;0;97.36;1.03;10.00
R22_EKDN230028450-1A_HKTC2DSX7_L3.44;k__Bacteria;(UID203);5449;104;58;7;23;47;24;3;0;97.34;104.76;40.15
R12_EKDN230028440-1A_HKTC2DSX7_L3.44;k__Bacteria;(UID203);5449;103;58;7;37;59;0;0;0;97.34;70.11;71.19
V10_EKDN230028462-1A_HKTTNDSX7_L4.35;k__Bacteria;(UID2569);434;278;186;5;269;4;0;0;0;97.31;1.61;25.00
V12_EKDN230028464-1A_HKTTNDSX7_L4.118;p__Bacteroidetes;(UID2591);364;303;203;6;295;2;0;0;0;97.29;0.52;0.00
R23_EKDN230028451-1A_HKTC2DSX7_L4.60;p__Bacteroidetes;(UID2591);364;303;203;17;277;9;0;0;0;97.24;4.11;11.11
V3_EKDN230028455-1A_HKTC2DSX7_L4.62;c__Deltaproteobacteria;(UID3216);83;246;155;29;211;6;0;0;0;97.24;3.87;83.33
V8_EKDN230028460-1A_HHGM2DSX7_L1.5;c__Betaproteobacteria;(UID3888);323;387;234;25;358;4;0;0;0;97.22;1.50;75.00
V8_EKDN230028460-1A_HJH72DSX7_L2.44;c__Betaproteobacteria;(UID3959);235;420;211;51;361;8;0;0;0;97.18;2.37;0.00
V12_EKDN230028464-1A_HKTTNDSX7_L4.11;c__Betaproteobacteria;(UID3959);235;420;211;51;363;6;0;0;0;97.18;0.81;0.00
V11_EKDN230028463-1A_HKTTNDSX7_L4.19;c__Betaproteobacteria;(UID3959);235;420;211;24;386;10;0;0;0;97.18;1.79;0.00
R7_EKDN230028435-1A_HKTC2DSX7_L3.41;c__Alphaproteobacteria;(UID3305);564;349;230;9;322;18;0;0;0;97.16;4.22;55.56
R3_EKDN230028431-1A_HKTC2DSX7_L3.45;k__Bacteria;(UID203);5449;104;58;16;25;8;18;16;21;97.12;253.48;31.60
R18_EKDN230028446-1A_HKTC2DSX7_L3.54;c__Gammaproteobacteria;(UID4754);541;304;171;20;284;0;0;0;0;97.08;0.00;0.00
R22_EKDN230028450-1A_HKTC2DSX7_L3.52;p__Bacteroidetes;(UID2591);364;303;203;9;288;6;0;0;0;97.07;2.24;50.00
R17_EKDN230028445-1A_HKTC2DSX7_L3.60;p__Cyanobacteria;(UID2192);79;583;457;17;464;51;50;1;0;97.06;28.36;66.18
V1_EKDN230028453-1A_HKTTNDSX7_L4.20;o__Actinomycetales;(UID1530);622;258;152;5;245;8;0;0;0;97.04;3.42;12.50
V8_EKDN230028460-1A_HJH72DSX7_L2.74;k__Bacteria;(UID203);5449;104;58;9;8;7;20;12;48;97.02;412.49;11.94
R22_EKDN230028450-1A_HKTC2DSX7_L3.28;p__Cyanobacteria;(UID2192);79;583;457;19;548;16;0;0;0;96.99;2.74;50.00
V7_EKDN230028459-1A_HKTTNDSX7_L4.42;o__Burkholderiales;(UID4000);193;427;214;24;380;23;0;0;0;96.95;6.22;17.39
V10_EKDN230028462-1A_HKTTNDSX7_L4.69;f__Flavobacteriaceae;(UID2817);81;511;283;43;453;15;0;0;0;96.92;3.16;33.33
R8_EKDN230028436-1A_HKTC2DSX7_L3.23;o__Sphingomonadales;(UID3310);26;569;293;19;501;43;6;0;0;96.88;8.48;21.31
V5_EKDN230028457-1A_HKTTNDSX7_L4.43;c__Betaproteobacteria;(UID3888);323;387;234;35;337;15;0;0;0;96.87;2.82;60.00
V8_EKDN230028460-1A_HJH72DSX7_L2.5;f__Flavobacteriaceae;(UID2817);81;511;283;42;449;20;0;0;0;96.87;4.87;50.00
V7_EKDN230028459-1A_HKTTNDSX7_L4.120;k__Bacteria;(UID203);5449;104;58;10;47;34;11;2;0;96.87;72.57;56.96
V6_EKDN230028458-1A_HKTTNDSX7_L4.90;o__Rhizobiales;(UID3642);107;485;316;13;451;19;2;0;0;96.86;3.20;40.00
R24_EKDN230028452-1A_HKTTNDSX7_L4.13;o__Actinomycetales;(UID1663);488;310;185;10;294;6;0;0;0;96.84;2.27;83.33
V3_EKDN230028455-1A_HKTC2DSX7_L4.109;k__Bacteria;(UID203);5449;102;56;15;10;27;40;8;2;96.83;173.46;53.02
R23_EKDN230028451-1A_HKTC2DSX7_L4.57;o__Rhizobiales;(UID3447);356;413;248;10;402;1;0;0;0;96.83;0.20;0.00
R10_EKDN230028438-1A_HKTC2DSX7_L3.15;o__Burkholderiales;(UID4000);193;426;214;18;332;75;1;0;0;96.83;18.24;38.46
R24_EKDN230028452-1A_HKTTNDSX7_L4.43;p__Cyanobacteria;(UID2192);79;583;457;21;556;6;0;0;0;96.78;1.06;50.00
V6_EKDN230028458-1A_HKTTNDSX7_L4.15;c__Deltaproteobacteria;(UID3216);83;247;155;5;242;0;0;0;0;96.77;0.00;0.00
R12_EKDN230028440-1A_HKTC2DSX7_L3.4;c__Bacilli;(UID256);765;274;150;10;263;1;0;0;0;96.77;0.67;0.00
V5_EKDN230028457-1A_HKTTNDSX7_L4.20;k__Bacteria;(UID3187);2258;181;110;6;163;12;0;0;0;96.76;6.96;25.00
V9_EKDN230028461-1A_HKTTNDSX7_L4.76;o__Flavobacteriales;(UID2815);123;323;204;17;298;8;0;0;0;96.74;3.92;37.50
R1_EKDN230028429-1A_HKTC2DSX7_L3.69;o__Burkholderiales;(UID4000);193;427;214;34;351;35;7;0;0;96.73;10.52;35.71
V6_EKDN230028458-1A_HKTTNDSX7_L4.33;o__Actinomycetales;(UID1530);622;258;152;6;246;6;0;0;0;96.71;3.29;0.00
V5_EKDN230028457-1A_HKTTNDSX7_L4.31;o__Actinomycetales;(UID1530);622;258;152;6;239;13;0;0;0;96.71;3.20;30.77
V4_EKDN230028456-1A_HKTTNDSX7_L4.8;o__Actinomycetales;(UID1530);622;258;152;6;250;2;0;0;0;96.71;0.99;0.00
V9_EKDN230028461-1A_HKTTNDSX7_L4.107;c__Betaproteobacteria;(UID3959);235;420;211;27;389;4;0;0;0;96.71;1.02;0.00
V7_EKDN230028459-1A_HKTTNDSX7_L4.111;c__Betaproteobacteria;(UID3959);235;420;211;29;381;10;0;0;0;96.71;2.44;20.00
V8_EKDN230028460-1A_HJH72DSX7_L2.32;f__Rhodobacteraceae;(UID3340);84;568;330;50;506;12;0;0;0;96.70;2.25;58.33
V11_EKDN230028463-1A_HKTTNDSX7_L4.43;o__Flavobacteriales;(UID2815);123;324;204;17;296;11;0;0;0;96.69;4.08;54.55
V4_EKDN230028456-1A_HKTTNDSX7_L4.85;c__Betaproteobacteria;(UID3888);323;387;234;10;370;7;0;0;0;96.69;2.56;57.14
V11_EKDN230028463-1A_HKTTNDSX7_L4.61;o__Sphingomonadales;(UID3310);26;569;293;42;514;13;0;0;0;96.68;2.05;23.08
V5_EKDN230028457-1A_HKTTNDSX7_L4.58;k__Bacteria;(UID203);5449;103;57;11;62;23;3;3;1;96.65;28.42;15.00
V4_EKDN230028456-1A_HKTTNDSX7_L4.118;p__Actinobacteria;(UID2112);31;211;124;9;198;4;0;0;0;96.63;1.75;50.00
R18_EKDN230028446-1A_HKTC2DSX7_L3.16;p__Actinobacteria;(UID1454);732;200;117;6;189;5;0;0;0;96.58;3.16;80.00
R11_EKDN230028439-1A_HKTC2DSX7_L3.54;o__Burkholderiales;(UID4000);193;426;214;20;389;17;0;0;0;96.56;4.25;29.41
V7_EKDN230028459-1A_HKTTNDSX7_L4.95;k__Bacteria;(UID203);5449;104;58;3;15;26;31;20;9;96.55;218.92;50.29
V5_EKDN230028457-1A_HKTTNDSX7_L4.73;k__Bacteria;(UID203);5449;103;58;2;72;28;1;0;0;96.55;21.47;9.68
V2_EKDN230028454-1A_HKTTNDSX7_L4.147;k__Bacteria;(UID203);5449;104;58;2;86;16;0;0;0;96.55;3.21;18.75
V12_EKDN230028464-1A_HKTTNDSX7_L4.96;k__Bacteria;(UID203);5449;104;58;2;15;16;44;20;7;96.55;135.55;12.07
V11_EKDN230028463-1A_HKTTNDSX7_L4.16;k__Bacteria;(UID203);5449;104;58;2;11;22;17;11;41;96.55;301.90;17.64
V10_EKDN230028462-1A_HKTTNDSX7_L4.19;k__Bacteria;(UID203);5449;104;58;2;26;42;15;10;9;96.55;149.64;75.09
R6_EKDN230028434-1A_HKTC2DSX7_L3.72;k__Bacteria;(UID203);5449;104;58;2;11;12;27;17;35;96.55;212.23;10.46
R5_EKDN230028433-1A_HKTC2DSX7_L3.19;k__Bacteria;(UID203);5449;104;58;2;32;35;31;4;0;96.55;126.68;35.53
R17_EKDN230028445-1A_HKTC2DSX7_L3.64;k__Bacteria;(UID203);5449;104;58;2;15;31;23;9;24;96.55;123.74;16.27
R16_EKDN230028444-1A_HKTC2DSX7_L3.88;k__Bacteria;(UID203);5449;104;58;3;10;74;17;0;0;96.55;94.06;25.60
R16_EKDN230028444-1A_HKTC2DSX7_L3.76;k__Bacteria;(UID203);5449;104;58;2;9;8;9;10;66;96.55;574.91;9.23
V7_EKDN230028459-1A_HKTTNDSX7_L4.11;o__Flavobacteriales;(UID2815);123;324;204;23;291;10;0;0;0;96.52;2.86;70.00
R2_EKDN230028430-1A_HKTC2DSX7_L3.66;c__Alphaproteobacteria;(UID3305);564;349;230;23;309;17;0;0;0;96.52;5.27;52.94
V4_EKDN230028456-1A_HKTTNDSX7_L4.126;o__Clostridiales;(UID1212);172;257;149;23;230;4;0;0;0;96.50;1.31;25.00
R9_EKDN230028437-1A_HKTC2DSX7_L3.40;k__Bacteria;(UID1453);901;171;117;5;155;11;0;0;0;96.49;4.42;18.18
R12_EKDN230028440-1A_HKTC2DSX7_L3.6;f__Rhodobacteraceae;(UID3340);84;568;330;33;90;144;171;92;38;96.49;171.75;13.31
R4_EKDN230028432-1A_HKTC2DSX7_L3.63;k__Bacteria;(UID203);5449;104;58;9;21;15;12;18;29;96.47;290.72;29.95
R22_EKDN230028450-1A_HKTC2DSX7_L3.83;o__Rhizobiales;(UID3447);356;413;248;12;392;8;1;0;0;96.45;1.50;18.18
R6_EKDN230028434-1A_HKTC2DSX7_L3.28;p__Bacteroidetes;(UID2591);364;303;203;36;43;203;20;1;0;96.43;89.64;78.81
V5_EKDN230028457-1A_HKTTNDSX7_L4.143;p__Euryarchaeota;(UID49);95;228;153;8;212;7;1;0;0;96.41;5.23;60.00
R6_EKDN230028434-1A_HKTC2DSX7_L3.23;k__Bacteria;(UID2565);2921;140;85;4;89;28;16;2;1;96.40;69.57;40.82
V9_EKDN230028461-1A_HKTTNDSX7_L4.6;k__Bacteria;(UID203);5449;104;58;3;66;31;4;0;0;96.39;47.26;13.95
R5_EKDN230028433-1A_HKTC2DSX7_L3.57;k__Bacteria;(UID203);5449;104;58;3;23;73;5;0;0;96.39;81.14;38.64
R12_EKDN230028440-1A_HKTC2DSX7_L3.40;k__Bacteria;(UID1453);901;171;117;7;147;17;0;0;0;96.35;9.40;23.53
V7_EKDN230028459-1A_HKTTNDSX7_L4.26;p__Bacteroidetes;(UID2591);364;303;203;8;294;1;0;0;0;96.31;0.03;0.00
V2_EKDN230028454-1A_HKTTNDSX7_L4.111;o__Rhizobiales;(UID3447);356;413;248;17;207;175;13;1;0;96.28;53.57;60.00
V7_EKDN230028459-1A_HKTTNDSX7_L4.99;f__Rhodobacteraceae;(UID3340);84;568;330;46;510;12;0;0;0;96.26;2.05;66.67
V9_EKDN230028461-1A_HKTTNDSX7_L4.69;f__Rhodobacteraceae;(UID3340);84;568;330;50;500;18;0;0;0;96.24;3.04;88.89
V5_EKDN230028457-1A_HKTTNDSX7_L4.21;o__Sphingomonadales;(UID3310);26;569;293;46;514;9;0;0;0;96.21;1.50;11.11
V3_EKDN230028455-1A_HKTC2DSX7_L4.105;k__Bacteria;(UID203);5449;103;58;3;27;63;9;1;0;96.21;79.72;17.71
V7_EKDN230028459-1A_HKTTNDSX7_L4.66;f__Flavobacteriaceae;(UID2817);81;511;283;16;480;15;0;0;0;96.20;4.08;33.33
R22_EKDN230028450-1A_HKTC2DSX7_L3.80;k__Bacteria;(UID203);5449;104;58;9;20;27;24;14;10;96.19;198.64;42.90
R12_EKDN230028440-1A_HKTC2DSX7_L3.15;k__Bacteria;(UID203);5449;104;58;15;16;10;11;11;41;96.08;340.92;59.06
V4_EKDN230028456-1A_HKTTNDSX7_L4.88;p__Euryarchaeota;(UID49);95;228;153;10;200;18;0;0;0;96.08;6.91;61.11
R4_EKDN230028432-1A_HKTC2DSX7_L3.50;c__Alphaproteobacteria;(UID3305);564;349;230;13;319;17;0;0;0;96.07;4.60;47.06
R2_EKDN230028430-1A_HKTC2DSX7_L3.13;o__Sphingomonadales;(UID3310);26;569;293;30;518;20;1;0;0;96.07;4.04;47.83
V5_EKDN230028457-1A_HKTTNDSX7_L4.103;k__Bacteria;(UID203);5449;104;58;4;14;30;24;13;19;96.05;252.77;14.58
V8_EKDN230028460-1A_HJH72DSX7_L2.64;c__Betaproteobacteria;(UID3888);323;387;234;53;325;8;1;0;0;96.05;2.80;0.00
R16_EKDN230028444-1A_HKTC2DSX7_L3.57;p__Bacteroidetes;(UID2591);364;302;202;9;289;4;0;0;0;96.04;1.73;0.00
V9_EKDN230028461-1A_HKTTNDSX7_L4.50;k__Bacteria;(UID203);5449;104;58;6;70;19;8;0;1;96.03;46.39;52.83
V9_EKDN230028461-1A_HKTTNDSX7_L4.47;p__Bacteroidetes;(UID2591);364;303;203;12;284;7;0;0;0;96.01;2.46;0.00
R7_EKDN230028435-1A_HKTC2DSX7_L3.6;c__Betaproteobacteria;(UID3888);323;387;234;36;63;100;107;62;19;96.01;168.80;38.77
V5_EKDN230028457-1A_HKTTNDSX7_L4.69;c__Betaproteobacteria;(UID3971);223;425;211;32;47;71;73;80;122;96.00;276.27;36.66
V4_EKDN230028456-1A_HKTTNDSX7_L4.101;k__Bacteria;(UID2372);131;177;106;5;167;5;0;0;0;95.99;4.72;80.00
V9_EKDN230028461-1A_HKTTNDSX7_L4.7;f__Flavobacteriaceae;(UID2817);81;511;283;32;467;12;0;0;0;95.94;2.94;50.00
R4_EKDN230028432-1A_HKTC2DSX7_L3.12;k__Bacteria;(UID203);5449;104;58;6;26;21;12;14;25;95.92;244.12;16.60
V10_EKDN230028462-1A_HKTTNDSX7_L4.55;c__Deltaproteobacteria;(UID3217);62;280;168;10;235;31;3;0;1;95.83;19.20;12.00
R9_EKDN230028437-1A_HKTC2DSX7_L3.45;root;(UID1);5656;56;24;1;0;0;2;6;47;95.83;544.59;4.93
R17_EKDN230028445-1A_HKTC2DSX7_L3.17;root;(UID1);5656;56;24;1;4;4;9;13;25;95.83;254.18;19.40
R6_EKDN230028434-1A_HKTC2DSX7_L3.44;p__Bacteroidetes;(UID2591);364;302;202;9;290;3;0;0;0;95.79;1.49;0.00
V12_EKDN230028464-1A_HKTTNDSX7_L4.97;k__Bacteria;(UID203);5449;104;58;7;18;32;18;19;10;95.77;197.92;53.48
R22_EKDN230028450-1A_HKTC2DSX7_L3.12;k__Bacteria;(UID203);5449;104;58;8;74;22;0;0;0;95.77;14.97;0.00
V6_EKDN230028458-1A_HKTTNDSX7_L4.19;o__Clostridiales;(UID1120);304;247;141;7;233;7;0;0;0;95.74;4.02;85.71
V7_EKDN230028459-1A_HKTTNDSX7_L4.13;o__Rhizobiales;(UID3449);345;431;258;30;399;2;0;0;0;95.74;0.58;0.00
R24_EKDN230028452-1A_HKTTNDSX7_L4.1;p__Cyanobacteria;(UID2192);79;583;457;22;549;12;0;0;0;95.73;1.65;83.33
R14_EKDN230028442-1A_HKTC2DSX7_L3.18;c__Gammaproteobacteria;(UID4274);112;579;290;56;506;17;0;0;0;95.72;3.89;64.71
R9_EKDN230028437-1A_HKTC2DSX7_L3.35;o__Sphingomonadales;(UID3310);26;569;293;29;514;25;1;0;0;95.70;3.37;71.43
V4_EKDN230028456-1A_HKTTNDSX7_L4.108;k__Bacteria;(UID2569);434;278;186;9;265;4;0;0;0;95.70;1.36;0.00
V12_EKDN230028464-1A_HKTTNDSX7_L4.78;k__Bacteria;(UID2569);434;278;186;8;262;8;0;0;0;95.70;2.69;0.00
V11_EKDN230028463-1A_HKTTNDSX7_L4.39;k__Bacteria;(UID2569);434;278;186;8;263;7;0;0;0;95.70;2.69;14.29
R21_EKDN230028449-1A_HKTC2DSX7_L3.36;k__Bacteria;(UID203);5449;104;58;3;15;50;22;6;8;95.69;122.28;4.84
R16_EKDN230028444-1A_HKTC2DSX7_L3.85;o__Rhizobiales;(UID3447);356;413;248;34;365;12;2;0;0;95.68;3.97;5.56
V11_EKDN230028463-1A_HKTTNDSX7_L4.109;f__Flavobacteriaceae;(UID2817);81;511;283;28;478;5;0;0;0;95.66;1.24;20.00
V5_EKDN230028457-1A_HKTTNDSX7_L4.90;k__Bacteria;(UID2372);131;177;106;14;162;1;0;0;0;95.65;0.94;0.00
V12_EKDN230028464-1A_HKTTNDSX7_L4.72;c__Betaproteobacteria;(UID3888);323;387;234;41;337;8;1;0;0;95.63;1.98;27.27
V6_EKDN230028458-1A_HKTTNDSX7_L4.62;c__Betaproteobacteria;(UID3888);323;387;234;43;341;3;0;0;0;95.62;1.28;100.00
V4_EKDN230028456-1A_HKTTNDSX7_L4.68;k__Bacteria;(UID203);5449;103;57;13;41;25;21;2;1;95.61;104.91;26.36
R6_EKDN230028434-1A_HKTC2DSX7_L3.55;k__Bacteria;(UID203);5449;104;58;8;20;16;20;14;26;95.61;251.25;25.57
R24_EKDN230028452-1A_HKTTNDSX7_L4.41;o__Sphingomonadales;(UID3310);26;569;293;38;485;46;0;0;0;95.59;7.03;28.26
V9_EKDN230028461-1A_HKTTNDSX7_L4.109;f__Xanthomonadaceae;(UID4214);55;659;290;47;559;52;1;0;0;95.57;8.09;30.91
R22_EKDN230028450-1A_HKTC2DSX7_L3.10;f__Xanthomonadaceae;(UID4214);55;659;290;42;606;10;0;1;0;95.54;1.98;18.75
R3_EKDN230028431-1A_HKTC2DSX7_L3.72;c__Alphaproteobacteria;(UID3305);564;349;230;34;313;2;0;0;0;95.54;0.65;100.00
V2_EKDN230028454-1A_HKTTNDSX7_L4.96;k__Bacteria;(UID203);5449;103;57;8;36;52;6;1;0;95.53;69.78;53.95
R3_EKDN230028431-1A_HKTC2DSX7_L3.27;k__Bacteria;(UID2565);2921;144;89;4;136;4;0;0;0;95.51;4.49;50.00
R21_EKDN230028449-1A_HKTC2DSX7_L3.22;k__Bacteria;(UID2565);2921;144;89;4;136;4;0;0;0;95.51;4.49;0.00
V9_EKDN230028461-1A_HKTTNDSX7_L4.145;o__Sphingomonadales;(UID3310);26;569;293;28;533;8;0;0;0;95.49;1.29;37.50
V7_EKDN230028459-1A_HKTTNDSX7_L4.29;k__Bacteria;(UID203);5449;104;58;14;49;23;13;4;1;95.49;94.91;31.25
R15_EKDN230028443-1A_HKTC2DSX7_L3.4;k__Bacteria;(UID203);5449;104;58;8;11;19;28;26;12;95.42;209.88;22.64
V2_EKDN230028454-1A_HKTTNDSX7_L4.119;f__Rhodobacteraceae;(UID3340);84;568;330;60;495;13;0;0;0;95.40;2.04;84.62
V3_EKDN230028455-1A_HKTC2DSX7_L4.71;o__Actinomycetales;(UID1530);622;258;152;8;238;12;0;0;0;95.39;3.78;25.00
V7_EKDN230028459-1A_HKTTNDSX7_L4.90;k__Bacteria;(UID203);5449;104;58;15;14;17;15;20;23;95.38;267.22;17.40
R1_EKDN230028429-1A_HKTC2DSX7_L3.8;o__Rhizobiales;(UID3447);356;413;248;39;363;11;0;0;0;95.37;3.34;72.73
V6_EKDN230028458-1A_HKTTNDSX7_L4.83;o__Lactobacillales;(UID355);490;334;183;10;312;10;2;0;0;95.36;4.54;25.00
R12_EKDN230028440-1A_HKTC2DSX7_L3.20;c__Alphaproteobacteria;(UID3305);564;349;230;19;299;30;1;0;0;95.35;9.42;42.42
R6_EKDN230028434-1A_HKTC2DSX7_L3.67;k__Bacteria;(UID203);5449;104;58;7;20;36;15;18;8;95.32;185.42;7.75
R6_EKDN230028434-1A_HKTC2DSX7_L3.74;k__Bacteria;(UID203);5449;104;58;13;49;29;10;2;1;95.31;73.69;63.95
R5_EKDN230028433-1A_HKTC2DSX7_L3.32;o__Rhizobiales;(UID3654);92;481;319;18;453;10;0;0;0;95.30;2.20;80.00
R19_EKDN230028447-1A_HKTC2DSX7_L3.47;k__Bacteria;(UID2565);2921;142;87;5;134;3;0;0;0;95.30;3.45;33.33
R12_EKDN230028440-1A_HKTC2DSX7_L3.88;k__Bacteria;(UID203);5449;104;58;9;27;60;8;0;0;95.27;83.01;71.43
V3_EKDN230028455-1A_HKTC2DSX7_L4.68;o__Clostridiales;(UID1120);304;250;143;18;213;18;1;0;0;95.21;6.53;23.81
V6_EKDN230028458-1A_HKTTNDSX7_L4.20;o__Flavobacteriales;(UID2815);123;323;204;25;287;10;1;0;0;95.20;5.51;38.46
R6_EKDN230028434-1A_HKTC2DSX7_L3.58;c__Alphaproteobacteria;(UID3305);564;349;230;12;334;3;0;0;0;95.20;1.30;100.00
R17_EKDN230028445-1A_HKTC2DSX7_L3.38;p__Bacteroidetes;(UID2591);364;298;198;14;111;120;46;7;0;95.16;90.56;20.33
R3_EKDN230028431-1A_HKTC2DSX7_L3.18;o__Burkholderiales;(UID4000);193;427;214;34;349;44;0;0;0;95.16;7.71;15.91
R5_EKDN230028433-1A_HKTC2DSX7_L3.37;c__Alphaproteobacteria;(UID3305);564;349;230;12;322;15;0;0;0;95.16;3.76;33.33
V5_EKDN230028457-1A_HKTTNDSX7_L4.89;o__Clostridiales;(UID1120);304;250;143;10;238;2;0;0;0;95.10;0.70;0.00
R18_EKDN230028446-1A_HKTC2DSX7_L3.13;c__Alphaproteobacteria;(UID3305);564;349;230;13;324;12;0;0;0;95.07;3.75;50.00
V3_EKDN230028455-1A_HKTC2DSX7_L4.18;k__Bacteria;(UID203);5449;104;58;7;81;16;0;0;0;95.06;5.33;12.50
V1_EKDN230028453-1A_HKTTNDSX7_L4.4;o__Actinomycetales;(UID1697);387;327;191;12;292;23;0;0;0;95.03;4.76;30.43
V6_EKDN230028458-1A_HKTTNDSX7_L4.58;f__Actinomycetaceae;(UID1531);42;420;211;34;376;10;0;0;0;95.03;2.89;50.00
V11_EKDN230028463-1A_HKTTNDSX7_L4.96;k__Bacteria;(UID203);5449;104;58;17;16;13;16;12;30;95.02;344.67;34.18
V4_EKDN230028456-1A_HKTTNDSX7_L4.90;f__Rhodocyclaceae;(UID3972);30;540;241;42;487;10;1;0;0;95.00;2.92;53.85
R5_EKDN230028433-1A_HKTC2DSX7_L3.29;p__Cyanobacteria;(UID2192);79;583;457;26;555;2;0;0;0;95.00;0.44;0.00
R10_EKDN230028438-1A_HKTC2DSX7_L3.48;k__Bacteria;(UID1453);901;171;117;18;142;11;0;0;0;94.97;7.01;27.27
R3_EKDN230028431-1A_HKTC2DSX7_L3.47;k__Bacteria;(UID2982);88;229;147;28;100;71;29;1;0;94.96;68.88;12.80
V1_EKDN230028453-1A_HKTTNDSX7_L4.43;k__Bacteria;(UID3187);2258;181;110;9;166;6;0;0;0;94.94;5.45;66.67
V11_EKDN230028463-1A_HKTTNDSX7_L4.25;o__Burkholderiales;(UID4000);193;427;214;42;286;83;12;3;1;94.92;29.78;43.54
R17_EKDN230028445-1A_HKTC2DSX7_L3.41;k__Bacteria;(UID203);5449;104;58;8;20;22;23;19;12;94.91;207.27;15.50
V4_EKDN230028456-1A_HKTTNDSX7_L4.27;f__Actinomycetaceae;(UID1531);42;420;211;45;353;21;1;0;0;94.89;7.07;66.67
R12_EKDN230028440-1A_HKTC2DSX7_L3.78;o__Burkholderiales;(UID4000);193;426;214;55;359;12;0;0;0;94.86;4.75;16.67
V4_EKDN230028456-1A_HKTTNDSX7_L4.110;k__Bacteria;(UID203);5449;104;58;3;20;10;35;11;25;94.83;206.50;1.83
R1_EKDN230028429-1A_HKTC2DSX7_L3.18;k__Bacteria;(UID203);5449;104;58;3;20;30;27;17;7;94.83;108.69;13.54
R10_EKDN230028438-1A_HKTC2DSX7_L3.36;k__Bacteria;(UID203);5449;104;58;3;17;36;37;10;1;94.83;129.22;8.29
R10_EKDN230028438-1A_HKTC2DSX7_L3.65;c__Alphaproteobacteria;(UID3305);564;349;230;29;315;5;0;0;0;94.82;1.52;60.00
R4_EKDN230028432-1A_HKTC2DSX7_L3.10;c__Betaproteobacteria;(UID3888);323;387;234;41;89;85;75;59;38;94.82;163.86;43.26
V10_EKDN230028462-1A_HKTTNDSX7_L4.110;f__Rhodobacteraceae;(UID3340);84;568;330;33;498;36;1;0;0;94.78;6.56;51.28
R11_EKDN230028439-1A_HKTC2DSX7_L3.32;c__Alphaproteobacteria;(UID3305);564;349;230;39;196;98;16;0;0;94.77;40.97;38.36
R1_EKDN230028429-1A_HKTC2DSX7_L3.54;k__Bacteria;(UID203);5449;104;58;9;59;33;2;1;0;94.75;15.96;33.33
R18_EKDN230028446-1A_HKTC2DSX7_L3.81;k__Bacteria;(UID203);5449;104;58;9;70;24;1;0;0;94.75;16.43;0.00
R16_EKDN230028444-1A_HKTC2DSX7_L3.26;k__Bacteria;(UID203);5449;104;58;9;70;14;11;0;0;94.75;19.38;8.51
R18_EKDN230028446-1A_HKTC2DSX7_L3.70;o__Cytophagales;(UID2936);47;454;336;26;414;14;0;0;0;94.74;3.29;28.57
V2_EKDN230028454-1A_HKTTNDSX7_L4.92;f__Bifidobacteriaceae;(UID1462);65;476;217;21;429;26;0;0;0;94.74;4.42;38.46
V2_EKDN230028454-1A_HKTTNDSX7_L4.12;k__Bacteria;(UID203);5449;103;57;3;79;11;4;4;2;94.74;7.81;19.40
R21_EKDN230028449-1A_HKTC2DSX7_L3.59;k__Bacteria;(UID203);5449;103;57;4;25;46;14;9;5;94.74;128.95;26.04
R19_EKDN230028447-1A_HKTC2DSX7_L3.37;k__Bacteria;(UID203);5449;103;57;3;12;36;21;9;22;94.74;143.99;9.58
R15_EKDN230028443-1A_HKTC2DSX7_L3.40;k__Bacteria;(UID203);5449;103;57;3;61;34;5;0;0;94.74;26.32;0.00
V10_EKDN230028462-1A_HKTTNDSX7_L4.106;c__Gammaproteobacteria;(UID4267);119;544;284;56;156;196;113;15;8;94.72;100.54;69.15
R11_EKDN230028439-1A_HKTC2DSX7_L3.47;p__Bacteroidetes;(UID2591);364;302;202;24;71;102;75;29;1;94.69;135.64;31.42
V5_EKDN230028457-1A_HKTTNDSX7_L4.117;o__Rhizobiales;(UID3447);356;413;248;28;318;63;4;0;0;94.69;20.02;81.33
V3_EKDN230028455-1A_HKTC2DSX7_L4.9;k__Bacteria;(UID203);5449;104;58;4;16;71;12;1;0;94.67;90.60;63.72
R8_EKDN230028436-1A_HKTC2DSX7_L3.32;k__Bacteria;(UID203);5449;104;58;14;6;30;30;14;10;94.67;201.92;36.78
R23_EKDN230028451-1A_HKTC2DSX7_L4.25;k__Bacteria;(UID203);5449;104;58;4;29;26;32;10;3;94.67;141.39;25.94
R16_EKDN230028444-1A_HKTC2DSX7_L3.84;k__Bacteria;(UID203);5449;102;56;3;17;45;32;4;1;94.64;105.92;20.57
R11_EKDN230028439-1A_HKTC2DSX7_L3.43;k__Bacteria;(UID2565);2921;140;85;6;127;7;0;0;0;94.64;7.06;42.86
V1_EKDN230028453-1A_HKTTNDSX7_L4.67;c__Deltaproteobacteria;(UID3216);83;246;155;35;169;41;1;0;0;94.63;20.78;31.82
V5_EKDN230028457-1A_HKTTNDSX7_L4.22;o__Actinomycetales;(UID1593);69;400;198;53;321;26;0;0;0;94.61;5.70;30.77
R8_EKDN230028436-1A_HKTC2DSX7_L3.14;k__Bacteria;(UID203);5449;104;58;10;20;23;23;14;14;94.59;205.50;23.70
V1_EKDN230028453-1A_HKTTNDSX7_L4.116;f__Bifidobacteriaceae;(UID1462);65;476;217;26;384;64;2;0;0;94.59;11.10;51.43
V10_EKDN230028462-1A_HKTTNDSX7_L4.123;c__Gammaproteobacteria;(UID4267);119;544;284;26;498;14;6;0;0;94.53;2.31;71.88
V2_EKDN230028454-1A_HKTTNDSX7_L4.177;k__Bacteria;(UID203);5449;104;58;5;61;38;0;0;0;94.51;30.97;44.74
V2_EKDN230028454-1A_HKTTNDSX7_L4.149;k__Bacteria;(UID203);5449;104;58;5;29;53;16;1;0;94.51;104.09;63.55
R15_EKDN230028443-1A_HKTC2DSX7_L3.48;k__Bacteria;(UID203);5449;104;58;5;18;54;20;5;2;94.51;119.54;38.41
R23_EKDN230028451-1A_HKTC2DSX7_L4.1;k__Bacteria;(UID203);5449;104;58;5;17;32;23;21;6;94.48;185.28;41.08
V7_EKDN230028459-1A_HKTTNDSX7_L4.141;c__Gammaproteobacteria;(UID4202);67;481;276;37;161;199;65;16;3;94.47;82.59;22.69
V3_EKDN230028455-1A_HKTC2DSX7_L4.74;k__Bacteria;(UID203);5449;103;57;5;71;27;0;0;0;94.42;18.18;51.85
V11_EKDN230028463-1A_HKTTNDSX7_L4.33;c__Gammaproteobacteria;(UID4267);119;544;284;55;159;222;75;27;6;94.41;95.94;69.88
R6_EKDN230028434-1A_HKTC2DSX7_L3.21;k__Bacteria;(UID2565);2921;144;89;5;135;4;0;0;0;94.38;4.49;50.00
R1_EKDN230028429-1A_HKTC2DSX7_L3.9;k__Bacteria;(UID2565);2921;144;89;6;136;2;0;0;0;94.38;2.25;0.00
R4_EKDN230028432-1A_HKTC2DSX7_L3.37;p__Cyanobacteria;(UID2192);79;583;457;31;550;2;0;0;0;94.35;0.44;50.00
R5_EKDN230028433-1A_HKTC2DSX7_L3.47;k__Bacteria;(UID203);5449;104;58;12;24;34;21;10;3;94.28;156.05;32.20
R2_EKDN230028430-1A_HKTC2DSX7_L3.77;k__Bacteria;(UID203);5449;104;58;12;19;9;15;13;36;94.28;321.73;17.26
R2_EKDN230028430-1A_HKTC2DSX7_L3.57;k__Bacteria;(UID203);5449;104;58;12;14;18;29;14;17;94.28;197.91;11.75
R7_EKDN230028435-1A_HKTC2DSX7_L3.36;o__Sphingomonadales;(UID3310);26;569;293;62;427;71;8;0;1;94.26;17.33;50.48
V8_EKDN230028460-1A_HHGM2DSX7_L1.3;o__Rhizobiales;(UID3447);356;413;248;25;361;27;0;0;0;94.25;6.29;81.48
R24_EKDN230028452-1A_HKTTNDSX7_L4.15;c__Alphaproteobacteria;(UID3305);564;349;230;42;298;9;0;0;0;94.20;3.26;11.11
R6_EKDN230028434-1A_HKTC2DSX7_L3.68;p__Cyanobacteria;(UID2192);79;583;457;37;543;2;1;0;0;94.20;0.58;60.00
R14_EKDN230028442-1A_HKTC2DSX7_L3.2;k__Bacteria;(UID203);5449;104;58;8;65;19;10;1;1;94.20;30.94;32.31
V8_EKDN230028460-1A_HJH72DSX7_L2.38;o__Flavobacteriales;(UID2815);123;323;204;25;273;21;4;0;0;94.16;8.77;6.06
V2_EKDN230028454-1A_HKTTNDSX7_L4.129;f__Actinomycetaceae;(UID1531);42;420;211;21;385;14;0;0;0;94.15;3.93;42.86
V4_EKDN230028456-1A_HKTTNDSX7_L4.54;k__Bacteria;(UID2569);434;278;186;35;145;84;13;1;0;94.12;48.24;5.43
V12_EKDN230028464-1A_HKTTNDSX7_L4.66;c__Deltaproteobacteria;(UID3217);62;280;168;18;158;83;19;2;0;94.12;54.31;11.18
V5_EKDN230028457-1A_HKTTNDSX7_L4.120;o__Flavobacteriales;(UID2815);123;323;204;32;279;11;1;0;0;94.07;4.80;28.57
V11_EKDN230028463-1A_HKTTNDSX7_L4.31;c__Gammaproteobacteria;(UID4267);119;544;284;32;499;13;0;0;0;94.05;1.82;46.15
R17_EKDN230028445-1A_HKTC2DSX7_L3.21;k__Bacteria;(UID203);5449;104;58;8;30;26;37;3;0;94.04;106.20;25.16
R16_EKDN230028444-1A_HKTC2DSX7_L3.62;k__Bacteria;(UID203);5449;104;58;9;19;33;26;8;9;94.04;165.34;15.44
R16_EKDN230028444-1A_HKTC2DSX7_L3.55;k__Bacteria;(UID203);5449;104;58;8;49;38;8;1;0;94.04;47.34;50.00
V4_EKDN230028456-1A_HKTTNDSX7_L4.91;k__Bacteria;(UID3187);2258;181;110;10;161;9;1;0;0;94.03;6.52;16.67
R24_EKDN230028452-1A_HKTTNDSX7_L4.31;p__Actinobacteria;(UID1454);732;200;117;9;188;3;0;0;0;94.02;1.99;66.67
V12_EKDN230028464-1A_HKTTNDSX7_L4.20;o__Rhizobiales;(UID3447);356;416;249;57;357;2;0;0;0;94.02;0.28;0.00
V3_EKDN230028455-1A_HKTC2DSX7_L4.112;c__Betaproteobacteria;(UID3888);323;387;234;60;317;10;0;0;0;93.97;2.40;60.00
V5_EKDN230028457-1A_HKTTNDSX7_L4.113;k__Bacteria;(UID203);5449;104;58;4;70;21;9;0;0;93.97;15.03;25.00
V3_EKDN230028455-1A_HKTC2DSX7_L4.14;k__Bacteria;(UID203);5449;104;58;14;73;17;0;0;0;93.97;5.80;5.88
R8_EKDN230028436-1A_HKTC2DSX7_L3.33;k__Bacteria;(UID203);5449;104;58;4;73;23;4;0;0;93.97;11.61;11.43
R4_EKDN230028432-1A_HKTC2DSX7_L3.48;k__Bacteria;(UID203);5449;104;58;14;6;10;12;21;41;93.97;362.52;28.69
R15_EKDN230028443-1A_HKTC2DSX7_L3.5;k__Bacteria;(UID203);5449;104;58;4;44;46;10;0;0;93.97;45.74;46.05
R12_EKDN230028440-1A_HKTC2DSX7_L3.17;k__Bacteria;(UID203);5449;104;58;14;31;29;18;12;0;93.97;124.50;10.32
V3_EKDN230028455-1A_HKTC2DSX7_L4.90;c__Betaproteobacteria;(UID3888);323;387;234;32;325;29;1;0;0;93.96;7.12;53.12
R10_EKDN230028438-1A_HKTC2DSX7_L3.96;k__Bacteria;(UID203);5449;104;58;27;19;23;21;9;5;93.94;153.17;35.79
V12_EKDN230028464-1A_HKTTNDSX7_L4.83;c__Gammaproteobacteria;(UID4267);119;544;284;29;506;9;0;0;0;93.89;1.57;44.44
V5_EKDN230028457-1A_HKTTNDSX7_L4.55;f__Actinomycetaceae;(UID1531);42;420;211;43;366;10;1;0;0;93.89;3.48;46.15
R15_EKDN230028443-1A_HKTC2DSX7_L3.22;f__Rhodobacteraceae;(UID3340);84;568;330;56;497;15;0;0;0;93.88;3.00;60.00
R23_EKDN230028451-1A_HKTC2DSX7_L4.37;k__Bacteria;(UID203);5449;103;57;4;14;17;32;25;11;93.86;176.56;13.28
R13_EKDN230028441-1A_HKTC2DSX7_L3.39;o__Burkholderiales;(UID4000);193;427;214;51;86;141;91;41;17;93.85;136.33;61.18
R11_EKDN230028439-1A_HKTC2DSX7_L3.4;c__Alphaproteobacteria;(UID3305);564;349;230;19;264;60;6;0;0;93.77;18.64;14.10
R10_EKDN230028438-1A_HKTC2DSX7_L3.38;o__Rhizobiales;(UID3447);356;416;249;57;289;64;5;1;0;93.75;23.35;44.71
R7_EKDN230028435-1A_HKTC2DSX7_L3.22;k__Bacteria;(UID203);5449;104;58;10;14;26;22;15;17;93.73;248.94;19.42
V2_EKDN230028454-1A_HKTTNDSX7_L4.171;c__Betaproteobacteria;(UID3888);323;387;234;47;312;28;0;0;0;93.70;8.15;39.29
V10_EKDN230028462-1A_HKTTNDSX7_L4.84;p__Bacteroidetes;(UID2591);364;303;203;35;77;94;63;27;7;93.67;131.10;14.23
R6_EKDN230028434-1A_HKTC2DSX7_L3.57;o__Sphingomonadales;(UID3310);26;569;293;42;503;24;0;0;0;93.66;2.94;50.00
V10_EKDN230028462-1A_HKTTNDSX7_L4.116;k__Bacteria;(UID3187);2258;181;110;45;133;3;0;0;0;93.64;2.00;33.33
V1_EKDN230028453-1A_HKTTNDSX7_L4.49;o__Lactobacillales;(UID544);293;475;267;42;426;7;0;0;0;93.63;2.07;42.86
R12_EKDN230028440-1A_HKTC2DSX7_L3.28;k__Bacteria;(UID203);5449;104;58;13;5;22;12;32;20;93.57;260.32;65.71
R22_EKDN230028450-1A_HKTC2DSX7_L3.29;k__Bacteria;(UID1453);901;171;117;23;134;13;1;0;0;93.54;8.63;25.00
R18_EKDN230028446-1A_HKTC2DSX7_L3.61;f__Rhodobacteraceae;(UID3340);84;568;330;37;498;32;1;0;0;93.52;4.66;42.86
V2_EKDN230028454-1A_HKTTNDSX7_L4.81;k__Bacteria;(UID203);5449;104;58;22;19;26;26;3;8;93.51;173.98;52.63
V3_EKDN230028455-1A_HKTC2DSX7_L4.38;k__Bacteria;(UID203);5449;104;58;7;35;53;8;1;0;93.50;78.06;71.08
V10_EKDN230028462-1A_HKTTNDSX7_L4.22;o__Burkholderiales;(UID4000);193;427;214;52;364;11;0;0;0;93.46;2.51;63.64
R7_EKDN230028435-1A_HKTC2DSX7_L3.13;o__Sphingomonadales;(UID3310);26;569;293;42;480;42;5;0;0;93.45;8.95;14.04
R16_EKDN230028444-1A_HKTC2DSX7_L3.61;p__Cyanobacteria;(UID2192);79;583;457;37;535;11;0;0;0;93.45;2.08;27.27
R6_EKDN230028434-1A_HKTC2DSX7_L3.38;o__Rhizobiales;(UID3654);92;481;319;27;449;5;0;0;0;93.44;0.99;60.00
R22_EKDN230028450-1A_HKTC2DSX7_L3.40;o__Rhizobiales;(UID3654);92;481;319;37;427;17;0;0;0;93.44;3.04;17.65
V4_EKDN230028456-1A_HKTTNDSX7_L4.22;k__Bacteria;(UID203);5449;104;58;12;64;25;3;0;0;93.42;16.21;14.71
R11_EKDN230028439-1A_HKTC2DSX7_L3.64;k__Bacteria;(UID203);5449;104;58;14;23;22;24;14;7;93.42;161.00;22.48
V5_EKDN230028457-1A_HKTTNDSX7_L4.26;k__Bacteria;(UID203);5449;104;58;18;25;55;6;0;0;93.34;82.99;30.14
R24_EKDN230028452-1A_HKTTNDSX7_L4.51;k__Bacteria;(UID203);5449;104;58;8;17;46;32;1;0;93.34;88.53;43.24
R23_EKDN230028451-1A_HKTC2DSX7_L4.26;o__Burkholderiales;(UID4000);193;427;214;45;359;16;0;6;1;93.31;6.07;16.13
R24_EKDN230028452-1A_HKTTNDSX7_L4.6;k__Bacteria;(UID203);5449;104;58;7;36;26;18;12;5;93.31;118.35;10.89
R22_EKDN230028450-1A_HKTC2DSX7_L3.2;k__Bacteria;(UID3187);2258;182;112;8;173;1;0;0;0;93.30;0.89;0.00
V10_EKDN230028462-1A_HKTTNDSX7_L4.108;k__Bacteria;(UID203);5449;104;58;13;14;14;13;22;28;93.29;313.53;37.90
R24_EKDN230028452-1A_HKTTNDSX7_L4.34;k__Bacteria;(UID203);5449;104;58;6;19;51;25;3;0;93.28;104.95;68.06
V4_EKDN230028456-1A_HKTTNDSX7_L4.52;o__Burkholderiales;(UID4000);193;427;214;51;70;64;85;54;103;93.20;244.68;8.24
V1_EKDN230028453-1A_HKTTNDSX7_L4.9;k__Bacteria;(UID203);5449;104;58;11;21;24;37;6;5;93.18;156.35;43.29
R10_EKDN230028438-1A_HKTC2DSX7_L3.41;k__Bacteria;(UID203);5449;104;58;19;25;55;5;0;0;93.18;70.50;74.29
R4_EKDN230028432-1A_HKTC2DSX7_L3.18;k__Bacteria;(UID203);5449;104;58;8;27;22;19;15;13;93.15;220.14;43.75
V8_EKDN230028460-1A_HJH72DSX7_L2.62;p__Bacteroidetes;(UID2591);364;303;203;35;264;3;1;0;0;93.13;2.00;50.00
V12_EKDN230028464-1A_HKTTNDSX7_L4.44;k__Bacteria;(UID203);5449;104;58;4;41;37;19;1;2;93.10;76.81;47.50
R4_EKDN230028432-1A_HKTC2DSX7_L3.46;k__Bacteria;(UID203);5449;104;58;4;34;32;19;6;9;93.10;101.08;12.89
R3_EKDN230028431-1A_HKTC2DSX7_L3.36;k__Bacteria;(UID203);5449;104;58;14;19;26;20;15;10;93.10;194.91;31.79
R24_EKDN230028452-1A_HKTTNDSX7_L4.32;k__Bacteria;(UID203);5449;104;58;4;14;23;21;26;16;93.10;171.33;15.99
R23_EKDN230028451-1A_HKTC2DSX7_L4.19;k__Bacteria;(UID203);5449;104;58;5;26;50;19;4;0;93.10;81.94;22.14
R17_EKDN230028445-1A_HKTC2DSX7_L3.44;o__Rhizobiales;(UID3447);356;413;248;21;373;19;0;0;0;93.08;3.13;10.53
V8_EKDN230028460-1A_HJH72DSX7_L2.43;o__Burkholderiales;(UID4000);193;427;214;72;339;15;1;0;0;93.06;4.20;22.22
R24_EKDN230028452-1A_HKTTNDSX7_L4.45;k__Bacteria;(UID203);5449;104;58;10;26;65;3;0;0;93.03;76.07;78.38
R11_EKDN230028439-1A_HKTC2DSX7_L3.14;o__Sphingomonadales;(UID3310);26;569;293;40;513;16;0;0;0;93.01;2.61;62.50
R17_EKDN230028445-1A_HKTC2DSX7_L3.29;o__Burkholderiales;(UID4000);193;427;214;26;277;115;9;0;0;92.98;35.50;9.86
R15_EKDN230028443-1A_HKTC2DSX7_L3.67;k__Bacteria;(UID203);5449;104;58;5;32;46;16;3;2;92.95;76.42;20.45
V6_EKDN230028458-1A_HKTTNDSX7_L4.97;o__Rhizobiales;(UID3447);356;413;248;28;353;29;2;1;0;92.85;12.14;95.12
V1_EKDN230028453-1A_HKTTNDSX7_L4.53;c__Betaproteobacteria;(UID3888);323;387;234;39;339;9;0;0;0;92.84;3.85;88.89
V2_EKDN230028454-1A_HKTTNDSX7_L4.100;k__Bacteria;(UID2329);174;149;89;18;125;6;0;0;0;92.81;4.25;33.33
R18_EKDN230028446-1A_HKTC2DSX7_L3.31;o__Sphingomonadales;(UID3310);26;569;293;39;297;225;8;0;0;92.80;42.33;25.70
V10_EKDN230028462-1A_HKTTNDSX7_L4.92;k__Bacteria;(UID203);5449;104;58;27;8;12;21;18;18;92.79;275.69;40.83
R5_EKDN230028433-1A_HKTC2DSX7_L3.23;k__Bacteria;(UID203);5449;104;58;18;19;10;10;8;39;92.79;358.68;16.99
R1_EKDN230028429-1A_HKTC2DSX7_L3.2;k__Bacteria;(UID203);5449;104;58;27;16;19;23;12;7;92.79;171.50;39.15
R11_EKDN230028439-1A_HKTC2DSX7_L3.11;c__Alphaproteobacteria;(UID3305);564;349;230;42;82;120;85;15;5;92.78;109.13;21.54
R6_EKDN230028434-1A_HKTC2DSX7_L3.18;k__Bacteria;(UID203);5449;104;58;22;17;7;12;14;32;92.71;315.48;24.21
R4_EKDN230028432-1A_HKTC2DSX7_L3.47;o__Rhizobiales;(UID3654);92;481;319;34;442;5;0;0;0;92.69;0.80;40.00
R7_EKDN230028435-1A_HKTC2DSX7_L3.16;o__Burkholderiales;(UID4000);193;427;214;57;353;17;0;0;0;92.66;4.00;35.29
R11_EKDN230028439-1A_HKTC2DSX7_L3.61;k__Bacteria;(UID203);5449;104;58;18;2;9;12;10;53;92.63;402.91;21.18
R1_EKDN230028429-1A_HKTC2DSX7_L3.34;o__Burkholderiales;(UID4000);193;427;214;53;365;8;1;0;0;92.61;2.49;45.45
V12_EKDN230028464-1A_HKTTNDSX7_L4.81;o__Burkholderiales;(UID4000);193;427;214;53;316;50;8;0;0;92.60;16.43;20.27
V9_EKDN230028461-1A_HKTTNDSX7_L4.104;o__Rhizobiales;(UID3447);356;416;249;54;343;19;0;0;0;92.59;4.54;57.89
V11_EKDN230028463-1A_HKTTNDSX7_L4.54;k__Bacteria;(UID2569);434;278;186;31;239;8;0;0;0;92.56;2.11;37.50
R2_EKDN230028430-1A_HKTC2DSX7_L3.55;k__Bacteria;(UID2982);88;229;147;19;202;8;0;0;0;92.56;4.42;25.00
V11_EKDN230028463-1A_HKTTNDSX7_L4.90;k__Bacteria;(UID203);5449;104;58;13;33;21;27;8;2;92.55;116.60;74.12
R1_EKDN230028429-1A_HKTC2DSX7_L3.51;o__Rhizobiales;(UID3654);92;481;319;42;421;18;0;0;0;92.54;4.44;16.67
R21_EKDN230028449-1A_HKTC2DSX7_L3.16;k__Bacteria;(UID203);5449;104;58;24;35;35;10;0;0;92.54;70.45;38.46
V6_EKDN230028458-1A_HKTTNDSX7_L4.87;o__Actinomycetales;(UID1697);387;330;193;31;293;6;0;0;0;92.54;1.89;33.33
V2_EKDN230028454-1A_HKTTNDSX7_L4.123;k__Bacteria;(UID203);5449;103;58;13;31;20;30;6;3;92.52;158.53;43.55
V6_EKDN230028458-1A_HKTTNDSX7_L4.27;o__Lactobacillales;(UID543);294;472;265;37;421;14;0;0;0;92.52;2.79;64.29
R9_EKDN230028437-1A_HKTC2DSX7_L3.14;o__Burkholderiales;(UID4000);193;427;214;56;69;133;115;45;9;92.51;144.02;56.23
R24_EKDN230028452-1A_HKTTNDSX7_L4.60;k__Bacteria;(UID203);5449;104;58;11;16;15;31;24;7;92.48;184.40;50.30
V2_EKDN230028454-1A_HKTTNDSX7_L4.43;o__Lactobacillales;(UID544);293;475;267;56;412;7;0;0;0;92.47;1.87;28.57
R22_EKDN230028450-1A_HKTC2DSX7_L3.61;c__Betaproteobacteria;(UID3888);323;387;234;39;82;156;82;24;4;92.46;113.63;53.75
R8_EKDN230028436-1A_HKTC2DSX7_L3.11;k__Bacteria;(UID203);5449;104;58;14;40;32;18;0;0;92.40;83.07;53.49
V11_EKDN230028463-1A_HKTTNDSX7_L4.101;c__Gammaproteobacteria;(UID4274);112;580;289;67;473;40;0;0;0;92.38;5.82;22.50
R3_EKDN230028431-1A_HKTC2DSX7_L3.5;k__Bacteria;(UID203);5449;104;58;6;60;26;8;3;1;92.37;28.76;8.97
R21_EKDN230028449-1A_HKTC2DSX7_L3.46;k__Bacteria;(UID203);5449;104;58;19;35;34;13;2;1;92.32;76.71;48.42
V7_EKDN230028459-1A_HKTTNDSX7_L4.2;c__Betaproteobacteria;(UID3959);235;420;211;63;329;27;1;0;0;92.29;7.99;36.67
R10_EKDN230028438-1A_HKTC2DSX7_L3.14;k__Bacteria;(UID203);5449;104;58;19;27;50;8;0;0;92.29;84.12;56.76
V8_EKDN230028460-1A_HJH72DSX7_L2.80;c__Betaproteobacteria;(UID3888);323;387;234;54;317;16;0;0;0;92.27;5.98;31.25
R3_EKDN230028431-1A_HKTC2DSX7_L3.55;c__Alphaproteobacteria;(UID3305);564;349;230;22;308;19;0;0;0;92.25;5.96;68.42
V9_EKDN230028461-1A_HKTTNDSX7_L4.26;k__Bacteria;(UID203);5449;104;58;5;65;27;7;0;0;92.24;34.54;45.83
R13_EKDN230028441-1A_HKTC2DSX7_L3.23;k__Bacteria;(UID203);5449;104;58;11;16;31;18;13;15;92.19;247.95;13.27
R1_EKDN230028429-1A_HKTC2DSX7_L3.68;k__Bacteria;(UID203);5449;104;58;30;16;10;18;13;17;92.16;246.59;27.72
R12_EKDN230028440-1A_HKTC2DSX7_L3.35;k__Bacteria;(UID203);5449;104;58;10;61;26;7;0;0;92.16;38.20;19.15
V4_EKDN230028456-1A_HKTTNDSX7_L4.36;k__Bacteria;(UID203);5449;103;57;18;53;20;6;5;1;92.15;43.92;17.95
V10_EKDN230028462-1A_HKTTNDSX7_L4.71;o__Rhizobiales;(UID3450);238;513;244;27;481;5;0;0;0;92.15;1.84;0.00
R9_EKDN230028437-1A_HKTC2DSX7_L3.6;k__Bacteria;(UID203);5449;103;57;11;20;38;24;6;4;92.14;149.04;40.84
R20_EKDN230028448-1A_HKTC2DSX7_L3.2;k__Bacteria;(UID2565);2921;144;89;7;134;2;1;0;0;92.13;3.47;0.00
V3_EKDN230028455-1A_HKTC2DSX7_L4.20;o__Rhizobiales;(UID3447);356;413;248;30;329;52;2;0;0;92.10;14.89;91.38
V12_EKDN230028464-1A_HKTTNDSX7_L4.42;c__Alphaproteobacteria;(UID3305);564;349;230;32;287;29;1;0;0;92.09;8.64;68.75
V11_EKDN230028463-1A_HKTTNDSX7_L4.81;c__Betaproteobacteria;(UID3888);323;387;234;46;310;30;1;0;0;92.06;9.38;60.61
R2_EKDN230028430-1A_HKTC2DSX7_L3.56;o__Rhizobiales;(UID3654);92;481;319;36;437;8;0;0;0;92.02;1.92;25.00
R6_EKDN230028434-1A_HKTC2DSX7_L3.78;k__Bacteria;(UID203);5449;104;58;22;13;15;10;12;32;92.01;365.27;13.84
R12_EKDN230028440-1A_HKTC2DSX7_L3.90;o__Rhizobiales;(UID3654);92;481;319;32;397;52;0;0;0;92.01;9.39;57.69
R16_EKDN230028444-1A_HKTC2DSX7_L3.5;f__Rhodobacteraceae;(UID3340);84;568;330;52;495;21;0;0;0;91.98;3.39;57.14
V12_EKDN230028464-1A_HKTTNDSX7_L4.108;o__Actinomycetales;(UID1697);387;330;193;21;287;21;1;0;0;91.98;5.11;83.33
R18_EKDN230028446-1A_HKTC2DSX7_L3.18;o__Burkholderiales;(UID4000);193;427;214;34;348;42;3;0;0;91.96;8.43;56.86
V2_EKDN230028454-1A_HKTTNDSX7_L4.68;o__Actinomycetales;(UID1697);387;330;193;37;281;9;3;0;0;91.96;1.89;44.44
V1_EKDN230028453-1A_HKTTNDSX7_L4.77;o__Lactobacillales;(UID355);490;334;183;29;292;11;2;0;0;91.94;5.30;35.29
V3_EKDN230028455-1A_HKTC2DSX7_L4.87;c__Betaproteobacteria;(UID3888);323;387;234;31;347;9;0;0;0;91.93;2.86;44.44
R16_EKDN230028444-1A_HKTC2DSX7_L3.51;k__Bacteria;(UID203);5449;104;58;8;58;32;5;1;0;91.93;42.98;18.87
V10_EKDN230028462-1A_HKTTNDSX7_L4.120;c__Gammaproteobacteria;(UID4267);119;544;284;48;480;16;0;0;0;91.86;2.77;43.75
R2_EKDN230028430-1A_HKTC2DSX7_L3.72;k__Bacteria;(UID2565);2921;144;89;8;133;3;0;0;0;91.85;3.37;33.33
V1_EKDN230028453-1A_HKTTNDSX7_L4.41;o__Clostridiales;(UID1212);172;257;149;18;230;9;0;0;0;91.81;4.24;66.67
V2_EKDN230028454-1A_HKTTNDSX7_L4.109;o__Lactobacillales;(UID355);490;334;183;48;274;9;3;0;0;91.80;4.23;33.33
V5_EKDN230028457-1A_HKTTNDSX7_L4.132;k__Bacteria;(UID2569);434;278;186;47;200;26;4;1;0;91.77;16.94;20.45
R16_EKDN230028444-1A_HKTC2DSX7_L3.50;p__Cyanobacteria;(UID2189);82;579;450;48;525;6;0;0;0;91.74;1.22;66.67
V3_EKDN230028455-1A_HKTC2DSX7_L4.72;o__Clostridiales;(UID1212);172;263;149;47;196;17;3;0;0;91.73;8.79;73.08
R18_EKDN230028446-1A_HKTC2DSX7_L3.11;p__Bacteroidetes;(UID2591);364;298;198;51;97;115;28;6;1;91.72;75.94;29.39
V11_EKDN230028463-1A_HKTTNDSX7_L4.75;p__Bacteroidetes;(UID2591);364;303;203;18;281;4;0;0;0;91.71;1.18;25.00
V3_EKDN230028455-1A_HKTC2DSX7_L4.36;k__Bacteria;(UID203);5449;104;58;16;31;39;16;2;0;91.69;89.97;30.30
V11_EKDN230028463-1A_HKTTNDSX7_L4.77;c__Betaproteobacteria;(UID3888);323;387;234;42;341;4;0;0;0;91.69;1.31;25.00
V7_EKDN230028459-1A_HKTTNDSX7_L4.46;k__Bacteria;(UID203);5449;104;58;14;30;35;11;10;4;91.66;131.45;2.89
V7_EKDN230028459-1A_HKTTNDSX7_L4.116;o__Burkholderiales;(UID4000);193;427;214;77;82;97;76;45;50;91.65;173.02;11.64
R6_EKDN230028434-1A_HKTC2DSX7_L3.10;k__Bacteria;(UID203);5449;104;58;22;15;17;19;16;15;91.63;199.80;54.03
V7_EKDN230028459-1A_HKTTNDSX7_L4.44;o__Burkholderiales;(UID4000);193;427;214;23;304;90;7;3;0;91.61;24.41;20.16
V9_EKDN230028461-1A_HKTTNDSX7_L4.131;k__Bacteria;(UID3187);2258;181;110;34;144;3;0;0;0;91.59;2.73;33.33
V8_EKDN230028460-1A_HJH72DSX7_L2.15;k__Bacteria;(UID3187);2258;181;110;34;144;3;0;0;0;91.59;2.73;33.33
R3_EKDN230028431-1A_HKTC2DSX7_L3.13;k__Bacteria;(UID203);5449;104;58;15;15;16;14;19;25;91.54;314.45;21.09
R24_EKDN230028452-1A_HKTTNDSX7_L4.3;k__Bacteria;(UID203);5449;104;58;14;18;14;17;16;25;91.54;271.44;43.23
R11_EKDN230028439-1A_HKTC2DSX7_L3.59;k__Bacteria;(UID203);5449;104;58;35;11;44;14;0;0;91.54;94.83;44.19
R12_EKDN230028440-1A_HKTC2DSX7_L3.16;o__Sphingomonadales;(UID3310);26;569;293;50;499;20;0;0;0;91.49;3.64;55.00
V7_EKDN230028459-1A_HKTTNDSX7_L4.48;k__Bacteria;(UID203);5449;103;57;10;67;23;3;0;0;91.47;12.95;28.12
R16_EKDN230028444-1A_HKTC2DSX7_L3.79;o__Burkholderiales;(UID4000);193;427;214;60;131;133;78;21;4;91.44;93.31;29.37
R22_EKDN230028450-1A_HKTC2DSX7_L3.54;c__Gammaproteobacteria;(UID4202);67;481;276;30;445;6;0;0;0;91.43;1.66;83.33
R22_EKDN230028450-1A_HKTC2DSX7_L3.7;f__Rhodobacteraceae;(UID3340);84;568;330;53;499;16;0;0;0;91.40;2.64;75.00
V5_EKDN230028457-1A_HKTTNDSX7_L4.125;o__Lactobacillales;(UID544);293;475;267;67;401;6;1;0;0;91.40;2.43;22.22
V1_EKDN230028453-1A_HKTTNDSX7_L4.89;k__Bacteria;(UID203);5449;102;56;24;22;30;23;2;1;91.40;116.07;44.44
V8_EKDN230028460-1A_HJH72DSX7_L2.89;k__Bacteria;(UID203);5449;104;58;18;29;18;29;9;1;91.38;150.97;61.54
V11_EKDN230028463-1A_HKTTNDSX7_L4.114;k__Bacteria;(UID203);5449;104;58;6;60;38;0;0;0;91.38;31.82;57.89
V10_EKDN230028462-1A_HKTTNDSX7_L4.16;k__Bacteria;(UID203);5449;104;58;5;74;22;3;0;0;91.38;17.74;3.23
R13_EKDN230028441-1A_HKTC2DSX7_L3.2;k__Bacteria;(UID203);5449;104;58;5;65;33;1;0;0;91.38;34.33;38.89
V11_EKDN230028463-1A_HKTTNDSX7_L4.42;o__Actinomycetales;(UID1697);387;330;193;21;296;11;2;0;0;91.36;4.28;76.47
V8_EKDN230028460-1A_HJH72DSX7_L2.23;o__Rhizobiales;(UID3447);356;413;248;37;266;106;4;0;0;91.35;27.84;83.05
V7_EKDN230028459-1A_HKTTNDSX7_L4.76;o__Flavobacteriales;(UID2815);123;323;204;33;284;6;0;0;0;91.35;2.94;16.67
V11_EKDN230028463-1A_HKTTNDSX7_L4.64;f__Rhodobacteraceae;(UID3340);84;568;330;59;481;28;0;0;0;91.33;6.14;57.14
V7_EKDN230028459-1A_HKTTNDSX7_L4.125;o__Actinomycetales;(UID1697);387;330;193;26;271;31;2;0;0;91.33;10.41;86.49
V12_EKDN230028464-1A_HKTTNDSX7_L4.17;c__Betaproteobacteria;(UID3888);323;387;234;68;292;27;0;0;0;91.32;8.38;66.67
V3_EKDN230028455-1A_HKTC2DSX7_L4.65;o__Clostridiales;(UID1120);304;247;141;42;193;12;0;0;0;91.31;6.78;41.67
V11_EKDN230028463-1A_HKTTNDSX7_L4.86;k__Bacteria;(UID3187);2258;181;110;30;148;3;0;0;0;91.31;2.00;33.33
R24_EKDN230028452-1A_HKTTNDSX7_L4.57;k__Bacteria;(UID203);5449;104;58;15;71;6;8;4;0;91.27;13.56;1.85
R3_EKDN230028431-1A_HKTC2DSX7_L3.30;k__Bacteria;(UID203);5449;104;58;7;30;31;16;10;10;91.22;95.85;9.03
R15_EKDN230028443-1A_HKTC2DSX7_L3.27;k__Bacteria;(UID203);5449;104;58;6;14;22;24;17;21;91.22;172.68;14.86
R14_EKDN230028442-1A_HKTC2DSX7_L3.31;k__Bacteria;(UID203);5449;104;58;16;25;34;19;6;4;91.22;115.36;6.59
R22_EKDN230028450-1A_HKTC2DSX7_L3.50;o__Rhizobiales;(UID3642);107;485;316;69;128;240;45;2;1;91.20;77.26;59.45
R16_EKDN230028444-1A_HKTC2DSX7_L3.83;p__Bacteroidetes;(UID2591);364;302;202;22;253;27;0;0;0;91.17;4.22;25.93
V9_EKDN230028461-1A_HKTTNDSX7_L4.112;c__Gammaproteobacteria;(UID4267);119;544;284;53;458;31;2;0;0;91.15;7.92;72.97
R12_EKDN230028440-1A_HKTC2DSX7_L3.25;c__Alphaproteobacteria;(UID3305);564;349;230;44;249;48;8;0;0;91.13;20.75;38.89
R22_EKDN230028450-1A_HKTC2DSX7_L3.31;c__Gammaproteobacteria;(UID4202);67;481;276;53;401;27;0;0;0;91.11;4.93;11.11
R7_EKDN230028435-1A_HKTC2DSX7_L3.2;k__Bacteria;(UID203);5449;104;58;7;67;22;7;1;0;91.07;32.03;38.78
R10_EKDN230028438-1A_HKTC2DSX7_L3.59;k__Bacteria;(UID203);5449;104;58;27;8;8;7;18;36;91.07;316.63;59.22
R4_EKDN230028432-1A_HKTC2DSX7_L3.14;k__Bacteria;(UID2982);88;229;147;30;191;8;0;0;0;91.05;3.88;75.00
V4_EKDN230028456-1A_HKTTNDSX7_L4.30;k__Bacteria;(UID2372);131;177;106;24;152;1;0;0;0;91.04;0.94;0.00
R10_EKDN230028438-1A_HKTC2DSX7_L3.29;o__Sphingomonadales;(UID3310);26;569;293;68;482;18;1;0;0;90.98;3.85;38.10
R14_EKDN230028442-1A_HKTC2DSX7_L3.14;o__Burkholderiales;(UID4000);193;427;214;57;136;133;71;22;8;90.96;100.09;76.34
V1_EKDN230028453-1A_HKTTNDSX7_L4.119;o__Actinomycetales;(UID1697);387;330;193;50;264;16;0;0;0;90.92;4.23;25.00
V12_EKDN230028464-1A_HKTTNDSX7_L4.103;k__Bacteria;(UID203);5449;104;58;30;25;39;10;0;0;90.86;66.61;92.75
V5_EKDN230028457-1A_HKTTNDSX7_L4.4;o__Burkholderiales;(UID4105);54;553;264;65;196;226;62;4;0;90.82;73.17;33.49
R11_EKDN230028439-1A_HKTC2DSX7_L3.82;k__Bacteria;(UID203);5449;104;58;36;25;34;9;0;0;90.82;74.48;24.59
V7_EKDN230028459-1A_HKTTNDSX7_L4.142;f__Flavobacteriaceae;(UID2817);81;511;283;40;426;44;1;0;0;90.81;12.00;29.79
R8_EKDN230028436-1A_HKTC2DSX7_L3.36;o__Burkholderiales;(UID4000);193;427;214;54;333;40;0;0;0;90.80;8.87;20.00
V3_EKDN230028455-1A_HKTC2DSX7_L4.17;c__Betaproteobacteria;(UID3888);323;387;234;76;303;8;0;0;0;90.79;1.57;37.50
V4_EKDN230028456-1A_HKTTNDSX7_L4.77;k__Bacteria;(UID203);5449;104;58;9;49;42;4;0;0;90.75;54.76;16.67
R2_EKDN230028430-1A_HKTC2DSX7_L3.67;k__Bacteria;(UID203);5449;104;58;18;25;32;19;4;6;90.72;133.79;50.27
R24_EKDN230028452-1A_HKTTNDSX7_L4.35;f__Rhodobacteraceae;(UID3340);84;568;330;56;501;11;0;0;0;90.71;1.87;54.55
V4_EKDN230028456-1A_HKTTNDSX7_L4.32;o__Rhizobiales;(UID3447);356;413;248;36;358;19;0;0;0;90.67;5.47;78.95
R9_EKDN230028437-1A_HKTC2DSX7_L3.44;o__Burkholderiales;(UID4000);193;427;214;47;362;18;0;0;0;90.66;3.83;33.33
R13_EKDN230028441-1A_HKTC2DSX7_L3.4;c__Alphaproteobacteria;(UID3422);26;529;308;72;348;91;12;6;0;90.62;24.34;45.40
R15_EKDN230028443-1A_HKTC2DSX7_L3.1;c__Gammaproteobacteria;(UID4274);112;579;290;87;464;26;2;0;0;90.60;5.40;62.50
V12_EKDN230028464-1A_HKTTNDSX7_L4.49;k__Bacteria;(UID203);5449;104;58;9;58;24;11;0;2;90.59;32.59;41.46
V3_EKDN230028455-1A_HKTC2DSX7_L4.64;f__Bifidobacteriaceae;(UID1458);77;464;220;52;393;18;1;0;0;90.56;4.43;71.43
R2_EKDN230028430-1A_HKTC2DSX7_L3.65;k__Bacteria;(UID2982);88;229;147;18;188;23;0;0;0;90.55;11.13;34.78
R13_EKDN230028441-1A_HKTC2DSX7_L3.45;c__Betaproteobacteria;(UID3888);323;387;234;51;316;20;0;0;0;90.52;5.98;90.00
R8_EKDN230028436-1A_HKTC2DSX7_L3.39;k__Bacteria;(UID203);5449;104;58;7;73;23;1;0;0;90.52;7.95;88.46
R23_EKDN230028451-1A_HKTC2DSX7_L4.44;k__Bacteria;(UID203);5449;104;58;20;20;55;6;3;0;90.52;66.74;79.12
R18_EKDN230028446-1A_HKTC2DSX7_L3.10;k__Bacteria;(UID203);5449;104;58;7;33;50;8;6;0;90.52;69.22;66.36
R10_EKDN230028438-1A_HKTC2DSX7_L3.35;k__Bacteria;(UID203);5449;104;58;7;46;41;9;1;0;90.52;37.51;70.27
R13_EKDN230028441-1A_HKTC2DSX7_L3.33;o__Burkholderiales;(UID4000);193;427;214;88;326;13;0;0;0;90.49;3.21;15.38
R4_EKDN230028432-1A_HKTC2DSX7_L3.22;c__Alphaproteobacteria;(UID3305);564;349;230;26;318;5;0;0;0;90.45;1.08;60.00
R12_EKDN230028440-1A_HKTC2DSX7_L3.34;k__Bacteria;(UID203);5449;104;58;11;15;73;4;1;0;90.44;78.99;69.23
V10_EKDN230028462-1A_HKTTNDSX7_L4.18;o__Actinomycetales;(UID1697);387;330;193;26;291;13;0;0;0;90.41;3.36;61.54
V5_EKDN230028457-1A_HKTTNDSX7_L4.41;o__Clostridiales;(UID1120);304;247;141;25;217;5;0;0;0;90.39;2.55;20.00
R10_EKDN230028438-1A_HKTC2DSX7_L3.99;o__Rhizobiales;(UID3447);356;416;249;62;126;124;69;28;7;90.33;98.72;29.02
V10_EKDN230028462-1A_HKTTNDSX7_L4.48;c__Gammaproteobacteria;(UID4274);112;580;290;89;470;20;1;0;0;90.32;5.93;43.48
R24_EKDN230028452-1A_HKTTNDSX7_L4.8;o__Burkholderiales;(UID4000);193;427;214;79;173;121;44;9;1;90.30;61.56;65.93
R12_EKDN230028440-1A_HKTC2DSX7_L3.11;c__Betaproteobacteria;(UID3971);223;425;211;57;216;113;35;4;0;90.30;50.81;14.88
R1_EKDN230028429-1A_HKTC2DSX7_L3.14;c__Alphaproteobacteria;(UID3305);564;349;230;48;113;89;63;34;2;90.20;95.23;25.70
R23_EKDN230028451-1A_HKTC2DSX7_L4.51;c__Gammaproteobacteria;(UID4202);67;481;276;39;415;27;0;0;0;90.19;6.71;37.04
V10_EKDN230028462-1A_HKTTNDSX7_L4.114;k__Bacteria;(UID2569);434;278;186;45;227;5;1;0;0;90.18;2.96;37.50
R4_EKDN230028432-1A_HKTC2DSX7_L3.35;k__Bacteria;(UID203);5449;104;58;31;8;7;10;6;42;90.18;411.83;24.76
R16_EKDN230028444-1A_HKTC2DSX7_L3.63;k__Bacteria;(UID1453);901;171;117;14;133;22;1;1;0;90.17;15.51;9.68
V8_EKDN230028460-1A_HJH72DSX7_L2.24;k__Bacteria;(UID2569);434;278;186;36;221;19;2;0;0;90.14;9.96;32.00
V12_EKDN230028464-1A_HKTTNDSX7_L4.59;o__Burkholderiales;(UID4000);193;426;214;50;346;23;6;1;0;90.14;7.49;27.66
V3_EKDN230028455-1A_HKTC2DSX7_L4.80;o__Actinomycetales;(UID1697);387;327;191;29;283;15;0;0;0;90.13;4.94;13.33
R1_EKDN230028429-1A_HKTC2DSX7_L3.66;p__Bacteroidetes;(UID2591);364;302;202;26;154;96;23;3;0;90.10;55.58;4.37
V3_EKDN230028455-1A_HKTC2DSX7_L4.10;o__Lactobacillales;(UID544);293;475;267;85;382;8;0;0;0;90.07;1.97;25.00
V2_EKDN230028454-1A_HKTTNDSX7_L4.110;p__Bacteroidetes;(UID2591);364;302;202;57;244;1;0;0;0;90.05;0.50;0.00
V5_EKDN230028457-1A_HKTTNDSX7_L4.77;o__Clostridiales;(UID1120);304;247;141;22;211;14;0;0;0;90.02;4.91;57.14
R23_EKDN230028451-1A_HKTC2DSX7_L4.62;o__Burkholderiales;(UID4000);193;427;214;71;199;115;38;4;0;90.01;51.63;67.98
V10_EKDN230028462-1A_HKTTNDSX7_L4.34;o__Burkholderiales;(UID4000);193;427;214;59;339;26;3;0;0;89.97;12.56;34.29
V6_EKDN230028458-1A_HKTTNDSX7_L4.11;k__Bacteria;(UID203);5449;104;58;17;22;51;14;0;0;89.97;89.97;51.61
R10_EKDN230028438-1A_HKTC2DSX7_L3.82;k__Bacteria;(UID203);5449;104;58;31;29;27;15;1;1;89.97;85.19;47.73
R11_EKDN230028439-1A_HKTC2DSX7_L3.10;p__Bacteroidetes;(UID2591);364;303;203;39;246;18;0;0;0;89.96;6.94;50.00
V5_EKDN230028457-1A_HKTTNDSX7_L4.38;f__Flavobacteriaceae;(UID2817);81;511;283;76;391;43;1;0;0;89.94;7.76;13.04
V1_EKDN230028453-1A_HKTTNDSX7_L4.58;c__Betaproteobacteria;(UID3971);223;425;211;69;113;115;70;42;16;89.94;120.04;23.54
V7_EKDN230028459-1A_HKTTNDSX7_L4.68;c__Clostridia;(UID1085);35;420;196;67;339;14;0;0;0;89.93;3.63;28.57
R21_EKDN230028449-1A_HKTC2DSX7_L3.10;k__Bacteria;(UID203);5449;104;58;10;60;18;9;7;0;89.89;24.04;19.54
R20_EKDN230028448-1A_HKTC2DSX7_L3.23;o__Burkholderiales;(UID4000);193;427;214;45;359;21;2;0;0;89.75;6.66;48.15
V9_EKDN230028461-1A_HKTTNDSX7_L4.80;k__Bacteria;(UID203);5449;104;58;24;5;7;35;21;12;89.73;223.39;55.50
R11_EKDN230028439-1A_HKTC2DSX7_L3.17;k__Bacteria;(UID203);5449;104;58;12;53;27;4;8;0;89.73;31.11;25.29
V7_EKDN230028459-1A_HKTTNDSX7_L4.75;o__Rhizobiales;(UID3447);356;413;248;74;306;33;0;0;0;89.73;8.47;60.61
V8_EKDN230028460-1A_HJH72DSX7_L2.78;o__Actinomycetales;(UID1697);387;330;193;31;285;13;1;0;0;89.69;4.85;56.25
V4_EKDN230028456-1A_HKTTNDSX7_L4.45;k__Bacteria;(UID203);5449;104;58;8;18;47;21;9;1;89.66;83.61;52.87
R23_EKDN230028451-1A_HKTC2DSX7_L4.13;f__Rhodobacteraceae;(UID3340);84;568;330;60;500;8;0;0;0;89.62;1.14;100.00
V10_EKDN230028462-1A_HKTTNDSX7_L4.56;k__Bacteria;(UID3060);138;335;244;32;288;15;0;0;0;89.62;4.70;80.00
R10_EKDN230028438-1A_HKTC2DSX7_L3.68;c__Betaproteobacteria;(UID3888);323;387;234;61;205;104;15;2;0;89.61;38.80;42.86
V7_EKDN230028459-1A_HKTTNDSX7_L4.38;k__Bacteria;(UID3187);2258;181;110;57;108;15;1;0;0;89.60;11.36;50.00
V5_EKDN230028457-1A_HKTTNDSX7_L4.123;o__Lactobacillales;(UID355);490;334;183;40;283;8;2;1;0;89.59;4.91;25.00
R5_EKDN230028433-1A_HKTC2DSX7_L3.21;o__Burkholderiales;(UID4000);193;427;214;67;92;75;58;53;82;89.58;202.28;41.99
R16_EKDN230028444-1A_HKTC2DSX7_L3.44;o__Burkholderiales;(UID4000);193;427;214;57;214;137;19;0;0;89.58;44.92;62.37
V8_EKDN230028460-1A_HJH72DSX7_L2.10;k__Bacteria;(UID203);5449;104;58;15;38;27;12;9;3;89.58;81.36;39.46
R11_EKDN230028439-1A_HKTC2DSX7_L3.1;o__Burkholderiales;(UID4000);193;427;214;56;237;92;29;10;3;89.52;43.47;30.00
V7_EKDN230028459-1A_HKTTNDSX7_L4.71;k__Bacteria;(UID2569);434;278;186;26;201;46;5;0;0;89.52;23.28;26.23
V7_EKDN230028459-1A_HKTTNDSX7_L4.103;o__Burkholderiales;(UID4000);193;427;214;80;295;45;6;1;0;89.50;16.50;34.78
V2_EKDN230028454-1A_HKTTNDSX7_L4.99;o__Clostridiales;(UID1120);304;247;141;21;209;16;1;0;0;89.48;10.99;36.84
R18_EKDN230028446-1A_HKTC2DSX7_L3.38;k__Bacteria;(UID203);5449;103;57;6;18;9;26;20;24;89.47;174.36;4.60
V9_EKDN230028461-1A_HKTTNDSX7_L4.138;o__Burkholderiales;(UID4000);193;427;214;96;119;142;58;10;2;89.45;86.13;50.76
V6_EKDN230028458-1A_HKTTNDSX7_L4.107;k__Bacteria;(UID203);5449;104;58;14;32;23;18;11;6;89.42;123.18;10.33
R8_EKDN230028436-1A_HKTC2DSX7_L3.30;k__Bacteria;(UID203);5449;103;57;17;38;24;16;8;0;89.39;94.71;71.67
V5_EKDN230028457-1A_HKTTNDSX7_L4.59;o__Lactobacillales;(UID543);294;472;265;47;415;9;1;0;0;89.37;2.67;66.67
R18_EKDN230028446-1A_HKTC2DSX7_L3.8;p__Bacteroidetes;(UID2591);364;303;203;41;252;10;0;0;0;89.34;4.08;20.00
R12_EKDN230028440-1A_HKTC2DSX7_L3.43;k__Bacteria;(UID203);5449;104;58;29;16;11;9;14;25;89.34;269.06;24.39
V4_EKDN230028456-1A_HKTTNDSX7_L4.11;k__Bacteria;(UID2329);174;149;89;10;135;3;1;0;0;89.33;5.06;33.33
V2_EKDN230028454-1A_HKTTNDSX7_L4.138;o__Clostridiales;(UID1226);155;278;158;31;245;2;0;0;0;89.30;0.47;50.00
R17_EKDN230028445-1A_HKTC2DSX7_L3.52;k__Bacteria;(UID203);5449;102;56;6;38;35;12;10;1;89.29;61.00;34.04
R12_EKDN230028440-1A_HKTC2DSX7_L3.80;p__Proteobacteria;(UID3887);1487;259;162;54;180;24;1;0;0;89.27;11.16;85.19
R2_EKDN230028430-1A_HKTC2DSX7_L3.33;o__Burkholderiales;(UID4000);193;427;214;63;106;129;64;48;17;89.27;125.29;8.72
V11_EKDN230028463-1A_HKTTNDSX7_L4.47;k__Bacteria;(UID203);5449;104;58;15;10;35;31;7;6;89.26;151.16;57.42
V9_EKDN230028461-1A_HKTTNDSX7_L4.66;k__Bacteria;(UID2565);2921;152;93;11;139;2;0;0;0;89.25;1.14;0.00
V7_EKDN230028459-1A_HKTTNDSX7_L4.61;k__Bacteria;(UID2565);2921;152;93;11;141;0;0;0;0;89.25;0.00;0.00
V2_EKDN230028454-1A_HKTTNDSX7_L4.47;c__Betaproteobacteria;(UID3888);323;387;234;46;326;15;0;0;0;89.23;4.83;66.67
R4_EKDN230028432-1A_HKTC2DSX7_L3.9;c__Alphaproteobacteria;(UID3305);564;349;230;67;255;25;2;0;0;89.23;8.61;16.13
R16_EKDN230028444-1A_HKTC2DSX7_L3.22;p__Cyanobacteria;(UID2192);79;584;458;80;431;69;3;1;0;89.22;14.32;19.05
R12_EKDN230028440-1A_HKTC2DSX7_L3.91;k__Bacteria;(UID203);5449;104;58;35;20;29;17;3;0;89.22;88.09;66.33
V2_EKDN230028454-1A_HKTTNDSX7_L4.15;k__Bacteria;(UID209);5443;105;59;21;84;0;0;0;0;89.21;0.00;0.00
V7_EKDN230028459-1A_HKTTNDSX7_L4.134;c__Betaproteobacteria;(UID3888);323;387;234;67;296;23;1;0;0;89.21;8.81;34.62
R6_EKDN230028434-1A_HKTC2DSX7_L3.50;o__Burkholderiales;(UID4000);193;427;214;39;376;12;0;0;0;89.19;2.81;33.33
R16_EKDN230028444-1A_HKTC2DSX7_L3.2;k__Bacteria;(UID2565);2921;144;89;31;83;28;2;0;0;89.19;25.89;61.76
R19_EKDN230028447-1A_HKTC2DSX7_L3.49;k__Bacteria;(UID203);5449;104;58;20;30;30;20;4;0;89.18;93.41;43.86
V1_EKDN230028453-1A_HKTTNDSX7_L4.128;o__Lactobacillales;(UID543);294;472;265;51;402;19;0;0;0;89.17;2.45;15.79
V9_EKDN230028461-1A_HKTTNDSX7_L4.18;o__Actinomycetales;(UID1697);387;330;193;29;277;23;1;0;0;89.16;6.62;73.08
V4_EKDN230028456-1A_HKTTNDSX7_L4.9;o__Lactobacillales;(UID355);490;334;183;36;282;14;2;0;0;89.12;5.72;50.00
R10_EKDN230028438-1A_HKTC2DSX7_L3.95;f__Rhodobacteraceae;(UID3340);84;568;330;76;453;33;6;0;0;89.11;5.70;37.25
V1_EKDN230028453-1A_HKTTNDSX7_L4.48;k__Bacteria;(UID203);5449;103;57;14;75;14;0;0;0;89.07;2.62;21.43
R4_EKDN230028432-1A_HKTC2DSX7_L3.60;k__Bacteria;(UID2982);88;229;147;35;190;4;0;0;0;89.04;2.38;50.00
R16_EKDN230028444-1A_HKTC2DSX7_L3.41;k__Bacteria;(UID203);5449;104;58;21;25;28;19;8;3;89.03;124.40;15.34
R18_EKDN230028446-1A_HKTC2DSX7_L3.55;k__Bacteria;(UID203);5449;104;58;33;22;44;5;0;0;89.00;72.34;64.41
R15_EKDN230028443-1A_HKTC2DSX7_L3.35;k__Bacteria;(UID2569);434;278;186;50;223;5;0;0;0;89.00;2.06;80.00
V9_EKDN230028461-1A_HKTTNDSX7_L4.41;c__Clostridia;(UID1085);35;420;196;59;346;14;1;0;0;88.99;4.81;47.06
V7_EKDN230028459-1A_HKTTNDSX7_L4.98;o__Rhizobiales;(UID3447);356;416;249;74;324;18;0;0;0;88.96;4.92;83.33
R14_EKDN230028442-1A_HKTC2DSX7_L3.34;k__Bacteria;(UID203);5449;104;58;27;15;27;18;14;3;88.95;139.05;25.64
R4_EKDN230028432-1A_HKTC2DSX7_L3.24;k__Bacteria;(UID203);5449;104;58;25;23;27;17;11;1;88.94;124.70;39.61
R11_EKDN230028439-1A_HKTC2DSX7_L3.57;p__Proteobacteria;(UID3887);1487;259;162;51;199;8;1;0;0;88.94;4.18;54.55
V4_EKDN230028456-1A_HKTTNDSX7_L4.65;p__Bacteroidetes;(UID2591);364;302;203;53;124;97;27;1;0;88.92;56.25;4.89
R24_EKDN230028452-1A_HKTTNDSX7_L4.67;k__Bacteria;(UID1453);901;171;117;16;123;29;3;0;0;88.91;18.09;26.32
R15_EKDN230028443-1A_HKTC2DSX7_L3.51;o__Burkholderiales;(UID4000);193;427;214;60;357;10;0;0;0;88.90;1.57;70.00
R21_EKDN230028449-1A_HKTC2DSX7_L3.18;o__Actinomycetales;(UID1696);455;315;190;37;241;35;2;0;0;88.88;13.29;41.46
R16_EKDN230028444-1A_HKTC2DSX7_L3.90;o__Actinomycetales;(UID1663);488;310;185;31;262;17;0;0;0;88.87;4.58;41.18
V11_EKDN230028463-1A_HKTTNDSX7_L4.100;o__Burkholderiales;(UID4000);193;426;214;39;360;26;1;0;0;88.83;4.98;44.83
V7_EKDN230028459-1A_HKTTNDSX7_L4.101;o__Burkholderiales;(UID4000);193;426;214;83;321;21;1;0;0;88.82;5.82;33.33
V9_EKDN230028461-1A_HKTTNDSX7_L4.45;k__Bacteria;(UID203);5449;104;58;7;82;15;0;0;0;88.79;8.62;100.00
R9_EKDN230028437-1A_HKTC2DSX7_L3.38;k__Bacteria;(UID203);5449;104;58;8;81;13;2;0;0;88.79;7.05;94.74
V8_EKDN230028460-1A_HJH72DSX7_L2.47;o__Rhizobiales;(UID3447);356;416;249;74;340;2;0;0;0;88.76;0.33;0.00
R6_EKDN230028434-1A_HKTC2DSX7_L3.43;o__Sphingomonadales;(UID3310);26;569;293;96;459;13;1;0;0;88.74;3.37;25.00
R18_EKDN230028446-1A_HKTC2DSX7_L3.40;o__Burkholderiales;(UID4000);193;427;214;87;209;113;17;1;0;88.73;42.31;28.82
R11_EKDN230028439-1A_HKTC2DSX7_L3.28;o__Rhizobiales;(UID3654);92;481;319;47;421;13;0;0;0;88.71;3.33;23.08
R15_EKDN230028443-1A_HKTC2DSX7_L3.2;k__Bacteria;(UID2569);434;278;186;25;250;1;2;0;0;88.71;2.69;28.57
V12_EKDN230028464-1A_HKTTNDSX7_L4.120;p__Bacteroidetes;(UID2591);364;303;203;43;247;13;0;0;0;88.71;4.19;23.08
R24_EKDN230028452-1A_HKTTNDSX7_L4.18;p__Bacteroidetes;(UID2591);364;298;198;48;110;111;21;8;0;88.71;66.62;32.43
R18_EKDN230028446-1A_HKTC2DSX7_L3.17;f__Enterobacteriaceae;(UID5065);212;891;305;74;817;0;0;0;0;88.69;0.00;0.00
V5_EKDN230028457-1A_HKTTNDSX7_L4.67;c__Deltaproteobacteria;(UID3217);62;280;168;56;205;19;0;0;0;88.62;7.47;63.16
R12_EKDN230028440-1A_HKTC2DSX7_L3.7;c__Alphaproteobacteria;(UID3305);564;349;230;32;296;19;1;0;1;88.62;6.53;31.25
V8_EKDN230028460-1A_HJH72DSX7_L2.34;o__Rhizobiales;(UID3447);356;416;249;80;295;38;3;0;0;88.61;11.76;46.81
V7_EKDN230028459-1A_HKTTNDSX7_L4.109;c__Gammaproteobacteria;(UID4267);119;544;284;53;464;26;1;0;0;88.57;7.28;82.76
V7_EKDN230028459-1A_HKTTNDSX7_L4.19;k__Bacteria;(UID203);5449;104;58;38;8;12;18;16;12;88.53;212.01;75.42
V6_EKDN230028458-1A_HKTTNDSX7_L4.34;c__Betaproteobacteria;(UID3888);323;387;234;65;310;12;0;0;0;88.51;4.30;50.00
V4_EKDN230028456-1A_HKTTNDSX7_L4.99;o__Lactobacillales;(UID543);294;472;265;48;413;11;0;0;0;88.49;1.02;27.27
V2_EKDN230028454-1A_HKTTNDSX7_L4.133;o__Actinomycetales;(UID1697);387;327;191;38;283;6;0;0;0;88.48;2.09;0.00
R5_EKDN230028433-1A_HKTC2DSX7_L3.38;k__Bacteria;(UID1453);901;171;117;16;147;8;0;0;0;88.46;4.46;50.00
V2_EKDN230028454-1A_HKTTNDSX7_L4.128;p__Actinobacteria;(UID2112);31;211;124;22;186;3;0;0;0;88.44;0.63;33.33
V10_EKDN230028462-1A_HKTTNDSX7_L4.42;k__Bacteria;(UID203);5449;104;58;34;23;22;15;8;2;88.43;113.78;70.37
V6_EKDN230028458-1A_HKTTNDSX7_L4.93;p__Euryarchaeota;(UID49);95;228;153;25;137;66;0;0;0;88.43;31.09;43.94
V2_EKDN230028454-1A_HKTTNDSX7_L4.57;f__Comamonadaceae;(UID4119);39;693;323;99;561;31;2;0;0;88.42;5.11;45.95
R16_EKDN230028444-1A_HKTC2DSX7_L3.1;k__Bacteria;(UID203);5449;104;58;15;62;24;3;0;0;88.40;16.50;24.24
R13_EKDN230028441-1A_HKTC2DSX7_L3.42;o__Burkholderiales;(UID4000);193;427;214;39;377;11;0;0;0;88.40;3.42;36.36
R11_EKDN230028439-1A_HKTC2DSX7_L3.72;k__Bacteria;(UID2569);434;278;186;28;240;9;1;0;0;88.37;2.93;41.67
R16_EKDN230028444-1A_HKTC2DSX7_L3.32;o__Cytophagales;(UID2936);47;454;336;83;355;16;0;0;0;88.36;4.12;43.75
V11_EKDN230028463-1A_HKTTNDSX7_L4.56;k__Bacteria;(UID203);5449;103;57;27;4;10;16;27;19;88.36;291.80;40.29
R17_EKDN230028445-1A_HKTC2DSX7_L3.34;f__Rhodobacteraceae;(UID3340);84;568;330;56;494;17;1;0;0;88.30;3.14;50.00
V5_EKDN230028457-1A_HKTTNDSX7_L4.33;c__Betaproteobacteria;(UID3888);323;387;234;52;326;9;0;0;0;88.29;2.44;55.56
R18_EKDN230028446-1A_HKTC2DSX7_L3.52;k__Bacteria;(UID1453);901;171;117;19;138;13;1;0;0;88.22;9.40;43.75
V10_EKDN230028462-1A_HKTTNDSX7_L4.91;k__Bacteria;(UID203);5449;104;58;24;17;24;24;13;2;88.17;147.88;67.01
V1_EKDN230028453-1A_HKTTNDSX7_L4.46;o__Burkholderiales;(UID4105);54;553;264;90;207;193;52;11;0;88.14;57.73;35.18
V9_EKDN230028461-1A_HKTTNDSX7_L4.129;k__Bacteria;(UID203);5449;104;58;41;16;47;0;0;0;88.10;69.31;89.36
V3_EKDN230028455-1A_HKTC2DSX7_L4.131;k__Bacteria;(UID203);5449;104;58;29;23;28;19;5;0;88.10;92.67;45.22
R18_EKDN230028446-1A_HKTC2DSX7_L3.34;k__Bacteria;(UID203);5449;104;58;17;37;28;16;5;1;88.09;95.20;28.45
R10_EKDN230028438-1A_HKTC2DSX7_L3.62;k__Bacteria;(UID203);5449;104;58;32;18;9;15;16;14;88.04;200.03;60.00
V12_EKDN230028464-1A_HKTTNDSX7_L4.54;k__Bacteria;(UID203);5449;104;58;14;28;36;21;3;2;88.03;114.75;70.07
R24_EKDN230028452-1A_HKTTNDSX7_L4.47;o__Rhizobiales;(UID3642);107;485;316;89;393;3;0;0;0;88.01;0.70;100.00
V9_EKDN230028461-1A_HKTTNDSX7_L4.61;k__Bacteria;(UID203);5449;104;58;7;38;20;12;17;10;87.93;65.78;6.98
V5_EKDN230028457-1A_HKTTNDSX7_L4.19;k__Bacteria;(UID203);5449;104;58;20;21;39;17;7;0;87.93;75.20;43.18
V12_EKDN230028464-1A_HKTTNDSX7_L4.74;k__Bacteria;(UID203);5449;104;58;7;57;16;24;0;0;87.93;34.95;34.09
R3_EKDN230028431-1A_HKTC2DSX7_L3.26;o__Rhizobiales;(UID3654);92;481;319;49;429;3;0;0;0;87.93;0.73;33.33
R22_EKDN230028450-1A_HKTC2DSX7_L3.60;k__Bacteria;(UID203);5449;104;58;8;63;25;8;0;0;87.93;19.70;10.20
R11_EKDN230028439-1A_HKTC2DSX7_L3.77;k__Bacteria;(UID203);5449;104;58;34;18;50;1;1;0;87.93;75.08;74.58
R11_EKDN230028439-1A_HKTC2DSX7_L3.40;k__Bacteria;(UID203);5449;104;58;28;13;16;15;13;19;87.93;221.64;53.87
V7_EKDN230028459-1A_HKTTNDSX7_L4.8;c__Betaproteobacteria;(UID3888);323;387;234;76;98;104;64;27;18;87.92;125.42;48.19
R11_EKDN230028439-1A_HKTC2DSX7_L3.79;o__Burkholderiales;(UID4000);193;427;214;80;162;126;54;5;0;87.87;70.34;19.81
R10_EKDN230028438-1A_HKTC2DSX7_L3.103;o__Rhizobiales;(UID3447);356;413;248;70;326;16;1;0;0;87.86;4.72;15.79
R3_EKDN230028431-1A_HKTC2DSX7_L3.4;o__Rhizobiales;(UID3642);107;485;316;72;394;19;0;0;0;87.85;3.87;52.63
V4_EKDN230028456-1A_HKTTNDSX7_L4.25;f__Xanthomonadaceae;(UID4214);55;659;290;77;561;21;0;0;0;87.85;3.51;14.29
R10_EKDN230028438-1A_HKTC2DSX7_L3.86;c__Betaproteobacteria;(UID3971);223;425;211;61;260;80;22;2;0;87.84;36.58;26.58
V9_EKDN230028461-1A_HKTTNDSX7_L4.60;c__Betaproteobacteria;(UID3888);323;387;234;63;101;111;82;20;10;87.81;105.71;32.72
R23_EKDN230028451-1A_HKTC2DSX7_L4.22;k__Bacteria;(UID203);5449;104;58;29;25;31;17;2;0;87.77;77.67;62.77
V8_EKDN230028460-1A_HJH72DSX7_L2.27;o__Burkholderiales;(UID4000);193;427;214;51;281;83;9;2;1;87.76;24.70;24.24
R22_EKDN230028450-1A_HKTC2DSX7_L3.20;p__Cyanobacteria;(UID2192);79;583;457;72;498;10;3;0;0;87.75;3.03;84.21
R3_EKDN230028431-1A_HKTC2DSX7_L3.44;c__Alphaproteobacteria;(UID3305);564;349;230;35;288;22;4;0;0;87.71;7.54;23.53
V1_EKDN230028453-1A_HKTTNDSX7_L4.108;k__Bacteria;(UID203);5449;104;58;16;87;1;0;0;0;87.67;1.72;100.00
R20_EKDN230028448-1A_HKTC2DSX7_L3.40;o__Cytophagales;(UID2937);44;474;330;61;404;9;0;0;0;87.66;1.83;11.11
R12_EKDN230028440-1A_HKTC2DSX7_L3.87;k__Bacteria;(UID2565);2921;144;89;22;67;40;14;1;0;87.64;50.66;32.95
V10_EKDN230028462-1A_HKTTNDSX7_L4.30;k__Bacteria;(UID3060);138;338;246;52;278;8;0;0;0;87.59;1.96;50.00
V8_EKDN230028460-1A_HJH72DSX7_L2.14;c__Gammaproteobacteria;(UID4267);119;544;284;98;427;19;0;0;0;87.59;4.35;52.63
R11_EKDN230028439-1A_HKTC2DSX7_L3.9;k__Bacteria;(UID2565);2921;144;89;12;90;31;11;0;0;87.57;37.17;39.06
V1_EKDN230028453-1A_HKTTNDSX7_L4.56;o__Rhizobiales;(UID3447);356;413;248;47;331;35;0;0;0;87.57;9.02;82.86
V10_EKDN230028462-1A_HKTTNDSX7_L4.111;k__Bacteria;(UID203);5449;104;58;15;64;25;0;0;0;87.54;20.69;24.00
R12_EKDN230028440-1A_HKTC2DSX7_L3.61;o__Sphingomonadales;(UID3310);26;569;293;63;460;44;2;0;0;87.54;7.14;40.00
R18_EKDN230028446-1A_HKTC2DSX7_L3.47;k__Bacteria;(UID203);5449;102;56;18;31;46;7;0;0;87.50;62.82;79.10
R24_EKDN230028452-1A_HKTTNDSX7_L4.61;k__Bacteria;(UID203);5449;104;58;17;67;19;1;0;0;87.49;17.95;4.55
V9_EKDN230028461-1A_HKTTNDSX7_L4.81;c__Betaproteobacteria;(UID3959);235;420;211;85;311;24;0;0;0;87.49;5.84;25.00
R1_EKDN230028429-1A_HKTC2DSX7_L3.7;k__Bacteria;(UID203);5449;104;58;23;28;46;7;0;0;87.46;65.17;53.73
R6_EKDN230028434-1A_HKTC2DSX7_L3.33;k__Bacteria;(UID1453);901;171;117;32;55;67;12;4;1;87.45;68.46;5.84
R10_EKDN230028438-1A_HKTC2DSX7_L3.3;o__Sphingomonadales;(UID3310);26;569;293;80;460;27;2;0;0;87.42;4.85;42.42
R5_EKDN230028433-1A_HKTC2DSX7_L3.7;k__Bacteria;(UID203);5449;104;58;30;17;13;19;11;14;87.40;177.22;53.72
V9_EKDN230028461-1A_HKTTNDSX7_L4.67;k__Bacteria;(UID203);5449;104;58;18;52;29;3;2;0;87.38;49.84;52.00
R22_EKDN230028450-1A_HKTC2DSX7_L3.41;k__Bacteria;(UID203);5449;104;58;26;18;29;15;12;4;87.38;133.85;21.43
R18_EKDN230028446-1A_HKTC2DSX7_L3.66;k__Bacteria;(UID203);5449;104;58;19;52;30;3;0;0;87.38;26.18;0.00
V9_EKDN230028461-1A_HKTTNDSX7_L4.140;f__Flavobacteriaceae;(UID2817);81;511;283;110;327;63;10;1;0;87.38;19.09;24.24
V11_EKDN230028463-1A_HKTTNDSX7_L4.49;c__Alphaproteobacteria;(UID3305);564;348;229;35;311;2;0;0;0;87.33;0.58;0.00
V6_EKDN230028458-1A_HKTTNDSX7_L4.106;o__Sphingomonadales;(UID3310);26;569;293;69;467;32;1;0;0;87.33;4.74;11.43
V6_EKDN230028458-1A_HKTTNDSX7_L4.2;k__Bacteria;(UID203);5449;104;58;13;28;51;12;0;0;87.30;69.61;6.90
R24_EKDN230028452-1A_HKTTNDSX7_L4.24;k__Bacteria;(UID203);5449;104;58;35;17;50;2;0;0;87.30;73.75;62.50
R16_EKDN230028444-1A_HKTC2DSX7_L3.54;o__Sphingomonadales;(UID3310);26;569;293;97;451;21;0;0;0;87.30;3.48;61.90
V2_EKDN230028454-1A_HKTTNDSX7_L4.86;k__Bacteria;(UID203);5449;104;58;30;16;16;26;11;5;87.24;149.15;35.71
R14_EKDN230028442-1A_HKTC2DSX7_L3.4;c__Betaproteobacteria;(UID3888);323;387;234;50;292;45;0;0;0;87.22;12.57;75.56
R7_EKDN230028435-1A_HKTC2DSX7_L3.35;c__Gammaproteobacteria;(UID4274);112;580;289;109;181;168;85;31;6;87.20;84.81;41.10
R1_EKDN230028429-1A_HKTC2DSX7_L3.11;o__Burkholderiales;(UID4000);193;427;214;58;368;1;0;0;0;87.17;0.16;100.00
V1_EKDN230028453-1A_HKTTNDSX7_L4.24;f__Actinomycetaceae;(UID1531);42;420;211;61;350;8;0;1;0;87.13;3.08;21.43
V5_EKDN230028457-1A_HKTTNDSX7_L4.3;c__Deltaproteobacteria;(UID3216);83;247;155;32;192;20;3;0;0;87.08;10.36;44.83
V6_EKDN230028458-1A_HKTTNDSX7_L4.49;k__Bacteria;(UID203);5449;104;58;9;76;8;11;0;0;87.07;5.45;26.83
V9_EKDN230028461-1A_HKTTNDSX7_L4.84;c__Betaproteobacteria;(UID3888);323;387;234;89;271;25;2;0;0;87.05;9.97;64.52
R23_EKDN230028451-1A_HKTC2DSX7_L4.23;p__Cyanobacteria;(UID2192);79;583;457;81;487;14;1;0;0;87.02;2.70;82.35
V9_EKDN230028461-1A_HKTTNDSX7_L4.28;f__Flavobacteriaceae;(UID2817);81;511;283;68;404;38;1;0;0;87.02;7.24;53.66
V4_EKDN230028456-1A_HKTTNDSX7_L4.12;f__Flavobacteriaceae;(UID2817);81;511;283;54;433;24;0;0;0;87.01;3.47;12.50
R23_EKDN230028451-1A_HKTC2DSX7_L4.58;o__Rhizobiales;(UID3642);107;485;316;87;389;9;0;0;0;87.00;2.06;11.11
V4_EKDN230028456-1A_HKTTNDSX7_L4.48;k__Bacteria;(UID203);5449;104;58;26;15;48;12;2;1;86.99;95.85;50.94
R22_EKDN230028450-1A_HKTC2DSX7_L3.64;k__Bacteria;(UID203);5449;104;58;38;21;42;3;0;0;86.99;73.62;64.71
V3_EKDN230028455-1A_HKTC2DSX7_L4.111;o__Lactobacillales;(UID543);294;472;265;74;383;14;1;0;0;86.98;3.08;70.59
V5_EKDN230028457-1A_HKTTNDSX7_L4.109;o__Actinomycetales;(UID1572);580;286;171;51;164;67;3;1;0;86.94;27.50;59.76
R6_EKDN230028434-1A_HKTC2DSX7_L3.24;k__Bacteria;(UID203);5449;104;58;33;12;14;24;14;7;86.91;188.35;39.46
R21_EKDN230028449-1A_HKTC2DSX7_L3.58;k__Bacteria;(UID203);5449;104;58;20;34;28;16;3;3;86.91;102.83;8.87
R1_EKDN230028429-1A_HKTC2DSX7_L3.15;f__Flavobacteriaceae;(UID2817);81;511;283;85;410;16;0;0;0;86.90;3.48;62.50
V7_EKDN230028459-1A_HKTTNDSX7_L4.31;c__Gammaproteobacteria;(UID4267);119;544;284;61;458;24;1;0;0;86.89;6.10;66.67
R2_EKDN230028430-1A_HKTC2DSX7_L3.36;k__Bacteria;(UID203);5449;104;58;18;30;27;16;10;3;86.85;113.17;32.12
R11_EKDN230028439-1A_HKTC2DSX7_L3.24;p__Proteobacteria;(UID3214);2231;190;119;38;149;3;0;0;0;86.85;1.96;0.00
R17_EKDN230028445-1A_HKTC2DSX7_L3.50;p__Proteobacteria;(UID3880);1495;261;164;52;77;69;43;15;5;86.85;94.90;6.01
V1_EKDN230028453-1A_HKTTNDSX7_L4.51;k__Bacteria;(UID203);5449;104;58;36;31;35;2;0;0;86.83;48.47;73.17
R10_EKDN230028438-1A_HKTC2DSX7_L3.28;o__Burkholderiales;(UID4000);193;426;214;87;117;153;58;8;3;86.83;79.39;33.41
R10_EKDN230028438-1A_HKTC2DSX7_L3.19;o__Sphingomonadales;(UID3310);26;569;293;105;419;43;2;0;0;86.82;10.25;42.86
R5_EKDN230028433-1A_HKTC2DSX7_L3.33;k__Bacteria;(UID203);5449;104;58;25;28;36;10;4;1;86.80;87.13;26.00
R19_EKDN230028447-1A_HKTC2DSX7_L3.5;o__Sphingomonadales;(UID3310);26;569;293;96;441;30;2;0;0;86.77;4.90;47.22
V5_EKDN230028457-1A_HKTTNDSX7_L4.83;p__Bacteroidetes;(UID2605);350;316;210;44;254;18;0;0;0;86.77;3.07;66.67
V12_EKDN230028464-1A_HKTTNDSX7_L4.87;c__Gammaproteobacteria;(UID4267);119;544;284;94;427;23;0;0;0;86.70;4.00;13.04
V1_EKDN230028453-1A_HKTTNDSX7_L4.63;c__Betaproteobacteria;(UID3888);323;387;234;75;306;6;0;0;0;86.64;1.16;66.67
R13_EKDN230028441-1A_HKTC2DSX7_L3.55;f__Rhodobacteraceae;(UID3340);84;568;330;83;459;26;0;0;0;86.60;5.96;34.62
R6_EKDN230028434-1A_HKTC2DSX7_L3.62;k__Bacteria;(UID2982);88;229;147;38;179;12;0;0;0;86.59;6.11;58.33
V1_EKDN230028453-1A_HKTTNDSX7_L4.30;k__Bacteria;(UID3187);2258;181;110;43;123;15;0;0;0;86.57;9.75;20.00
R13_EKDN230028441-1A_HKTC2DSX7_L3.49;o__Burkholderiales;(UID4000);193;427;214;91;189;125;22;0;0;86.57;47.76;80.10
V5_EKDN230028457-1A_HKTTNDSX7_L4.29;o__Burkholderiales;(UID4000);193;427;214;56;351;20;0;0;0;86.56;2.90;40.00
V12_EKDN230028464-1A_HKTTNDSX7_L4.63;p__Bacteroidetes;(UID2591);364;303;203;62;83;99;42;15;2;86.53;88.30;11.04
R11_EKDN230028439-1A_HKTC2DSX7_L3.44;p__Bacteroidetes;(UID2591);364;302;202;62;235;5;0;0;0;86.51;1.44;20.00
V1_EKDN230028453-1A_HKTTNDSX7_L4.118;c__Gammaproteobacteria;(UID4201);1164;275;174;32;240;3;0;0;0;86.49;1.34;100.00
V7_EKDN230028459-1A_HKTTNDSX7_L4.45;c__Betaproteobacteria;(UID3888);323;387;234;61;215;87;19;4;1;86.46;42.07;39.89
R12_EKDN230028440-1A_HKTC2DSX7_L3.79;o__Rhizobiales;(UID3654);92;481;319;72;251;135;19;4;0;86.45;42.20;60.19
V12_EKDN230028464-1A_HKTTNDSX7_L4.60;k__Bacteria;(UID2569);434;278;186;53;221;4;0;0;0;86.44;2.15;25.00
R2_EKDN230028430-1A_HKTC2DSX7_L3.17;k__Bacteria;(UID203);5449;104;58;13;43;34;9;2;3;86.44;76.94;13.59
V5_EKDN230028457-1A_HKTTNDSX7_L4.135;p__Euryarchaeota;(UID49);95;228;153;26;191;10;1;0;0;86.44;3.72;38.46
V7_EKDN230028459-1A_HKTTNDSX7_L4.102;c__Gammaproteobacteria;(UID4274);112;580;290;103;468;9;0;0;0;86.42;2.20;66.67
V8_EKDN230028460-1A_HJH72DSX7_L2.1;k__Bacteria;(UID203);5449;104;58;38;12;20;23;8;3;86.39;157.73;74.86
R13_EKDN230028441-1A_HKTC2DSX7_L3.52;c__Betaproteobacteria;(UID3888);323;387;234;63;300;23;1;0;0;86.35;6.94;80.77
R22_EKDN230028450-1A_HKTC2DSX7_L3.47;p__Bacteroidetes;(UID2605);350;316;210;44;264;8;0;0;0;86.33;2.33;37.50
V5_EKDN230028457-1A_HKTTNDSX7_L4.56;k__Bacteria;(UID203);5449;103;58;28;16;51;7;1;0;86.21;80.33;71.79
R2_EKDN230028430-1A_HKTC2DSX7_L3.37;o__Burkholderiales;(UID4000);193;427;214;83;84;70;56;48;86;86.20;198.82;54.17
V10_EKDN230028462-1A_HKTTNDSX7_L4.128;o__Rhizobiales;(UID3447);356;416;249;83;284;48;1;0;0;86.19;10.94;41.18
R11_EKDN230028439-1A_HKTC2DSX7_L3.83;o__Rhizobiales;(UID3447);356;413;248;72;327;14;0;0;0;86.16;4.12;71.43
V11_EKDN230028463-1A_HKTTNDSX7_L4.69;p__Bacteroidetes;(UID2591);364;303;203;60;117;92;31;3;0;86.15;61.68;11.82
R15_EKDN230028443-1A_HKTC2DSX7_L3.24;f__Rhodobacteraceae;(UID3356);67;617;330;76;504;36;1;0;0;86.00;6.30;51.28
V12_EKDN230028464-1A_HKTTNDSX7_L4.104;k__Bacteria;(UID203);5449;104;58;25;26;29;16;7;1;85.97;98.80;44.96
V4_EKDN230028456-1A_HKTTNDSX7_L4.26;k__Bacteria;(UID203);5449;103;57;23;23;52;2;0;3;85.96;60.53;61.54
R4_EKDN230028432-1A_HKTC2DSX7_L3.33;k__Bacteria;(UID2565);2921;142;87;17;123;2;0;0;0;85.92;2.30;0.00
R10_EKDN230028438-1A_HKTC2DSX7_L3.70;k__Bacteria;(UID203);5449;104;58;20;43;36;5;0;0;85.89;39.89;37.25
R3_EKDN230028431-1A_HKTC2DSX7_L3.42;k__Bacteria;(UID203);5449;103;57;17;31;28;13;12;2;85.89;101.48;55.97
V1_EKDN230028453-1A_HKTTNDSX7_L4.133;o__Clostridiales;(UID1212);172;263;149;55;199;9;0;0;0;85.86;2.76;88.89
R3_EKDN230028431-1A_HKTC2DSX7_L3.33;o__Sphingomonadales;(UID3310);26;569;293;88;447;24;10;0;0;85.83;5.13;31.48
V2_EKDN230028454-1A_HKTTNDSX7_L4.19;o__Burkholderiales;(UID4105);54;553;264;106;406;41;0;0;0;85.79;8.81;46.34
R4_EKDN230028432-1A_HKTC2DSX7_L3.29;c__Betaproteobacteria;(UID3888);323;387;234;78;289;18;2;0;0;85.78;6.27;79.17
R6_EKDN230028434-1A_HKTC2DSX7_L3.4;k__Bacteria;(UID203);5449;104;58;31;19;24;22;7;1;85.76;128.24;29.25
R4_EKDN230028432-1A_HKTC2DSX7_L3.45;k__Bacteria;(UID203);5449;104;58;19;55;26;4;0;0;85.76;19.51;23.68
V8_EKDN230028460-1A_HJH72DSX7_L2.30;k__Bacteria;(UID203);5449;104;58;25;22;24;18;9;6;85.74;160.42;42.08
R24_EKDN230028452-1A_HKTTNDSX7_L4.12;c__Gammaproteobacteria;(UID4202);67;481;276;62;412;7;0;0;0;85.63;1.86;57.14
R3_EKDN230028431-1A_HKTC2DSX7_L3.25;c__Betaproteobacteria;(UID3888);323;387;234;41;331;15;0;0;0;85.62;4.06;73.33
V3_EKDN230028455-1A_HKTC2DSX7_L4.3;o__Clostridiales;(UID1120);304;249;142;64;165;17;2;0;1;85.60;13.36;26.32
R5_EKDN230028433-1A_HKTC2DSX7_L3.2;c__Betaproteobacteria;(UID3888);323;387;234;75;175;119;17;1;0;85.60;42.60;40.91
V6_EKDN230028458-1A_HKTTNDSX7_L4.104;c__Gammaproteobacteria;(UID4201);1164;275;174;31;238;6;0;0;0;85.58;1.76;100.00
V2_EKDN230028454-1A_HKTTNDSX7_L4.18;c__Gammaproteobacteria;(UID4201);1164;275;174;37;235;3;0;0;0;85.58;1.44;66.67
R20_EKDN230028448-1A_HKTC2DSX7_L3.12;o__Burkholderiales;(UID4000);193;427;214;79;278;52;17;1;0;85.58;21.36;26.61
R5_EKDN230028433-1A_HKTC2DSX7_L3.52;k__Bacteria;(UID2565);2921;142;87;15;123;4;0;0;0;85.53;2.60;25.00
R10_EKDN230028438-1A_HKTC2DSX7_L3.49;k__Bacteria;(UID203);5449;104;58;45;23;32;4;0;0;85.50;59.64;75.00
V10_EKDN230028462-1A_HKTTNDSX7_L4.79;f__Xanthomonadaceae;(UID4214);55;659;290;130;314;197;18;0;0;85.44;40.06;3.98
R23_EKDN230028451-1A_HKTC2DSX7_L4.30;c__Alphaproteobacteria;(UID3305);564;349;230;39;308;2;0;0;0;85.43;0.47;50.00
V2_EKDN230028454-1A_HKTTNDSX7_L4.98;k__Bacteria;(UID203);5449;104;58;9;67;11;16;0;1;85.34;18.90;63.77
R12_EKDN230028440-1A_HKTC2DSX7_L3.92;k__Bacteria;(UID203);5449;104;58;10;68;21;5;0;0;85.34;17.24;30.56
V4_EKDN230028456-1A_HKTTNDSX7_L4.81;k__Bacteria;(UID203);5449;104;58;38;31;30;5;0;0;85.27;60.33;68.89
V2_EKDN230028454-1A_HKTTNDSX7_L4.55;k__Bacteria;(UID203);5449;104;58;28;33;17;17;4;5;85.27;100.47;37.58
R21_EKDN230028449-1A_HKTC2DSX7_L3.32;k__Bacteria;(UID203);5449;104;58;24;27;32;18;3;0;85.27;97.04;47.12
R20_EKDN230028448-1A_HKTC2DSX7_L3.33;k__Bacteria;(UID2982);88;230;148;36;136;46;10;2;0;85.26;34.99;52.27
R20_EKDN230028448-1A_HKTC2DSX7_L3.39;c__Gammaproteobacteria;(UID4274);112;579;290;106;411;50;9;3;0;85.23;11.13;38.95
R6_EKDN230028434-1A_HKTC2DSX7_L3.5;c__Betaproteobacteria;(UID3888);323;387;234;46;327;14;0;0;0;85.21;4.08;100.00
V3_EKDN230028455-1A_HKTC2DSX7_L4.55;o__Burkholderiales;(UID4105);54;553;264;123;403;27;0;0;0;85.20;6.31;59.26
V10_EKDN230028462-1A_HKTTNDSX7_L4.80;p__Bacteroidetes;(UID2605);350;316;210;63;226;25;2;0;0;85.17;9.50;38.71
V9_EKDN230028461-1A_HKTTNDSX7_L4.123;o__Burkholderiales;(UID4000);193;427;214;81;320;22;2;2;0;85.17;6.54;35.00
V5_EKDN230028457-1A_HKTTNDSX7_L4.1;c__Gammaproteobacteria;(UID4201);1164;275;174;37;235;3;0;0;0;85.15;1.44;33.33
V12_EKDN230028464-1A_HKTTNDSX7_L4.40;o__Burkholderiales;(UID4000);193;427;214;80;298;39;6;3;1;85.14;10.90;34.12
V3_EKDN230028455-1A_HKTC2DSX7_L4.32;c__Gammaproteobacteria;(UID4201);1164;275;174;56;211;7;1;0;0;85.11;2.87;80.00
R15_EKDN230028443-1A_HKTC2DSX7_L3.56;k__Bacteria;(UID203);5449;104;58;42;30;23;9;0;0;85.10;62.93;6.00
V3_EKDN230028455-1A_HKTC2DSX7_L4.53;c__Clostridia;(UID1085);35;420;196;82;316;21;1;0;0;85.09;6.01;12.50
V9_EKDN230028461-1A_HKTTNDSX7_L4.62;k__Bacteria;(UID203);5449;103;57;19;52;20;6;6;0;85.09;25.73;8.11
R14_EKDN230028442-1A_HKTC2DSX7_L3.11;k__Bacteria;(UID203);5449;103;57;9;46;37;4;7;0;85.09;33.01;0.00
R14_EKDN230028442-1A_HKTC2DSX7_L3.22;f__Rhodobacteraceae;(UID3356);67;617;330;114;472;31;0;0;0;85.09;5.51;74.19
V2_EKDN230028454-1A_HKTTNDSX7_L4.51;f__Bifidobacteriaceae;(UID1458);77;464;220;89;361;13;1;0;0;85.08;3.07;68.75
R13_EKDN230028441-1A_HKTC2DSX7_L3.35;k__Bacteria;(UID3187);2258;182;112;28;134;19;1;0;0;85.07;8.59;0.00
R22_EKDN230028450-1A_HKTC2DSX7_L3.25;k__Bacteria;(UID2982);88;230;148;54;143;31;1;0;1;85.06;19.59;53.06
V9_EKDN230028461-1A_HKTTNDSX7_L4.23;k__Bacteria;(UID2569);434;278;186;70;197;11;0;0;0;85.05;3.55;36.36
V3_EKDN230028455-1A_HKTC2DSX7_L4.100;c__Betaproteobacteria;(UID3888);323;387;234;80;109;94;74;25;5;85.02;98.50;11.13
R18_EKDN230028446-1A_HKTC2DSX7_L3.78;k__Bacteria;(UID1453);901;171;117;39;122;10;0;0;0;84.97;6.84;50.00
V5_EKDN230028457-1A_HKTTNDSX7_L4.119;k__Bacteria;(UID2495);2993;147;91;17;124;6;0;0;0;84.97;4.95;83.33
V7_EKDN230028459-1A_HKTTNDSX7_L4.47;k__Bacteria;(UID2569);434;278;186;34;232;12;0;0;0;84.95;4.61;50.00
R1_EKDN230028429-1A_HKTC2DSX7_L3.27;o__Burkholderiales;(UID4000);193;427;214;67;114;109;90;39;8;84.94;114.20;60.03
V11_EKDN230028463-1A_HKTTNDSX7_L4.79;c__Betaproteobacteria;(UID3888);323;387;234;63;307;17;0;0;0;84.83;4.41;41.18
R3_EKDN230028431-1A_HKTC2DSX7_L3.63;k__Bacteria;(UID203);5449;104;58;29;32;36;7;0;0;84.80;56.44;57.89
V4_EKDN230028456-1A_HKTTNDSX7_L4.55;c__Gammaproteobacteria;(UID4201);1164;275;174;36;235;4;0;0;0;84.77;1.92;100.00
V1_EKDN230028453-1A_HKTTNDSX7_L4.18;k__Bacteria;(UID209);5443;105;59;34;68;3;0;0;0;84.75;5.08;0.00
R12_EKDN230028440-1A_HKTC2DSX7_L3.29;k__Bacteria;(UID1452);924;161;108;33;123;5;0;0;0;84.66;2.57;20.00
V5_EKDN230028457-1A_HKTTNDSX7_L4.51;k__Bacteria;(UID203);5449;104;58;26;38;26;13;1;0;84.66;49.61;11.27
V12_EKDN230028464-1A_HKTTNDSX7_L4.88;k__Bacteria;(UID203);5449;104;58;20;63;16;5;0;0;84.64;8.32;64.52
R11_EKDN230028439-1A_HKTC2DSX7_L3.6;f__Rhodobacteraceae;(UID3340);84;568;330;92;381;83;12;0;0;84.64;14.39;31.93
R9_EKDN230028437-1A_HKTC2DSX7_L3.12;k__Bacteria;(UID203);5449;104;58;24;43;28;9;0;0;84.59;26.69;32.73
R16_EKDN230028444-1A_HKTC2DSX7_L3.4;k__Bacteria;(UID1453);901;171;117;26;130;15;0;0;0;84.59;7.90;53.33
V10_EKDN230028462-1A_HKTTNDSX7_L4.57;c__Gammaproteobacteria;(UID4274);112;580;290;88;345;140;7;0;0;84.51;25.83;47.83
R19_EKDN230028447-1A_HKTC2DSX7_L3.29;k__Bacteria;(UID203);5449;104;58;23;65;11;5;0;0;84.48;4.86;30.77
R12_EKDN230028440-1A_HKTC2DSX7_L3.60;o__Sphingomonadales;(UID3310);26;569;293;110;426;33;0;0;0;84.46;5.72;51.52
V3_EKDN230028455-1A_HKTC2DSX7_L4.79;o__Actinomycetales;(UID1697);387;330;193;51;258;21;0;0;0;84.41;5.32;28.57
V9_EKDN230028461-1A_HKTTNDSX7_L4.117;k__Bacteria;(UID203);5449;104;58;15;37;33;18;1;0;84.40;81.71;32.26
V4_EKDN230028456-1A_HKTTNDSX7_L4.132;k__Bacteria;(UID203);5449;104;58;26;60;18;0;0;0;84.40;8.62;5.56
R2_EKDN230028430-1A_HKTC2DSX7_L3.63;k__Bacteria;(UID203);5449;104;58;25;25;49;4;1;0;84.40;68.23;40.30
R18_EKDN230028446-1A_HKTC2DSX7_L3.62;k__Bacteria;(UID203);5449;104;58;29;41;27;7;0;0;84.39;40.68;27.08
V3_EKDN230028455-1A_HKTC2DSX7_L4.78;k__Bacteria;(UID203);5449;103;57;45;35;23;0;0;0;84.39;35.09;78.26
R6_EKDN230028434-1A_HKTC2DSX7_L3.53;k__Bacteria;(UID2982);88;229;147;53;173;3;0;0;0;84.37;2.04;0.00
V7_EKDN230028459-1A_HKTTNDSX7_L4.118;o__Actinomycetales;(UID1802);274;388;214;57;312;18;1;0;0;84.36;3.15;19.05
V9_EKDN230028461-1A_HKTTNDSX7_L4.93;c__Gammaproteobacteria;(UID4267);119;544;284;110;348;76;9;1;0;84.35;23.15;68.81
R6_EKDN230028434-1A_HKTC2DSX7_L3.20;o__Rhizobiales;(UID3642);107;485;316;84;342;57;2;0;0;84.35;12.90;58.73
R7_EKDN230028435-1A_HKTC2DSX7_L3.29;o__Rhizobiales;(UID3447);356;413;248;62;308;43;0;0;0;84.33;8.46;13.95
R22_EKDN230028450-1A_HKTC2DSX7_L3.33;k__Bacteria;(UID203);5449;104;58;21;63;18;2;0;0;84.28;16.77;33.33
R7_EKDN230028435-1A_HKTC2DSX7_L3.31;k__Bacteria;(UID203);5449;104;58;35;22;16;20;6;5;84.27;127.46;26.09
V11_EKDN230028463-1A_HKTTNDSX7_L4.72;k__Bacteria;(UID2329);174;149;89;16;128;5;0;0;0;84.27;4.04;20.00
V7_EKDN230028459-1A_HKTTNDSX7_L4.96;f__Xanthomonadaceae;(UID4214);55;659;290;122;511;26;0;0;0;84.23;4.90;84.62
V12_EKDN230028464-1A_HKTTNDSX7_L4.16;c__Alphaproteobacteria;(UID3305);564;349;230;51;295;3;0;0;0;84.21;1.01;33.33
R22_EKDN230028450-1A_HKTC2DSX7_L3.75;k__Bacteria;(UID203);5449;103;57;10;71;22;0;0;0;84.21;11.16;18.18
R1_EKDN230028429-1A_HKTC2DSX7_L3.29;k__Bacteria;(UID2982);88;230;148;56;72;64;23;10;5;84.21;85.52;16.13
V3_EKDN230028455-1A_HKTC2DSX7_L4.124;c__Deltaproteobacteria;(UID3218);61;284;169;76;191;17;0;0;0;84.17;6.29;94.12
V1_EKDN230028453-1A_HKTTNDSX7_L4.22;k__Bacteria;(UID2495);2993;141;87;20;115;5;1;0;0;84.15;5.09;50.00
R10_EKDN230028438-1A_HKTC2DSX7_L3.53;k__Bacteria;(UID1452);924;161;108;25;129;7;0;0;0;84.09;5.04;85.71
V12_EKDN230028464-1A_HKTTNDSX7_L4.111;k__Bacteria;(UID3187);2258;181;110;51;124;6;0;0;0;84.04;3.74;0.00
V1_EKDN230028453-1A_HKTTNDSX7_L4.94;o__Burkholderiales;(UID4000);193;427;214;74;267;73;12;1;0;84.02;20.68;28.70
R10_EKDN230028438-1A_HKTC2DSX7_L3.23;k__Bacteria;(UID203);5449;104;58;42;18;20;19;5;0;83.96;105.33;30.84
R22_EKDN230028450-1A_HKTC2DSX7_L3.90;o__Burkholderiales;(UID4000);193;427;214;93;108;133;80;10;3;83.94;86.84;34.56
R8_EKDN230028436-1A_HKTC2DSX7_L3.22;o__Burkholderiales;(UID4000);193;427;214;103;323;1;0;0;0;83.93;0.47;0.00
V9_EKDN230028461-1A_HKTTNDSX7_L4.79;c__Gammaproteobacteria;(UID4266);1097;270;172;32;231;7;0;0;0;83.91;1.59;14.29
R16_EKDN230028444-1A_HKTC2DSX7_L3.48;k__Bacteria;(UID1453);901;171;117;49;114;8;0;0;0;83.89;4.42;75.00
R5_EKDN230028433-1A_HKTC2DSX7_L3.11;k__Bacteria;(UID203);5449;104;58;24;35;29;12;4;0;83.86;57.49;42.70
V2_EKDN230028454-1A_HKTTNDSX7_L4.77;f__Xanthomonadaceae;(UID4214);55;659;290;121;508;30;0;0;0;83.83;4.68;66.67
R22_EKDN230028450-1A_HKTC2DSX7_L3.78;f__Rhodobacteraceae;(UID3340);84;568;330;75;467;26;0;0;0;83.78;3.25;34.62
R18_EKDN230028446-1A_HKTC2DSX7_L3.19;c__Gammaproteobacteria;(UID4267);119;544;284;108;414;22;0;0;0;83.77;4.40;45.45
R1_EKDN230028429-1A_HKTC2DSX7_L3.65;k__Bacteria;(UID2982);88;229;147;46;178;5;0;0;0;83.76;2.86;20.00
V9_EKDN230028461-1A_HKTTNDSX7_L4.58;k__Bacteria;(UID203);5449;104;58;42;16;21;15;7;3;83.76;129.29;79.02
V2_EKDN230028454-1A_HKTTNDSX7_L4.23;o__Actinomycetales;(UID1697);387;330;193;75;245;10;0;0;0;83.76;2.63;50.00
V10_EKDN230028462-1A_HKTTNDSX7_L4.75;k__Bacteria;(UID3187);2258;181;110;37;138;5;1;0;0;83.71;4.91;25.00
V7_EKDN230028459-1A_HKTTNDSX7_L4.18;g__Bradyrhizobium;(UID3699);37;824;336;146;454;190;32;2;0;83.68;29.34;10.40
V2_EKDN230028454-1A_HKTTNDSX7_L4.176;p__Bacteroidetes;(UID2591);364;302;203;79;203;18;2;0;0;83.68;8.69;12.50
V8_EKDN230028460-1A_HJH72DSX7_L2.49;k__Bacteria;(UID203);5449;104;58;26;21;32;19;3;3;83.67;114.91;10.95
R2_EKDN230028430-1A_HKTC2DSX7_L3.22;k__Bacteria;(UID203);5449;104;58;24;31;25;14;3;7;83.67;116.37;41.18
V6_EKDN230028458-1A_HKTTNDSX7_L4.80;f__Comamonadaceae;(UID4119);39;693;323;117;498;75;3;0;0;83.66;12.24;44.05
R10_EKDN230028438-1A_HKTC2DSX7_L3.33;k__Bacteria;(UID2982);88;229;147;58;167;4;0;0;0;83.64;2.72;50.00
V8_EKDN230028460-1A_HJH72DSX7_L2.36;o__Burkholderiales;(UID4000);193;427;214;83;254;76;13;1;0;83.62;23.06;12.40
R21_EKDN230028449-1A_HKTC2DSX7_L3.37;c__Gammaproteobacteria;(UID4274);112;581;290;98;406;68;8;1;0;83.56;15.47;19.39
V5_EKDN230028457-1A_HKTTNDSX7_L4.134;p__Bacteroidetes;(UID2605);350;316;210;45;242;29;0;0;0;83.56;8.96;34.48
R22_EKDN230028450-1A_HKTC2DSX7_L3.66;k__Bacteria;(UID203);5449;104;58;22;58;24;0;0;0;83.54;13.71;62.50
V4_EKDN230028456-1A_HKTTNDSX7_L4.86;o__Actinomycetales;(UID1593);69;399;197;78;299;22;0;0;0;83.52;5.91;36.36
V5_EKDN230028457-1A_HKTTNDSX7_L4.62;c__Gammaproteobacteria;(UID4266);1097;270;172;61;110;83;15;1;0;83.51;49.11;50.00
R18_EKDN230028446-1A_HKTC2DSX7_L3.33;k__Bacteria;(UID2982);88;230;148;54;138;37;0;1;0;83.48;20.17;62.79
V8_EKDN230028460-1A_HHGM2DSX7_L1.11;o__Burkholderiales;(UID4000);193;427;214;68;342;17;0;0;0;83.45;5.64;47.06
R10_EKDN230028438-1A_HKTC2DSX7_L3.87;k__Bacteria;(UID1453);901;171;117;39;76;40;14;2;0;83.45;52.79;13.83
V7_EKDN230028459-1A_HKTTNDSX7_L4.32;c__Gammaproteobacteria;(UID4266);1097;270;172;29;238;3;0;0;0;83.43;1.20;0.00
V1_EKDN230028453-1A_HKTTNDSX7_L4.8;o__Rhizobiales;(UID3447);356;416;249;62;262;83;8;1;0;83.43;25.30;46.02
R3_EKDN230028431-1A_HKTC2DSX7_L3.37;f__Rhodobacteraceae;(UID3340);84;568;330;100;236;182;40;8;2;83.41;53.69;22.93
R12_EKDN230028440-1A_HKTC2DSX7_L3.55;k__Bacteria;(UID203);5449;104;58;41;27;22;12;2;0;83.34;71.71;40.00
V2_EKDN230028454-1A_HKTTNDSX7_L4.8;o__Lactobacillales;(UID544);293;474;267;105;336;33;0;0;0;83.28;5.80;78.79
R3_EKDN230028431-1A_HKTC2DSX7_L3.8;k__Bacteria;(UID2982);88;229;147;44;179;6;0;0;0;83.23;3.20;33.33
R6_EKDN230028434-1A_HKTC2DSX7_L3.56;o__Sphingomonadales;(UID3310);26;569;293;134;415;19;1;0;0;83.22;4.37;36.36
V12_EKDN230028464-1A_HKTTNDSX7_L4.68;f__Xanthomonadaceae;(UID4214);55;659;290;138;481;40;0;0;0;83.20;6.38;82.50
V11_EKDN230028463-1A_HKTTNDSX7_L4.74;k__Bacteria;(UID3060);138;338;246;50;283;5;0;0;0;83.20;1.44;20.00
R3_EKDN230028431-1A_HKTC2DSX7_L3.10;k__Bacteria;(UID203);5449;104;58;17;53;29;5;0;0;83.20;31.27;43.18
R14_EKDN230028442-1A_HKTC2DSX7_L3.20;k__Bacteria;(UID203);5449;103;57;11;69;20;3;0;0;83.17;13.49;20.69
V5_EKDN230028457-1A_HKTTNDSX7_L4.64;k__Bacteria;(UID2569);434;278;186;45;221;12;0;0;0;83.17;5.38;25.00
R6_EKDN230028434-1A_HKTC2DSX7_L3.25;p__Bacteroidetes;(UID2591);364;302;202;61;229;12;0;0;0;83.17;4.72;58.33
V8_EKDN230028460-1A_HJH72DSX7_L2.29;k__Bacteria;(UID2565);2921;152;93;21;127;4;0;0;0;83.15;2.79;50.00
R6_EKDN230028434-1A_HKTC2DSX7_L3.22;p__Bacteroidetes;(UID2591);364;303;203;57;148;98;0;0;0;83.11;33.27;26.53
V10_EKDN230028462-1A_HKTTNDSX7_L4.117;k__Bacteria;(UID203);5449;104;58;47;55;2;0;0;0;83.10;3.45;50.00
R12_EKDN230028440-1A_HKTC2DSX7_L3.18;o__Burkholderiales;(UID4000);193;427;214;67;348;12;0;0;0;83.10;2.65;75.00
R24_EKDN230028452-1A_HKTTNDSX7_L4.37;c__Gammaproteobacteria;(UID4202);67;481;276;97;356;28;0;0;0;83.09;6.23;3.57
R16_EKDN230028444-1A_HKTC2DSX7_L3.6;k__Bacteria;(UID203);5449;104;58;43;26;30;4;1;0;83.07;57.76;47.92
R12_EKDN230028440-1A_HKTC2DSX7_L3.86;k__Bacteria;(UID203);5449;104;58;19;61;9;15;0;0;83.07;11.53;35.19
V6_EKDN230028458-1A_HKTTNDSX7_L4.56;c__Betaproteobacteria;(UID3888);323;387;234;92;178;95;21;1;0;83.01;42.16;51.83
V5_EKDN230028457-1A_HKTTNDSX7_L4.80;o__Burkholderiales;(UID4000);193;427;214;68;278;69;12;0;0;82.95;21.79;49.52
V1_EKDN230028453-1A_HKTTNDSX7_L4.47;f__Xanthomonadaceae;(UID4214);55;659;290;92;545;22;0;0;0;82.93;3.64;68.18
R3_EKDN230028431-1A_HKTC2DSX7_L3.73;o__Burkholderiales;(UID4000);193;427;214;88;298;40;1;0;0;82.90;8.40;46.51
V7_EKDN230028459-1A_HKTTNDSX7_L4.130;k__Bacteria;(UID203);5449;104;58;39;26;24;11;4;0;82.84;74.83;28.40
V8_EKDN230028460-1A_HJH72DSX7_L2.2;f__Xanthomonadaceae;(UID4214);55;659;290;140;493;26;0;0;0;82.79;4.96;57.69
V1_EKDN230028453-1A_HKTTNDSX7_L4.13;k__Bacteria;(UID3060);138;338;246;80;138;96;22;2;0;82.79;45.15;35.63
R24_EKDN230028452-1A_HKTTNDSX7_L4.29;k__Bacteria;(UID203);5449;104;58;40;18;21;17;8;0;82.76;110.74;38.33
V8_EKDN230028460-1A_HJH72DSX7_L2.48;k__Bacteria;(UID203);5449;104;58;44;38;19;3;0;0;82.76;32.76;92.86
R22_EKDN230028450-1A_HKTC2DSX7_L3.8;k__Bacteria;(UID203);5449;104;58;21;32;32;18;1;0;82.76;80.69;8.70
R13_EKDN230028441-1A_HKTC2DSX7_L3.27;f__Rhodobacteraceae;(UID3356);67;617;330;113;446;55;3;0;0;82.74;11.96;62.50
V5_EKDN230028457-1A_HKTTNDSX7_L4.108;o__Actinomycetales;(UID1593);69;399;197;104;279;15;1;0;0;82.73;4.70;33.33
V8_EKDN230028460-1A_HJH72DSX7_L2.71;o__Burkholderiales;(UID4000);193;426;214;90;327;9;0;0;0;82.72;1.60;44.44
V4_EKDN230028456-1A_HKTTNDSX7_L4.125;c__Deltaproteobacteria;(UID3216);83;247;155;37;199;11;0;0;0;82.72;3.98;100.00
R15_EKDN230028443-1A_HKTC2DSX7_L3.38;c__Betaproteobacteria;(UID3888);323;387;234;94;280;12;1;0;0;82.63;4.35;86.67
R5_EKDN230028433-1A_HKTC2DSX7_L3.3;c__Betaproteobacteria;(UID3888);323;387;234;51;324;12;0;0;0;82.62;3.67;66.67
R17_EKDN230028445-1A_HKTC2DSX7_L3.35;k__Bacteria;(UID1453);901;171;117;43;111;16;1;0;0;82.53;10.26;42.11
R6_EKDN230028434-1A_HKTC2DSX7_L3.11;k__Bacteria;(UID203);5449;104;58;41;25;36;2;0;0;82.52;52.74;76.19
R22_EKDN230028450-1A_HKTC2DSX7_L3.13;k__Bacteria;(UID203);5449;104;58;37;31;26;8;2;0;82.52;67.07;20.97
R10_EKDN230028438-1A_HKTC2DSX7_L3.56;k__Bacteria;(UID203);5449;104;58;17;63;17;4;3;0;82.47;13.71;14.89
V2_EKDN230028454-1A_HKTTNDSX7_L4.75;p__Actinobacteria;(UID1454);732;201;116;52;43;57;33;12;4;82.47;102.10;70.90
V6_EKDN230028458-1A_HKTTNDSX7_L4.42;k__Bacteria;(UID2372);131;177;106;38;136;3;0;0;0;82.45;2.83;33.33
V4_EKDN230028456-1A_HKTTNDSX7_L4.69;k__Bacteria;(UID203);5449;104;58;21;31;49;3;0;0;82.37;49.01;89.66
V2_EKDN230028454-1A_HKTTNDSX7_L4.115;o__Actinomycetales;(UID1530);622;257;151;55;201;1;0;0;0;82.34;0.66;0.00
R1_EKDN230028429-1A_HKTC2DSX7_L3.50;o__Sphingomonadales;(UID3310);26;569;293;111;428;25;4;1;0;82.31;5.11;39.53
R24_EKDN230028452-1A_HKTTNDSX7_L4.20;k__Bacteria;(UID2982);88;230;148;43;162;22;3;0;0;82.30;14.70;87.10
R11_EKDN230028439-1A_HKTC2DSX7_L3.62;k__Bacteria;(UID203);5449;104;58;25;37;24;15;2;1;82.30;80.43;21.98
V3_EKDN230028455-1A_HKTC2DSX7_L4.83;o__Clostridiales;(UID1212);172;257;149;40;217;0;0;0;0;82.28;0.00;0.00
V3_EKDN230028455-1A_HKTC2DSX7_L4.37;o__Clostridiales;(UID1375);50;332;124;41;289;2;0;0;0;82.28;1.21;0.00
V6_EKDN230028458-1A_HKTTNDSX7_L4.108;o__Bacteroidales;(UID2621);198;427;260;82;309;27;8;1;0;82.26;6.73;40.35
R23_EKDN230028451-1A_HKTC2DSX7_L4.42;k__Bacteria;(UID3187);2258;182;112;28;148;5;1;0;0;82.26;4.52;0.00
V9_EKDN230028461-1A_HKTTNDSX7_L4.121;o__Rhizobiales;(UID3642);107;485;316;96;353;32;4;0;0;82.26;7.30;77.27
V4_EKDN230028456-1A_HKTTNDSX7_L4.127;c__Betaproteobacteria;(UID3888);323;387;234;100;284;3;0;0;0;82.25;1.28;66.67
R20_EKDN230028448-1A_HKTC2DSX7_L3.19;o__Burkholderiales;(UID4000);193;427;214;98;303;25;1;0;0;82.21;8.76;39.29
V4_EKDN230028456-1A_HKTTNDSX7_L4.128;o__Clostridiales;(UID1375);50;332;124;42;287;3;0;0;0;82.19;0.85;0.00
V11_EKDN230028463-1A_HKTTNDSX7_L4.34;p__Bacteroidetes;(UID2605);350;316;210;47;244;24;1;0;0;82.17;6.94;25.93
R1_EKDN230028429-1A_HKTC2DSX7_L3.60;k__Bacteria;(UID203);5449;104;58;32;21;23;12;7;9;82.16;120.92;37.70
R19_EKDN230028447-1A_HKTC2DSX7_L3.54;k__Bacteria;(UID203);5449;104;58;42;32;17;11;2;0;82.16;65.00;69.35
V6_EKDN230028458-1A_HKTTNDSX7_L4.60;o__Clostridiales;(UID1375);50;332;124;42;287;3;0;0;0;82.14;0.31;33.33
V2_EKDN230028454-1A_HKTTNDSX7_L4.135;o__Lactobacillales;(UID543);294;472;265;108;352;12;0;0;0;82.11;3.32;66.67
R1_EKDN230028429-1A_HKTC2DSX7_L3.26;o__Rhizobiales;(UID3654);92;481;319;97;359;23;2;0;0;82.10;5.40;31.03
R14_EKDN230028442-1A_HKTC2DSX7_L3.21;c__Betaproteobacteria;(UID3888);323;387;234;66;278;37;6;0;0;82.06;15.07;85.45
V9_EKDN230028461-1A_HKTTNDSX7_L4.96;k__Bacteria;(UID203);5449;104;58;47;56;1;0;0;0;82.05;1.72;0.00
V8_EKDN230028460-1A_HJH72DSX7_L2.17;c__Betaproteobacteria;(UID3971);223;425;211;61;344;20;0;0;0;82.04;5.18;90.00
R2_EKDN230028430-1A_HKTC2DSX7_L3.14;k__Bacteria;(UID2982);88;229;147;45;179;5;0;0;0;82.00;2.52;60.00
V5_EKDN230028457-1A_HKTTNDSX7_L4.124;k__Bacteria;(UID203);5449;104;58;12;63;22;4;3;0;81.90;15.92;9.62
V1_EKDN230028453-1A_HKTTNDSX7_L4.6;o__Clostridiales;(UID1375);50;332;124;50;278;4;0;0;0;81.89;2.82;25.00
V2_EKDN230028454-1A_HKTTNDSX7_L4.175;p__Firmicutes;(UID1022);100;295;158;73;153;61;8;0;0;81.87;34.12;49.41
V1_EKDN230028453-1A_HKTTNDSX7_L4.19;f__Comamonadaceae;(UID4119);39;693;323;130;536;26;1;0;0;81.84;4.95;44.83
V3_EKDN230028455-1A_HKTC2DSX7_L4.22;c__Alphaproteobacteria;(UID3305);564;349;230;78;233;37;1;0;0;81.84;10.07;7.50
V11_EKDN230028463-1A_HKTTNDSX7_L4.105;k__Bacteria;(UID203);5449;104;58;40;17;21;19;5;2;81.82;115.00;67.97
V3_EKDN230028455-1A_HKTC2DSX7_L4.12;k__Bacteria;(UID2569);434;278;186;59;176;37;6;0;0;81.81;17.20;45.45
R15_EKDN230028443-1A_HKTC2DSX7_L3.59;k__Bacteria;(UID203);5449;104;58;13;57;19;2;7;6;81.74;41.93;9.80
V8_EKDN230028460-1A_HHGM2DSX7_L1.9;c__Betaproteobacteria;(UID3888);323;387;234;99;273;14;1;0;0;81.72;3.83;23.53
R16_EKDN230028444-1A_HKTC2DSX7_L3.33;p__Bacteroidetes;(UID2591);364;302;202;80;213;9;0;0;0;81.71;4.46;33.33
V8_EKDN230028460-1A_HJH72DSX7_L2.50;f__Flavobacteriaceae;(UID2817);81;511;283;127;366;18;0;0;0;81.67;4.10;38.89
R24_EKDN230028452-1A_HKTTNDSX7_L4.59;k__Bacteria;(UID1453);901;171;117;41;119;9;2;0;0;81.67;9.32;26.67
V2_EKDN230028454-1A_HKTTNDSX7_L4.52;k__Bacteria;(UID3187);2258;181;110;28;135;16;2;0;0;81.56;11.00;45.45
V5_EKDN230028457-1A_HKTTNDSX7_L4.60;c__Clostridia;(UID1085);35;420;196;98;310;11;1;0;0;81.52;3.67;42.86
R2_EKDN230028430-1A_HKTC2DSX7_L3.8;o__Burkholderiales;(UID4000);193;427;214;96;113;80;56;42;40;81.51;135.41;57.59
V9_EKDN230028461-1A_HKTTNDSX7_L4.85;f__Xanthomonadaceae;(UID4214);55;659;290;114;519;26;0;0;0;81.45;4.31;19.23
R17_EKDN230028445-1A_HKTC2DSX7_L3.45;f__Rhodobacteraceae;(UID3340);84;568;330;103;439;26;0;0;0;81.43;5.17;50.00
R4_EKDN230028432-1A_HKTC2DSX7_L3.78;c__Alphaproteobacteria;(UID3337);468;388;250;95;242;48;3;0;0;81.43;14.00;63.16
V1_EKDN230028453-1A_HKTTNDSX7_L4.50;o__Clostridiales;(UID1375);50;332;124;79;248;5;0;0;0;81.42;2.49;0.00
R4_EKDN230028432-1A_HKTC2DSX7_L3.76;o__Sphingomonadales;(UID3310);26;569;293;120;417;32;0;0;0;81.41;6.84;46.88
V10_EKDN230028462-1A_HKTTNDSX7_L4.43;o__Rhizobiales;(UID3447);356;413;248;71;316;25;1;0;0;81.37;5.68;89.29
R2_EKDN230028430-1A_HKTC2DSX7_L3.23;o__Rhizobiales;(UID3654);92;481;319;92;365;23;1;0;0;81.37;4.74;46.15
R23_EKDN230028451-1A_HKTC2DSX7_L4.29;k__Bacteria;(UID203);5449;104;58;43;21;39;1;0;0;81.35;59.83;64.29
V10_EKDN230028462-1A_HKTTNDSX7_L4.77;c__Gammaproteobacteria;(UID4274);112;580;290;109;340;117;14;0;0;81.34;27.62;46.54
R21_EKDN230028449-1A_HKTC2DSX7_L3.17;o__Burkholderiales;(UID4000);193;427;214;111;162;106;38;8;2;81.33;64.05;16.05
R18_EKDN230028446-1A_HKTC2DSX7_L3.9;k__Bacteria;(UID2982);88;230;148;50;154;21;3;2;0;81.29;10.37;26.19
R15_EKDN230028443-1A_HKTC2DSX7_L3.13;k__Bacteria;(UID203);5449;104;58;42;23;19;18;1;1;81.29;94.98;80.90
R5_EKDN230028433-1A_HKTC2DSX7_L3.54;k__Bacteria;(UID203);5449;104;58;36;21;16;17;9;5;81.27;142.99;39.77
R18_EKDN230028446-1A_HKTC2DSX7_L3.43;k__Bacteria;(UID203);5449;104;58;40;14;45;5;0;0;81.27;73.10;70.00
V1_EKDN230028453-1A_HKTTNDSX7_L4.17;f__Bifidobacteriaceae;(UID1458);77;464;220;101;349;14;0;0;0;81.26;3.46;64.29
V2_EKDN230028454-1A_HKTTNDSX7_L4.42;k__Bacteria;(UID203);5449;103;58;42;21;31;7;1;1;81.20;73.23;60.29
V2_EKDN230028454-1A_HKTTNDSX7_L4.125;c__Deltaproteobacteria;(UID3218);61;284;169;92;177;15;0;0;0;81.12;5.34;100.00
R19_EKDN230028447-1A_HKTC2DSX7_L3.36;k__Bacteria;(UID203);5449;104;58;45;39;16;2;1;1;81.08;37.07;81.58
R23_EKDN230028451-1A_HKTC2DSX7_L4.7;o__Actinomycetales;(UID1696);455;315;190;62;241;12;0;0;0;81.05;2.49;58.33
V9_EKDN230028461-1A_HKTTNDSX7_L4.37;k__Bacteria;(UID203);5449;104;58;49;41;13;1;0;0;81.03;21.55;75.00
V4_EKDN230028456-1A_HKTTNDSX7_L4.105;k__Bacteria;(UID203);5449;104;58;49;52;3;0;0;0;81.03;5.17;33.33
R24_EKDN230028452-1A_HKTTNDSX7_L4.14;f__Rhodobacteraceae;(UID3340);84;568;330;135;416;16;1;0;0;81.02;3.32;21.05
V3_EKDN230028455-1A_HKTC2DSX7_L4.130;o__Clostridiales;(UID1212);172;263;149;65;195;3;0;0;0;81.00;1.06;33.33
V6_EKDN230028458-1A_HKTTNDSX7_L4.48;o__Actinomycetales;(UID1697);387;327;191;77;246;4;0;0;0;80.94;1.57;50.00
V5_EKDN230028457-1A_HKTTNDSX7_L4.86;p__Bacteroidetes;(UID2591);364;303;203;86;168;46;3;0;0;80.90;19.06;14.55
R1_EKDN230028429-1A_HKTC2DSX7_L3.4;c__Alphaproteobacteria;(UID3337);468;388;250;82;165;91;34;13;3;80.90;60.36;17.94
R10_EKDN230028438-1A_HKTC2DSX7_L3.8;c__Bacilli;(UID256);765;274;150;42;232;0;0;0;0;80.89;0.00;0.00
V10_EKDN230028462-1A_HKTTNDSX7_L4.9;k__Bacteria;(UID203);5449;104;58;16;48;27;7;5;1;80.88;51.23;45.45
R22_EKDN230028450-1A_HKTC2DSX7_L3.5;k__Bacteria;(UID203);5449;104;58;27;29;41;6;1;0;80.88;67.63;76.92
V6_EKDN230028458-1A_HKTTNDSX7_L4.95;c__Clostridia;(UID1085);35;420;196;65;349;5;1;0;0;80.87;1.94;0.00
R5_EKDN230028433-1A_HKTC2DSX7_L3.18;c__Alphaproteobacteria;(UID3422);26;529;308;89;396;43;1;0;0;80.81;9.01;52.17
R8_EKDN230028436-1A_HKTC2DSX7_L3.3;f__Rhodobacteraceae;(UID3340);84;568;330;121;172;154;82;30;9;80.77;83.14;12.82
V12_EKDN230028464-1A_HKTTNDSX7_L4.1;k__Bacteria;(UID203);5449;104;58;17;49;20;15;2;1;80.72;21.10;65.52
R22_EKDN230028450-1A_HKTC2DSX7_L3.27;k__Bacteria;(UID203);5449;104;58;13;29;28;15;11;8;80.72;79.42;5.24
R15_EKDN230028443-1A_HKTC2DSX7_L3.29;k__Bacteria;(UID203);5449;104;58;27;34;29;12;2;0;80.72;61.32;20.78
V3_EKDN230028455-1A_HKTC2DSX7_L4.103;o__Clostridiales;(UID1375);50;332;124;62;257;12;1;0;0;80.71;3.53;46.67
R2_EKDN230028430-1A_HKTC2DSX7_L3.74;f__Rhodobacteraceae;(UID3340);84;568;330;125;396;40;5;2;0;80.70;9.16;28.36
V7_EKDN230028459-1A_HKTTNDSX7_L4.24;o__Clostridiales;(UID1120);304;247;141;74;168;4;1;0;0;80.67;2.84;0.00
R15_EKDN230028443-1A_HKTC2DSX7_L3.45;k__Bacteria;(UID203);5449;104;58;44;26;20;12;2;0;80.66;71.03;39.71
V7_EKDN230028459-1A_HKTTNDSX7_L4.138;o__Burkholderiales;(UID4000);193;427;214;93;322;12;0;0;0;80.64;2.23;0.00
V3_EKDN230028455-1A_HKTC2DSX7_L4.57;o__Actinomycetales;(UID1697);387;330;193;77;235;18;0;0;0;80.61;5.53;77.78
V5_EKDN230028457-1A_HKTTNDSX7_L4.75;k__Bacteria;(UID203);5449;103;58;25;19;21;14;14;10;80.60;190.44;42.75
V4_EKDN230028456-1A_HKTTNDSX7_L4.79;k__Bacteria;(UID2495);2993;147;91;22;123;2;0;0;0;80.58;0.61;0.00
V6_EKDN230028458-1A_HKTTNDSX7_L4.9;o__Burkholderiales;(UID4000);193;427;214;104;240;71;11;0;1;80.57;25.36;20.18
V4_EKDN230028456-1A_HKTTNDSX7_L4.116;p__Bacteroidetes;(UID2605);350;316;210;81;201;33;1;0;0;80.54;12.46;33.33
R18_EKDN230028446-1A_HKTC2DSX7_L3.6;p__Actinobacteria;(UID1454);732;200;117;46;141;13;0;0;0;80.51;8.38;61.54
V2_EKDN230028454-1A_HKTTNDSX7_L4.33;k__Bacteria;(UID209);5443;105;59;46;59;0;0;0;0;80.49;0.00;0.00
R21_EKDN230028449-1A_HKTC2DSX7_L3.52;p__Bacteroidetes;(UID2591);364;298;198;75;140;65;16;2;0;80.44;40.21;32.00
V5_EKDN230028457-1A_HKTTNDSX7_L4.36;p__Actinobacteria;(UID2112);31;211;124;50;157;4;0;0;0;80.35;2.15;25.00
V9_EKDN230028461-1A_HKTTNDSX7_L4.73;k__Bacteria;(UID203);5449;104;58;34;39;28;2;1;0;80.33;31.38;32.50
V3_EKDN230028455-1A_HKTC2DSX7_L4.69;k__Bacteria;(UID203);5449;104;58;25;16;62;1;0;0;80.33;65.44;90.77
V9_EKDN230028461-1A_HKTTNDSX7_L4.48;k__Bacteria;(UID3187);2258;181;110;57;120;4;0;0;0;80.32;3.64;25.00
V4_EKDN230028456-1A_HKTTNDSX7_L4.94;k__Bacteria;(UID2569);434;278;186;64;122;83;8;1;0;80.29;42.10;23.01
R24_EKDN230028452-1A_HKTTNDSX7_L4.39;k__Bacteria;(UID3187);2258;182;112;41;129;12;0;0;0;80.28;5.13;0.00
R3_EKDN230028431-1A_HKTC2DSX7_L3.9;o__Sphingomonadales;(UID3310);26;569;293;120;416;28;5;0;0;80.24;5.06;58.14
R24_EKDN230028452-1A_HKTTNDSX7_L4.33;k__Bacteria;(UID203);5449;104;58;12;74;16;1;1;0;80.17;13.95;12.00
R22_EKDN230028450-1A_HKTC2DSX7_L3.26;k__Bacteria;(UID203);5449;104;58;46;22;26;8;2;0;80.13;73.43;19.35
R12_EKDN230028440-1A_HKTC2DSX7_L3.85;c__Betaproteobacteria;(UID3888);323;387;234;63;316;8;0;0;0;80.11;2.39;62.50
R10_EKDN230028438-1A_HKTC2DSX7_L3.58;o__Burkholderiales;(UID4000);193;427;214;106;177;118;23;2;1;80.07;40.57;16.75
V2_EKDN230028454-1A_HKTTNDSX7_L4.142;k__Bacteria;(UID2495);2993;143;89;29;110;4;0;0;0;80.05;3.44;0.00
V1_EKDN230028453-1A_HKTTNDSX7_L4.93;o__Actinomycetales;(UID1697);387;330;193;75;246;9;0;0;0;80.04;2.30;88.89
V11_EKDN230028463-1A_HKTTNDSX7_L4.87;k__Bacteria;(UID203);5449;104;58;48;44;8;4;0;0;80.00;19.83;85.00
V12_EKDN230028464-1A_HKTTNDSX7_L4.12;k__Bacteria;(UID203);5449;104;58;19;57;27;1;0;0;79.94;9.53;13.33
V10_EKDN230028462-1A_HKTTNDSX7_L4.50;k__Bacteria;(UID203);5449;104;58;23;58;21;2;0;0;79.94;17.16;81.48
V3_EKDN230028455-1A_HKTC2DSX7_L4.61;f__Comamonadaceae;(UID4119);39;693;323;179;403;100;10;1;0;79.92;20.84;20.59
R12_EKDN230028440-1A_HKTC2DSX7_L3.51;o__Cytophagales;(UID2936);47;454;336;87;355;11;1;0;0;79.86;3.87;64.29
R9_EKDN230028437-1A_HKTC2DSX7_L3.21;k__Bacteria;(UID203);5449;104;58;29;28;29;13;3;2;79.86;89.48;32.08
V6_EKDN230028458-1A_HKTTNDSX7_L4.71;c__Deltaproteobacteria;(UID3216);83;247;155;75;122;41;8;1;0;79.85;26.10;39.44
V5_EKDN230028457-1A_HKTTNDSX7_L4.114;f__Xanthomonadaceae;(UID4214);55;659;290;129;488;38;4;0;0;79.85;5.43;18.00
V3_EKDN230028455-1A_HKTC2DSX7_L4.26;o__Flavobacteriales;(UID2815);123;323;204;94;220;8;1;0;0;79.84;3.19;18.18
R18_EKDN230028446-1A_HKTC2DSX7_L3.51;k__Bacteria;(UID1453);901;171;117;60;104;7;0;0;0;79.84;4.70;42.86
V2_EKDN230028454-1A_HKTTNDSX7_L4.71;o__Actinomycetales;(UID1593);69;399;197;102;284;13;0;0;0;79.78;4.41;76.92
R8_EKDN230028436-1A_HKTC2DSX7_L3.8;o__Burkholderiales;(UID4000);193;427;214;85;326;16;0;0;0;79.76;3.77;31.25
R4_EKDN230028432-1A_HKTC2DSX7_L3.38;c__Alphaproteobacteria;(UID3422);26;529;308;114;249;129;31;4;2;79.70;42.95;13.53
R15_EKDN230028443-1A_HKTC2DSX7_L3.28;p__Bacteroidetes;(UID2591);364;303;203;57;236;10;0;0;0;79.69;3.28;50.00
V10_EKDN230028462-1A_HKTTNDSX7_L4.82;c__Betaproteobacteria;(UID3888);323;387;234;99;277;10;1;0;0;79.65;2.28;76.92
V8_EKDN230028460-1A_HJH72DSX7_L2.41;k__Bacteria;(UID3187);2258;181;110;44;133;4;0;0;0;79.63;2.95;0.00
V5_EKDN230028457-1A_HKTTNDSX7_L4.121;k__Bacteria;(UID203);5449;104;58;20;40;32;12;0;0;79.59;58.10;2.94
V5_EKDN230028457-1A_HKTTNDSX7_L4.128;k__Bacteria;(UID3187);2258;181;110;56;98;23;3;1;0;79.58;17.07;5.26
R11_EKDN230028439-1A_HKTC2DSX7_L3.81;o__Cytophagales;(UID2936);47;454;336;108;330;14;2;0;0;79.55;4.28;65.00
V10_EKDN230028462-1A_HKTTNDSX7_L4.20;o__Burkholderiales;(UID4000);193;427;214;92;324;11;0;0;0;79.55;2.51;27.27
V5_EKDN230028457-1A_HKTTNDSX7_L4.84;k__Bacteria;(UID203);5449;104;58;36;20;26;17;5;0;79.48;95.67;71.03
V9_EKDN230028461-1A_HKTTNDSX7_L4.128;k__Bacteria;(UID203);5449;104;58;48;24;24;6;1;1;79.47;64.66;20.69
R10_EKDN230028438-1A_HKTC2DSX7_L3.74;k__Bacteria;(UID203);5449;104;58;42;34;26;2;0;0;79.47;40.67;84.38
V3_EKDN230028455-1A_HKTC2DSX7_L4.117;f__Rhodobacteraceae;(UID3340);84;568;330;119;399;47;3;0;0;79.45;9.33;16.07
R23_EKDN230028451-1A_HKTC2DSX7_L4.6;c__Gammaproteobacteria;(UID4202);67;481;276;126;333;21;1;0;0;79.43;5.82;20.83
R3_EKDN230028431-1A_HKTC2DSX7_L3.66;k__Bacteria;(UID203);5449;104;58;41;24;18;11;9;1;79.39;99.29;38.26
V9_EKDN230028461-1A_HKTTNDSX7_L4.120;o__Clostridiales;(UID1120);304;247;141;77;169;1;0;0;0;79.37;0.35;0.00
R3_EKDN230028431-1A_HKTC2DSX7_L3.22;o__Burkholderiales;(UID4000);193;427;214;115;275;33;3;1;0;79.33;12.18;79.17
V7_EKDN230028459-1A_HKTTNDSX7_L4.28;k__Bacteria;(UID203);5449;104;58;12;79;13;0;0;0;79.31;4.15;15.38
V1_EKDN230028453-1A_HKTTNDSX7_L4.88;k__Bacteria;(UID203);5449;103;58;47;23;29;3;1;0;79.31;59.83;68.18
R4_EKDN230028432-1A_HKTC2DSX7_L3.79;k__Bacteria;(UID203);5449;104;58;50;54;0;0;0;0;79.31;0.00;0.00
R4_EKDN230028432-1A_HKTC2DSX7_L3.15;k__Bacteria;(UID203);5449;104;58;51;53;0;0;0;0;79.31;0.00;0.00
R18_EKDN230028446-1A_HKTC2DSX7_L3.5;k__Bacteria;(UID203);5449;104;58;12;22;18;11;11;30;79.31;124.37;7.28
R21_EKDN230028449-1A_HKTC2DSX7_L3.56;o__Burkholderiales;(UID4000);193;426;214;84;310;29;3;0;0;79.29;8.27;28.95
V2_EKDN230028454-1A_HKTTNDSX7_L4.87;k__Bacteria;(UID2495);2993;143;89;24;116;2;1;0;0;79.26;3.37;0.00
V6_EKDN230028458-1A_HKTTNDSX7_L4.61;k__Bacteria;(UID203);5449;104;58;49;15;17;18;3;2;79.26;97.88;50.46
V9_EKDN230028461-1A_HKTTNDSX7_L4.144;o__Burkholderiales;(UID4000);193;427;214;97;321;9;0;0;0;79.22;2.24;0.00
V1_EKDN230028453-1A_HKTTNDSX7_L4.21;c__Deltaproteobacteria;(UID3218);61;284;169;86;187;11;0;0;0;79.21;4.54;72.73
R11_EKDN230028439-1A_HKTC2DSX7_L3.41;o__Sphingomonadales;(UID3310);26;569;293;147;385;37;0;0;0;79.10;6.08;35.14
R15_EKDN230028443-1A_HKTC2DSX7_L3.63;s__algicola;(UID2846);47;571;303;111;405;50;5;0;0;79.09;8.52;20.00
R10_EKDN230028438-1A_HKTC2DSX7_L3.73;k__Bacteria;(UID203);5449;104;58;43;26;18;12;4;1;79.08;93.10;31.82
V10_EKDN230028462-1A_HKTTNDSX7_L4.81;p__Bacteroidetes;(UID2591);364;303;203;49;252;2;0;0;0;79.06;0.52;50.00
V9_EKDN230028461-1A_HKTTNDSX7_L4.113;o__Burkholderiales;(UID4000);193;427;214;105;236;80;6;0;0;79.03;21.00;72.45
V3_EKDN230028455-1A_HKTC2DSX7_L4.102;o__Burkholderiales;(UID4105);54;553;264;141;270;133;8;1;0;78.99;27.89;42.94
V6_EKDN230028458-1A_HKTTNDSX7_L4.100;k__Bacteria;(UID203);5449;104;58;20;41;41;2;0;0;78.94;37.85;76.60
V4_EKDN230028456-1A_HKTTNDSX7_L4.13;c__Deltaproteobacteria;(UID3218);61;284;169;91;174;19;0;0;0;78.94;6.43;52.63
V7_EKDN230028459-1A_HKTTNDSX7_L4.69;o__Rhizobiales;(UID3447);356;413;248;80;312;21;0;0;0;78.90;5.91;80.95
V11_EKDN230028463-1A_HKTTNDSX7_L4.57;c__Gammaproteobacteria;(UID4274);112;580;290;120;421;39;0;0;0;78.88;6.57;56.41
R23_EKDN230028451-1A_HKTC2DSX7_L4.52;f__Xanthomonadaceae;(UID4214);55;659;290;141;508;9;1;0;0;78.81;1.28;16.67
R6_EKDN230028434-1A_HKTC2DSX7_L3.51;k__Bacteria;(UID1453);901;171;117;32;131;8;0;0;0;78.77;4.00;62.50
R20_EKDN230028448-1A_HKTC2DSX7_L3.10;c__Gammaproteobacteria;(UID4202);67;481;276;88;384;9;0;0;0;78.70;2.11;55.56
V2_EKDN230028454-1A_HKTTNDSX7_L4.126;o__Actinomycetales;(UID1697);387;330;193;82;239;9;0;0;0;78.67;2.95;44.44
V2_EKDN230028454-1A_HKTTNDSX7_L4.117;o__Clostridiales;(UID1120);304;249;142;75;166;8;0;0;0;78.64;3.05;25.00
R5_EKDN230028433-1A_HKTC2DSX7_L3.43;k__Bacteria;(UID203);5449;104;58;23;37;23;11;8;2;78.61;74.74;36.29
R11_EKDN230028439-1A_HKTC2DSX7_L3.37;k__Bacteria;(UID203);5449;104;58;46;23;25;10;0;0;78.61;62.41;60.00
R22_EKDN230028450-1A_HKTC2DSX7_L3.70;k__Bacteria;(UID2982);88;230;148;61;150;17;2;0;0;78.57;10.96;21.74
V12_EKDN230028464-1A_HKTTNDSX7_L4.15;k__Bacteria;(UID203);5449;104;58;47;22;21;5;6;3;78.56;89.11;36.27
V10_EKDN230028462-1A_HKTTNDSX7_L4.107;c__Clostridia;(UID1085);35;420;196;107;294;17;2;0;0;78.54;5.12;69.57
V12_EKDN230028464-1A_HKTTNDSX7_L4.113;k__Bacteria;(UID203);5449;104;58;41;18;24;13;8;0;78.54;109.08;76.58
R16_EKDN230028444-1A_HKTC2DSX7_L3.27;p__Bacteroidetes;(UID2591);364;302;202;70;208;22;2;0;0;78.52;10.48;64.29
V2_EKDN230028454-1A_HKTTNDSX7_L4.36;k__Bacteria;(UID203);5449;104;58;44;18;18;9;6;9;78.48;151.02;16.02
V2_EKDN230028454-1A_HKTTNDSX7_L4.28;o__Clostridiales;(UID1375);50;332;124;70;255;7;0;0;0;78.48;3.38;14.29
V4_EKDN230028456-1A_HKTTNDSX7_L4.139;k__Bacteria;(UID203);5449;104;58;15;73;12;3;1;0;78.45;11.76;18.52
V7_EKDN230028459-1A_HKTTNDSX7_L4.93;f__Rhodobacteraceae;(UID3340);84;568;330;142;407;17;2;0;0;78.42;3.13;26.09
V9_EKDN230028461-1A_HKTTNDSX7_L4.57;p__Bacteroidetes;(UID2591);364;303;203;90;207;6;0;0;0;78.42;1.72;0.00
R16_EKDN230028444-1A_HKTC2DSX7_L3.29;o__Rhizobiales;(UID3642);107;485;316;100;360;25;0;0;0;78.39;5.57;72.00
R4_EKDN230028432-1A_HKTC2DSX7_L3.56;o__Burkholderiales;(UID4000);193;427;214;106;310;10;1;0;0;78.38;3.93;15.38
R5_EKDN230028433-1A_HKTC2DSX7_L3.51;k__Bacteria;(UID203);5449;104;58;43;31;27;3;0;0;78.35;46.71;80.56
R4_EKDN230028432-1A_HKTC2DSX7_L3.31;o__Actinomycetales;(UID1593);69;400;198;104;268;27;1;0;0;78.27;6.04;20.00
V2_EKDN230028454-1A_HKTTNDSX7_L4.46;c__Deltaproteobacteria;(UID3217);62;280;168;88;154;38;0;0;0;78.23;15.68;94.74
R5_EKDN230028433-1A_HKTC2DSX7_L3.45;o__Rhizobiales;(UID3642);107;485;316;123;259;89;12;2;0;78.21;26.95;43.07
V9_EKDN230028461-1A_HKTTNDSX7_L4.111;k__Bacteria;(UID203);5449;104;58;44;41;17;2;0;0;78.21;32.76;52.17
V5_EKDN230028457-1A_HKTTNDSX7_L4.127;o__Clostridiales;(UID1120);304;249;142;77;166;6;0;0;0;78.20;1.64;100.00
V8_EKDN230028460-1A_HJH72DSX7_L2.76;c__Gammaproteobacteria;(UID4266);1097;270;172;40;230;0;0;0;0;78.20;0.00;0.00
R3_EKDN230028431-1A_HKTC2DSX7_L3.68;f__Rhodobacteraceae;(UID3340);84;568;330;137;393;35;3;0;0;78.18;7.35;56.82
V6_EKDN230028458-1A_HKTTNDSX7_L4.35;o__Burkholderiales;(UID4105);54;553;264;151;221;166;13;2;0;78.17;36.40;50.23
V2_EKDN230028454-1A_HKTTNDSX7_L4.173;o__Clostridiales;(UID1375);50;332;124;72;242;18;0;0;0;78.14;2.80;50.00
V5_EKDN230028457-1A_HKTTNDSX7_L4.61;p__Bacteroidetes;(UID2605);350;316;210;75;217;23;1;0;0;78.04;7.59;61.54
R6_EKDN230028434-1A_HKTC2DSX7_L3.30;o__Burkholderiales;(UID4000);193;427;214;130;150;111;33;2;1;78.00;51.56;58.62
V5_EKDN230028457-1A_HKTTNDSX7_L4.34;o__Clostridiales;(UID1375);50;332;124;102;230;0;0;0;0;78.00;0.00;0.00
V5_EKDN230028457-1A_HKTTNDSX7_L4.99;f__Lachnospiraceae;(UID1255);90;354;174;88;262;4;0;0;0;78.00;1.41;25.00
V5_EKDN230028457-1A_HKTTNDSX7_L4.9;k__Bacteria;(UID203);5449;104;58;30;37;25;6;5;1;77.99;43.21;31.82
R11_EKDN230028439-1A_HKTC2DSX7_L3.2;c__Betaproteobacteria;(UID3971);223;425;211;91;280;49;5;0;0;77.99;19.30;82.81
R10_EKDN230028438-1A_HKTC2DSX7_L3.63;o__Sphingomonadales;(UID3310);26;569;293;149;406;14;0;0;0;77.98;2.52;57.14
R1_EKDN230028429-1A_HKTC2DSX7_L3.3;o__Burkholderiales;(UID4000);193;427;214;124;294;9;0;0;0;77.98;3.86;44.44
V12_EKDN230028464-1A_HKTTNDSX7_L4.117;k__Bacteria;(UID203);5449;104;58;18;63;22;1;0;0;77.98;11.44;12.00
R15_EKDN230028443-1A_HKTC2DSX7_L3.49;p__Bacteroidetes;(UID2591);364;302;202;96;192;14;0;0;0;77.96;4.95;21.43
R13_EKDN230028441-1A_HKTC2DSX7_L3.40;o__Cytophagales;(UID2936);47;454;336;111;318;24;1;0;0;77.90;6.65;25.93
V5_EKDN230028457-1A_HKTTNDSX7_L4.126;k__Bacteria;(UID203);5449;104;58;26;44;28;6;0;0;77.90;26.03;47.83
R10_EKDN230028438-1A_HKTC2DSX7_L3.76;p__Bacteroidetes;(UID2591);364;302;202;93;163;40;5;1;0;77.89;22.24;40.98
R2_EKDN230028430-1A_HKTC2DSX7_L3.53;k__Bacteria;(UID203);5449;104;58;37;28;26;6;5;2;77.82;92.11;15.15
V2_EKDN230028454-1A_HKTTNDSX7_L4.66;c__Deltaproteobacteria;(UID3216);83;246;155;86;138;20;2;0;0;77.81;14.09;38.46
R5_EKDN230028433-1A_HKTC2DSX7_L3.62;k__Bacteria;(UID203);5449;104;58;39;20;12;14;2;17;77.80;186.60;81.55
R8_EKDN230028436-1A_HKTC2DSX7_L3.31;k__Bacteria;(UID203);5449;104;58;22;52;21;8;1;0;77.74;31.64;19.61
R2_EKDN230028430-1A_HKTC2DSX7_L3.40;k__Bacteria;(UID203);5449;104;58;24;39;30;10;1;0;77.66;46.18;10.61
R21_EKDN230028449-1A_HKTC2DSX7_L3.20;k__Bacteria;(UID2570);433;274;183;69;200;5;0;0;0;77.66;1.46;60.00
R9_EKDN230028437-1A_HKTC2DSX7_L3.1;o__Burkholderiales;(UID4000);193;427;214;102;253;66;6;0;0;77.65;16.99;36.90
V8_EKDN230028460-1A_HJH72DSX7_L2.88;k__Bacteria;(UID203);5449;104;58;28;42;26;8;0;0;77.60;42.53;4.00
V3_EKDN230028455-1A_HKTC2DSX7_L4.129;k__Bacteria;(UID203);5449;104;58;16;66;22;0;0;0;77.59;12.93;45.45
R22_EKDN230028450-1A_HKTC2DSX7_L3.88;k__Bacteria;(UID203);5449;104;58;49;37;15;2;1;0;77.54;33.78;74.07
R2_EKDN230028430-1A_HKTC2DSX7_L3.15;k__Bacteria;(UID203);5449;104;58;44;53;7;0;0;0;77.49;5.80;42.86
R17_EKDN230028445-1A_HKTC2DSX7_L3.25;k__Bacteria;(UID2565);2921;142;87;23;109;10;0;0;0;77.48;5.12;90.00
V11_EKDN230028463-1A_HKTTNDSX7_L4.4;c__Gammaproteobacteria;(UID4274);112;580;290;166;404;10;0;0;0;77.47;2.10;80.00
R23_EKDN230028451-1A_HKTC2DSX7_L4.35;p__Bacteroidetes;(UID2591);364;298;198;73;137;72;14;2;0;77.46;42.07;41.27
R18_EKDN230028446-1A_HKTC2DSX7_L3.56;k__Bacteria;(UID203);5449;104;58;18;54;31;1;0;0;77.45;10.53;11.76
V8_EKDN230028460-1A_HJH72DSX7_L2.81;k__Bacteria;(UID203);5449;104;58;16;87;1;0;0;0;77.43;0.86;100.00
V2_EKDN230028454-1A_HKTTNDSX7_L4.155;k__Bacteria;(UID203);5449;104;58;17;16;65;3;3;0;77.43;72.02;89.13
R12_EKDN230028440-1A_HKTC2DSX7_L3.57;o__Rhizobiales;(UID3654);92;481;319;129;255;90;7;0;0;77.42;22.35;62.16
V2_EKDN230028454-1A_HKTTNDSX7_L4.91;p__Bacteroidetes;(UID2605);350;316;210;97;127;78;13;1;0;77.39;40.87;88.62
R18_EKDN230028446-1A_HKTC2DSX7_L3.46;f__Rhodobacteraceae;(UID3340);84;568;330;138;387;40;3;0;0;77.35;9.25;38.78
V2_EKDN230028454-1A_HKTTNDSX7_L4.120;o__Actinomycetales;(UID1697);387;327;191;94;231;2;0;0;0;77.28;0.63;50.00
V7_EKDN230028459-1A_HKTTNDSX7_L4.70;o__Burkholderiales;(UID4000);193;427;214;108;253;61;5;0;0;77.28;15.50;68.42
R23_EKDN230028451-1A_HKTC2DSX7_L4.56;k__Bacteria;(UID203);5449;104;58;27;50;24;3;0;0;77.27;35.86;12.12
R14_EKDN230028442-1A_HKTC2DSX7_L3.13;k__Bacteria;(UID203);5449;104;58;38;32;16;4;10;4;77.27;80.20;28.12
V4_EKDN230028456-1A_HKTTNDSX7_L4.60;k__Bacteria;(UID203);5449;104;58;47;4;11;17;11;14;77.21;212.76;48.93
V2_EKDN230028454-1A_HKTTNDSX7_L4.14;k__Bacteria;(UID203);5449;103;57;51;44;8;0;0;0;77.19;12.28;62.50
R14_EKDN230028442-1A_HKTC2DSX7_L3.33;o__Cytophagales;(UID2936);47;454;336;130;300;24;0;0;0;77.18;5.89;50.00
V12_EKDN230028464-1A_HKTTNDSX7_L4.43;o__Rhizobiales;(UID3447);356;413;248;91;300;22;0;0;0;77.16;4.71;90.91
R2_EKDN230028430-1A_HKTC2DSX7_L3.62;p__Bacteroidetes;(UID2591);364;302;202;76;165;56;3;2;0;77.08;24.99;10.39
V1_EKDN230028453-1A_HKTTNDSX7_L4.70;c__Deltaproteobacteria;(UID3217);62;280;168;78;185;17;0;0;0;77.07;7.44;100.00
V6_EKDN230028458-1A_HKTTNDSX7_L4.28;o__Bacteroidales;(UID2621);198;427;260;124;291;12;0;0;0;77.07;2.34;50.00
R20_EKDN230028448-1A_HKTC2DSX7_L3.9;k__Bacteria;(UID2569);434;278;186;73;200;5;0;0;0;77.03;2.69;20.00
V6_EKDN230028458-1A_HKTTNDSX7_L4.102;o__Clostridiales;(UID1120);304;247;141;53;164;25;5;0;0;76.94;7.10;17.50
R22_EKDN230028450-1A_HKTC2DSX7_L3.34;k__Bacteria;(UID1453);901;171;117;57;99;15;0;0;0;76.93;7.41;60.00
V7_EKDN230028459-1A_HKTTNDSX7_L4.127;k__Bacteria;(UID203);5449;104;58;51;52;1;0;0;0;76.90;1.72;100.00
V12_EKDN230028464-1A_HKTTNDSX7_L4.14;k__Bacteria;(UID203);5449;104;58;50;14;19;10;7;4;76.90;113.10;57.35
R5_EKDN230028433-1A_HKTC2DSX7_L3.1;k__Bacteria;(UID203);5449;104;58;48;54;2;0;0;0;76.90;2.59;50.00
R15_EKDN230028443-1A_HKTC2DSX7_L3.58;o__Cytophagales;(UID2936);47;454;336;131;295;28;0;0;0;76.89;6.88;46.43
R7_EKDN230028435-1A_HKTC2DSX7_L3.20;o__Actinomycetales;(UID1590);562;286;170;71;166;47;2;0;0;76.88;17.40;39.62
R22_EKDN230028450-1A_HKTC2DSX7_L3.21;k__Bacteria;(UID203);5449;104;58;49;38;16;1;0;0;76.88;24.71;78.95
R22_EKDN230028450-1A_HKTC2DSX7_L3.55;o__Burkholderiales;(UID4000);193;426;214;99;311;16;0;0;0;76.87;2.84;25.00
V3_EKDN230028455-1A_HKTC2DSX7_L4.56;o__Sphingomonadales;(UID3310);26;569;293;159;396;14;0;0;0;76.87;1.97;7.14
R14_EKDN230028442-1A_HKTC2DSX7_L3.41;f__Rhodobacteraceae;(UID3340);84;568;330;139;411;18;0;0;0;76.84;2.49;61.11
V2_EKDN230028454-1A_HKTTNDSX7_L4.97;k__Bacteria;(UID203);5449;104;58;51;22;31;0;0;0;76.72;43.10;41.94
R9_EKDN230028437-1A_HKTC2DSX7_L3.41;f__Flavobacteriaceae;(UID2817);81;511;283;100;411;0;0;0;0;76.68;0.00;0.00
V6_EKDN230028458-1A_HKTTNDSX7_L4.53;o__Actinomycetales;(UID1593);69;399;197;122;261;16;0;0;0;76.67;3.77;87.50
V6_EKDN230028458-1A_HKTTNDSX7_L4.78;o__Clostridiales;(UID1120);304;249;142;76;160;12;1;0;0;76.66;5.63;80.00
R4_EKDN230028432-1A_HKTC2DSX7_L3.44;o__Burkholderiales;(UID4000);193;427;214;121;101;87;51;43;24;76.61;114.36;67.00
R8_EKDN230028436-1A_HKTC2DSX7_L3.2;k__Bacteria;(UID2982);88;229;147;59;109;56;5;0;0;76.56;24.48;36.62
R2_EKDN230028430-1A_HKTC2DSX7_L3.25;k__Bacteria;(UID203);5449;104;58;42;26;22;9;4;1;76.55;81.66;36.14
V3_EKDN230028455-1A_HKTC2DSX7_L4.123;k__Bacteria;(UID2329);174;149;89;34;115;0;0;0;0;76.52;0.00;0.00
V3_EKDN230028455-1A_HKTC2DSX7_L4.15;o__Clostridiales;(UID1375);50;332;124;82;241;9;0;0;0;76.50;4.73;55.56
R1_EKDN230028429-1A_HKTC2DSX7_L3.1;c__Alphaproteobacteria;(UID3305);564;349;230;104;233;12;0;0;0;76.49;3.01;16.67
V2_EKDN230028454-1A_HKTTNDSX7_L4.16;k__Bacteria;(UID203);5449;104;58;44;30;21;9;0;0;76.44;50.31;62.50
V10_EKDN230028462-1A_HKTTNDSX7_L4.98;f__Xanthomonadaceae;(UID4214);55;659;290;167;477;15;0;0;0;76.44;3.31;60.00
R2_EKDN230028430-1A_HKTC2DSX7_L3.46;o__Sphingomonadales;(UID3310);26;569;293;152;375;42;0;0;0;76.30;9.54;33.33
V7_EKDN230028459-1A_HKTTNDSX7_L4.39;o__Actinomycetales;(UID1697);387;330;193;104;206;20;0;0;0;76.29;7.48;60.00
V2_EKDN230028454-1A_HKTTNDSX7_L4.38;o__Clostridiales;(UID1375);50;332;124;86;240;6;0;0;0;76.28;3.58;33.33
R13_EKDN230028441-1A_HKTC2DSX7_L3.24;c__Alphaproteobacteria;(UID3422);26;529;308;139;241;127;20;2;0;76.26;33.93;28.14
R13_EKDN230028441-1A_HKTC2DSX7_L3.3;k__Bacteria;(UID203);5449;104;58;51;51;2;0;0;0;76.21;2.59;50.00
R19_EKDN230028447-1A_HKTC2DSX7_L3.7;o__Burkholderiales;(UID4000);193;427;214;124;285;17;1;0;0;76.20;4.70;55.00
V6_EKDN230028458-1A_HKTTNDSX7_L4.26;k__Bacteria;(UID203);5449;104;58;33;33;23;9;4;2;76.11;73.12;50.51
R11_EKDN230028439-1A_HKTC2DSX7_L3.76;k__Bacteria;(UID2565);2921;142;87;27;98;17;0;0;0;76.10;13.06;35.29
R9_EKDN230028437-1A_HKTC2DSX7_L3.32;k__Bacteria;(UID203);5449;104;58;37;55;11;1;0;0;76.03;11.52;71.43
R11_EKDN230028439-1A_HKTC2DSX7_L3.35;o__Rhizobiales;(UID3642);107;485;316;138;337;10;0;0;0;76.02;2.01;20.00
V3_EKDN230028455-1A_HKTC2DSX7_L4.29;k__Bacteria;(UID203);5449;104;58;32;72;0;0;0;0;75.99;0.00;0.00
V7_EKDN230028459-1A_HKTTNDSX7_L4.129;f__Rhodobacteraceae;(UID3340);84;568;330;141;214;162;43;8;0;75.99;51.37;28.02
V11_EKDN230028463-1A_HKTTNDSX7_L4.83;k__Bacteria;(UID203);5449;104;58;30;42;13;11;6;2;75.94;35.97;33.33
V2_EKDN230028454-1A_HKTTNDSX7_L4.41;k__Bacteria;(UID203);5449;104;58;53;50;1;0;0;0;75.86;1.72;100.00
V1_EKDN230028453-1A_HKTTNDSX7_L4.107;k__Bacteria;(UID203);5449;104;58;54;49;1;0;0;0;75.86;1.72;100.00
R15_EKDN230028443-1A_HKTC2DSX7_L3.30;k__Bacteria;(UID203);5449;104;58;52;49;3;0;0;0;75.86;2.59;100.00
R10_EKDN230028438-1A_HKTC2DSX7_L3.102;k__Bacteria;(UID1453);901;171;117;36;126;8;1;0;0;75.78;3.23;18.18
V3_EKDN230028455-1A_HKTC2DSX7_L4.7;f__Comamonadaceae;(UID4119);39;693;323;183;491;19;0;0;0;75.78;3.61;36.84
V9_EKDN230028461-1A_HKTTNDSX7_L4.72;o__Actinomycetales;(UID1802);274;388;214;85;288;15;0;0;0;75.75;4.84;13.33
R12_EKDN230028440-1A_HKTC2DSX7_L3.83;k__Bacteria;(UID203);5449;104;58;44;34;22;4;0;0;75.64;41.55;35.29
V5_EKDN230028457-1A_HKTTNDSX7_L4.104;k__Bacteria;(UID203);5449;101;57;51;16;25;6;3;0;75.60;73.68;37.70
R12_EKDN230028440-1A_HKTC2DSX7_L3.65;o__Burkholderiales;(UID4000);193;427;214;100;288;30;5;4;0;75.51;5.88;23.19
V3_EKDN230028455-1A_HKTC2DSX7_L4.52;c__Deltaproteobacteria;(UID3218);61;284;169;59;192;32;1;0;0;75.48;11.09;20.00
V6_EKDN230028458-1A_HKTTNDSX7_L4.86;k__Bacteria;(UID203);5449;104;58;44;11;9;21;7;12;75.47;171.16;40.78
V2_EKDN230028454-1A_HKTTNDSX7_L4.101;k__Bacteria;(UID203);5449;103;57;53;36;13;1;0;0;75.44;20.18;93.75
R12_EKDN230028440-1A_HKTC2DSX7_L3.45;o__Sphingomonadales;(UID3310);26;569;293;152;412;5;0;0;0;75.43;0.96;60.00
R3_EKDN230028431-1A_HKTC2DSX7_L3.58;k__Bacteria;(UID2982);88;229;147;72;111;42;4;0;0;75.39;27.14;3.70
R6_EKDN230028434-1A_HKTC2DSX7_L3.37;o__Cytophagales;(UID2937);44;474;330;108;363;3;0;0;0;75.35;0.40;0.00
R17_EKDN230028445-1A_HKTC2DSX7_L3.71;k__Bacteria;(UID203);5449;104;58;52;52;0;0;0;0;75.34;0.00;0.00
R15_EKDN230028443-1A_HKTC2DSX7_L3.6;k__Bacteria;(UID203);5449;104;58;50;39;15;0;0;0;75.31;25.86;100.00
V7_EKDN230028459-1A_HKTTNDSX7_L4.62;c__Gammaproteobacteria;(UID4267);119;544;284;157;373;14;0;0;0;75.31;3.70;92.86
V6_EKDN230028458-1A_HKTTNDSX7_L4.4;o__Clostridiales;(UID1375);50;332;124;66;256;10;0;0;0;75.28;5.01;50.00
R1_EKDN230028429-1A_HKTC2DSX7_L3.71;f__Rhodobacteraceae;(UID3340);84;568;330;155;382;30;0;1;0;75.27;5.11;50.00
R11_EKDN230028439-1A_HKTC2DSX7_L3.36;c__Betaproteobacteria;(UID3888);323;387;234;108;226;50;3;0;0;75.27;14.75;59.32
V2_EKDN230028454-1A_HKTTNDSX7_L4.153;o__Lactobacillales;(UID543);294;472;265;138;169;150;14;1;0;75.17;37.28;35.86
V7_EKDN230028459-1A_HKTTNDSX7_L4.139;k__Bacteria;(UID203);5449;104;58;51;28;23;2;0;0;75.17;41.38;65.52
R21_EKDN230028449-1A_HKTC2DSX7_L3.21;k__Bacteria;(UID203);5449;104;58;47;40;16;0;1;0;75.13;23.32;90.91
V1_EKDN230028453-1A_HKTTNDSX7_L4.32;c__Deltaproteobacteria;(UID3216);83;246;155;88;148;10;0;0;0;75.05;5.00;40.00
V8_EKDN230028460-1A_HJH72DSX7_L2.59;k__Bacteria;(UID203);5449;104;58;54;36;12;2;0;0;75.00;25.86;0.00
V7_EKDN230028459-1A_HKTTNDSX7_L4.100;k__Bacteria;(UID203);5449;104;58;55;49;0;0;0;0;75.00;0.00;0.00
V1_EKDN230028453-1A_HKTTNDSX7_L4.90;k__Bacteria;(UID203);5449;104;58;48;17;38;1;0;0;75.00;53.62;43.90
R11_EKDN230028439-1A_HKTC2DSX7_L3.27;k__Bacteria;(UID1452);924;161;108;34;122;5;0;0;0;74.99;3.32;60.00
R11_EKDN230028439-1A_HKTC2DSX7_L3.70;c__Betaproteobacteria;(UID3888);323;387;234;105;218;49;13;2;0;74.96;18.52;37.00
R22_EKDN230028450-1A_HKTC2DSX7_L3.30;p__Bacteroidetes;(UID2591);364;301;202;92;193;16;0;0;0;74.93;5.84;50.00
V1_EKDN230028453-1A_HKTTNDSX7_L4.137;k__Bacteria;(UID203);5449;103;58;23;51;29;0;0;0;74.92;24.45;79.31
R1_EKDN230028429-1A_HKTC2DSX7_L3.32;k__Bacteria;(UID2495);2993;143;89;28;115;0;0;0;0;74.87;0.00;0.00
R1_EKDN230028429-1A_HKTC2DSX7_L3.44;o__Burkholderiales;(UID4000);193;427;214;135;101;77;59;27;28;74.85;100.38;59.92
R4_EKDN230028432-1A_HKTC2DSX7_L3.43;p__Proteobacteria;(UID3887);1487;259;162;82;166;11;0;0;0;74.85;4.73;81.82
R5_EKDN230028433-1A_HKTC2DSX7_L3.12;k__Bacteria;(UID203);5449;104;58;16;88;0;0;0;0;74.84;0.00;0.00
V5_EKDN230028457-1A_HKTTNDSX7_L4.35;o__Clostridiales;(UID1212);172;263;149;58;198;7;0;0;0;74.80;3.47;71.43
V11_EKDN230028463-1A_HKTTNDSX7_L4.103;o__Rhizobiales;(UID3447);356;413;248;101;304;8;0;0;0;74.78;2.31;62.50
R6_EKDN230028434-1A_HKTC2DSX7_L3.6;o__Rhizobiales;(UID3447);356;416;249;125;244;47;0;0;0;74.75;13.28;27.66
V5_EKDN230028457-1A_HKTTNDSX7_L4.72;k__Bacteria;(UID203);5449;104;58;17;85;2;0;0;0;74.69;1.88;100.00
R20_EKDN230028448-1A_HKTC2DSX7_L3.5;c__Betaproteobacteria;(UID3888);323;387;234;119;146;96;25;1;0;74.68;42.51;39.55
R10_EKDN230028438-1A_HKTC2DSX7_L3.81;f__Rhodobacteraceae;(UID3340);84;568;330;153;216;148;46;4;1;74.63;47.16;37.19
R21_EKDN230028449-1A_HKTC2DSX7_L3.57;k__Bacteria;(UID203);5449;104;58;23;23;34;14;6;4;74.61;71.32;5.56
R14_EKDN230028442-1A_HKTC2DSX7_L3.25;k__Bacteria;(UID203);5449;104;58;51;23;29;1;0;0;74.61;45.69;87.50
R14_EKDN230028442-1A_HKTC2DSX7_L3.12;o__Burkholderiales;(UID4000);193;427;214;124;264;36;2;1;0;74.56;8.19;18.75
R22_EKDN230028450-1A_HKTC2DSX7_L3.4;o__Cytophagales;(UID2936);47;454;336;134;313;7;0;0;0;74.55;1.55;28.57
V3_EKDN230028455-1A_HKTC2DSX7_L4.116;k__Bacteria;(UID203);5449;104;58;20;63;19;2;0;0;74.53;17.55;76.00
R18_EKDN230028446-1A_HKTC2DSX7_L3.83;o__Burkholderiales;(UID4000);193;427;214;141;216;67;3;0;0;74.52;20.46;93.42
R9_EKDN230028437-1A_HKTC2DSX7_L3.27;c__Gammaproteobacteria;(UID4274);112;580;289;140;353;82;5;0;0;74.50;13.58;57.73
R17_EKDN230028445-1A_HKTC2DSX7_L3.67;k__Bacteria;(UID203);5449;104;58;28;32;31;12;1;0;74.50;56.43;23.29
V4_EKDN230028456-1A_HKTTNDSX7_L4.134;c__Alphaproteobacteria;(UID3305);564;349;230;97;224;25;3;0;0;74.49;7.38;17.65
R24_EKDN230028452-1A_HKTTNDSX7_L4.26;f__Xanthomonadaceae;(UID4214);55;659;290;189;456;13;0;1;0;74.45;2.37;0.00
V12_EKDN230028464-1A_HKTTNDSX7_L4.26;k__Bacteria;(UID203);5449;104;58;48;51;5;0;0;0;74.45;8.62;80.00
V3_EKDN230028455-1A_HKTC2DSX7_L4.93;o__Clostridiales;(UID1120);304;247;141;84;141;19;3;0;0;74.44;7.58;10.71
R19_EKDN230028447-1A_HKTC2DSX7_L3.53;k__Bacteria;(UID203);5449;104;58;46;38;19;1;0;0;74.42;28.45;50.00
V1_EKDN230028453-1A_HKTTNDSX7_L4.25;k__Bacteria;(UID203);5449;103;57;19;44;21;12;5;2;74.40;31.02;9.35
R1_EKDN230028429-1A_HKTC2DSX7_L3.36;k__Bacteria;(UID203);5449;104;58;40;41;18;4;1;0;74.37;26.54;30.56
R1_EKDN230028429-1A_HKTC2DSX7_L3.41;k__Bacteria;(UID203);5449;104;58;46;33;21;4;0;0;74.25;40.52;24.24
V3_EKDN230028455-1A_HKTC2DSX7_L4.51;k__Bacteria;(UID2569);434;278;186;97;154;23;3;1;0;74.21;12.54;15.79
R16_EKDN230028444-1A_HKTC2DSX7_L3.47;k__Bacteria;(UID203);5449;104;58;53;51;0;0;0;0;74.14;0.00;0.00
R15_EKDN230028443-1A_HKTC2DSX7_L3.37;k__Bacteria;(UID203);5449;104;58;54;47;1;2;0;0;74.14;5.17;28.57
V6_EKDN230028458-1A_HKTTNDSX7_L4.3;c__Gammaproteobacteria;(UID4444);263;507;232;122;381;4;0;0;0;74.10;1.10;25.00
R24_EKDN230028452-1A_HKTTNDSX7_L4.27;k__Bacteria;(UID1453);901;171;117;50;116;5;0;0;0;74.03;3.85;0.00
V7_EKDN230028459-1A_HKTTNDSX7_L4.6;k__Bacteria;(UID3187);2258;181;110;68;111;2;0;0;0;73.99;1.82;0.00
R9_EKDN230028437-1A_HKTC2DSX7_L3.24;k__Bacteria;(UID203);5449;104;58;28;50;25;1;0;0;73.98;23.54;35.71
V1_EKDN230028453-1A_HKTTNDSX7_L4.71;p__Bacteroidetes;(UID2591);364;302;202;94;206;2;0;0;0;73.96;0.66;0.00
R14_EKDN230028442-1A_HKTC2DSX7_L3.7;c__Gammaproteobacteria;(UID4274);112;579;290;166;398;14;1;0;0;73.93;2.99;88.24
V9_EKDN230028461-1A_HKTTNDSX7_L4.56;p__Bacteroidetes;(UID2591);364;302;202;69;218;15;0;0;0;73.90;4.70;0.00
R24_EKDN230028452-1A_HKTTNDSX7_L4.22;k__Bacteria;(UID1453);901;171;117;60;99;12;0;0;0;73.75;7.07;33.33
R23_EKDN230028451-1A_HKTC2DSX7_L4.20;p__Bacteroidetes;(UID2605);350;316;210;83;229;4;0;0;0;73.74;1.05;25.00
V9_EKDN230028461-1A_HKTTNDSX7_L4.25;o__Rhizobiales;(UID3642);107;485;316;146;241;84;14;0;0;73.74;26.87;42.86
V4_EKDN230028456-1A_HKTTNDSX7_L4.112;o__Clostridiales;(UID1120);304;249;142;80;162;7;0;0;0;73.72;3.05;85.71
V4_EKDN230028456-1A_HKTTNDSX7_L4.140;k__Bacteria;(UID203);5449;103;57;55;38;10;0;0;0;73.68;14.04;70.00
R3_EKDN230028431-1A_HKTC2DSX7_L3.24;k__Bacteria;(UID203);5449;104;58;44;14;15;10;6;15;73.67;203.65;73.71
R12_EKDN230028440-1A_HKTC2DSX7_L3.33;p__Bacteroidetes;(UID2591);364;302;202;74;226;2;0;0;0;73.63;0.99;50.00
V12_EKDN230028464-1A_HKTTNDSX7_L4.92;p__Bacteroidetes;(UID2591);364;302;203;74;210;17;1;0;0;73.62;4.57;10.00
R17_EKDN230028445-1A_HKTC2DSX7_L3.63;k__Bacteria;(UID203);5449;104;58;41;28;26;9;0;0;73.61;51.14;47.17
R10_EKDN230028438-1A_HKTC2DSX7_L3.60;k__Bacteria;(UID203);5449;104;58;28;59;17;0;0;0;73.56;7.37;76.47
V6_EKDN230028458-1A_HKTTNDSX7_L4.81;c__Deltaproteobacteria;(UID3216);83;247;155;93;105;44;5;0;0;73.54;27.51;67.80
V2_EKDN230028454-1A_HKTTNDSX7_L4.5;k__Bacteria;(UID203);5449;104;58;43;45;16;0;0;0;73.51;22.41;68.75
V3_EKDN230028455-1A_HKTC2DSX7_L4.107;c__Clostridia;(UID1118);387;223;124;43;176;4;0;0;0;73.39;2.82;75.00
R12_EKDN230028440-1A_HKTC2DSX7_L3.54;c__Betaproteobacteria;(UID3971);223;425;211;103;305;17;0;0;0;73.31;3.71;82.35
V2_EKDN230028454-1A_HKTTNDSX7_L4.180;o__Burkholderiales;(UID4000);193;427;214;135;272;19;1;0;0;73.28;5.68;86.36
R4_EKDN230028432-1A_HKTC2DSX7_L3.40;k__Bacteria;(UID203);5449;104;58;56;44;4;0;0;0;73.28;6.90;75.00
V6_EKDN230028458-1A_HKTTNDSX7_L4.50;f__Rhodocyclaceae;(UID3972);30;540;241;185;334;21;0;0;0;73.22;4.78;57.14
V9_EKDN230028461-1A_HKTTNDSX7_L4.64;o__Actinomycetales;(UID1697);387;330;193;109;205;16;0;0;0;73.21;6.38;62.50
R10_EKDN230028438-1A_HKTC2DSX7_L3.5;o__Sphingomonadales;(UID3310);26;569;293;171;368;28;2;0;0;73.18;6.29;44.12
R5_EKDN230028433-1A_HKTC2DSX7_L3.14;o__Burkholderiales;(UID4000);193;426;214;127;234;58;6;1;0;73.04;20.12;10.98
R9_EKDN230028437-1A_HKTC2DSX7_L3.30;o__Rhizobiales;(UID3447);356;413;248;104;284;21;4;0;0;73.04;5.01;15.15
V3_EKDN230028455-1A_HKTC2DSX7_L4.98;k__Bacteria;(UID203);5449;104;58;28;49;4;23;0;0;73.04;14.86;19.18
R15_EKDN230028443-1A_HKTC2DSX7_L3.39;k__Bacteria;(UID203);5449;104;58;47;53;3;1;0;0;73.04;8.62;100.00
V10_EKDN230028462-1A_HKTTNDSX7_L4.17;k__Bacteria;(UID2329);174;149;89;28;115;6;0;0;0;73.03;3.60;0.00
R12_EKDN230028440-1A_HKTC2DSX7_L3.72;k__Bacteria;(UID203);5449;104;58;46;19;23;8;7;1;72.98;97.88;78.79
R8_EKDN230028436-1A_HKTC2DSX7_L3.10;c__Betaproteobacteria;(UID3888);323;387;234;113;251;23;0;0;0;72.97;4.86;47.83
V5_EKDN230028457-1A_HKTTNDSX7_L4.68;o__Clostridiales;(UID1375);50;332;124;67;264;1;0;0;0;72.92;0.81;0.00
R15_EKDN230028443-1A_HKTC2DSX7_L3.72;k__Bacteria;(UID203);5449;104;58;48;22;16;5;6;7;72.86;116.85;58.82
R9_EKDN230028437-1A_HKTC2DSX7_L3.9;c__Gammaproteobacteria;(UID4274);112;581;290;180;202;144;47;7;1;72.86;47.07;16.62
R15_EKDN230028443-1A_HKTC2DSX7_L3.43;k__Bacteria;(UID203);5449;104;58;48;23;31;2;0;0;72.85;54.31;89.19
R19_EKDN230028447-1A_HKTC2DSX7_L3.34;k__Bacteria;(UID203);5449;104;58;29;36;29;10;0;0;72.81;52.92;8.47
R6_EKDN230028434-1A_HKTC2DSX7_L3.75;p__Bacteroidetes;(UID2591);364;302;202;75;173;50;4;0;0;72.80;19.51;3.23
R24_EKDN230028452-1A_HKTTNDSX7_L4.4;p__Bacteroidetes;(UID2605);350;316;210;73;233;10;0;0;0;72.78;3.57;30.00
R14_EKDN230028442-1A_HKTC2DSX7_L3.40;k__Bacteria;(UID203);5449;104;58;52;51;1;0;0;0;72.74;1.72;0.00
V7_EKDN230028459-1A_HKTTNDSX7_L4.136;k__Bacteria;(UID203);5449;104;58;52;34;14;4;0;0;72.73;32.05;69.23
V2_EKDN230028454-1A_HKTTNDSX7_L4.141;k__Bacteria;(UID203);5449;104;58;50;51;2;1;0;0;72.73;6.03;40.00
V8_EKDN230028460-1A_HJH72DSX7_L2.69;o__Burkholderiales;(UID4000);193;427;214;116;273;35;3;0;0;72.72;10.03;81.82
R15_EKDN230028443-1A_HKTC2DSX7_L3.32;o__Burkholderiales;(UID4000);193;427;214;157;237;28;4;1;0;72.63;9.88;10.87
V1_EKDN230028453-1A_HKTTNDSX7_L4.80;f__Comamonadaceae;(UID4119);39;693;323;215;435;36;4;2;1;72.59;10.03;25.71
R17_EKDN230028445-1A_HKTC2DSX7_L3.51;o__Burkholderiales;(UID4000);193;427;214;139;255;32;0;1;0;72.51;9.54;63.16
V7_EKDN230028459-1A_HKTTNDSX7_L4.64;k__Bacteria;(UID203);5449;104;58;52;20;18;14;0;0;72.49;66.85;51.67
V5_EKDN230028457-1A_HKTTNDSX7_L4.116;p__Actinobacteria;(UID1454);732;206;120;48;153;5;0;0;0;72.49;2.57;20.00
R4_EKDN230028432-1A_HKTC2DSX7_L3.69;k__Bacteria;(UID1453);901;171;117;37;130;4;0;0;0;72.46;1.42;75.00
R15_EKDN230028443-1A_HKTC2DSX7_L3.19;k__Bacteria;(UID2570);433;274;183;95;172;7;0;0;0;72.44;3.01;57.14
V7_EKDN230028459-1A_HKTTNDSX7_L4.84;k__Bacteria;(UID203);5449;104;58;55;48;1;0;0;0;72.41;1.72;0.00
V2_EKDN230028454-1A_HKTTNDSX7_L4.145;k__Bacteria;(UID203);5449;104;58;52;51;1;0;0;0;72.41;1.72;100.00
R5_EKDN230028433-1A_HKTC2DSX7_L3.8;k__Bacteria;(UID203);5449;104;58;56;46;2;0;0;0;72.41;3.45;50.00
R21_EKDN230028449-1A_HKTC2DSX7_L3.39;k__Bacteria;(UID203);5449;104;58;54;47;3;0;0;0;72.41;5.17;33.33
R5_EKDN230028433-1A_HKTC2DSX7_L3.26;k__Bacteria;(UID2982);88;229;147;72;151;6;0;0;0;72.32;3.54;0.00
V5_EKDN230028457-1A_HKTTNDSX7_L4.81;o__Clostridiales;(UID1120);304;247;141;69;157;20;1;0;0;72.30;8.46;8.70
V4_EKDN230028456-1A_HKTTNDSX7_L4.4;c__Betaproteobacteria;(UID3959);235;420;211;146;228;45;1;0;0;72.22;11.03;4.17
R2_EKDN230028430-1A_HKTC2DSX7_L3.29;k__Bacteria;(UID203);5449;104;58;24;50;17;13;0;0;72.18;19.07;7.14
V2_EKDN230028454-1A_HKTTNDSX7_L4.49;k__Bacteria;(UID2569);434;278;186;79;190;8;1;0;0;72.11;3.76;54.55
R21_EKDN230028449-1A_HKTC2DSX7_L3.23;k__Bacteria;(UID203);5449;104;58;40;25;33;6;0;0;72.04;54.39;33.33
V6_EKDN230028458-1A_HKTTNDSX7_L4.10;o__Burkholderiales;(UID4000);193;427;214;130;199;81;15;2;0;72.01;28.40;11.59
V12_EKDN230028464-1A_HKTTNDSX7_L4.23;c__Clostridia;(UID1085);35;420;196;120;285;13;2;0;0;71.99;3.83;57.89
V1_EKDN230028453-1A_HKTTNDSX7_L4.79;k__Bacteria;(UID203);5449;103;57;57;30;13;1;2;0;71.93;29.82;82.14
R8_EKDN230028436-1A_HKTC2DSX7_L3.43;k__Bacteria;(UID203);5449;104;58;57;26;18;3;0;0;71.90;34.48;59.26
R14_EKDN230028442-1A_HKTC2DSX7_L3.37;o__Burkholderiales;(UID4000);193;427;214;129;223;69;6;0;0;71.88;17.44;11.49
V5_EKDN230028457-1A_HKTTNDSX7_L4.107;f__Xanthomonadaceae;(UID4214);55;659;290;179;442;37;1;0;0;71.88;7.27;67.50
R11_EKDN230028439-1A_HKTC2DSX7_L3.60;k__Bacteria;(UID2982);88;229;147;89;133;7;0;0;0;71.80;2.86;42.86
V10_EKDN230028462-1A_HKTTNDSX7_L4.73;k__Bacteria;(UID203);5449;104;58;46;25;20;8;5;0;71.79;64.66;64.86
V1_EKDN230028453-1A_HKTTNDSX7_L4.106;o__Clostridiales;(UID1375);50;332;124;95;225;12;0;0;0;71.74;4.51;41.67
V2_EKDN230028454-1A_HKTTNDSX7_L4.146;o__Clostridiales;(UID1120);304;249;142;90;147;12;0;0;0;71.74;4.05;66.67
V1_EKDN230028453-1A_HKTTNDSX7_L4.66;o__Clostridiales;(UID1120);304;247;141;86;149;11;1;0;0;71.73;4.94;7.14
V1_EKDN230028453-1A_HKTTNDSX7_L4.60;k__Bacteria;(UID203);5449;104;58;30;43;31;0;0;0;71.71;26.41;74.19
R22_EKDN230028450-1A_HKTC2DSX7_L3.53;k__Bacteria;(UID2565);2921;144;89;58;77;8;1;0;0;71.64;8.07;63.64
V1_EKDN230028453-1A_HKTTNDSX7_L4.115;k__Bacteria;(UID203);5449;104;58;36;17;50;1;0;0;71.63;52.59;90.57
R2_EKDN230028430-1A_HKTC2DSX7_L3.16;o__Burkholderiales;(UID4000);193;427;214;150;268;9;0;0;0;71.58;1.95;55.56
V9_EKDN230028461-1A_HKTTNDSX7_L4.75;k__Bacteria;(UID203);5449;104;58;57;23;15;7;1;1;71.55;62.93;52.63
V5_EKDN230028457-1A_HKTTNDSX7_L4.45;o__Bacteroidales;(UID2621);198;427;260;139;274;14;0;0;0;71.51;3.68;71.43
V5_EKDN230028457-1A_HKTTNDSX7_L4.54;k__Bacteria;(UID2569);434;278;186;87;180;9;2;0;0;71.46;5.39;40.00
R3_EKDN230028431-1A_HKTC2DSX7_L3.35;k__Bacteria;(UID203);5449;103;57;36;31;18;9;6;3;71.45;62.84;47.41
R12_EKDN230028440-1A_HKTC2DSX7_L3.58;k__Bacteria;(UID2565);2921;142;87;58;68;16;0;0;0;71.45;12.38;62.50
V12_EKDN230028464-1A_HKTTNDSX7_L4.56;k__Bacteria;(UID2569);434;278;186;91;110;63;10;1;3;71.37;45.56;24.63
R16_EKDN230028444-1A_HKTC2DSX7_L3.86;p__Cyanobacteria;(UID2189);82;579;450;176;350;52;0;1;0;71.18;10.18;34.48
R23_EKDN230028451-1A_HKTC2DSX7_L4.10;p__Bacteroidetes;(UID2591);364;302;202;91;146;59;6;0;0;71.16;24.94;79.22
R13_EKDN230028441-1A_HKTC2DSX7_L3.1;k__Bacteria;(UID203);5449;104;58;53;28;15;6;0;2;71.11;51.21;26.42
V12_EKDN230028464-1A_HKTTNDSX7_L4.105;k__Bacteria;(UID203);5449;100;55;54;42;4;0;0;0;71.09;7.27;75.00
V4_EKDN230028456-1A_HKTTNDSX7_L4.96;o__Clostridiales;(UID1375);50;332;124;99;230;3;0;0;0;71.06;1.24;66.67
R17_EKDN230028445-1A_HKTC2DSX7_L3.37;o__Sphingomonadales;(UID3310);26;569;293;161;388;19;1;0;0;71.05;3.71;36.36
V1_EKDN230028453-1A_HKTTNDSX7_L4.96;c__Clostridia;(UID1118);387;223;124;54;167;2;0;0;0;70.96;0.47;100.00
R17_EKDN230028445-1A_HKTC2DSX7_L3.9;k__Bacteria;(UID203);5449;104;58;21;24;35;13;10;1;70.95;54.89;4.86
R17_EKDN230028445-1A_HKTC2DSX7_L3.61;k__Bacteria;(UID203);5449;104;58;46;32;20;4;2;0;70.92;51.21;34.09
V1_EKDN230028453-1A_HKTTNDSX7_L4.81;o__Lactobacillales;(UID544);293;474;267;161;291;21;1;0;0;70.89;4.85;70.83
V4_EKDN230028456-1A_HKTTNDSX7_L4.63;o__Clostridiales;(UID1120);304;247;141;79;162;6;0;0;0;70.87;3.31;33.33
R3_EKDN230028431-1A_HKTC2DSX7_L3.61;o__Burkholderiales;(UID4000);193;427;214;143;209;62;7;6;0;70.87;25.91;15.97
R6_EKDN230028434-1A_HKTC2DSX7_L3.60;k__Bacteria;(UID203);5449;104;58;39;47;16;0;2;0;70.86;12.25;35.71
R13_EKDN230028441-1A_HKTC2DSX7_L3.30;c__Gammaproteobacteria;(UID4274);112;579;290;179;382;18;0;0;0;70.75;3.89;77.78
V4_EKDN230028456-1A_HKTTNDSX7_L4.111;f__Xanthomonadaceae;(UID4214);55;659;290;214;408;37;0;0;0;70.75;6.97;86.49
R23_EKDN230028451-1A_HKTC2DSX7_L4.32;k__Bacteria;(UID203);5449;104;58;29;42;28;3;2;0;70.73;28.84;4.08
R11_EKDN230028439-1A_HKTC2DSX7_L3.18;f__Rhodobacteraceae;(UID3340);84;568;330;190;232;122;19;5;0;70.71;34.56;18.66
R5_EKDN230028433-1A_HKTC2DSX7_L3.42;k__Archaea;(UID2);207;149;107;34;64;38;11;1;1;70.64;32.54;0.00
R23_EKDN230028451-1A_HKTC2DSX7_L4.55;k__Bacteria;(UID2982);88;230;148;79;129;22;0;0;0;70.61;11.57;63.64
V9_EKDN230028461-1A_HKTTNDSX7_L4.101;k__Bacteria;(UID203);5449;104;58;30;43;25;4;2;0;70.53;44.03;0.00
R17_EKDN230028445-1A_HKTC2DSX7_L3.2;k__Archaea;(UID2);207;149;107;40;67;26;13;1;2;70.50;35.20;0.00
R6_EKDN230028434-1A_HKTC2DSX7_L3.29;k__Archaea;(UID2);207;149;107;34;64;35;14;0;2;70.49;33.91;0.00
R6_EKDN230028434-1A_HKTC2DSX7_L3.76;o__Cytophagales;(UID2936);47;454;336;150;299;5;0;0;0;70.33;1.19;60.00
V3_EKDN230028455-1A_HKTC2DSX7_L4.30;k__Bacteria;(UID3060);138;338;246;126;175;35;2;0;0;70.31;14.70;46.34
V1_EKDN230028453-1A_HKTTNDSX7_L4.111;k__Bacteria;(UID1453);901;171;117;64;104;3;0;0;0;70.30;2.56;0.00
R14_EKDN230028442-1A_HKTC2DSX7_L3.35;p__Bacteroidetes;(UID2591);364;303;203;112;180;11;0;0;0;70.19;4.52;54.55
V6_EKDN230028458-1A_HKTTNDSX7_L4.31;k__Bacteria;(UID203);5449;103;57;58;43;2;0;0;0;70.18;3.51;100.00
R11_EKDN230028439-1A_HKTC2DSX7_L3.51;k__Bacteria;(UID203);5449;104;58;54;48;2;0;0;0;70.14;3.45;50.00
V5_EKDN230028457-1A_HKTTNDSX7_L4.131;o__Flavobacteriales;(UID2815);123;324;204;91;155;75;3;0;0;70.13;25.11;52.38
V4_EKDN230028456-1A_HKTTNDSX7_L4.67;k__Bacteria;(UID203);5449;104;58;26;38;18;22;0;0;70.06;32.21;57.14
R17_EKDN230028445-1A_HKTC2DSX7_L3.53;p__Proteobacteria;(UID3880);1495;261;164;85;102;58;12;3;1;70.04;37.91;17.21
R16_EKDN230028444-1A_HKTC2DSX7_L3.92;k__Bacteria;(UID203);5449;103;57;29;40;20;12;2;0;70.02;36.86;11.76
R8_EKDN230028436-1A_HKTC2DSX7_L3.1;k__Bacteria;(UID203);5449;104;58;56;22;19;5;1;1;70.00;57.76;16.00
R13_EKDN230028441-1A_HKTC2DSX7_L3.29;k__Bacteria;(UID203);5449;104;58;54;43;7;0;0;0;69.98;12.07;100.00
R21_EKDN230028449-1A_HKTC2DSX7_L3.13;f__Rhodobacteraceae;(UID3340);84;568;330;181;330;50;4;2;1;69.98;11.09;32.14
V12_EKDN230028464-1A_HKTTNDSX7_L4.110;f__Rhodobacteraceae;(UID3340);84;568;330;190;276;94;8;0;0;69.96;20.90;17.80
V7_EKDN230028459-1A_HKTTNDSX7_L4.87;p__Bacteroidetes;(UID2591);364;303;203;106;192;5;0;0;0;69.92;1.48;0.00
V7_EKDN230028459-1A_HKTTNDSX7_L4.91;k__Bacteria;(UID203);5449;104;58;49;48;7;0;0;0;69.91;10.34;71.43
V6_EKDN230028458-1A_HKTTNDSX7_L4.52;f__Comamonadaceae;(UID4119);39;693;323;222;439;32;0;0;0;69.87;4.16;43.75
V3_EKDN230028455-1A_HKTC2DSX7_L4.97;k__Bacteria;(UID203);5449;104;58;32;37;32;3;0;0;69.83;37.38;70.73
V5_EKDN230028457-1A_HKTTNDSX7_L4.30;c__Clostridia;(UID1085);35;420;196;133;277;10;0;0;0;69.74;1.62;30.00
R6_EKDN230028434-1A_HKTC2DSX7_L3.2;p__Bacteroidetes;(UID2591);364;298;198;94;177;23;3;1;0;69.69;12.00;15.79
R6_EKDN230028434-1A_HKTC2DSX7_L3.71;k__Bacteria;(UID203);5449;104;58;31;49;19;4;1;0;69.67;14.33;10.81
R10_EKDN230028438-1A_HKTC2DSX7_L3.100;k__Bacteria;(UID203);5449;104;58;52;30;19;3;0;0;69.57;35.17;25.00
R16_EKDN230028444-1A_HKTC2DSX7_L3.36;k__Bacteria;(UID1453);901;171;117;41;110;19;1;0;0;69.56;7.97;18.18
R20_EKDN230028448-1A_HKTC2DSX7_L3.24;f__Rhodobacteraceae;(UID3340);84;568;330;199;342;27;0;0;0;69.55;5.64;18.52
R19_EKDN230028447-1A_HKTC2DSX7_L3.35;f__Rhodobacteraceae;(UID3340);84;568;330;215;311;41;1;0;0;69.50;7.91;40.91
V2_EKDN230028454-1A_HKTTNDSX7_L4.178;c__Deltaproteobacteria;(UID3218);61;284;169;68;198;15;3;0;0;69.46;6.21;33.33
V6_EKDN230028458-1A_HKTTNDSX7_L4.29;o__Actinomycetales;(UID1697);387;330;193;114;213;3;0;0;0;69.44;0.82;33.33
R10_EKDN230028438-1A_HKTC2DSX7_L3.30;k__Bacteria;(UID203);5449;104;58;57;40;7;0;0;0;69.44;8.62;100.00
R22_EKDN230028450-1A_HKTC2DSX7_L3.84;k__Bacteria;(UID1453);901;171;117;43;121;7;0;0;0;69.41;3.30;28.57
V7_EKDN230028459-1A_HKTTNDSX7_L4.82;o__Rhizobiales;(UID3642);107;485;316;157;221;87;20;0;0;69.37;26.61;42.86
R6_EKDN230028434-1A_HKTC2DSX7_L3.46;k__Bacteria;(UID3187);2258;182;112;51;116;15;0;0;0;69.35;4.04;20.00
V2_EKDN230028454-1A_HKTTNDSX7_L4.122;o__Rhizobiales;(UID3447);356;413;248;104;299;10;0;0;0;69.34;2.49;80.00
R20_EKDN230028448-1A_HKTC2DSX7_L3.37;k__Bacteria;(UID203);5449;104;58;22;27;20;22;5;8;69.33;55.27;4.55
R5_EKDN230028433-1A_HKTC2DSX7_L3.48;k__Bacteria;(UID2982);88;229;147;96;129;4;0;0;0;69.27;2.72;0.00
V6_EKDN230028458-1A_HKTTNDSX7_L4.84;o__Clostridiales;(UID1212);172;263;149;71;189;3;0;0;0;69.24;0.41;66.67
R13_EKDN230028441-1A_HKTC2DSX7_L3.6;k__Bacteria;(UID2569);434;277;185;104;165;8;0;0;0;69.23;3.42;37.50
R12_EKDN230028440-1A_HKTC2DSX7_L3.70;k__Bacteria;(UID1453);901;171;117;70;87;13;1;0;0;69.20;10.97;31.25
R3_EKDN230028431-1A_HKTC2DSX7_L3.15;k__Bacteria;(UID203);5449;104;58;55;47;2;0;0;0;69.14;3.45;50.00
R8_EKDN230028436-1A_HKTC2DSX7_L3.9;o__Rhizobiales;(UID3654);92;481;319;170;262;47;2;0;0;69.12;10.77;39.62
V2_EKDN230028454-1A_HKTTNDSX7_L4.9;o__Clostridiales;(UID1212);172;263;149;88;172;3;0;0;0;69.05;0.35;66.67
R18_EKDN230028446-1A_HKTC2DSX7_L3.58;k__Bacteria;(UID1453);901;171;117;48;114;9;0;0;0;68.99;3.94;11.11
V3_EKDN230028455-1A_HKTC2DSX7_L4.50;k__Bacteria;(UID203);5449;104;58;56;27;15;4;2;0;68.99;45.85;48.72
V3_EKDN230028455-1A_HKTC2DSX7_L4.40;k__Bacteria;(UID2495);2993;143;89;46;89;8;0;0;0;68.97;3.88;0.00
V4_EKDN230028456-1A_HKTTNDSX7_L4.120;k__Bacteria;(UID203);5449;104;58;23;58;23;0;0;0;68.97;10.16;60.87
V10_EKDN230028462-1A_HKTTNDSX7_L4.10;k__Bacteria;(UID203);5449;104;58;57;45;2;0;0;0;68.97;3.45;100.00
V6_EKDN230028458-1A_HKTTNDSX7_L4.45;f__Rhodobacteraceae;(UID3340);84;568;330;176;297;88;7;0;0;68.78;16.94;15.60
R21_EKDN230028449-1A_HKTC2DSX7_L3.40;p__Bacteroidetes;(UID2605);350;316;210;101;212;2;1;0;0;68.78;1.67;20.00
R3_EKDN230028431-1A_HKTC2DSX7_L3.48;c__Alphaproteobacteria;(UID3422);26;529;308;181;241;93;13;1;0;68.72;23.42;10.14
V7_EKDN230028459-1A_HKTTNDSX7_L4.122;k__Bacteria;(UID1452);924;151;101;38;113;0;0;0;0;68.71;0.00;0.00
R16_EKDN230028444-1A_HKTC2DSX7_L3.58;k__Bacteria;(UID203);5449;104;58;50;33;15;6;0;0;68.68;39.81;54.55
R6_EKDN230028434-1A_HKTC2DSX7_L3.77;o__Burkholderiales;(UID4000);193;427;214;158;180;79;8;2;0;68.68;25.90;76.52
V9_EKDN230028461-1A_HKTTNDSX7_L4.13;o__Rhizobiales;(UID3447);356;413;248;144;186;78;5;0;0;68.61;24.97;94.62
V1_EKDN230028453-1A_HKTTNDSX7_L4.78;c__Clostridia;(UID1118);387;223;124;82;120;20;0;1;0;68.48;14.11;57.69
R8_EKDN230028436-1A_HKTC2DSX7_L3.15;o__Burkholderiales;(UID4000);193;427;214;140;232;50;4;1;0;68.34;15.40;23.53
R16_EKDN230028444-1A_HKTC2DSX7_L3.64;o__Burkholderiales;(UID4000);193;427;214;126;257;40;4;0;0;68.31;10.84;7.69
R16_EKDN230028444-1A_HKTC2DSX7_L3.75;o__Burkholderiales;(UID4000);193;427;214;133;265;26;3;0;0;68.30;7.52;22.86
V10_EKDN230028462-1A_HKTTNDSX7_L4.25;k__Bacteria;(UID203);5449;100;55;56;40;4;0;0;0;68.18;4.55;75.00
V10_EKDN230028462-1A_HKTTNDSX7_L4.39;k__Bacteria;(UID203);5449;104;58;58;46;0;0;0;0;68.10;0.00;0.00
V8_EKDN230028460-1A_HJH72DSX7_L2.65;k__Bacteria;(UID203);5449;104;58;51;50;3;0;0;0;68.03;5.17;66.67
V9_EKDN230028461-1A_HKTTNDSX7_L4.125;c__Gammaproteobacteria;(UID4267);119;544;284;169;359;16;0;0;0;67.99;2.95;75.00
R12_EKDN230028440-1A_HKTC2DSX7_L3.74;f__Rhodobacteraceae;(UID3340);84;568;330;213;336;19;0;0;0;67.98;3.78;63.16
V2_EKDN230028454-1A_HKTTNDSX7_L4.7;k__Bacteria;(UID203);5449;100;55;54;15;15;6;7;3;67.97;91.07;67.83
V7_EKDN230028459-1A_HKTTNDSX7_L4.50;k__Bacteria;(UID203);5449;104;58;58;32;12;2;0;0;67.93;22.41;72.22
V1_EKDN230028453-1A_HKTTNDSX7_L4.131;k__Bacteria;(UID209);5443;105;59;50;53;2;0;0;0;67.92;1.69;0.00
V4_EKDN230028456-1A_HKTTNDSX7_L4.72;p__Actinobacteria;(UID1454);732;206;120;56;139;11;0;0;0;67.89;2.85;45.45
R16_EKDN230028444-1A_HKTC2DSX7_L3.13;k__Bacteria;(UID3187);2258;182;112;67;113;2;0;0;0;67.86;1.07;0.00
V4_EKDN230028456-1A_HKTTNDSX7_L4.2;f__Comamonadaceae;(UID4119);39;693;323;228;443;22;0;0;0;67.85;4.40;18.18
R16_EKDN230028444-1A_HKTC2DSX7_L3.11;k__Archaea;(UID2);207;149;107;40;67;28;13;0;1;67.76;24.19;2.27
R16_EKDN230028444-1A_HKTC2DSX7_L3.28;k__Bacteria;(UID203);5449;104;58;51;43;10;0;0;0;67.71;12.41;80.00
V10_EKDN230028462-1A_HKTTNDSX7_L4.65;p__Bacteroidetes;(UID2591);364;302;203;95;187;20;0;0;0;67.69;2.22;20.00
V5_EKDN230028457-1A_HKTTNDSX7_L4.95;o__Actinomycetales;(UID1572);580;286;171;103;182;1;0;0;0;67.68;0.58;100.00
V1_EKDN230028453-1A_HKTTNDSX7_L4.12;p__Firmicutes;(UID1022);100;294;158;118;154;22;0;0;0;67.64;6.48;77.27
V1_EKDN230028453-1A_HKTTNDSX7_L4.125;p__Bacteroidetes;(UID2591);364;302;203;124;141;36;1;0;0;67.60;14.91;10.26
V6_EKDN230028458-1A_HKTTNDSX7_L4.92;k__Bacteria;(UID203);5449;104;58;58;43;3;0;0;0;67.59;4.31;100.00
V1_EKDN230028453-1A_HKTTNDSX7_L4.26;k__Bacteria;(UID203);5449;104;58;56;41;7;0;0;0;67.59;9.48;14.29
R3_EKDN230028431-1A_HKTC2DSX7_L3.20;k__Bacteria;(UID203);5449;104;58;60;42;2;0;0;0;67.59;3.45;100.00
R18_EKDN230028446-1A_HKTC2DSX7_L3.27;p__Proteobacteria;(UID3214);2231;190;119;64;77;39;8;2;0;67.58;34.78;8.00
R18_EKDN230028446-1A_HKTC2DSX7_L3.2;o__Burkholderiales;(UID4000);193;427;214;144;255;27;1;0;0;67.53;7.70;26.67
V10_EKDN230028462-1A_HKTTNDSX7_L4.38;c__Gammaproteobacteria;(UID4267);119;544;284;210;319;15;0;0;0;67.52;3.00;33.33
V2_EKDN230028454-1A_HKTTNDSX7_L4.64;o__Sphingomonadales;(UID3310);26;569;293;181;384;4;0;0;0;67.51;0.34;0.00
V3_EKDN230028455-1A_HKTC2DSX7_L4.128;o__Clostridiales;(UID1120);304;247;141;79;153;14;1;0;0;67.48;3.37;5.88
V10_EKDN230028462-1A_HKTTNDSX7_L4.112;o__Burkholderiales;(UID4000);193;427;214;143;240;38;5;1;0;67.42;10.46;28.81
V11_EKDN230028463-1A_HKTTNDSX7_L4.98;k__Bacteria;(UID203);5449;104;58;57;31;9;5;2;0;67.41;42.24;61.11
R16_EKDN230028444-1A_HKTC2DSX7_L3.93;p__Cyanobacteria;(UID2189);82;579;450;216;325;35;3;0;0;67.38;8.67;38.64
V12_EKDN230028464-1A_HKTTNDSX7_L4.112;k__Bacteria;(UID203);5449;104;58;39;64;1;0;0;0;67.37;1.72;100.00
V2_EKDN230028454-1A_HKTTNDSX7_L4.165;k__Bacteria;(UID3060);138;338;246;110;173;51;4;0;0;67.32;16.71;80.95
V12_EKDN230028464-1A_HKTTNDSX7_L4.6;k__Bacteria;(UID203);5449;104;58;54;41;9;0;0;0;67.25;12.93;77.78
V10_EKDN230028462-1A_HKTTNDSX7_L4.12;p__Proteobacteria;(UID3061);115;396;260;137;134;85;37;2;1;67.25;47.26;73.85
V9_EKDN230028461-1A_HKTTNDSX7_L4.54;k__Bacteria;(UID203);5449;104;58;59;43;2;0;0;0;67.24;3.45;100.00
R11_EKDN230028439-1A_HKTC2DSX7_L3.26;k__Bacteria;(UID203);5449;104;58;59;44;1;0;0;0;67.24;0.86;100.00
V12_EKDN230028464-1A_HKTTNDSX7_L4.10;k__Bacteria;(UID203);5449;104;58;33;43;24;4;0;0;67.21;41.14;63.89
R16_EKDN230028444-1A_HKTC2DSX7_L3.14;o__Sphingomonadales;(UID3310);26;569;293;212;215;132;9;1;0;67.14;29.51;69.70
R23_EKDN230028451-1A_HKTC2DSX7_L4.18;k__Bacteria;(UID203);5449;104;58;21;56;25;2;0;0;67.08;12.15;16.13
R12_EKDN230028440-1A_HKTC2DSX7_L3.52;p__Bacteroidetes;(UID2605);350;316;210;116;190;10;0;0;0;66.96;2.42;20.00
R19_EKDN230028447-1A_HKTC2DSX7_L3.38;o__Burkholderiales;(UID4000);193;427;214;128;162;89;33;13;2;66.93;34.72;21.68
V11_EKDN230028463-1A_HKTTNDSX7_L4.50;c__Clostridia;(UID1085);35;420;196;131;274;12;3;0;0;66.88;6.04;42.86
V2_EKDN230028454-1A_HKTTNDSX7_L4.69;k__Bacteria;(UID203);5449;104;58;55;47;2;0;0;0;66.84;2.59;50.00
R17_EKDN230028445-1A_HKTC2DSX7_L3.36;o__Burkholderiales;(UID4000);193;427;214;153;226;46;2;0;0;66.74;13.30;50.00
R24_EKDN230028452-1A_HKTTNDSX7_L4.50;o__Burkholderiales;(UID4000);193;427;214;116;278;33;0;0;0;66.71;6.21;21.21
R16_EKDN230028444-1A_HKTC2DSX7_L3.91;o__Cytophagales;(UID2937);44;474;330;161;306;7;0;0;0;66.69;1.68;14.29
R18_EKDN230028446-1A_HKTC2DSX7_L3.26;p__Cyanobacteria;(UID2192);79;583;457;206;372;5;0;0;0;66.60;0.84;40.00
V9_EKDN230028461-1A_HKTTNDSX7_L4.4;k__Bacteria;(UID1452);924;161;108;42;119;0;0;0;0;66.58;0.00;0.00
V7_EKDN230028459-1A_HKTTNDSX7_L4.110;k__Bacteria;(UID203);5449;104;58;53;19;28;3;1;0;66.54;49.14;44.19
R1_EKDN230028429-1A_HKTC2DSX7_L3.46;k__Bacteria;(UID2565);2921;142;87;57;54;19;11;1;0;66.46;37.90;36.21
V4_EKDN230028456-1A_HKTTNDSX7_L4.28;k__Bacteria;(UID3187);2258;181;110;74;94;11;2;0;0;66.40;6.26;0.00
V7_EKDN230028459-1A_HKTTNDSX7_L4.97;k__Bacteria;(UID203);5449;104;58;59;44;1;0;0;0;66.38;1.72;0.00
R21_EKDN230028449-1A_HKTC2DSX7_L3.38;k__Bacteria;(UID203);5449;104;58;57;44;3;0;0;0;66.36;5.17;66.67
R20_EKDN230028448-1A_HKTC2DSX7_L3.22;o__Burkholderiales;(UID4000);193;426;214;166;229;30;1;0;0;66.36;8.84;21.21
V6_EKDN230028458-1A_HKTTNDSX7_L4.72;c__Deltaproteobacteria;(UID3217);62;280;168;108;145;25;2;0;0;66.26;11.30;58.06
V2_EKDN230028454-1A_HKTTNDSX7_L4.54;k__Bacteria;(UID203);5449;104;58;59;44;1;0;0;0;66.25;0.86;100.00
R10_EKDN230028438-1A_HKTC2DSX7_L3.90;k__Bacteria;(UID203);5449;102;56;59;40;3;0;0;0;66.23;3.57;100.00
R21_EKDN230028449-1A_HKTC2DSX7_L3.50;p__Actinobacteria;(UID1454);732;199;116;80;56;50;12;1;0;66.16;45.52;65.22
V4_EKDN230028456-1A_HKTTNDSX7_L4.71;c__Clostridia;(UID1118);387;223;124;68;152;3;0;0;0;66.13;1.01;66.67
R20_EKDN230028448-1A_HKTC2DSX7_L3.31;p__Bacteroidetes;(UID2591);364;302;203;114;120;56;12;0;0;66.10;31.16;25.00
V9_EKDN230028461-1A_HKTTNDSX7_L4.83;k__Bacteria;(UID2565);2921;152;93;54;65;29;0;3;1;66.10;20.77;29.82
R15_EKDN230028443-1A_HKTC2DSX7_L3.69;c__Alphaproteobacteria;(UID3422);26;529;308;195;322;12;0;0;0;66.07;2.08;33.33
V9_EKDN230028461-1A_HKTTNDSX7_L4.82;f__Rhodobacteraceae;(UID3340);84;568;330;208;251;91;16;2;0;66.07;23.39;29.80
R4_EKDN230028432-1A_HKTC2DSX7_L3.41;k__Archaea;(UID2);207;149;107;41;65;26;15;1;1;66.05;28.15;0.00
V7_EKDN230028459-1A_HKTTNDSX7_L4.20;p__Bacteroidetes;(UID2591);364;302;202;119;170;13;0;0;0;66.00;5.53;0.00
R20_EKDN230028448-1A_HKTC2DSX7_L3.3;o__Burkholderiales;(UID4000);193;427;214;147;177;85;14;4;0;65.99;32.03;16.56
R10_EKDN230028438-1A_HKTC2DSX7_L3.80;k__Bacteria;(UID1453);901;171;117;73;92;6;0;0;0;65.90;4.13;33.33
R23_EKDN230028451-1A_HKTC2DSX7_L4.24;k__Bacteria;(UID1453);901;171;117;50;119;2;0;0;0;65.81;1.28;0.00
R12_EKDN230028440-1A_HKTC2DSX7_L3.39;k__Bacteria;(UID203);5449;104;58;53;32;18;1;0;0;65.75;30.33;100.00
V4_EKDN230028456-1A_HKTTNDSX7_L4.70;k__Bacteria;(UID203);5449;104;58;60;42;2;0;0;0;65.67;3.45;100.00
V2_EKDN230028454-1A_HKTTNDSX7_L4.107;k__Bacteria;(UID2982);88;230;148;67;140;17;5;1;0;65.67;9.41;23.68
V1_EKDN230028453-1A_HKTTNDSX7_L4.34;f__Moraxellaceae;(UID4680);86;689;365;236;427;26;0;0;0;65.62;3.84;88.46
R16_EKDN230028444-1A_HKTC2DSX7_L3.7;k__Bacteria;(UID203);5449;104;58;54;30;13;7;0;0;65.54;30.17;23.53
V9_EKDN230028461-1A_HKTTNDSX7_L4.38;k__Bacteria;(UID203);5449;104;58;60;44;0;0;0;0;65.52;0.00;0.00
V9_EKDN230028461-1A_HKTTNDSX7_L4.10;k__Bacteria;(UID203);5449;104;58;59;44;1;0;0;0;65.52;1.72;0.00
V5_EKDN230028457-1A_HKTTNDSX7_L4.50;k__Bacteria;(UID203);5449;104;58;24;48;31;1;0;0;65.52;15.16;55.88
R22_EKDN230028450-1A_HKTC2DSX7_L3.85;k__Bacteria;(UID203);5449;104;58;59;30;14;1;0;0;65.52;25.00;17.65
R1_EKDN230028429-1A_HKTC2DSX7_L3.74;k__Bacteria;(UID2982);88;229;147;83;139;7;0;0;0;65.47;2.59;14.29
R11_EKDN230028439-1A_HKTC2DSX7_L3.34;k__Bacteria;(UID203);5449;104;58;32;49;23;0;0;0;65.44;12.23;30.43
V10_EKDN230028462-1A_HKTTNDSX7_L4.129;k__Bacteria;(UID203);5449;104;58;59;45;0;0;0;0;65.39;0.00;0.00
V1_EKDN230028453-1A_HKTTNDSX7_L4.14;k__Bacteria;(UID2982);88;230;148;67;138;21;3;1;0;65.33;9.04;27.78
V7_EKDN230028459-1A_HKTTNDSX7_L4.12;p__Bacteroidetes;(UID2591);364;302;203;120;174;8;0;0;0;65.32;3.08;12.50
R12_EKDN230028440-1A_HKTC2DSX7_L3.42;o__Rhizobiales;(UID3642);107;485;316;190;273;22;0;0;0;65.19;4.32;4.55
V11_EKDN230028463-1A_HKTTNDSX7_L4.99;k__Bacteria;(UID203);5449;104;58;52;51;1;0;0;0;65.10;0.57;100.00
V2_EKDN230028454-1A_HKTTNDSX7_L4.2;k__Bacteria;(UID203);5449;104;58;27;52;14;6;3;2;65.05;14.83;1.33
R3_EKDN230028431-1A_HKTC2DSX7_L3.7;k__Bacteria;(UID203);5449;104;58;62;33;7;2;0;0;65.00;18.97;46.15
R24_EKDN230028452-1A_HKTTNDSX7_L4.21;c__Alphaproteobacteria;(UID3337);468;388;250;143;155;65;24;0;1;64.99;36.65;32.24
R12_EKDN230028440-1A_HKTC2DSX7_L3.50;k__Bacteria;(UID203);5449;104;58;56;47;1;0;0;0;64.98;1.72;0.00
V12_EKDN230028464-1A_HKTTNDSX7_L4.39;c__Clostridia;(UID1085);35;420;196;134;222;64;0;0;0;64.97;17.35;78.12
V4_EKDN230028456-1A_HKTTNDSX7_L4.17;k__Bacteria;(UID203);5449;104;58;32;58;13;1;0;0;64.95;8.28;0.00
R15_EKDN230028443-1A_HKTC2DSX7_L3.23;k__Bacteria;(UID203);5449;104;58;57;42;5;0;0;0;64.95;8.62;80.00
V2_EKDN230028454-1A_HKTTNDSX7_L4.157;k__Bacteria;(UID203);5449;101;57;61;11;16;10;3;0;64.91;74.56;23.44
V10_EKDN230028462-1A_HKTTNDSX7_L4.61;k__Bacteria;(UID203);5449;103;57;62;36;4;1;0;0;64.91;10.53;100.00
R6_EKDN230028434-1A_HKTC2DSX7_L3.15;k__Bacteria;(UID203);5449;104;58;55;21;10;9;6;3;64.89;89.97;74.07
V1_EKDN230028453-1A_HKTTNDSX7_L4.7;o__Actinomycetales;(UID1697);387;327;191;131;194;2;0;0;0;64.79;0.79;100.00
R19_EKDN230028447-1A_HKTC2DSX7_L3.41;p__Bacteroidetes;(UID2591);364;302;203;107;147;42;5;1;0;64.71;19.40;25.40
V3_EKDN230028455-1A_HKTC2DSX7_L4.54;k__Bacteria;(UID203);5449;104;58;62;32;10;0;0;0;64.66;15.52;60.00
R11_EKDN230028439-1A_HKTC2DSX7_L3.19;k__Bacteria;(UID203);5449;104;58;58;17;23;6;0;0;64.58;48.20;56.10
R8_EKDN230028436-1A_HKTC2DSX7_L3.20;o__Rhizobiales;(UID3654);92;481;319;176;279;26;0;0;0;64.57;5.08;23.08
V12_EKDN230028464-1A_HKTTNDSX7_L4.41;k__Bacteria;(UID203);5449;104;58;59;18;26;1;0;0;64.48;40.52;44.83
R21_EKDN230028449-1A_HKTC2DSX7_L3.33;k__Bacteria;(UID203);5449;104;58;61;27;13;2;1;0;64.48;30.52;44.00
R5_EKDN230028433-1A_HKTC2DSX7_L3.58;k__Bacteria;(UID3187);2258;182;112;64;114;4;0;0;0;64.27;2.06;25.00
V4_EKDN230028456-1A_HKTTNDSX7_L4.82;o__Clostridiales;(UID1120);304;247;141;105;140;2;0;0;0;64.27;1.06;50.00
V2_EKDN230028454-1A_HKTTNDSX7_L4.152;f__Moraxellaceae;(UID4680);86;689;365;265;405;19;0;0;0;64.09;3.09;89.47
R4_EKDN230028432-1A_HKTC2DSX7_L3.74;k__Bacteria;(UID203);5449;104;58;56;29;12;7;0;0;64.08;37.54;72.73
R20_EKDN230028448-1A_HKTC2DSX7_L3.42;o__Burkholderiales;(UID4000);193;427;214;170;214;38;5;0;0;63.90;11.25;54.72
R12_EKDN230028440-1A_HKTC2DSX7_L3.81;o__Sphingomonadales;(UID3310);26;569;293;216;328;25;0;0;0;63.82;4.58;52.00
V8_EKDN230028460-1A_HJH72DSX7_L2.22;k__Bacteria;(UID203);5449;104;58;63;32;9;0;0;0;63.79;12.07;66.67
R15_EKDN230028443-1A_HKTC2DSX7_L3.10;k__Bacteria;(UID203);5449;104;58;46;37;21;0;0;0;63.79;12.07;76.19
R19_EKDN230028447-1A_HKTC2DSX7_L3.27;k__Bacteria;(UID203);5449;104;58;57;44;3;0;0;0;63.71;5.17;33.33
V6_EKDN230028458-1A_HKTTNDSX7_L4.59;c__Betaproteobacteria;(UID3971);223;424;211;152;253;18;1;0;0;63.70;5.16;66.67
R23_EKDN230028451-1A_HKTC2DSX7_L4.63;f__Rhodobacteraceae;(UID3340);84;568;330;216;336;15;1;0;0;63.65;3.10;22.22
R13_EKDN230028441-1A_HKTC2DSX7_L3.5;o__Burkholderiales;(UID4000);193;427;214;148;230;41;8;0;0;63.62;13.32;27.69
V8_EKDN230028460-1A_HJH72DSX7_L2.77;k__Bacteria;(UID1452);924;151;101;44;107;0;0;0;0;63.59;0.00;0.00
V6_EKDN230028458-1A_HKTTNDSX7_L4.12;k__Bacteria;(UID2569);434;278;186;121;109;40;7;1;0;63.55;23.11;20.90
V11_EKDN230028463-1A_HKTTNDSX7_L4.9;k__Bacteria;(UID3187);2258;181;110;78;95;8;0;0;0;63.53;5.96;25.00
R9_EKDN230028437-1A_HKTC2DSX7_L3.13;c__Betaproteobacteria;(UID3888);323;387;234;145;130;88;17;6;1;63.53;40.24;43.78
R1_EKDN230028429-1A_HKTC2DSX7_L3.37;k__Bacteria;(UID203);5449;104;58;64;23;15;2;0;0;63.28;30.17;76.19
V6_EKDN230028458-1A_HKTTNDSX7_L4.30;p__Bacteroidetes;(UID2605);350;316;210;133;172;11;0;0;0;63.21;3.90;36.36
V12_EKDN230028464-1A_HKTTNDSX7_L4.31;o__Burkholderiales;(UID4000);193;427;214;183;222;21;1;0;0;63.19;3.27;95.83
V10_EKDN230028462-1A_HKTTNDSX7_L4.7;c__Alphaproteobacteria;(UID3305);564;349;230;133;215;1;0;0;0;63.16;0.22;0.00
R14_EKDN230028442-1A_HKTC2DSX7_L3.28;c__Deltaproteobacteria;(UID3216);83;247;155;105;134;8;0;0;0;63.06;4.84;0.00
R6_EKDN230028434-1A_HKTC2DSX7_L3.35;o__Burkholderiales;(UID4000);193;427;214;143;252;26;5;1;0;63.05;6.77;46.81
V7_EKDN230028459-1A_HKTTNDSX7_L4.33;k__Bacteria;(UID203);5449;104;58;50;53;1;0;0;0;63.01;0.86;100.00
R3_EKDN230028431-1A_HKTC2DSX7_L3.14;k__Bacteria;(UID2982);88;229;147;90;123;16;0;0;0;62.99;9.18;31.25
R3_EKDN230028431-1A_HKTC2DSX7_L3.23;o__Burkholderiales;(UID4000);193;427;214;182;235;8;2;0;0;62.98;3.06;71.43
V4_EKDN230028456-1A_HKTTNDSX7_L4.47;k__Bacteria;(UID203);5449;104;58;55;20;27;2;0;0;62.93;38.10;60.61
R19_EKDN230028447-1A_HKTC2DSX7_L3.33;k__Bacteria;(UID203);5449;104;58;61;42;1;0;0;0;62.93;1.72;0.00
R11_EKDN230028439-1A_HKTC2DSX7_L3.8;k__Bacteria;(UID203);5449;104;58;57;46;1;0;0;0;62.93;1.72;100.00
R4_EKDN230028432-1A_HKTC2DSX7_L3.36;k__Bacteria;(UID203);5449;104;58;40;28;26;7;2;1;62.82;43.06;20.27
V3_EKDN230028455-1A_HKTC2DSX7_L4.81;o__Burkholderiales;(UID4000);193;427;214;180;184;50;11;2;0;62.81;24.00;6.32
V12_EKDN230028464-1A_HKTTNDSX7_L4.19;k__Bacteria;(UID203);5449;104;58;60;41;3;0;0;0;62.73;4.31;100.00
R20_EKDN230028448-1A_HKTC2DSX7_L3.52;k__Bacteria;(UID2982);88;230;148;100;128;1;1;0;0;62.72;2.03;50.00
R7_EKDN230028435-1A_HKTC2DSX7_L3.26;o__Burkholderiales;(UID4000);193;427;214;151;234;40;2;0;0;62.69;8.40;32.61
V9_EKDN230028461-1A_HKTTNDSX7_L4.97;c__Gammaproteobacteria;(UID4274);112;581;290;254;321;6;0;0;0;62.68;1.10;0.00
V8_EKDN230028460-1A_HJH72DSX7_L2.52;o__Burkholderiales;(UID4000);193;426;214;150;255;20;1;0;0;62.68;5.76;17.39
V10_EKDN230028462-1A_HKTTNDSX7_L4.27;k__Bacteria;(UID203);5449;103;57;59;43;1;0;0;0;62.63;1.75;100.00
R6_EKDN230028434-1A_HKTC2DSX7_L3.66;o__Burkholderiales;(UID4000);193;427;214;185;180;54;8;0;0;62.55;18.68;43.59
R3_EKDN230028431-1A_HKTC2DSX7_L3.50;k__Archaea;(UID2);207;149;107;43;60;37;7;0;2;62.54;29.83;0.00
R11_EKDN230028439-1A_HKTC2DSX7_L3.21;k__Bacteria;(UID2142);169;316;236;128;143;42;3;0;0;62.53;14.75;84.31
R3_EKDN230028431-1A_HKTC2DSX7_L3.65;root;(UID1);5656;56;24;37;0;5;12;1;1;62.50;111.46;43.55
R10_EKDN230028438-1A_HKTC2DSX7_L3.50;p__Bacteroidetes;(UID2591);364;298;198;136;140;21;1;0;0;62.42;9.26;58.33
V9_EKDN230028461-1A_HKTTNDSX7_L4.106;k__Bacteria;(UID203);5449;104;58;58;41;3;2;0;0;62.38;4.31;77.78
R23_EKDN230028451-1A_HKTC2DSX7_L4.15;f__Rhodobacteraceae;(UID3340);84;568;330;219;332;17;0;0;0;62.36;3.27;88.24
V12_EKDN230028464-1A_HKTTNDSX7_L4.29;c__Gammaproteobacteria;(UID4274);112;581;290;220;260;93;8;0;0;62.32;18.26;53.85
R17_EKDN230028445-1A_HKTC2DSX7_L3.5;p__Bacteroidetes;(UID2591);364;302;202;136;162;4;0;0;0;62.29;1.40;0.00
V11_EKDN230028463-1A_HKTTNDSX7_L4.115;k__Bacteria;(UID203);5449;103;57;63;33;7;0;0;0;62.28;12.28;42.86
R11_EKDN230028439-1A_HKTC2DSX7_L3.65;p__Bacteroidetes;(UID2591);364;303;203;115;160;25;3;0;0;62.21;11.36;5.88
R4_EKDN230028432-1A_HKTC2DSX7_L3.61;k__Bacteria;(UID1452);924;161;108;72;81;8;0;0;0;62.09;7.41;50.00
V4_EKDN230028456-1A_HKTTNDSX7_L4.136;c__Clostridia;(UID1085);35;420;196;156;255;9;0;0;0;62.08;1.09;0.00
R21_EKDN230028449-1A_HKTC2DSX7_L3.11;o__Sphingomonadales;(UID3310);26;569;293;217;186;110;34;18;4;61.96;46.77;18.33
R18_EKDN230028446-1A_HKTC2DSX7_L3.32;c__Gammaproteobacteria;(UID4202);67;481;276;198;267;16;0;0;0;61.94;2.88;18.75
R8_EKDN230028436-1A_HKTC2DSX7_L3.16;k__Bacteria;(UID203);5449;104;58;52;28;13;4;3;4;61.94;56.54;30.61
R22_EKDN230028450-1A_HKTC2DSX7_L3.56;p__Bacteroidetes;(UID2591);364;303;203;115;99;70;17;2;0;61.90;38.94;35.34
R18_EKDN230028446-1A_HKTC2DSX7_L3.82;k__Bacteria;(UID203);5449;104;58;56;32;15;1;0;0;61.82;25.00;88.89
V4_EKDN230028456-1A_HKTTNDSX7_L4.141;k__Bacteria;(UID2495);2993;141;87;67;70;4;0;0;0;61.62;2.40;25.00
V5_EKDN230028457-1A_HKTTNDSX7_L4.98;f__Moraxellaceae;(UID4680);86;689;365;294;366;29;0;0;0;61.53;4.59;89.66
R16_EKDN230028444-1A_HKTC2DSX7_L3.49;f__Rhodobacteraceae;(UID3340);84;568;330;218;336;14;0;0;0;61.48;2.98;64.29
R10_EKDN230028438-1A_HKTC2DSX7_L3.67;c__Betaproteobacteria;(UID3971);223;425;211;161;258;6;0;0;0;61.42;1.63;83.33
R15_EKDN230028443-1A_HKTC2DSX7_L3.17;o__Burkholderiales;(UID4000);193;427;214;172;237;15;3;0;0;61.40;5.52;29.17
R24_EKDN230028452-1A_HKTTNDSX7_L4.58;k__Bacteria;(UID203);5449;104;58;58;42;4;0;0;0;61.36;5.17;50.00
V6_EKDN230028458-1A_HKTTNDSX7_L4.41;c__Betaproteobacteria;(UID3888);323;387;234;139;230;18;0;0;0;61.36;4.33;33.33
R16_EKDN230028444-1A_HKTC2DSX7_L3.68;f__Xanthomonadaceae;(UID4214);55;659;290;257;393;9;0;0;0;61.35;1.23;33.33
R17_EKDN230028445-1A_HKTC2DSX7_L3.62;p__Cyanobacteria;(UID2192);79;583;457;218;350;15;0;0;0;61.31;3.17;26.67
V2_EKDN230028454-1A_HKTTNDSX7_L4.50;k__Bacteria;(UID203);5449;103;57;27;40;23;13;0;0;61.22;28.61;35.48
V5_EKDN230028457-1A_HKTTNDSX7_L4.24;k__Bacteria;(UID203);5449;104;58;63;25;14;2;0;0;61.21;28.45;65.00
V9_EKDN230028461-1A_HKTTNDSX7_L4.115;p__Proteobacteria;(UID3214);2231;190;119;74;77;27;10;2;0;61.20;28.72;2.90
R22_EKDN230028450-1A_HKTC2DSX7_L3.38;o__Actinomycetales;(UID1663);488;310;185;106;199;5;0;0;0;61.20;0.88;60.00
R15_EKDN230028443-1A_HKTC2DSX7_L3.68;k__Bacteria;(UID203);5449;104;58;59;42;3;0;0;0;61.16;1.88;100.00
R11_EKDN230028439-1A_HKTC2DSX7_L3.71;k__Bacteria;(UID203);5449;102;56;55;25;21;1;0;0;61.15;31.90;58.33
R13_EKDN230028441-1A_HKTC2DSX7_L3.37;p__Bacteroidetes;(UID2591);364;303;203;132;146;20;5;0;0;61.11;8.90;5.71
R1_EKDN230028429-1A_HKTC2DSX7_L3.62;k__Bacteria;(UID2982);88;229;147;90;126;13;0;0;0;61.05;5.89;46.15
V6_EKDN230028458-1A_HKTTNDSX7_L4.69;k__Bacteria;(UID203);5449;104;58;59;39;6;0;0;0;60.97;6.90;83.33
V1_EKDN230028453-1A_HKTTNDSX7_L4.122;c__Deltaproteobacteria;(UID3218);61;284;169;116;160;8;0;0;0;60.90;3.39;50.00
V3_EKDN230028455-1A_HKTC2DSX7_L4.92;c__Alphaproteobacteria;(UID3305);564;349;230;150;190;7;2;0;0;60.88;3.39;0.00
R9_EKDN230028437-1A_HKTC2DSX7_L3.7;c__Alphaproteobacteria;(UID3305);564;349;230;115;205;28;1;0;0;60.81;8.95;3.23
R3_EKDN230028431-1A_HKTC2DSX7_L3.49;f__Rhodobacteraceae;(UID3340);84;568;330;220;220;118;9;1;0;60.80;25.18;64.90
V4_EKDN230028456-1A_HKTTNDSX7_L4.58;o__Clostridiales;(UID1120);304;247;141;109;123;15;0;0;0;60.79;6.95;46.67
R22_EKDN230028450-1A_HKTC2DSX7_L3.69;o__Actinomycetales;(UID1593);69;400;198;179;212;9;0;0;0;60.69;2.35;33.33
V4_EKDN230028456-1A_HKTTNDSX7_L4.23;k__Bacteria;(UID203);5449;104;58;61;22;13;8;0;0;60.67;46.55;43.24
R1_EKDN230028429-1A_HKTC2DSX7_L3.61;o__Burkholderiales;(UID4000);193;426;214;170;191;60;5;0;0;60.64;15.91;17.33
R16_EKDN230028444-1A_HKTC2DSX7_L3.40;o__Actinomycetales;(UID1593);69;400;198;171;185;44;0;0;0;60.62;10.55;77.27
R16_EKDN230028444-1A_HKTC2DSX7_L3.10;k__Bacteria;(UID2982);88;229;147;93;115;19;2;0;0;60.62;9.37;0.00
V1_EKDN230028453-1A_HKTTNDSX7_L4.10;o__Clostridiales;(UID1120);304;247;141;96;129;22;0;0;0;60.61;4.15;0.00
V3_EKDN230028455-1A_HKTC2DSX7_L4.1;k__Bacteria;(UID203);5449;104;58;59;23;18;3;1;0;60.54;35.34;27.27
R12_EKDN230028440-1A_HKTC2DSX7_L3.69;k__Bacteria;(UID203);5449;104;58;62;40;2;0;0;0;60.52;2.59;50.00
V7_EKDN230028459-1A_HKTTNDSX7_L4.119;o__Burkholderiales;(UID4000);193;427;214;168;220;39;0;0;0;60.49;6.90;43.59
V4_EKDN230028456-1A_HKTTNDSX7_L4.49;k__Bacteria;(UID203);5449;103;57;60;35;4;4;0;0;60.45;17.54;12.50
V2_EKDN230028454-1A_HKTTNDSX7_L4.21;k__Bacteria;(UID1452);924;151;101;48;102;1;0;0;0;60.40;0.17;0.00
V4_EKDN230028456-1A_HKTTNDSX7_L4.57;k__Bacteria;(UID203);5449;104;58;64;25;15;0;0;0;60.34;22.41;80.00
V3_EKDN230028455-1A_HKTC2DSX7_L4.6;k__Bacteria;(UID203);5449;104;58;62;37;5;0;0;0;60.34;6.90;60.00
V3_EKDN230028455-1A_HKTC2DSX7_L4.16;k__Bacteria;(UID203);5449;104;58;65;32;6;1;0;0;60.34;12.93;100.00
R10_EKDN230028438-1A_HKTC2DSX7_L3.13;k__Bacteria;(UID203);5449;104;58;59;44;1;0;0;0;60.34;0.34;100.00
R16_EKDN230028444-1A_HKTC2DSX7_L3.53;p__Cyanobacteria;(UID2192);79;583;457;223;353;7;0;0;0;60.29;1.31;71.43
R6_EKDN230028434-1A_HKTC2DSX7_L3.54;k__Bacteria;(UID203);5449;104;58;59;43;2;0;0;0;60.28;2.07;50.00
V9_EKDN230028461-1A_HKTTNDSX7_L4.27;c__Alphaproteobacteria;(UID3305);564;349;230;138;203;8;0;0;0;60.20;0.57;50.00
R12_EKDN230028440-1A_HKTC2DSX7_L3.27;k__Bacteria;(UID203);5449;104;58;62;40;2;0;0;0;60.17;3.45;0.00
R13_EKDN230028441-1A_HKTC2DSX7_L3.18;k__Bacteria;(UID2329);174;149;89;43;102;4;0;0;0;60.14;1.91;50.00
V7_EKDN230028459-1A_HKTTNDSX7_L4.16;o__Flavobacteriales;(UID2815);123;324;204;138;139;47;0;0;0;60.06;15.06;42.55
R6_EKDN230028434-1A_HKTC2DSX7_L3.59;k__Bacteria;(UID203);5449;104;58;63;25;7;8;1;0;60.06;36.21;10.81
R16_EKDN230028444-1A_HKTC2DSX7_L3.73;p__Proteobacteria;(UID3887);1487;259;162;104;138;15;2;0;0;60.02;6.58;19.05
V11_EKDN230028463-1A_HKTTNDSX7_L4.17;k__Bacteria;(UID203);5449;100;55;62;33;5;0;0;0;60.00;8.18;40.00
R17_EKDN230028445-1A_HKTC2DSX7_L3.43;p__Proteobacteria;(UID3887);1487;259;162;108;147;4;0;0;0;59.98;2.16;50.00
R21_EKDN230028449-1A_HKTC2DSX7_L3.26;k__Bacteria;(UID203);5449;104;58;58;46;0;0;0;0;59.97;0.00;0.00
R12_EKDN230028440-1A_HKTC2DSX7_L3.73;p__Bacteroidetes;(UID2591);364;303;203;130;136;36;1;0;0;59.92;12.98;33.33
V5_EKDN230028457-1A_HKTTNDSX7_L4.28;k__Bacteria;(UID1452);924;158;106;70;87;1;0;0;0;59.91;0.94;0.00
R18_EKDN230028446-1A_HKTC2DSX7_L3.74;k__Bacteria;(UID203);5449;104;58;63;40;1;0;0;0;59.83;0.86;0.00
V12_EKDN230028464-1A_HKTTNDSX7_L4.77;c__Gammaproteobacteria;(UID4267);119;544;284;214;296;31;2;1;0;59.76;7.24;58.14
R3_EKDN230028431-1A_HKTC2DSX7_L3.38;k__Bacteria;(UID2982);88;229;147;103;117;9;0;0;0;59.73;5.78;66.67
V7_EKDN230028459-1A_HKTTNDSX7_L4.121;k__Bacteria;(UID2569);434;278;186;90;187;1;0;0;0;59.68;0.09;0.00
V7_EKDN230028459-1A_HKTTNDSX7_L4.137;p__Bacteroidetes;(UID2591);364;302;203;116;186;0;0;0;0;59.65;0.00;0.00
V2_EKDN230028454-1A_HKTTNDSX7_L4.56;o__Bacteroidales;(UID2621);198;427;260;190;228;9;0;0;0;59.64;1.86;44.44
V5_EKDN230028457-1A_HKTTNDSX7_L4.76;c__Betaproteobacteria;(UID3888);323;387;234;152;201;31;3;0;0;59.62;7.16;17.50
R12_EKDN230028440-1A_HKTC2DSX7_L3.1;k__Bacteria;(UID1453);901;171;117;53;110;8;0;0;0;59.59;5.70;25.00
R17_EKDN230028445-1A_HKTC2DSX7_L3.42;k__Bacteria;(UID203);5449;104;58;51;25;17;5;3;3;59.56;53.75;14.74
V6_EKDN230028458-1A_HKTTNDSX7_L4.79;k__Bacteria;(UID203);5449;104;58;66;21;14;3;0;0;59.48;34.48;69.57
V5_EKDN230028457-1A_HKTTNDSX7_L4.66;k__Bacteria;(UID203);5449;104;58;63;39;2;0;0;0;59.48;3.45;100.00
V4_EKDN230028456-1A_HKTTNDSX7_L4.14;k__Bacteria;(UID203);5449;104;58;63;16;12;9;4;0;59.48;61.21;82.54
V1_EKDN230028453-1A_HKTTNDSX7_L4.59;k__Bacteria;(UID203);5449;104;58;65;37;1;1;0;0;59.48;5.17;0.00
V11_EKDN230028463-1A_HKTTNDSX7_L4.68;k__Bacteria;(UID203);5449;104;58;64;38;2;0;0;0;59.48;3.45;100.00
R2_EKDN230028430-1A_HKTC2DSX7_L3.38;k__Bacteria;(UID203);5449;104;58;67;28;6;2;1;0;59.48;22.41;88.89
R13_EKDN230028441-1A_HKTC2DSX7_L3.15;k__Bacteria;(UID203);5449;104;58;65;39;0;0;0;0;59.48;0.00;0.00
R15_EKDN230028443-1A_HKTC2DSX7_L3.62;p__Bacteroidetes;(UID2591);364;302;202;146;154;2;0;0;0;59.14;0.74;50.00
R16_EKDN230028444-1A_HKTC2DSX7_L3.35;k__Archaea;(UID2);207;149;107;55;59;26;7;1;1;59.12;25.63;0.00
V1_EKDN230028453-1A_HKTTNDSX7_L4.132;k__Bacteria;(UID203);5449;104;58;57;41;6;0;0;0;59.09;7.76;33.33
V8_EKDN230028460-1A_HJH72DSX7_L2.66;o__Burkholderiales;(UID4000);193;427;214;185;232;10;0;0;0;58.99;2.32;10.00
R19_EKDN230028447-1A_HKTC2DSX7_L3.22;f__Rhodobacteraceae;(UID3340);84;568;330;236;298;34;0;0;0;58.98;3.99;44.12
V3_EKDN230028455-1A_HKTC2DSX7_L4.11;o__Actinomycetales;(UID1697);387;327;191;143;174;10;0;0;0;58.90;3.40;50.00
R11_EKDN230028439-1A_HKTC2DSX7_L3.22;k__Bacteria;(UID2982);88;230;148;111;115;3;1;0;0;58.88;2.87;33.33
R4_EKDN230028432-1A_HKTC2DSX7_L3.21;o__Rhizobiales;(UID3449);345;431;258;176;241;13;1;0;0;58.86;3.46;12.50
R22_EKDN230028450-1A_HKTC2DSX7_L3.6;k__Bacteria;(UID203);5449;104;58;29;42;26;6;1;0;58.86;28.37;20.00
R18_EKDN230028446-1A_HKTC2DSX7_L3.65;o__Actinomycetales;(UID1696);455;315;190;141;167;7;0;0;0;58.81;1.44;42.86
V3_EKDN230028455-1A_HKTC2DSX7_L4.86;k__Bacteria;(UID203);5449;104;58;60;25;16;3;0;0;58.79;33.10;32.00
R19_EKDN230028447-1A_HKTC2DSX7_L3.32;o__Burkholderiales;(UID4000);193;427;214;175;202;49;1;0;0;58.77;11.02;34.62
V5_EKDN230028457-1A_HKTTNDSX7_L4.91;c__Deltaproteobacteria;(UID3216);83;247;155;110;76;51;9;1;0;58.73;36.55;80.95
R20_EKDN230028448-1A_HKTC2DSX7_L3.11;o__Burkholderiales;(UID4000);193;427;214;161;252;13;1;0;0;58.69;4.71;37.50
V2_EKDN230028454-1A_HKTTNDSX7_L4.94;o__Burkholderiales;(UID4000);193;427;214;180;179;59;7;1;1;58.69;21.30;6.25
R1_EKDN230028429-1A_HKTC2DSX7_L3.6;k__Bacteria;(UID1452);924;161;108;60;96;5;0;0;0;58.68;1.71;80.00
V5_EKDN230028457-1A_HKTTNDSX7_L4.94;k__Bacteria;(UID203);5449;104;58;64;35;5;0;0;0;58.62;6.03;80.00
R24_EKDN230028452-1A_HKTTNDSX7_L4.54;k__Bacteria;(UID203);5449;104;58;65;34;5;0;0;0;58.62;8.62;0.00
R14_EKDN230028442-1A_HKTC2DSX7_L3.29;k__Bacteria;(UID203);5449;104;58;65;39;0;0;0;0;58.62;0.00;0.00
V2_EKDN230028454-1A_HKTTNDSX7_L4.13;k__Bacteria;(UID203);5449;104;58;62;42;0;0;0;0;58.61;0.00;0.00
R2_EKDN230028430-1A_HKTC2DSX7_L3.59;o__Burkholderiales;(UID4000);193;427;214;200;227;0;0;0;0;58.58;0.00;0.00
V6_EKDN230028458-1A_HKTTNDSX7_L4.37;k__Bacteria;(UID203);5449;104;58;62;25;15;2;0;0;58.54;31.03;76.19
V1_EKDN230028453-1A_HKTTNDSX7_L4.95;o__Actinomycetales;(UID1593);69;399;197;163;233;3;0;0;0;58.52;0.85;100.00
V2_EKDN230028454-1A_HKTTNDSX7_L4.121;p__Firmicutes;(UID1022);100;294;158;106;181;7;0;0;0;58.51;2.80;57.14
V4_EKDN230028456-1A_HKTTNDSX7_L4.129;c__Clostridia;(UID1118);387;223;124;108;108;7;0;0;0;58.47;5.24;57.14
R9_EKDN230028437-1A_HKTC2DSX7_L3.43;o__Actinomycetales;(UID1663);488;310;185;141;141;27;1;0;0;58.33;8.68;50.00
V3_EKDN230028455-1A_HKTC2DSX7_L4.76;k__Bacteria;(UID203);5449;104;58;55;34;13;2;0;0;58.31;15.44;89.47
R21_EKDN230028449-1A_HKTC2DSX7_L3.30;k__Bacteria;(UID203);5449;104;58;58;26;19;1;0;0;58.31;28.21;68.18
V1_EKDN230028453-1A_HKTTNDSX7_L4.16;p__Bacteroidetes;(UID2605);350;316;210;148;131;32;5;0;0;58.29;16.05;93.62
V1_EKDN230028453-1A_HKTTNDSX7_L4.103;f__Flavobacteriaceae;(UID2817);81;511;283;213;287;11;0;0;0;58.28;2.07;18.18
V5_EKDN230028457-1A_HKTTNDSX7_L4.96;k__Bacteria;(UID2372);131;176;105;87;88;1;0;0;0;58.25;0.95;0.00
V2_EKDN230028454-1A_HKTTNDSX7_L4.60;p__Actinobacteria;(UID1454);732;206;120;79;113;14;0;0;0;58.21;5.97;7.14
R6_EKDN230028434-1A_HKTC2DSX7_L3.36;k__Bacteria;(UID203);5449;103;58;38;47;18;0;0;0;57.99;2.82;16.67
R10_EKDN230028438-1A_HKTC2DSX7_L3.40;o__Cytophagales;(UID2936);47;454;336;206;227;21;0;0;0;57.97;4.15;57.14
V6_EKDN230028458-1A_HKTTNDSX7_L4.16;k__Bacteria;(UID203);5449;104;58;65;31;7;1;0;0;57.92;12.93;40.00
V12_EKDN230028464-1A_HKTTNDSX7_L4.21;k__Bacteria;(UID2329);174;149;89;58;90;1;0;0;0;57.89;0.56;0.00
V12_EKDN230028464-1A_HKTTNDSX7_L4.3;k__Bacteria;(UID1453);901;171;117;78;93;0;0;0;0;57.86;0.00;0.00
R12_EKDN230028440-1A_HKTC2DSX7_L3.41;k__Bacteria;(UID2570);433;274;183;125;138;11;0;0;0;57.83;2.43;0.00
V3_EKDN230028455-1A_HKTC2DSX7_L4.108;o__Bacteroidales;(UID2657);160;492;269;194;257;38;2;1;0;57.77;8.02;12.00
V5_EKDN230028457-1A_HKTTNDSX7_L4.5;k__Bacteria;(UID203);5449;104;58;65;22;15;2;0;0;57.76;30.17;61.90
V7_EKDN230028459-1A_HKTTNDSX7_L4.73;k__Bacteria;(UID3060);138;335;244;153;182;0;0;0;0;57.75;0.00;0.00
V12_EKDN230028464-1A_HKTTNDSX7_L4.55;o__Actinomycetales;(UID1697);387;330;193;151;163;16;0;0;0;57.74;5.07;62.50
R7_EKDN230028435-1A_HKTC2DSX7_L3.5;p__Proteobacteria;(UID3880);1495;261;164;126;122;10;0;2;1;57.66;4.74;18.75
R7_EKDN230028435-1A_HKTC2DSX7_L3.7;k__Bacteria;(UID203);5449;104;58;59;23;16;6;0;0;57.64;40.00;14.71
R13_EKDN230028441-1A_HKTC2DSX7_L3.17;p__Bacteroidetes;(UID2591);364;303;203;126;172;4;1;0;0;57.47;2.96;28.57
R19_EKDN230028447-1A_HKTC2DSX7_L3.25;o__Burkholderiales;(UID4000);193;427;214;215;141;50;19;1;1;57.39;28.14;13.01
R8_EKDN230028436-1A_HKTC2DSX7_L3.38;k__Bacteria;(UID203);5449;104;58;38;35;17;7;3;4;57.38;34.59;9.76
V10_EKDN230028462-1A_HKTTNDSX7_L4.62;k__Bacteria;(UID2495);2993;147;91;66;81;0;0;0;0;57.30;0.00;0.00
R14_EKDN230028442-1A_HKTC2DSX7_L3.23;k__Bacteria;(UID2569);434;278;186;122;156;0;0;0;0;57.30;0.00;0.00
R19_EKDN230028447-1A_HKTC2DSX7_L3.15;o__Actinomycetales;(UID1696);455;315;190;130;163;22;0;0;0;57.29;4.85;27.27
R21_EKDN230028449-1A_HKTC2DSX7_L3.12;o__Lactobacillales;(UID543);294;472;265;198;262;9;3;0;0;57.23;2.25;0.00
R3_EKDN230028431-1A_HKTC2DSX7_L3.21;k__Bacteria;(UID2495);2993;143;89;50;78;15;0;0;0;57.22;6.69;13.33
V11_EKDN230028463-1A_HKTTNDSX7_L4.102;k__Bacteria;(UID2569);434;278;186;132;97;35;12;1;1;57.22;28.81;29.35
V4_EKDN230028456-1A_HKTTNDSX7_L4.62;f__Moraxellaceae;(UID4680);86;689;365;327;334;28;0;0;0;57.19;4.69;67.86
V9_EKDN230028461-1A_HKTTNDSX7_L4.29;k__Bacteria;(UID203);5449;104;58;64;29;7;4;0;0;57.17;24.14;10.53
R9_EKDN230028437-1A_HKTC2DSX7_L3.29;o__Rhizobiales;(UID3654);92;481;319;221;232;25;3;0;0;57.13;5.80;20.59
R5_EKDN230028433-1A_HKTC2DSX7_L3.6;k__Bacteria;(UID2982);88;229;147;104;123;2;0;0;0;57.12;1.02;100.00
V4_EKDN230028456-1A_HKTTNDSX7_L4.131;k__Bacteria;(UID1452);924;158;106;73;82;3;0;0;0;57.12;1.26;0.00
R3_EKDN230028431-1A_HKTC2DSX7_L3.11;k__Bacteria;(UID203);5449;104;58;62;42;0;0;0;0;57.08;0.00;0.00
V6_EKDN230028458-1A_HKTTNDSX7_L4.89;k__Bacteria;(UID203);5449;104;58;64;38;2;0;0;0;57.07;2.59;100.00
R20_EKDN230028448-1A_HKTC2DSX7_L3.27;k__Bacteria;(UID203);5449;104;58;37;29;22;8;7;1;57.04;37.52;8.16
V12_EKDN230028464-1A_HKTTNDSX7_L4.116;f__Rhodobacteraceae;(UID3340);84;568;330;259;297;12;0;0;0;57.03;2.71;8.33
R20_EKDN230028448-1A_HKTC2DSX7_L3.1;k__Bacteria;(UID203);5449;104;58;59;25;13;6;1;0;57.01;42.40;54.05
V5_EKDN230028457-1A_HKTTNDSX7_L4.18;k__Bacteria;(UID203);5449;102;56;57;29;11;0;3;2;56.98;13.96;46.94
V1_EKDN230028453-1A_HKTTNDSX7_L4.36;p__Actinobacteria;(UID2112);31;211;124;104;107;0;0;0;0;56.98;0.00;0.00
V6_EKDN230028458-1A_HKTTNDSX7_L4.85;p__Firmicutes;(UID1022);100;295;158;119;139;36;1;0;0;56.91;11.25;61.54
V10_EKDN230028462-1A_HKTTNDSX7_L4.87;k__Bacteria;(UID203);5449;104;58;46;56;2;0;0;0;56.74;2.59;50.00
V5_EKDN230028457-1A_HKTTNDSX7_L4.46;k__Bacteria;(UID203);5449;104;58;63;31;9;1;0;0;56.72;16.38;66.67
R16_EKDN230028444-1A_HKTC2DSX7_L3.82;k__Bacteria;(UID203);5449;103;57;35;37;25;6;0;0;56.65;19.81;32.56
V3_EKDN230028455-1A_HKTC2DSX7_L4.48;k__Bacteria;(UID2569);434;278;186;100;157;21;0;0;0;56.63;4.04;61.90
R10_EKDN230028438-1A_HKTC2DSX7_L3.10;p__Proteobacteria;(UID3214);2231;190;119;64;126;0;0;0;0;56.58;0.00;0.00
R23_EKDN230028451-1A_HKTC2DSX7_L4.61;k__Bacteria;(UID2565);2921;144;89;68;57;18;1;0;0;56.50;12.88;71.43
R14_EKDN230028442-1A_HKTC2DSX7_L3.38;k__Bacteria;(UID203);5449;104;58;55;22;23;4;0;0;56.43;28.17;14.29
R12_EKDN230028440-1A_HKTC2DSX7_L3.14;k__Bacteria;(UID203);5449;104;58;54;48;2;0;0;0;56.32;3.45;100.00
V3_EKDN230028455-1A_HKTC2DSX7_L4.45;k__Bacteria;(UID203);5449;104;58;63;37;4;0;0;0;56.19;6.03;75.00
R24_EKDN230028452-1A_HKTTNDSX7_L4.5;k__Bacteria;(UID2565);2921;144;89;82;54;7;1;0;0;56.19;6.74;50.00
V1_EKDN230028453-1A_HKTTNDSX7_L4.57;c__Deltaproteobacteria;(UID3216);83;247;155;122;123;2;0;0;0;56.08;1.29;50.00
R11_EKDN230028439-1A_HKTC2DSX7_L3.38;k__Bacteria;(UID203);5449;104;58;68;27;8;1;0;0;56.03;15.52;45.45
R23_EKDN230028451-1A_HKTC2DSX7_L4.9;k__Bacteria;(UID2982);88;230;148;124;94;11;1;0;0;55.81;7.66;0.00
V11_EKDN230028463-1A_HKTTNDSX7_L4.44;o__Burkholderiales;(UID4000);193;427;214;193;221;13;0;0;0;55.69;2.92;76.92
R3_EKDN230028431-1A_HKTC2DSX7_L3.71;k__Bacteria;(UID203);5449;104;58;30;25;25;14;7;3;55.69;45.48;6.94
V7_EKDN230028459-1A_HKTTNDSX7_L4.81;k__Bacteria;(UID203);5449;104;58;64;26;14;0;0;0;55.67;20.69;7.14
V4_EKDN230028456-1A_HKTTNDSX7_L4.117;k__Bacteria;(UID203);5449;104;58;64;39;1;0;0;0;55.66;1.72;100.00
V8_EKDN230028460-1A_HJH72DSX7_L2.56;k__Bacteria;(UID203);5449;104;58;62;27;12;3;0;0;55.63;23.93;19.05
V8_EKDN230028460-1A_HJH72DSX7_L2.86;c__Clostridia;(UID1085);35;420;196;197;218;5;0;0;0;55.63;1.31;20.00
V2_EKDN230028454-1A_HKTTNDSX7_L4.102;k__Bacteria;(UID203);5449;103;57;67;32;3;1;0;0;55.61;7.89;100.00
V11_EKDN230028463-1A_HKTTNDSX7_L4.113;k__Bacteria;(UID1453);901;171;117;75;96;0;0;0;0;55.55;0.00;0.00
V6_EKDN230028458-1A_HKTTNDSX7_L4.74;c__Clostridia;(UID1118);387;223;124;78;144;1;0;0;0;55.54;0.03;100.00
R14_EKDN230028442-1A_HKTC2DSX7_L3.36;o__Burkholderiales;(UID4000);193;427;214;205;141;57;17;5;2;55.50;29.90;8.23
R19_EKDN230028447-1A_HKTC2DSX7_L3.1;k__Bacteria;(UID203);5449;104;58;67;34;2;1;0;0;55.49;6.90;20.00
R15_EKDN230028443-1A_HKTC2DSX7_L3.46;k__Bacteria;(UID203);5449;103;57;66;27;9;1;0;0;55.42;15.07;8.33
R1_EKDN230028429-1A_HKTC2DSX7_L3.47;k__Bacteria;(UID203);5449;104;58;59;23;14;8;0;0;55.20;27.74;28.95
R2_EKDN230028430-1A_HKTC2DSX7_L3.27;k__Bacteria;(UID203);5449;104;58;67;26;11;0;0;0;55.17;16.38;81.82
R17_EKDN230028445-1A_HKTC2DSX7_L3.68;k__Bacteria;(UID203);5449;104;58;67;37;0;0;0;0;55.17;0.00;0.00
R14_EKDN230028442-1A_HKTC2DSX7_L3.3;o__Burkholderiales;(UID4000);193;427;214;178;244;5;0;0;0;55.03;0.92;40.00
V9_EKDN230028461-1A_HKTTNDSX7_L4.130;p__Proteobacteria;(UID3880);1495;261;164;129;123;9;0;0;0;54.99;2.95;0.00
R15_EKDN230028443-1A_HKTC2DSX7_L3.47;k__Bacteria;(UID203);5449;104;58;62;32;10;0;0;0;54.94;12.93;30.00
V5_EKDN230028457-1A_HKTTNDSX7_L4.138;k__Bacteria;(UID203);5449;104;58;60;28;9;6;1;0;54.89;32.21;42.42
V9_EKDN230028461-1A_HKTTNDSX7_L4.51;c__Gammaproteobacteria;(UID4267);119;544;284;247;282;15;0;0;0;54.74;1.95;80.00
V7_EKDN230028459-1A_HKTTNDSX7_L4.10;o__Sphingomonadales;(UID3310);26;569;293;249;316;4;0;0;0;54.72;0.54;0.00
R15_EKDN230028443-1A_HKTC2DSX7_L3.7;p__Bacteroidetes;(UID2591);364;303;203;127;169;7;0;0;0;54.72;2.18;14.29
V12_EKDN230028464-1A_HKTTNDSX7_L4.58;k__Bacteria;(UID3060);138;338;246;167;157;14;0;0;0;54.67;4.61;71.43
R3_EKDN230028431-1A_HKTC2DSX7_L3.60;o__Sphingomonadales;(UID3310);26;569;293;284;276;9;0;0;0;54.59;2.23;88.89
R15_EKDN230028443-1A_HKTC2DSX7_L3.71;k__Bacteria;(UID3187);2258;182;112;96;82;4;0;0;0;54.47;2.19;0.00
V9_EKDN230028461-1A_HKTTNDSX7_L4.139;k__Bacteria;(UID203);5449;104;58;63;38;3;0;0;0;54.45;5.17;66.67
V6_EKDN230028458-1A_HKTTNDSX7_L4.51;k__Bacteria;(UID203);5449;103;57;65;30;8;0;0;0;54.39;12.28;25.00
V1_EKDN230028453-1A_HKTTNDSX7_L4.124;k__Bacteria;(UID203);5449;103;57;67;36;0;0;0;0;54.39;0.00;0.00
R7_EKDN230028435-1A_HKTC2DSX7_L3.38;c__Gammaproteobacteria;(UID4274);112;580;289;282;254;42;2;0;0;54.35;8.05;16.67
V1_EKDN230028453-1A_HKTTNDSX7_L4.45;k__Bacteria;(UID203);5449;103;57;62;29;9;3;0;0;54.34;25.44;27.78
V6_EKDN230028458-1A_HKTTNDSX7_L4.88;c__Clostridia;(UID1085);35;420;196;179;234;7;0;0;0;54.33;1.66;28.57
V3_EKDN230028455-1A_HKTC2DSX7_L4.119;k__Bacteria;(UID203);5449;104;58;68;20;11;5;0;0;54.31;34.48;92.31
V11_EKDN230028463-1A_HKTTNDSX7_L4.6;k__Bacteria;(UID203);5449;104;58;67;35;2;0;0;0;54.31;1.72;50.00
V10_EKDN230028462-1A_HKTTNDSX7_L4.53;k__Bacteria;(UID203);5449;104;58;67;36;1;0;0;0;54.31;1.72;100.00
R5_EKDN230028433-1A_HKTC2DSX7_L3.31;k__Bacteria;(UID203);5449;104;58;69;35;0;0;0;0;54.31;0.00;0.00
R24_EKDN230028452-1A_HKTTNDSX7_L4.30;o__Actinomycetales;(UID1590);562;286;170;154;128;4;0;0;0;54.17;1.76;0.00
R18_EKDN230028446-1A_HKTC2DSX7_L3.36;k__Bacteria;(UID203);5449;102;56;44;39;14;5;0;0;54.14;14.20;17.24
R22_EKDN230028450-1A_HKTC2DSX7_L3.72;k__Bacteria;(UID203);5449;104;58;65;38;1;0;0;0;54.14;1.72;0.00
R21_EKDN230028449-1A_HKTC2DSX7_L3.5;k__Bacteria;(UID203);5449;104;58;65;24;13;2;0;0;54.14;25.86;36.84
V3_EKDN230028455-1A_HKTC2DSX7_L4.63;p__Bacteroidetes;(UID2605);350;316;210;172;139;5;0;0;0;54.08;2.14;20.00
V5_EKDN230028457-1A_HKTTNDSX7_L4.53;o__Actinomycetales;(UID1697);387;327;191;157;162;8;0;0;0;54.08;3.32;75.00
V10_EKDN230028462-1A_HKTTNDSX7_L4.59;p__Bacteroidetes;(UID2605);350;316;210;156;156;4;0;0;0;54.07;1.67;0.00
V4_EKDN230028456-1A_HKTTNDSX7_L4.142;k__Bacteria;(UID203);5449;102;56;65;24;12;1;0;0;54.06;23.21;40.00
V8_EKDN230028460-1A_HJH72DSX7_L2.82;o__Clostridiales;(UID1120);304;247;141;132;112;3;0;0;0;54.01;1.77;0.00
R4_EKDN230028432-1A_HKTC2DSX7_L3.19;c__Alphaproteobacteria;(UID3305);564;349;230;139;197;9;3;1;0;54.00;5.51;0.00
R10_EKDN230028438-1A_HKTC2DSX7_L3.85;o__Rhizobiales;(UID3642);107;485;316;218;244;22;1;0;0;53.99;4.10;16.00
V5_EKDN230028457-1A_HKTTNDSX7_L4.142;o__Actinomycetales;(UID1697);387;330;193;150;173;7;0;0;0;53.94;2.85;14.29
V2_EKDN230028454-1A_HKTTNDSX7_L4.73;k__Bacteria;(UID2569);434;278;186;140;122;16;0;0;0;53.85;6.99;75.00
R20_EKDN230028448-1A_HKTC2DSX7_L3.38;o__Burkholderiales;(UID4000);193;427;214;230;189;8;0;0;0;53.75;3.19;87.50
V1_EKDN230028453-1A_HKTTNDSX7_L4.54;k__Bacteria;(UID2569);434;278;186;142;120;16;0;0;0;53.69;5.75;50.00
R13_EKDN230028441-1A_HKTC2DSX7_L3.31;k__Bacteria;(UID203);5449;104;58;64;36;4;0;0;0;53.61;6.90;50.00
V2_EKDN230028454-1A_HKTTNDSX7_L4.136;k__Bacteria;(UID2569);434;278;186;145;103;27;3;0;0;53.55;13.80;80.56
R11_EKDN230028439-1A_HKTC2DSX7_L3.5;k__Bacteria;(UID1453);901;171;117;81;73;16;1;0;0;53.54;6.22;26.32
V7_EKDN230028459-1A_HKTTNDSX7_L4.56;k__Bacteria;(UID203);5449;104;58;68;32;3;1;0;0;53.45;7.76;83.33
V4_EKDN230028456-1A_HKTTNDSX7_L4.133;k__Bacteria;(UID203);5449;104;58;71;22;8;3;0;0;53.45;21.55;88.24
V2_EKDN230028454-1A_HKTTNDSX7_L4.170;k__Bacteria;(UID203);5449;104;58;65;36;3;0;0;0;53.45;5.17;66.67
V1_EKDN230028453-1A_HKTTNDSX7_L4.85;k__Bacteria;(UID2329);174;149;89;74;74;1;0;0;0;53.38;0.05;0.00
V6_EKDN230028458-1A_HKTTNDSX7_L4.65;k__Bacteria;(UID203);5449;104;58;55;33;13;3;0;0;53.28;12.38;63.64
V9_EKDN230028461-1A_HKTTNDSX7_L4.42;k__Bacteria;(UID203);5449;104;58;66;28;7;3;0;0;53.24;17.40;43.75
V3_EKDN230028455-1A_HKTC2DSX7_L4.24;f__Actinomycetaceae;(UID1531);42;420;211;194;220;5;1;0;0;53.15;1.62;37.50
R20_EKDN230028448-1A_HKTC2DSX7_L3.35;k__Bacteria;(UID3187);2258;188;117;97;67;21;3;0;0;53.01;17.40;13.33
R11_EKDN230028439-1A_HKTC2DSX7_L3.7;k__Bacteria;(UID203);5449;103;58;32;36;14;13;7;1;52.95;21.67;0.95
R4_EKDN230028432-1A_HKTC2DSX7_L3.59;k__Bacteria;(UID203);5449;104;58;69;22;12;1;0;0;52.93;23.28;60.00
R10_EKDN230028438-1A_HKTC2DSX7_L3.101;k__Bacteria;(UID2982);88;229;147;112;70;31;10;4;2;52.92;35.86;26.67
V3_EKDN230028455-1A_HKTC2DSX7_L4.84;k__Bacteria;(UID203);5449;104;58;65;36;3;0;0;0;52.92;4.31;33.33
R7_EKDN230028435-1A_HKTC2DSX7_L3.37;c__Gammaproteobacteria;(UID4274);112;580;289;264;278;36;1;1;0;52.91;5.77;26.67
R13_EKDN230028441-1A_HKTC2DSX7_L3.41;p__Bacteroidetes;(UID2591);364;303;203;144;125;30;4;0;0;52.91;11.80;16.67
R12_EKDN230028440-1A_HKTC2DSX7_L3.53;k__Bacteria;(UID203);5449;104;58;60;38;5;1;0;0;52.90;9.48;25.00
V1_EKDN230028453-1A_HKTTNDSX7_L4.33;k__Bacteria;(UID203);5449;104;58;66;30;8;0;0;0;52.87;11.21;87.50
R21_EKDN230028449-1A_HKTC2DSX7_L3.54;k__Bacteria;(UID203);5449;104;58;37;37;18;7;2;3;52.87;37.45;30.77
V7_EKDN230028459-1A_HKTTNDSX7_L4.58;o__Burkholderiales;(UID4000);193;427;214;225;184;18;0;0;0;52.83;6.25;0.00
R14_EKDN230028442-1A_HKTC2DSX7_L3.10;k__Bacteria;(UID203);5449;104;58;62;42;0;0;0;0;52.82;0.00;0.00
V7_EKDN230028459-1A_HKTTNDSX7_L4.1;k__Bacteria;(UID2565);2921;152;93;71;77;4;0;0;0;52.82;2.28;0.00
R2_EKDN230028430-1A_HKTC2DSX7_L3.44;k__Bacteria;(UID203);5449;104;58;57;28;12;6;0;1;52.81;30.63;35.00
R19_EKDN230028447-1A_HKTC2DSX7_L3.21;k__Bacteria;(UID2982);88;230;148;120;99;11;0;0;0;52.79;5.49;63.64
R12_EKDN230028440-1A_HKTC2DSX7_L3.10;k__Bacteria;(UID2569);434;278;186;124;151;3;0;0;0;52.74;0.59;33.33
R1_EKDN230028429-1A_HKTC2DSX7_L3.16;k__Bacteria;(UID2982);88;229;147;113;104;12;0;0;0;52.74;5.86;25.00
R19_EKDN230028447-1A_HKTC2DSX7_L3.50;k__Bacteria;(UID2569);434;278;186;132;144;2;0;0;0;52.67;0.65;0.00
R15_EKDN230028443-1A_HKTC2DSX7_L3.25;k__Bacteria;(UID203);5449;104;58;64;34;5;1;0;0;52.66;7.37;50.00
R11_EKDN230028439-1A_HKTC2DSX7_L3.39;p__Proteobacteria;(UID3214);2231;190;119;79;109;2;0;0;0;52.60;1.26;50.00
R3_EKDN230028431-1A_HKTC2DSX7_L3.54;o__Actinomycetales;(UID1593);69;400;198;186;199;15;0;0;0;52.59;1.75;33.33
R12_EKDN230028440-1A_HKTC2DSX7_L3.75;k__Bacteria;(UID203);5449;104;58;69;35;0;0;0;0;52.59;0.00;0.00
R20_EKDN230028448-1A_HKTC2DSX7_L3.20;k__Bacteria;(UID203);5449;104;58;65;24;5;8;2;0;52.51;42.24;2.44
V6_EKDN230028458-1A_HKTTNDSX7_L4.21;k__Bacteria;(UID203);5449;103;57;62;34;6;1;0;0;52.50;9.65;0.00
R17_EKDN230028445-1A_HKTC2DSX7_L3.15;o__Actinomycetales;(UID1593);69;400;198;188;173;36;3;0;0;52.48;12.70;46.67
V1_EKDN230028453-1A_HKTTNDSX7_L4.117;k__Bacteria;(UID209);5443;105;59;62;41;2;0;0;0;52.47;3.39;100.00
R6_EKDN230028434-1A_HKTC2DSX7_L3.42;k__Bacteria;(UID203);5449;104;58;62;19;9;8;3;3;52.30;74.64;71.13
V3_EKDN230028455-1A_HKTC2DSX7_L4.39;k__Bacteria;(UID1453);901;171;117;73;97;1;0;0;0;52.28;0.85;100.00
V12_EKDN230028464-1A_HKTTNDSX7_L4.61;k__Bacteria;(UID203);5449;103;57;69;25;8;1;0;0;52.23;15.79;63.64
R21_EKDN230028449-1A_HKTC2DSX7_L3.24;p__Bacteroidetes;(UID2591);364;302;203;162;110;30;0;0;0;52.19;9.77;30.00
V4_EKDN230028456-1A_HKTTNDSX7_L4.10;k__Bacteria;(UID203);5449;102;56;66;13;21;1;1;0;52.14;37.86;76.67
V6_EKDN230028458-1A_HKTTNDSX7_L4.63;k__Bacteria;(UID2569);434;278;186;149;121;8;0;0;0;52.14;3.14;12.50
R4_EKDN230028432-1A_HKTC2DSX7_L3.17;k__Bacteria;(UID1453);901;171;117;86;70;12;3;0;0;52.12;9.48;9.52
R8_EKDN230028436-1A_HKTC2DSX7_L3.41;c__Betaproteobacteria;(UID3959);235;419;211;205;159;41;13;1;0;52.07;14.74;43.02
R6_EKDN230028434-1A_HKTC2DSX7_L3.70;k__Bacteria;(UID203);5449;104;58;66;37;1;0;0;0;52.04;1.72;0.00
V7_EKDN230028459-1A_HKTTNDSX7_L4.54;o__Actinomycetales;(UID1663);488;310;185;138;146;19;7;0;0;51.91;6.31;7.50
V7_EKDN230028459-1A_HKTTNDSX7_L4.77;k__Bacteria;(UID203);5449;104;58;63;40;1;0;0;0;51.80;1.72;100.00
R13_EKDN230028441-1A_HKTC2DSX7_L3.54;k__Bacteria;(UID203);5449;104;58;69;32;3;0;0;0;51.72;5.17;66.67
R5_EKDN230028433-1A_HKTC2DSX7_L3.40;k__Bacteria;(UID203);5449;104;58;37;29;13;7;6;12;51.61;44.83;34.29
R16_EKDN230028444-1A_HKTC2DSX7_L3.42;k__Bacteria;(UID203);5449;104;58;67;35;2;0;0;0;51.49;3.45;100.00
V10_EKDN230028462-1A_HKTTNDSX7_L4.1;c__Deltaproteobacteria;(UID3216);83;247;155;132;115;0;0;0;0;51.45;0.00;0.00
R9_EKDN230028437-1A_HKTC2DSX7_L3.23;k__Bacteria;(UID203);5449;104;58;55;36;9;3;1;0;51.36;24.45;25.00
V2_EKDN230028454-1A_HKTTNDSX7_L4.104;c__Clostridia;(UID1118);387;223;124;89;131;3;0;0;0;51.26;1.69;66.67
R16_EKDN230028444-1A_HKTC2DSX7_L3.39;c__Alphaproteobacteria;(UID3305);564;349;230;173;159;14;3;0;0;51.25;6.19;13.04
R7_EKDN230028435-1A_HKTC2DSX7_L3.12;c__Betaproteobacteria;(UID3888);323;387;234;182;201;4;0;0;0;51.24;0.67;75.00
R17_EKDN230028445-1A_HKTC2DSX7_L3.31;k__Bacteria;(UID1453);901;171;117;71;90;9;1;0;0;51.23;3.60;0.00
R23_EKDN230028451-1A_HKTC2DSX7_L4.50;k__Bacteria;(UID203);5449;104;58;62;35;6;1;0;0;51.22;9.48;44.44
V1_EKDN230028453-1A_HKTTNDSX7_L4.38;k__Bacteria;(UID203);5449;103;58;65;29;9;0;0;0;51.21;10.63;77.78
V8_EKDN230028460-1A_HJH72DSX7_L2.60;k__Bacteria;(UID203);5449;104;58;68;36;0;0;0;0;51.03;0.00;0.00
V4_EKDN230028456-1A_HKTTNDSX7_L4.66;k__Bacteria;(UID203);5449;104;58;67;27;10;0;0;0;51.03;13.10;10.00
V2_EKDN230028454-1A_HKTTNDSX7_L4.116;k__Bacteria;(UID203);5449;104;58;71;31;2;0;0;0;51.02;3.45;50.00
R21_EKDN230028449-1A_HKTC2DSX7_L3.44;o__Rhizobiales;(UID3449);345;431;258;212;213;6;0;0;0;50.95;1.61;0.00
V12_EKDN230028464-1A_HKTTNDSX7_L4.27;c__Gammaproteobacteria;(UID4202);67;481;276;246;193;39;3;0;0;50.87;7.77;6.25
R4_EKDN230028432-1A_HKTC2DSX7_L3.58;k__Bacteria;(UID203);5449;104;58;70;33;1;0;0;0;50.86;1.72;0.00
R15_EKDN230028443-1A_HKTC2DSX7_L3.12;k__Bacteria;(UID203);5449;104;58;70;33;1;0;0;0;50.86;1.72;0.00
R16_EKDN230028444-1A_HKTC2DSX7_L3.87;p__Bacteroidetes;(UID2591);364;302;202;131;169;2;0;0;0;50.86;0.51;50.00
V1_EKDN230028453-1A_HKTTNDSX7_L4.31;o__Burkholderiales;(UID4000);193;427;214;207;212;8;0;0;0;50.83;3.12;25.00
R6_EKDN230028434-1A_HKTC2DSX7_L3.3;k__Bacteria;(UID203);5449;104;58;67;23;9;5;0;0;50.82;26.02;29.17
V7_EKDN230028459-1A_HKTTNDSX7_L4.21;k__Bacteria;(UID203);5449;104;58;59;35;10;0;0;0;50.80;5.82;30.00
V12_EKDN230028464-1A_HKTTNDSX7_L4.64;k__Bacteria;(UID203);5449;104;58;64;38;2;0;0;0;50.80;2.59;50.00
V8_EKDN230028460-1A_HJH72DSX7_L2.39;o__Rhizobiales;(UID3642);107;485;316;219;241;24;1;0;0;50.78;4.31;51.85
V1_EKDN230028453-1A_HKTTNDSX7_L4.37;o__Burkholderiales;(UID4105);54;553;264;293;256;4;0;0;0;50.72;0.95;50.00
R24_EKDN230028452-1A_HKTTNDSX7_L4.52;k__Bacteria;(UID203);5449;104;58;32;25;24;9;3;11;50.71;37.72;6.05
R21_EKDN230028449-1A_HKTC2DSX7_L3.41;k__Bacteria;(UID203);5449;104;58;54;24;18;5;2;1;50.65;38.53;85.45
R22_EKDN230028450-1A_HKTC2DSX7_L3.48;o__Actinomycetales;(UID1593);69;400;198;208;175;17;0;0;0;50.60;4.77;47.06
V3_EKDN230028455-1A_HKTC2DSX7_L4.60;k__Bacteria;(UID2569);434;278;186;150;121;7;0;0;0;50.50;3.01;42.86
V2_EKDN230028454-1A_HKTTNDSX7_L4.179;k__Bacteria;(UID203);5449;104;58;54;25;20;5;0;0;50.47;23.17;17.14
V1_EKDN230028453-1A_HKTTNDSX7_L4.91;o__Clostridiales;(UID1212);172;263;149;153;94;15;1;0;0;50.38;9.06;83.33
V8_EKDN230028460-1A_HHGM2DSX7_L1.1;o__Actinomycetales;(UID1697);387;330;193;150;179;1;0;0;0;50.27;0.05;0.00
R19_EKDN230028447-1A_HKTC2DSX7_L3.12;k__Bacteria;(UID203);5449;104;58;54;33;12;2;2;1;50.24;19.75;20.00
R20_EKDN230028448-1A_HKTC2DSX7_L3.14;k__Bacteria;(UID203);5449;104;58;68;34;2;0;0;0;50.16;3.45;50.00
R2_EKDN230028430-1A_HKTC2DSX7_L3.3;k__Bacteria;(UID203);5449;103;58;33;20;18;13;12;7;50.13;55.18;3.81
R1_EKDN230028429-1A_HKTC2DSX7_L3.17;k__Bacteria;(UID203);5449;104;58;61;34;7;2;0;0;50.09;17.82;38.46
V10_EKDN230028462-1A_HKTTNDSX7_L4.118;k__Bacteria;(UID203);5449;104;58;64;29;11;0;0;0;50.08;14.11;27.27
V6_EKDN230028458-1A_HKTTNDSX7_L4.94;k__Bacteria;(UID203);5449;104;58;49;51;4;0;0;0;50.00;2.19;0.00
V5_EKDN230028457-1A_HKTTNDSX7_L4.85;k__Bacteria;(UID203);5449;103;57;68;30;5;0;0;0;50.00;6.14;0.00
V2_EKDN230028454-1A_HKTTNDSX7_L4.93;k__Bacteria;(UID203);5449;103;57;71;31;1;0;0;0;50.00;1.75;0.00
V1_EKDN230028453-1A_HKTTNDSX7_L4.123;k__Bacteria;(UID203);5449;104;58;71;32;1;0;0;0;50.00;1.72;0.00
V6_EKDN230028458-1A_HKTTNDSX7_L4.7;p__Actinobacteria;(UID2112);31;211;124;113;90;8;0;0;0;49.95;3.76;0.00
V4_EKDN230028456-1A_HKTTNDSX7_L4.38;k__Bacteria;(UID1452);924;161;108;85;72;4;0;0;0;49.85;2.47;75.00
V10_EKDN230028462-1A_HKTTNDSX7_L4.74;k__Bacteria;(UID203);5449;103;57;67;36;0;0;0;0;49.76;0.00;0.00
V12_EKDN230028464-1A_HKTTNDSX7_L4.107;o__Burkholderiales;(UID4000);193;427;214;224;189;12;2;0;0;49.68;4.00;50.00
R1_EKDN230028429-1A_HKTC2DSX7_L3.59;c__Gammaproteobacteria;(UID4274);112;580;289;284;270;24;2;0;0;49.65;3.06;43.33
R7_EKDN230028435-1A_HKTC2DSX7_L3.10;k__Bacteria;(UID203);5449;104;58;66;38;0;0;0;0;49.62;0.00;0.00
V8_EKDN230028460-1A_HJH72DSX7_L2.53;k__Bacteria;(UID203);5449;104;58;65;34;5;0;0;0;49.47;4.14;40.00
V12_EKDN230028464-1A_HKTTNDSX7_L4.79;c__Deltaproteobacteria;(UID3216);83;247;155;115;129;3;0;0;0;49.43;1.00;33.33
V4_EKDN230028456-1A_HKTTNDSX7_L4.16;k__Bacteria;(UID203);5449;104;58;63;34;7;0;0;0;49.37;12.07;14.29
R4_EKDN230028432-1A_HKTC2DSX7_L3.30;k__Bacteria;(UID2982);88;229;147;132;97;0;0;0;0;49.33;0.00;0.00
V10_EKDN230028462-1A_HKTTNDSX7_L4.109;k__Bacteria;(UID203);5449;104;58;70;32;2;0;0;0;49.29;3.45;0.00
R11_EKDN230028439-1A_HKTC2DSX7_L3.45;o__Rhizobiales;(UID3654);92;481;319;252;199;29;1;0;0;49.26;6.89;59.38
R2_EKDN230028430-1A_HKTC2DSX7_L3.2;k__Bacteria;(UID2565);2921;140;85;70;51;17;2;0;0;49.24;16.29;39.13
R23_EKDN230028451-1A_HKTC2DSX7_L4.21;k__Bacteria;(UID1453);901;171;117;84;58;28;1;0;0;49.22;18.46;0.00
R13_EKDN230028441-1A_HKTC2DSX7_L3.21;o__Burkholderiales;(UID4000);193;426;214;225;191;10;0;0;0;49.14;1.80;40.00
R15_EKDN230028443-1A_HKTC2DSX7_L3.26;c__Deltaproteobacteria;(UID3216);83;247;155;132;111;4;0;0;0;49.12;2.26;0.00
V12_EKDN230028464-1A_HKTTNDSX7_L4.84;k__Bacteria;(UID203);5449;103;57;71;28;4;0;0;0;49.12;7.02;75.00
R14_EKDN230028442-1A_HKTC2DSX7_L3.17;o__Actinomycetales;(UID1593);69;400;198;216;160;24;0;0;0;49.01;7.21;58.33
R10_EKDN230028438-1A_HKTC2DSX7_L3.31;k__Bacteria;(UID1452);924;161;108;85;75;1;0;0;0;48.97;0.46;100.00
V4_EKDN230028456-1A_HKTTNDSX7_L4.19;o__Burkholderiales;(UID4002);107;574;251;300;269;4;1;0;0;48.96;1.72;28.57
V12_EKDN230028464-1A_HKTTNDSX7_L4.33;k__Bacteria;(UID2569);434;278;186;152;106;15;5;0;0;48.96;6.40;6.67
V9_EKDN230028461-1A_HKTTNDSX7_L4.12;k__Bacteria;(UID203);5449;104;58;69;34;1;0;0;0;48.93;1.72;0.00
V11_EKDN230028463-1A_HKTTNDSX7_L4.10;k__Bacteria;(UID203);5449;104;58;64;29;10;1;0;0;48.90;12.64;76.92
V11_EKDN230028463-1A_HKTTNDSX7_L4.108;k__Bacteria;(UID203);5449;103;57;65;38;0;0;0;0;48.88;0.00;0.00
V3_EKDN230028455-1A_HKTC2DSX7_L4.75;k__Bacteria;(UID1452);924;161;108;88;47;21;5;0;0;48.82;24.63;77.78
V3_EKDN230028455-1A_HKTC2DSX7_L4.89;k__Bacteria;(UID1452);924;151;101;81;69;1;0;0;0;48.76;0.99;0.00
R21_EKDN230028449-1A_HKTC2DSX7_L3.43;k__Bacteria;(UID203);5449;104;58;70;33;1;0;0;0;48.75;0.86;100.00
R1_EKDN230028429-1A_HKTC2DSX7_L3.70;k__Bacteria;(UID203);5449;104;58;70;19;11;4;0;0;48.75;29.31;21.74
R11_EKDN230028439-1A_HKTC2DSX7_L3.56;k__Bacteria;(UID203);5449;104;58;66;35;3;0;0;0;48.61;2.41;33.33
R13_EKDN230028441-1A_HKTC2DSX7_L3.53;k__Bacteria;(UID203);5449;104;58;70;34;0;0;0;0;48.59;0.00;0.00
V7_EKDN230028459-1A_HKTTNDSX7_L4.133;k__Bacteria;(UID203);5449;104;58;66;29;8;0;1;0;48.37;15.00;64.29
R12_EKDN230028440-1A_HKTC2DSX7_L3.2;k__Bacteria;(UID203);5449;104;58;66;25;10;3;0;0;48.35;23.28;36.84
V8_EKDN230028460-1A_HHGM2DSX7_L1.8;k__Bacteria;(UID203);5449;100;55;64;36;0;0;0;0;48.35;0.00;0.00
V7_EKDN230028459-1A_HKTTNDSX7_L4.22;k__Bacteria;(UID203);5449;104;58;73;31;0;0;0;0;48.28;0.00;0.00
V12_EKDN230028464-1A_HKTTNDSX7_L4.62;k__Bacteria;(UID203);5449;104;58;69;30;4;1;0;0;48.28;10.34;0.00
R4_EKDN230028432-1A_HKTC2DSX7_L3.65;k__Bacteria;(UID203);5449;104;58;73;14;7;3;4;3;48.28;63.79;72.50
R17_EKDN230028445-1A_HKTC2DSX7_L3.20;o__Burkholderiales;(UID4000);193;427;214;199;222;6;0;0;0;48.27;1.26;50.00
V6_EKDN230028458-1A_HKTTNDSX7_L4.39;k__Bacteria;(UID203);5449;101;57;70;20;10;1;0;0;48.25;20.18;15.38
V11_EKDN230028463-1A_HKTTNDSX7_L4.26;k__Bacteria;(UID203);5449;100;55;68;32;0;0;0;0;48.18;0.00;0.00
R7_EKDN230028435-1A_HKTC2DSX7_L3.33;k__Bacteria;(UID203);5449;104;58;71;21;11;1;0;0;48.15;19.83;21.43
R4_EKDN230028432-1A_HKTC2DSX7_L3.1;o__Actinomycetales;(UID1593);69;400;198;211;179;10;0;0;0;48.14;3.00;80.00
V1_EKDN230028453-1A_HKTTNDSX7_L4.28;k__Bacteria;(UID203);5449;104;58;68;36;0;0;0;0;48.04;0.00;0.00
V11_EKDN230028463-1A_HKTTNDSX7_L4.32;k__Bacteria;(UID203);5449;104;58;69;33;2;0;0;0;48.04;1.88;0.00
R17_EKDN230028445-1A_HKTC2DSX7_L3.28;o__Actinomycetales;(UID1590);562;286;170;156;124;6;0;0;0;47.95;1.86;16.67
V5_EKDN230028457-1A_HKTTNDSX7_L4.15;k__Bacteria;(UID203);5449;104;58;68;34;2;0;0;0;47.92;2.59;0.00
V11_EKDN230028463-1A_HKTTNDSX7_L4.94;p__Bacteroidetes;(UID2591);364;302;203;161;124;17;0;0;0;47.84;5.05;5.88
V3_EKDN230028455-1A_HKTC2DSX7_L4.42;k__Bacteria;(UID203);5449;104;58;69;35;0;0;0;0;47.73;0.00;0.00
V6_EKDN230028458-1A_HKTTNDSX7_L4.109;k__Bacteria;(UID2569);434;278;186;155;99;20;3;1;0;47.66;11.31;34.29
R12_EKDN230028440-1A_HKTC2DSX7_L3.59;k__Bacteria;(UID203);5449;104;58;66;32;2;1;3;0;47.57;16.38;4.35
R19_EKDN230028447-1A_HKTC2DSX7_L3.10;c__Alphaproteobacteria;(UID3305);564;349;230;192;155;2;0;0;0;47.48;0.87;100.00
V7_EKDN230028459-1A_HKTTNDSX7_L4.140;k__Bacteria;(UID203);5449;104;58;72;32;0;0;0;0;47.41;0.00;0.00
V6_EKDN230028458-1A_HKTTNDSX7_L4.70;k__Bacteria;(UID203);5449;104;58;71;21;11;1;0;0;47.41;19.83;78.57
V2_EKDN230028454-1A_HKTTNDSX7_L4.130;k__Bacteria;(UID203);5449;104;58;72;31;1;0;0;0;47.41;0.86;0.00
R23_EKDN230028451-1A_HKTC2DSX7_L4.4;k__Bacteria;(UID203);5449;104;58;72;30;2;0;0;0;47.41;3.45;100.00
R11_EKDN230028439-1A_HKTC2DSX7_L3.74;k__Bacteria;(UID203);5449;104;58;73;29;2;0;0;0;47.41;1.72;100.00
R10_EKDN230028438-1A_HKTC2DSX7_L3.52;k__Bacteria;(UID203);5449;104;58;74;27;3;0;0;0;47.41;4.31;33.33
R3_EKDN230028431-1A_HKTC2DSX7_L3.64;k__Bacteria;(UID2982);88;229;147;126;81;21;1;0;0;47.39;8.49;29.17
V2_EKDN230028454-1A_HKTTNDSX7_L4.1;k__Bacteria;(UID1453);901;171;117;80;88;3;0;0;0;47.27;2.56;66.67
V2_EKDN230028454-1A_HKTTNDSX7_L4.40;k__Bacteria;(UID1452);924;161;108;92;60;5;4;0;0;47.21;12.04;88.24
V12_EKDN230028464-1A_HKTTNDSX7_L4.70;c__Betaproteobacteria;(UID3888);323;387;234;191;176;20;0;0;0;47.18;1.90;45.00
V5_EKDN230028457-1A_HKTTNDSX7_L4.147;c__Clostridia;(UID1118);387;223;124;89;126;8;0;0;0;47.09;3.05;75.00
V4_EKDN230028456-1A_HKTTNDSX7_L4.44;k__Bacteria;(UID1452);924;160;109;94;65;1;0;0;0;46.98;0.92;0.00
V7_EKDN230028459-1A_HKTTNDSX7_L4.5;k__Bacteria;(UID203);5449;104;58;58;36;10;0;0;0;46.88;6.27;50.00
R17_EKDN230028445-1A_HKTC2DSX7_L3.27;k__Bacteria;(UID203);5449;104;58;66;37;1;0;0;0;46.88;0.86;0.00
R16_EKDN230028444-1A_HKTC2DSX7_L3.31;o__Burkholderiales;(UID4000);193;427;214;227;159;40;1;0;0;46.85;10.47;30.23
R5_EKDN230028433-1A_HKTC2DSX7_L3.39;k__Bacteria;(UID203);5449;103;57;46;34;10;13;0;0;46.79;10.37;12.24
R11_EKDN230028439-1A_HKTC2DSX7_L3.75;k__Bacteria;(UID203);5449;104;58;69;30;5;0;0;0;46.71;5.75;60.00
R10_EKDN230028438-1A_HKTC2DSX7_L3.11;k__Bacteria;(UID203);5449;104;58;68;36;0;0;0;0;46.71;0.00;0.00
V8_EKDN230028460-1A_HJH72DSX7_L2.9;k__Bacteria;(UID203);5449;104;58;65;32;7;0;0;0;46.66;7.37;57.14
V2_EKDN230028454-1A_HKTTNDSX7_L4.63;k__Bacteria;(UID203);5449;104;58;69;34;1;0;0;0;46.55;0.86;0.00
V1_EKDN230028453-1A_HKTTNDSX7_L4.101;k__Bacteria;(UID203);5449;104;58;73;31;0;0;0;0;46.55;0.00;0.00
V12_EKDN230028464-1A_HKTTNDSX7_L4.80;k__Bacteria;(UID203);5449;104;58;60;23;11;8;2;0;46.55;28.13;17.02
R1_EKDN230028429-1A_HKTC2DSX7_L3.76;k__Bacteria;(UID203);5449;104;58;74;22;7;1;0;0;46.55;15.52;20.00
R19_EKDN230028447-1A_HKTC2DSX7_L3.17;k__Bacteria;(UID203);5449;104;58;72;29;3;0;0;0;46.55;3.45;100.00
R16_EKDN230028444-1A_HKTC2DSX7_L3.18;k__Bacteria;(UID203);5449;104;58;66;38;0;0;0;0;46.47;0.00;0.00
R2_EKDN230028430-1A_HKTC2DSX7_L3.76;k__Bacteria;(UID1452);924;161;108;87;68;6;0;0;0;46.42;0.97;33.33
R10_EKDN230028438-1A_HKTC2DSX7_L3.7;p__Bacteroidetes;(UID2591);364;298;198;158;112;22;6;0;0;46.33;12.31;5.00
R4_EKDN230028432-1A_HKTC2DSX7_L3.64;k__Bacteria;(UID203);5449;104;58;68;28;5;3;0;0;46.32;18.97;50.00
R11_EKDN230028439-1A_HKTC2DSX7_L3.15;k__Bacteria;(UID203);5449;104;58;67;24;8;5;0;0;46.24;26.72;39.13
V11_EKDN230028463-1A_HKTTNDSX7_L4.110;k__Bacteria;(UID203);5449;104;58;67;37;0;0;0;0;46.20;0.00;0.00
R22_EKDN230028450-1A_HKTC2DSX7_L3.42;k__Bacteria;(UID2565);2921;144;89;68;72;4;0;0;0;46.20;1.89;50.00
R9_EKDN230028437-1A_HKTC2DSX7_L3.36;p__Actinobacteria;(UID1454);732;199;116;122;56;17;3;1;0;46.18;18.71;75.00
R16_EKDN230028444-1A_HKTC2DSX7_L3.20;k__Bacteria;(UID203);5449;104;58;46;35;16;6;1;0;46.05;14.58;2.50
R10_EKDN230028438-1A_HKTC2DSX7_L3.2;k__Bacteria;(UID203);5449;104;58;73;29;1;1;0;0;46.00;5.17;50.00
R21_EKDN230028449-1A_HKTC2DSX7_L3.25;k__Bacteria;(UID203);5449;104;58;63;26;9;6;0;0;45.94;22.76;11.11
V10_EKDN230028462-1A_HKTTNDSX7_L4.125;k__Bacteria;(UID2569);434;278;186;158;87;25;7;1;0;45.88;15.88;40.38
R6_EKDN230028434-1A_HKTC2DSX7_L3.61;root;(UID1);5656;56;24;13;0;0;5;30;8;45.83;135.86;24.00
R23_EKDN230028451-1A_HKTC2DSX7_L4.34;root;(UID1);5656;56;24;13;1;3;7;18;14;45.83;116.24;33.22
R22_EKDN230028450-1A_HKTC2DSX7_L3.63;root;(UID1);5656;56;24;13;1;6;34;2;0;45.83;81.59;50.00
R20_EKDN230028448-1A_HKTC2DSX7_L3.4;root;(UID1);5656;56;24;13;0;42;1;0;0;45.83;47.22;6.67
R17_EKDN230028445-1A_HKTC2DSX7_L3.12;root;(UID1);5656;56;24;13;1;40;2;0;0;45.83;44.44;39.13
R16_EKDN230028444-1A_HKTC2DSX7_L3.16;root;(UID1);5656;56;24;13;1;12;16;13;1;45.83;85.49;8.11
V1_EKDN230028453-1A_HKTTNDSX7_L4.105;k__Bacteria;(UID203);5449;103;57;69;34;0;0;0;0;45.77;0.00;0.00
V3_EKDN230028455-1A_HKTC2DSX7_L4.91;k__Bacteria;(UID2569);434;278;186;161;106;10;1;0;0;45.74;3.28;53.85
R18_EKDN230028446-1A_HKTC2DSX7_L3.35;c__Gammaproteobacteria;(UID4202);67;481;276;238;215;25;2;1;0;45.72;6.59;16.22
V3_EKDN230028455-1A_HKTC2DSX7_L4.115;k__Bacteria;(UID203);5449;104;58;74;28;2;0;0;0;45.69;3.45;100.00
V5_EKDN230028457-1A_HKTTNDSX7_L4.10;o__Actinomycetales;(UID1572);580;286;171;164;117;5;0;0;0;45.58;1.12;0.00
V8_EKDN230028460-1A_HJH72DSX7_L2.87;k__Bacteria;(UID203);5449;104;58;71;22;9;2;0;0;45.45;20.69;66.67
R15_EKDN230028443-1A_HKTC2DSX7_L3.42;k__Bacteria;(UID203);5449;104;58;70;32;2;0;0;0;45.45;3.45;0.00
R10_EKDN230028438-1A_HKTC2DSX7_L3.79;k__Bacteria;(UID203);5449;104;58;73;31;0;0;0;0;45.40;0.00;0.00
V7_EKDN230028459-1A_HKTTNDSX7_L4.72;k__Bacteria;(UID203);5449;101;57;65;30;6;0;0;0;45.34;8.93;0.00
V2_EKDN230028454-1A_HKTTNDSX7_L4.29;k__Bacteria;(UID203);5449;104;58;73;31;0;0;0;0;45.30;0.00;0.00
R6_EKDN230028434-1A_HKTC2DSX7_L3.63;o__Actinomycetales;(UID1593);69;400;198;211;175;14;0;0;0;45.24;2.96;71.43
V8_EKDN230028460-1A_HJH72DSX7_L2.35;p__Proteobacteria;(UID3887);1487;261;164;154;96;10;1;0;0;45.18;4.57;0.00
R20_EKDN230028448-1A_HKTC2DSX7_L3.41;k__Bacteria;(UID203);5449;104;58;71;32;1;0;0;0;45.17;0.86;100.00
V6_EKDN230028458-1A_HKTTNDSX7_L4.91;f__Xanthomonadaceae;(UID4214);55;659;290;361;282;16;0;0;0;45.17;2.44;6.25
V11_EKDN230028463-1A_HKTTNDSX7_L4.1;k__Bacteria;(UID203);5449;104;58;71;32;1;0;0;0;45.14;1.72;100.00
V10_EKDN230028462-1A_HKTTNDSX7_L4.31;k__Bacteria;(UID203);5449;104;58;68;36;0;0;0;0;45.14;0.00;0.00
V2_EKDN230028454-1A_HKTTNDSX7_L4.151;k__Bacteria;(UID1452);924;158;106;87;67;4;0;0;0;45.01;2.52;0.00
R18_EKDN230028446-1A_HKTC2DSX7_L3.23;p__Bacteroidetes;(UID2591);364;302;202;166;114;21;1;0;0;44.95;7.30;79.17
R11_EKDN230028439-1A_HKTC2DSX7_L3.52;o__Rhizobiales;(UID3450);238;513;244;293;190;26;4;0;0;44.90;5.77;13.16
R23_EKDN230028451-1A_HKTC2DSX7_L4.2;o__Burkholderiales;(UID4000);193;427;214;253;164;9;1;0;0;44.88;2.95;50.00
V7_EKDN230028459-1A_HKTTNDSX7_L4.85;k__Bacteria;(UID203);5449;104;58;73;31;0;0;0;0;44.83;0.00;0.00
V5_EKDN230028457-1A_HKTTNDSX7_L4.118;k__Bacteria;(UID203);5449;104;58;73;30;1;0;0;0;44.83;1.72;100.00
R22_EKDN230028450-1A_HKTC2DSX7_L3.22;k__Bacteria;(UID203);5449;104;58;75;29;0;0;0;0;44.83;0.00;0.00
R20_EKDN230028448-1A_HKTC2DSX7_L3.51;k__Bacteria;(UID203);5449;104;58;73;29;2;0;0;0;44.81;3.45;100.00
V12_EKDN230028464-1A_HKTTNDSX7_L4.48;k__Bacteria;(UID2329);174;149;89;76;60;10;3;0;0;44.79;7.64;5.26
R13_EKDN230028441-1A_HKTC2DSX7_L3.46;k__Bacteria;(UID203);5449;104;58;70;31;3;0;0;0;44.78;5.17;33.33
V4_EKDN230028456-1A_HKTTNDSX7_L4.50;k__Bacteria;(UID203);5449;104;58;69;32;3;0;0;0;44.76;2.41;0.00
V1_EKDN230028453-1A_HKTTNDSX7_L4.130;k__Bacteria;(UID203);5449;104;58;68;35;1;0;0;0;44.75;1.72;0.00
V9_EKDN230028461-1A_HKTTNDSX7_L4.43;k__Bacteria;(UID2569);434;278;186;157;120;1;0;0;0;44.66;0.54;0.00
R19_EKDN230028447-1A_HKTC2DSX7_L3.43;o__Rhizobiales;(UID3642);107;485;316;285;188;12;0;0;0;44.61;3.11;0.00
V11_EKDN230028463-1A_HKTTNDSX7_L4.3;k__Bacteria;(UID203);5449;104;58;73;25;6;0;0;0;44.59;5.64;33.33
V1_EKDN230028453-1A_HKTTNDSX7_L4.92;k__Bacteria;(UID203);5449;104;58;72;31;1;0;0;0;44.48;1.72;0.00
R3_EKDN230028431-1A_HKTC2DSX7_L3.39;o__Rhizobiales;(UID3447);356;413;248;222;183;8;0;0;0;44.41;1.85;12.50
V12_EKDN230028464-1A_HKTTNDSX7_L4.24;k__Bacteria;(UID203);5449;104;58;73;30;1;0;0;0;44.28;1.72;100.00
R7_EKDN230028435-1A_HKTC2DSX7_L3.8;o__Sphingomonadales;(UID3310);26;569;293;334;221;13;1;0;0;44.20;3.07;6.25
V1_EKDN230028453-1A_HKTTNDSX7_L4.3;c__Betaproteobacteria;(UID3971);223;424;211;241;174;9;0;0;0;44.17;1.89;66.67
R4_EKDN230028432-1A_HKTC2DSX7_L3.80;k__Bacteria;(UID203);5449;104;58;71;32;1;0;0;0;44.14;0.86;0.00
V7_EKDN230028459-1A_HKTTNDSX7_L4.132;k__Bacteria;(UID203);5449;104;58;76;28;0;0;0;0;43.97;0.00;0.00
R5_EKDN230028433-1A_HKTC2DSX7_L3.56;k__Bacteria;(UID203);5449;104;58;75;29;0;0;0;0;43.97;0.00;0.00
V4_EKDN230028456-1A_HKTTNDSX7_L4.18;k__Bacteria;(UID3060);138;338;246;186;141;10;1;0;0;43.96;2.07;92.31
R4_EKDN230028432-1A_HKTC2DSX7_L3.2;k__Bacteria;(UID203);5449;104;58;66;38;0;0;0;0;43.89;0.00;0.00
V3_EKDN230028455-1A_HKTC2DSX7_L4.59;k__Bacteria;(UID203);5449;103;57;73;26;4;0;0;0;43.86;6.14;25.00
V7_EKDN230028459-1A_HKTTNDSX7_L4.74;k__Bacteria;(UID2569);434;278;186;149;129;0;0;0;0;43.84;0.00;0.00
R18_EKDN230028446-1A_HKTC2DSX7_L3.28;k__Bacteria;(UID203);5449;104;58;70;29;5;0;0;0;43.78;5.52;0.00
V1_EKDN230028453-1A_HKTTNDSX7_L4.136;o__Clostridiales;(UID1120);304;249;142;153;93;3;0;0;0;43.77;1.17;0.00
R7_EKDN230028435-1A_HKTC2DSX7_L3.19;p__Proteobacteria;(UID3880);1495;261;164;150;89;19;3;0;0;43.69;10.51;46.43
R2_EKDN230028430-1A_HKTC2DSX7_L3.12;k__Bacteria;(UID2982);88;230;148;142;73;15;0;0;0;43.64;7.48;33.33
V2_EKDN230028454-1A_HKTTNDSX7_L4.84;k__Bacteria;(UID203);5449;104;58;50;31;11;8;4;0;43.57;8.36;3.39
V10_EKDN230028462-1A_HKTTNDSX7_L4.121;k__Bacteria;(UID203);5449;104;58;71;31;2;0;0;0;43.57;2.59;50.00
V2_EKDN230028454-1A_HKTTNDSX7_L4.90;o__Clostridiales;(UID1120);304;249;142;156;91;2;0;0;0;43.57;0.88;0.00
R24_EKDN230028452-1A_HKTTNDSX7_L4.28;p__Bacteroidetes;(UID2591);364;301;202;165;122;14;0;0;0;43.52;2.29;21.43
R4_EKDN230028432-1A_HKTC2DSX7_L3.67;f__Rhodobacteraceae;(UID3340);84;568;330;314;214;37;1;2;0;43.49;7.66;59.62
R4_EKDN230028432-1A_HKTC2DSX7_L3.27;k__Bacteria;(UID203);5449;104;58;73;31;0;0;0;0;43.28;0.00;0.00
R23_EKDN230028451-1A_HKTC2DSX7_L4.17;k__Bacteria;(UID203);5449;104;58;73;31;0;0;0;0;43.28;0.00;0.00
V9_EKDN230028461-1A_HKTTNDSX7_L4.141;k__Bacteria;(UID203);5449;104;58;75;26;3;0;0;0;43.26;5.17;100.00
R20_EKDN230028448-1A_HKTC2DSX7_L3.47;k__Bacteria;(UID203);5449;104;58;74;30;0;0;0;0;43.26;0.00;0.00
V2_EKDN230028454-1A_HKTTNDSX7_L4.17;c__Alphaproteobacteria;(UID3305);564;349;230;199;143;7;0;0;0;43.23;2.04;28.57
R17_EKDN230028445-1A_HKTC2DSX7_L3.3;k__Archaea;(UID2);207;149;107;73;48;19;4;2;3;43.16;14.98;4.76
V12_EKDN230028464-1A_HKTTNDSX7_L4.69;k__Bacteria;(UID203);5449;104;58;75;29;0;0;0;0;43.10;0.00;0.00
R6_EKDN230028434-1A_HKTC2DSX7_L3.19;k__Bacteria;(UID203);5449;104;58;71;25;8;0;0;0;43.10;9.48;37.50
R23_EKDN230028451-1A_HKTC2DSX7_L4.3;k__Bacteria;(UID203);5449;104;58;75;28;1;0;0;0;43.10;1.72;0.00
R16_EKDN230028444-1A_HKTC2DSX7_L3.67;k__Bacteria;(UID203);5449;104;58;76;28;0;0;0;0;43.10;0.00;0.00
R12_EKDN230028440-1A_HKTC2DSX7_L3.22;k__Bacteria;(UID203);5449;104;58;76;27;1;0;0;0;43.10;1.72;100.00
V4_EKDN230028456-1A_HKTTNDSX7_L4.76;o__Clostridiales;(UID1120);304;247;141;151;94;2;0;0;0;43.02;0.95;50.00
R5_EKDN230028433-1A_HKTC2DSX7_L3.17;k__Bacteria;(UID2982);88;229;147;142;85;2;0;0;0;42.91;0.82;100.00
R21_EKDN230028449-1A_HKTC2DSX7_L3.35;k__Bacteria;(UID203);5449;104;58;69;22;10;3;0;0;42.82;23.59;73.68
R13_EKDN230028441-1A_HKTC2DSX7_L3.47;k__Bacteria;(UID203);5449;103;57;72;30;1;0;0;0;42.78;0.88;0.00
V1_EKDN230028453-1A_HKTTNDSX7_L4.82;k__Bacteria;(UID203);5449;104;58;74;28;2;0;0;0;42.59;1.72;100.00
V5_EKDN230028457-1A_HKTTNDSX7_L4.112;k__Bacteria;(UID203);5449;104;58;74;30;0;0;0;0;42.57;0.00;0.00
R19_EKDN230028447-1A_HKTC2DSX7_L3.3;o__Rhizobiales;(UID3447);356;413;248;233;153;21;5;1;0;42.35;5.42;14.29
V12_EKDN230028464-1A_HKTTNDSX7_L4.94;k__Bacteria;(UID203);5449;104;58;46;46;12;0;0;0;42.32;3.45;16.67
R17_EKDN230028445-1A_HKTC2DSX7_L3.30;k__Bacteria;(UID203);5449;104;58;72;31;1;0;0;0;42.32;1.72;100.00
V4_EKDN230028456-1A_HKTTNDSX7_L4.41;k__Bacteria;(UID1452);924;161;108;99;53;9;0;0;0;42.31;6.94;11.11
R18_EKDN230028446-1A_HKTC2DSX7_L3.49;k__Bacteria;(UID1453);901;171;117;102;56;12;1;0;0;42.31;7.95;6.67
V2_EKDN230028454-1A_HKTTNDSX7_L4.132;k__Bacteria;(UID203);5449;104;58;76;24;4;0;0;0;42.24;4.31;75.00
V1_EKDN230028453-1A_HKTTNDSX7_L4.1;k__Bacteria;(UID203);5449;104;58;77;21;5;1;0;0;42.24;12.07;87.50
R2_EKDN230028430-1A_HKTC2DSX7_L3.61;k__Bacteria;(UID203);5449;104;58;75;29;0;0;0;0;42.24;0.00;0.00
R23_EKDN230028451-1A_HKTC2DSX7_L4.45;k__Bacteria;(UID203);5449;104;58;70;30;4;0;0;0;42.24;6.03;100.00
R15_EKDN230028443-1A_HKTC2DSX7_L3.16;k__Bacteria;(UID203);5449;104;58;70;30;4;0;0;0;42.24;4.14;50.00
R1_EKDN230028429-1A_HKTC2DSX7_L3.35;k__Bacteria;(UID2982);88;229;147;142;85;2;0;0;0;42.22;1.36;0.00
R3_EKDN230028431-1A_HKTC2DSX7_L3.57;k__Bacteria;(UID203);5449;103;57;73;30;0;0;0;0;42.09;0.00;0.00
R16_EKDN230028444-1A_HKTC2DSX7_L3.37;k__Bacteria;(UID2982);88;230;148;138;83;9;0;0;0;42.05;3.80;44.44
V4_EKDN230028456-1A_HKTTNDSX7_L4.87;c__Betaproteobacteria;(UID3888);323;387;234;237;115;32;2;1;0;41.99;13.42;34.09
R7_EKDN230028435-1A_HKTC2DSX7_L3.30;f__Rhodobacteraceae;(UID3340);84;568;330;333;218;16;1;0;0;41.96;3.33;31.58
V12_EKDN230028464-1A_HKTTNDSX7_L4.99;k__Bacteria;(UID203);5449;104;58;76;28;0;0;0;0;41.95;0.00;0.00
R11_EKDN230028439-1A_HKTC2DSX7_L3.50;o__Sphingomonadales;(UID3310);26;569;293;341;224;4;0;0;0;41.91;0.92;50.00
R24_EKDN230028452-1A_HKTTNDSX7_L4.19;k__Bacteria;(UID2982);88;230;148;139;85;6;0;0;0;41.90;2.42;50.00
R3_EKDN230028431-1A_HKTC2DSX7_L3.53;k__Bacteria;(UID203);5449;104;58;55;33;11;5;0;0;41.89;8.41;0.00
R16_EKDN230028444-1A_HKTC2DSX7_L3.17;k__Bacteria;(UID203);5449;104;58;75;29;0;0;0;0;41.88;0.00;0.00
R17_EKDN230028445-1A_HKTC2DSX7_L3.16;k__Bacteria;(UID2565);2921;144;89;84;57;3;0;0;0;41.73;2.81;33.33
R12_EKDN230028440-1A_HKTC2DSX7_L3.77;k__Bacteria;(UID203);5449;104;58;74;30;0;0;0;0;41.72;0.00;0.00
R10_EKDN230028438-1A_HKTC2DSX7_L3.64;s__algicola;(UID2846);47;571;303;329;238;4;0;0;0;41.70;0.41;0.00
R22_EKDN230028450-1A_HKTC2DSX7_L3.14;k__Bacteria;(UID203);5449;104;58;45;34;19;5;1;0;41.69;9.61;17.50
V10_EKDN230028462-1A_HKTTNDSX7_L4.21;o__Rhizobiales;(UID3642);107;485;316;282;165;34;4;0;0;41.69;8.51;17.39
R3_EKDN230028431-1A_HKTC2DSX7_L3.2;k__Bacteria;(UID1453);901;171;117;96;69;6;0;0;0;41.58;3.42;0.00
V5_EKDN230028457-1A_HKTTNDSX7_L4.52;k__Bacteria;(UID203);5449;104;58;75;28;1;0;0;0;41.54;0.86;0.00
V10_EKDN230028462-1A_HKTTNDSX7_L4.86;k__Bacteria;(UID203);5449;104;58;75;18;10;1;0;0;41.54;18.97;38.46
R23_EKDN230028451-1A_HKTC2DSX7_L4.54;k__Bacteria;(UID203);5449;104;58;73;31;0;0;0;0;41.54;0.00;0.00
R22_EKDN230028450-1A_HKTC2DSX7_L3.82;k__Bacteria;(UID203);5449;103;57;76;21;4;1;1;0;41.39;15.79;0.00
R13_EKDN230028441-1A_HKTC2DSX7_L3.20;f__Flavobacteriaceae;(UID2817);81;511;283;293;172;41;5;0;0;41.38;8.41;10.71
V9_EKDN230028461-1A_HKTTNDSX7_L4.91;k__Bacteria;(UID203);5449;104;58;75;26;3;0;0;0;41.38;3.45;100.00
V5_EKDN230028457-1A_HKTTNDSX7_L4.111;k__Bacteria;(UID203);5449;104;58;78;26;0;0;0;0;41.38;0.00;0.00
V1_EKDN230028453-1A_HKTTNDSX7_L4.69;k__Bacteria;(UID203);5449;104;58;80;23;1;0;0;0;41.38;1.72;100.00
R17_EKDN230028445-1A_HKTC2DSX7_L3.72;f__Xanthomonadaceae;(UID4214);55;659;290;377;274;8;0;0;0;41.16;1.27;0.00
V7_EKDN230028459-1A_HKTTNDSX7_L4.57;o__Sphingomonadales;(UID3310);26;569;293;347;220;2;0;0;0;41.11;0.23;0.00
R10_EKDN230028438-1A_HKTC2DSX7_L3.66;k__Bacteria;(UID203);5449;104;58;72;30;2;0;0;0;41.03;2.30;100.00
R2_EKDN230028430-1A_HKTC2DSX7_L3.42;k__Archaea;(UID2);207;149;107;76;34;26;4;7;2;41.00;35.17;44.00
R4_EKDN230028432-1A_HKTC2DSX7_L3.51;o__Burkholderiales;(UID4000);193;426;214;268;110;28;18;2;0;40.94;20.73;65.96
R6_EKDN230028434-1A_HKTC2DSX7_L3.27;k__Bacteria;(UID203);5449;104;58;77;24;0;2;1;0;40.86;7.76;8.33
V3_EKDN230028455-1A_HKTC2DSX7_L4.23;k__Bacteria;(UID203);5449;100;55;70;26;4;0;0;0;40.86;5.45;75.00
V7_EKDN230028459-1A_HKTTNDSX7_L4.124;o__Actinomycetales;(UID1590);562;286;170;165;115;6;0;0;0;40.79;2.55;0.00
V7_EKDN230028459-1A_HKTTNDSX7_L4.80;k__Bacteria;(UID203);5449;104;58;68;28;8;0;0;0;40.74;5.80;0.00
V8_EKDN230028460-1A_HJH72DSX7_L2.6;k__Bacteria;(UID203);5449;104;58;74;30;0;0;0;0;40.70;0.00;0.00
R10_EKDN230028438-1A_HKTC2DSX7_L3.24;k__Bacteria;(UID203);5449;104;58;73;24;7;0;0;0;40.69;8.45;85.71
R2_EKDN230028430-1A_HKTC2DSX7_L3.20;k__Bacteria;(UID203);5449;104;58;58;29;10;4;2;1;40.68;11.08;0.00
V5_EKDN230028457-1A_HKTTNDSX7_L4.12;k__Bacteria;(UID203);5449;104;58;73;28;3;0;0;0;40.52;2.59;100.00
R2_EKDN230028430-1A_HKTC2DSX7_L3.49;k__Bacteria;(UID203);5449;104;58;74;29;1;0;0;0;40.52;1.72;0.00
R19_EKDN230028447-1A_HKTC2DSX7_L3.8;k__Bacteria;(UID203);5449;103;57;75;28;0;0;0;0;40.51;0.00;0.00
R1_EKDN230028429-1A_HKTC2DSX7_L3.40;k__Bacteria;(UID203);5449;104;58;75;27;2;0;0;0;40.44;3.45;100.00
R11_EKDN230028439-1A_HKTC2DSX7_L3.29;k__Bacteria;(UID203);5449;104;58;69;35;0;0;0;0;40.44;0.00;0.00
V9_EKDN230028461-1A_HKTTNDSX7_L4.134;k__Bacteria;(UID203);5449;101;57;75;22;4;0;0;0;40.35;7.02;0.00
V9_EKDN230028461-1A_HKTTNDSX7_L4.49;k__Bacteria;(UID203);5449;104;58;73;30;1;0;0;0;40.28;1.72;100.00
R8_EKDN230028436-1A_HKTC2DSX7_L3.28;k__Bacteria;(UID1452);924;161;108;95;54;12;0;0;0;40.21;2.73;0.00
V10_EKDN230028462-1A_HKTTNDSX7_L4.3;k__Bacteria;(UID203);5449;104;58;73;31;0;0;0;0;40.14;0.00;0.00
R21_EKDN230028449-1A_HKTC2DSX7_L3.48;c__Alphaproteobacteria;(UID3422);26;529;308;323;181;20;4;1;0;40.14;6.54;10.53
R17_EKDN230028445-1A_HKTC2DSX7_L3.11;o__Cytophagales;(UID2937);44;474;330;289;182;3;0;0;0;40.11;0.91;0.00
R20_EKDN230028448-1A_HKTC2DSX7_L3.45;c__Deltaproteobacteria;(UID3216);83;247;155;153;88;5;1;0;0;40.03;3.25;0.00
R14_EKDN230028442-1A_HKTC2DSX7_L3.6;k__Bacteria;(UID203);5449;104;58;71;24;9;0;0;0;39.97;9.64;55.56
V9_EKDN230028461-1A_HKTTNDSX7_L4.15;k__Bacteria;(UID203);5449;104;58;72;24;8;0;0;0;39.92;11.36;37.50
R24_EKDN230028452-1A_HKTTNDSX7_L4.62;k__Bacteria;(UID203);5449;104;58;73;29;2;0;0;0;39.80;2.59;100.00
R7_EKDN230028435-1A_HKTC2DSX7_L3.28;k__Bacteria;(UID203);5449;104;58;80;23;1;0;0;0;39.66;1.72;0.00
R4_EKDN230028432-1A_HKTC2DSX7_L3.39;k__Bacteria;(UID203);5449;104;58;79;24;0;1;0;0;39.66;3.45;0.00
V2_EKDN230028454-1A_HKTTNDSX7_L4.105;k__Bacteria;(UID2495);2993;141;87;90;50;1;0;0;0;39.65;1.15;0.00
R22_EKDN230028450-1A_HKTC2DSX7_L3.58;p__Bacteroidetes;(UID2591);364;302;203;187;108;7;0;0;0;39.55;1.93;42.86
R17_EKDN230028445-1A_HKTC2DSX7_L3.7;p__Bacteroidetes;(UID2591);364;302;202;174;126;2;0;0;0;39.49;0.99;0.00
V9_EKDN230028461-1A_HKTTNDSX7_L4.98;p__Euryarchaeota;(UID49);95;228;153;139;81;8;0;0;0;39.49;4.58;37.50
V7_EKDN230028459-1A_HKTTNDSX7_L4.67;p__Proteobacteria;(UID3880);1495;261;164;160;84;17;0;0;0;39.47;5.87;23.53
V7_EKDN230028459-1A_HKTTNDSX7_L4.107;p__Bacteroidetes;(UID2591);364;303;203;190;111;2;0;0;0;39.44;0.52;50.00
R8_EKDN230028436-1A_HKTC2DSX7_L3.17;c__Betaproteobacteria;(UID3959);235;419;211;249;165;5;0;0;0;39.39;1.13;80.00
V12_EKDN230028464-1A_HKTTNDSX7_L4.75;o__Actinomycetales;(UID1802);274;388;214;241;140;6;1;0;0;39.14;0.78;0.00
R6_EKDN230028434-1A_HKTC2DSX7_L3.41;k__Bacteria;(UID203);5449;104;58;69;18;12;5;0;0;39.13;26.18;25.93
R21_EKDN230028449-1A_HKTC2DSX7_L3.34;k__Bacteria;(UID203);5449;104;58;74;29;1;0;0;0;39.12;1.72;100.00
R4_EKDN230028432-1A_HKTC2DSX7_L3.32;c__Betaproteobacteria;(UID3959);235;419;211;256;143;20;0;0;0;38.97;5.27;35.00
R22_EKDN230028450-1A_HKTC2DSX7_L3.32;k__Bacteria;(UID203);5449;104;58;73;27;4;0;0;0;38.95;4.14;25.00
R18_EKDN230028446-1A_HKTC2DSX7_L3.7;k__Bacteria;(UID203);5449;104;58;72;30;2;0;0;0;38.95;0.69;100.00
V1_EKDN230028453-1A_HKTTNDSX7_L4.11;k__Bacteria;(UID203);5449;104;58;71;31;2;0;0;0;38.89;3.45;100.00
R9_EKDN230028437-1A_HKTC2DSX7_L3.26;k__Bacteria;(UID203);5449;104;58;75;20;7;2;0;0;38.87;18.97;100.00
V9_EKDN230028461-1A_HKTTNDSX7_L4.122;k__Bacteria;(UID203);5449;104;58;79;24;1;0;0;0;38.79;1.72;100.00
V3_EKDN230028455-1A_HKTC2DSX7_L4.99;k__Bacteria;(UID203);5449;104;58;79;18;4;3;0;0;38.79;17.24;61.54
V10_EKDN230028462-1A_HKTTNDSX7_L4.66;k__Bacteria;(UID203);5449;104;58;80;24;0;0;0;0;38.79;0.00;0.00
R4_EKDN230028432-1A_HKTC2DSX7_L3.7;k__Bacteria;(UID203);5449;104;58;78;26;0;0;0;0;38.79;0.00;0.00
R14_EKDN230028442-1A_HKTC2DSX7_L3.24;k__Bacteria;(UID203);5449;104;58;78;23;3;0;0;0;38.79;5.17;33.33
R11_EKDN230028439-1A_HKTC2DSX7_L3.42;k__Bacteria;(UID203);5449;104;58;77;22;5;0;0;0;38.79;8.62;100.00
R10_EKDN230028438-1A_HKTC2DSX7_L3.44;o__Burkholderiales;(UID4000);193;427;214;248;136;37;6;0;0;38.74;10.32;5.45
V6_EKDN230028458-1A_HKTTNDSX7_L4.43;c__Deltaproteobacteria;(UID3216);83;247;155;150;95;2;0;0;0;38.71;0.81;0.00
V11_EKDN230028463-1A_HKTTNDSX7_L4.63;k__Bacteria;(UID203);5449;104;58;78;26;0;0;0;0;38.62;0.00;0.00
R6_EKDN230028434-1A_HKTC2DSX7_L3.69;k__Bacteria;(UID203);5449;103;58;76;27;0;0;0;0;38.62;0.00;0.00
V5_EKDN230028457-1A_HKTTNDSX7_L4.65;k__Bacteria;(UID203);5449;103;57;78;25;0;0;0;0;38.60;0.00;0.00
V3_EKDN230028455-1A_HKTC2DSX7_L4.77;k__Bacteria;(UID203);5449;103;57;76;27;0;0;0;0;38.60;0.00;0.00
V3_EKDN230028455-1A_HKTC2DSX7_L4.2;k__Bacteria;(UID203);5449;103;57;68;30;5;0;0;0;38.53;4.21;0.00
V1_EKDN230028453-1A_HKTTNDSX7_L4.61;k__Bacteria;(UID203);5449;104;58;68;28;4;4;0;0;38.48;12.93;37.50
V4_EKDN230028456-1A_HKTTNDSX7_L4.59;k__Bacteria;(UID203);5449;104;58;55;27;15;7;0;0;38.42;9.95;0.00
R7_EKDN230028435-1A_HKTC2DSX7_L3.34;k__Bacteria;(UID203);5449;104;58;74;28;1;1;0;0;38.40;4.31;100.00
R5_EKDN230028433-1A_HKTC2DSX7_L3.27;k__Bacteria;(UID203);5449;104;58;75;27;0;2;0;0;38.40;5.17;100.00
R24_EKDN230028452-1A_HKTTNDSX7_L4.64;k__Bacteria;(UID203);5449;104;58;77;27;0;0;0;0;38.40;0.00;0.00
R3_EKDN230028431-1A_HKTC2DSX7_L3.52;c__Gammaproteobacteria;(UID4274);112;580;289;344;223;13;0;0;0;38.37;2.16;53.85
R5_EKDN230028433-1A_HKTC2DSX7_L3.20;k__Bacteria;(UID203);5449;104;58;79;24;1;0;0;0;38.28;1.72;0.00
R22_EKDN230028450-1A_HKTC2DSX7_L3.43;f__Rhodobacteraceae;(UID3340);84;568;330;349;213;6;0;0;0;38.23;1.05;100.00
R24_EKDN230028452-1A_HKTTNDSX7_L4.25;f__Rhodobacteraceae;(UID3340);84;568;330;350;206;12;0;0;0;38.16;2.55;41.67
V6_EKDN230028458-1A_HKTTNDSX7_L4.14;k__Bacteria;(UID203);5449;104;58;76;27;1;0;0;0;38.09;1.72;0.00
V2_EKDN230028454-1A_HKTTNDSX7_L4.76;k__Bacteria;(UID203);5449;104;58;78;26;0;0;0;0;38.09;0.00;0.00
R17_EKDN230028445-1A_HKTC2DSX7_L3.8;p__Bacteroidetes;(UID2591);364;298;198;189;100;9;0;0;0;38.03;4.04;22.22
R12_EKDN230028440-1A_HKTC2DSX7_L3.36;o__Rhizobiales;(UID3447);356;413;248;254;159;0;0;0;0;37.94;0.00;0.00
V4_EKDN230028456-1A_HKTTNDSX7_L4.83;k__Bacteria;(UID203);5449;104;58;75;24;5;0;0;0;37.93;6.03;20.00
V4_EKDN230028456-1A_HKTTNDSX7_L4.3;k__Bacteria;(UID203);5449;104;58;76;28;0;0;0;0;37.93;0.00;0.00
V10_EKDN230028462-1A_HKTTNDSX7_L4.28;k__Bacteria;(UID203);5449;104;58;78;26;0;0;0;0;37.93;0.00;0.00
R5_EKDN230028433-1A_HKTC2DSX7_L3.50;k__Bacteria;(UID203);5449;104;58;77;27;0;0;0;0;37.93;0.00;0.00
R15_EKDN230028443-1A_HKTC2DSX7_L3.66;k__Bacteria;(UID203);5449;104;58;79;24;1;0;0;0;37.93;1.72;100.00
R15_EKDN230028443-1A_HKTC2DSX7_L3.36;k__Bacteria;(UID203);5449;104;58;75;24;5;0;0;0;37.93;8.62;40.00
V6_EKDN230028458-1A_HKTTNDSX7_L4.98;g__Bradyrhizobium;(UID3699);37;824;336;471;306;40;7;0;0;37.92;6.23;3.28
R12_EKDN230028440-1A_HKTC2DSX7_L3.38;p__Actinobacteria;(UID1454);732;199;116;131;59;7;2;0;0;37.92;8.28;30.77
R10_EKDN230028438-1A_HKTC2DSX7_L3.89;k__Bacteria;(UID203);5449;104;58;70;34;0;0;0;0;37.85;0.00;0.00
R17_EKDN230028445-1A_HKTC2DSX7_L3.58;k__Bacteria;(UID203);5449;103;57;71;32;0;0;0;0;37.85;0.00;0.00
V6_EKDN230028458-1A_HKTTNDSX7_L4.75;k__Bacteria;(UID203);5449;103;57;76;27;0;0;0;0;37.72;0.00;0.00
V1_EKDN230028453-1A_HKTTNDSX7_L4.84;k__Bacteria;(UID203);5449;104;58;77;26;1;0;0;0;37.67;1.72;100.00
R14_EKDN230028442-1A_HKTC2DSX7_L3.9;o__Burkholderiales;(UID4000);193;427;214;259;141;21;5;1;0;37.62;9.23;64.29
V5_EKDN230028457-1A_HKTTNDSX7_L4.16;p__Actinobacteria;(UID1454);732;205;119;129;73;3;0;0;0;37.49;1.26;0.00
R20_EKDN230028448-1A_HKTC2DSX7_L3.26;f__Rhodobacteraceae;(UID3340);84;568;330;354;206;8;0;0;0;37.49;1.41;37.50
V2_EKDN230028454-1A_HKTTNDSX7_L4.34;o__Clostridiales;(UID1212);172;257;149;132;123;2;0;0;0;37.45;0.67;0.00
R8_EKDN230028436-1A_HKTC2DSX7_L3.12;k__Bacteria;(UID203);5449;104;58;76;25;3;0;0;0;37.41;3.45;66.67
V1_EKDN230028453-1A_HKTTNDSX7_L4.114;k__Bacteria;(UID203);5449;104;58;78;26;0;0;0;0;37.38;0.00;0.00
R7_EKDN230028435-1A_HKTC2DSX7_L3.23;k__Bacteria;(UID203);5449;104;58;70;26;7;1;0;0;37.38;8.70;30.00
R10_EKDN230028438-1A_HKTC2DSX7_L3.20;k__Bacteria;(UID203);5449;104;58;69;25;8;2;0;0;37.30;11.50;57.14
V4_EKDN230028456-1A_HKTTNDSX7_L4.130;c__Alphaproteobacteria;(UID3305);564;348;229;222;117;9;0;0;0;37.30;2.58;22.22
R6_EKDN230028434-1A_HKTC2DSX7_L3.31;k__Bacteria;(UID1453);901;171;117;107;57;7;0;0;0;37.27;3.41;0.00
R8_EKDN230028436-1A_HKTC2DSX7_L3.5;k__Bacteria;(UID203);5449;104;58;69;24;11;0;0;0;37.23;9.09;36.36
R14_EKDN230028442-1A_HKTC2DSX7_L3.1;k__Bacteria;(UID203);5449;104;58;78;26;0;0;0;0;37.23;0.00;0.00
R5_EKDN230028433-1A_HKTC2DSX7_L3.60;c__Betaproteobacteria;(UID3971);223;425;211;271;153;1;0;0;0;37.20;0.47;0.00
V10_EKDN230028462-1A_HKTTNDSX7_L4.68;k__Bacteria;(UID203);5449;104;58;79;25;0;0;0;0;37.07;0.00;0.00
R6_EKDN230028434-1A_HKTC2DSX7_L3.1;k__Bacteria;(UID203);5449;104;58;80;24;0;0;0;0;37.07;0.00;0.00
R17_EKDN230028445-1A_HKTC2DSX7_L3.54;k__Bacteria;(UID203);5449;104;58;81;21;1;1;0;0;37.07;5.17;25.00
R7_EKDN230028435-1A_HKTC2DSX7_L3.21;k__Bacteria;(UID203);5449;104;58;78;24;2;0;0;0;36.99;3.45;0.00
R19_EKDN230028447-1A_HKTC2DSX7_L3.16;k__Bacteria;(UID2982);88;229;147;151;76;2;0;0;0;36.97;1.36;0.00
R5_EKDN230028433-1A_HKTC2DSX7_L3.16;p__Bacteroidetes;(UID2591);364;298;198;198;94;6;0;0;0;36.94;2.65;16.67
R16_EKDN230028444-1A_HKTC2DSX7_L3.15;k__Bacteria;(UID2495);2993;143;89;92;51;0;0;0;0;36.94;0.00;0.00
R11_EKDN230028439-1A_HKTC2DSX7_L3.16;k__Bacteria;(UID203);5449;104;58;70;25;9;0;0;0;36.77;13.79;66.67
V11_EKDN230028463-1A_HKTTNDSX7_L4.66;o__Rhizobiales;(UID3642);107;485;316;294;162;26;3;0;0;36.75;4.81;20.00
R20_EKDN230028448-1A_HKTC2DSX7_L3.49;k__Bacteria;(UID203);5449;104;58;73;26;5;0;0;0;36.65;5.86;80.00
R2_EKDN230028430-1A_HKTC2DSX7_L3.58;k__Bacteria;(UID203);5449;104;58;77;26;1;0;0;0;36.55;1.72;0.00
V2_EKDN230028454-1A_HKTTNDSX7_L4.82;k__Bacteria;(UID203);5449;103;57;63;39;1;0;0;0;36.55;1.75;100.00
V3_EKDN230028455-1A_HKTC2DSX7_L4.47;k__Bacteria;(UID203);5449;104;58;80;23;1;0;0;0;36.52;1.72;100.00
V2_EKDN230028454-1A_HKTTNDSX7_L4.85;k__Bacteria;(UID203);5449;104;58;73;31;0;0;0;0;36.52;0.00;0.00
R10_EKDN230028438-1A_HKTC2DSX7_L3.51;k__Bacteria;(UID203);5449;104;58;78;25;1;0;0;0;36.52;1.72;100.00
V11_EKDN230028463-1A_HKTTNDSX7_L4.36;k__Bacteria;(UID203);5449;103;57;75;23;4;1;0;0;36.44;9.65;14.29
R19_EKDN230028447-1A_HKTC2DSX7_L3.42;k__Bacteria;(UID203);5449;104;58;73;21;10;0;0;0;36.44;10.97;60.00
R17_EKDN230028445-1A_HKTC2DSX7_L3.57;k__Bacteria;(UID203);5449;104;58;76;26;2;0;0;0;36.36;1.44;0.00
R15_EKDN230028443-1A_HKTC2DSX7_L3.18;k__Bacteria;(UID203);5449;104;58;79;24;1;0;0;0;36.36;1.72;100.00
V3_EKDN230028455-1A_HKTC2DSX7_L4.58;k__Bacteria;(UID203);5449;103;57;80;22;1;0;0;0;36.32;1.75;100.00
R5_EKDN230028433-1A_HKTC2DSX7_L3.22;k__Bacteria;(UID203);5449;104;58;81;23;0;0;0;0;36.21;0.00;0.00
R2_EKDN230028430-1A_HKTC2DSX7_L3.47;k__Bacteria;(UID203);5449;104;58;82;17;5;0;0;0;36.21;8.62;80.00
R22_EKDN230028450-1A_HKTC2DSX7_L3.59;k__Bacteria;(UID2982);88;230;148;148;71;10;1;0;0;36.20;4.55;0.00
V7_EKDN230028459-1A_HKTTNDSX7_L4.52;k__Bacteria;(UID203);5449;104;58;75;28;1;0;0;0;36.13;1.72;0.00
R5_EKDN230028433-1A_HKTC2DSX7_L3.53;k__Bacteria;(UID203);5449;104;58;74;30;0;0;0;0;36.13;0.00;0.00
R21_EKDN230028449-1A_HKTC2DSX7_L3.31;k__Bacteria;(UID203);5449;104;58;75;28;1;0;0;0;36.11;1.72;0.00
V11_EKDN230028463-1A_HKTTNDSX7_L4.51;o__Burkholderiales;(UID4000);193;427;214;252;164;11;0;0;0;36.11;1.02;45.45
V2_EKDN230028454-1A_HKTTNDSX7_L4.169;k__Bacteria;(UID1452);924;151;101;93;57;1;0;0;0;36.11;0.11;100.00
V7_EKDN230028459-1A_HKTTNDSX7_L4.108;k__Bacteria;(UID203);5449;104;58;81;22;1;0;0;0;36.03;1.72;0.00
R20_EKDN230028448-1A_HKTC2DSX7_L3.43;k__Bacteria;(UID203);5449;104;58;76;21;4;3;0;0;36.02;11.72;69.23
V5_EKDN230028457-1A_HKTTNDSX7_L4.39;p__Bacteroidetes;(UID2591);364;298;198;190;100;6;1;1;0;35.99;4.70;33.33
R5_EKDN230028433-1A_HKTC2DSX7_L3.59;k__Bacteria;(UID1453);901;171;117;109;62;0;0;0;0;35.95;0.00;0.00
V3_EKDN230028455-1A_HKTC2DSX7_L4.66;k__Bacteria;(UID203);5449;104;58;78;25;1;0;0;0;35.82;1.72;0.00
R1_EKDN230028429-1A_HKTC2DSX7_L3.58;k__Archaea;(UID2);207;149;107;89;47;9;4;0;0;35.77;5.95;0.00
R4_EKDN230028432-1A_HKTC2DSX7_L3.28;c__Betaproteobacteria;(UID3971);223;425;211;282;119;20;2;2;0;35.73;7.66;7.89
V11_EKDN230028463-1A_HKTTNDSX7_L4.92;k__Bacteria;(UID203);5449;104;58;78;26;0;0;0;0;35.69;0.00;0.00
V10_EKDN230028462-1A_HKTTNDSX7_L4.45;c__Betaproteobacteria;(UID3888);323;387;234;258;129;0;0;0;0;35.61;0.00;0.00
V8_EKDN230028460-1A_HJH72DSX7_L2.42;k__Bacteria;(UID203);5449;104;58;74;29;1;0;0;0;35.61;1.72;0.00
R9_EKDN230028437-1A_HKTC2DSX7_L3.48;k__Bacteria;(UID203);5449;104;58;76;27;1;0;0;0;35.61;1.72;0.00
V5_EKDN230028457-1A_HKTTNDSX7_L4.6;k__Bacteria;(UID203);5449;104;58;76;28;0;0;0;0;35.52;0.00;0.00
V11_EKDN230028463-1A_HKTTNDSX7_L4.2;k__Bacteria;(UID203);5449;104;58;80;17;7;0;0;0;35.52;12.07;100.00
R11_EKDN230028439-1A_HKTC2DSX7_L3.63;k__Bacteria;(UID203);5449;104;58;80;21;2;0;1;0;35.50;8.62;12.50
V9_EKDN230028461-1A_HKTTNDSX7_L4.34;k__Bacteria;(UID3060);138;335;244;208;126;1;0;0;0;35.46;0.41;0.00
V5_EKDN230028457-1A_HKTTNDSX7_L4.141;k__Bacteria;(UID203);5449;100;55;76;24;0;0;0;0;35.45;0.00;0.00
V9_EKDN230028461-1A_HKTTNDSX7_L4.132;k__Bacteria;(UID203);5449;104;58;76;26;2;0;0;0;35.42;1.88;50.00
V5_EKDN230028457-1A_HKTTNDSX7_L4.102;c__Deltaproteobacteria;(UID3216);83;247;155;144;100;3;0;0;0;35.39;1.61;33.33
V9_EKDN230028461-1A_HKTTNDSX7_L4.136;k__Bacteria;(UID1453);901;171;117;100;59;11;1;0;0;35.37;3.76;50.00
R4_EKDN230028432-1A_HKTC2DSX7_L3.49;k__Bacteria;(UID203);5449;104;58;75;29;0;0;0;0;35.34;0.00;0.00
V6_EKDN230028458-1A_HKTTNDSX7_L4.66;o__Burkholderiales;(UID4000);193;427;214;277;140;10;0;0;0;35.34;1.70;10.00
R12_EKDN230028440-1A_HKTC2DSX7_L3.24;p__Proteobacteria;(UID3214);2231;190;119;94;96;0;0;0;0;35.24;0.00;0.00
V2_EKDN230028454-1A_HKTTNDSX7_L4.22;k__Bacteria;(UID203);5449;104;58;77;27;0;0;0;0;35.11;0.00;0.00
V5_EKDN230028457-1A_HKTTNDSX7_L4.101;k__Bacteria;(UID203);5449;103;57;78;25;0;0;0;0;35.09;0.00;0.00
V8_EKDN230028460-1A_HJH72DSX7_L2.67;k__Bacteria;(UID203);5449;103;58;74;29;0;0;0;0;35.06;0.00;0.00
R1_EKDN230028429-1A_HKTC2DSX7_L3.30;k__Bacteria;(UID203);5449;104;58;79;25;0;0;0;0;34.95;0.00;0.00
R2_EKDN230028430-1A_HKTC2DSX7_L3.60;k__Bacteria;(UID2982);88;229;147;148;78;3;0;0;0;34.92;2.04;33.33
V6_EKDN230028458-1A_HKTTNDSX7_L4.47;k__Bacteria;(UID203);5449;104;58;78;22;4;0;0;0;34.80;5.17;0.00
V4_EKDN230028456-1A_HKTTNDSX7_L4.56;k__Bacteria;(UID1453);901;171;117;100;65;6;0;0;0;34.79;0.82;0.00
V7_EKDN230028459-1A_HKTTNDSX7_L4.106;k__Bacteria;(UID203);5449;104;58;69;28;6;1;0;0;34.66;2.82;11.11
V2_EKDN230028454-1A_HKTTNDSX7_L4.172;k__Bacteria;(UID203);5449;104;58;80;23;1;0;0;0;34.66;1.72;100.00
V11_EKDN230028463-1A_HKTTNDSX7_L4.97;k__Bacteria;(UID203);5449;104;58;82;14;6;2;0;0;34.64;15.67;41.67
R18_EKDN230028446-1A_HKTC2DSX7_L3.63;k__Bacteria;(UID2982);88;230;148;162;59;9;0;0;0;34.55;5.41;77.78
R6_EKDN230028434-1A_HKTC2DSX7_L3.79;k__Bacteria;(UID203);5449;104;58;45;21;14;11;7;6;34.53;30.60;14.94
V8_EKDN230028460-1A_HJH72DSX7_L2.57;k__Bacteria;(UID203);5449;104;58;82;22;0;0;0;0;34.48;0.00;0.00
V4_EKDN230028456-1A_HKTTNDSX7_L4.51;k__Bacteria;(UID203);5449;104;58;82;21;1;0;0;0;34.48;1.72;100.00
V3_EKDN230028455-1A_HKTC2DSX7_L4.82;k__Bacteria;(UID203);5449;104;58;82;19;2;1;0;0;34.48;6.90;20.00
V2_EKDN230028454-1A_HKTTNDSX7_L4.79;k__Bacteria;(UID203);5449;104;58;83;21;0;0;0;0;34.48;0.00;0.00
V2_EKDN230028454-1A_HKTTNDSX7_L4.150;k__Bacteria;(UID203);5449;104;58;83;20;1;0;0;0;34.48;1.72;0.00
R20_EKDN230028448-1A_HKTC2DSX7_L3.46;k__Bacteria;(UID203);5449;104;58;81;22;1;0;0;0;34.48;1.72;0.00
R19_EKDN230028447-1A_HKTC2DSX7_L3.39;k__Bacteria;(UID203);5449;104;58;81;23;0;0;0;0;34.48;0.00;0.00
R13_EKDN230028441-1A_HKTC2DSX7_L3.14;k__Bacteria;(UID203);5449;104;58;82;21;1;0;0;0;34.48;1.72;0.00
R11_EKDN230028439-1A_HKTC2DSX7_L3.66;k__Bacteria;(UID203);5449;104;58;81;22;1;0;0;0;34.48;1.72;100.00
V2_EKDN230028454-1A_HKTTNDSX7_L4.127;k__Bacteria;(UID203);5449;104;58;78;26;0;0;0;0;33.93;0.00;0.00
R16_EKDN230028444-1A_HKTC2DSX7_L3.8;k__Bacteria;(UID203);5449;104;58;79;21;4;0;0;0;33.93;6.03;75.00
R20_EKDN230028448-1A_HKTC2DSX7_L3.34;k__Bacteria;(UID203);5449;104;58;70;29;5;0;0;0;33.84;2.54;20.00
R17_EKDN230028445-1A_HKTC2DSX7_L3.73;k__Bacteria;(UID203);5449;104;58;78;22;3;1;0;0;33.79;4.31;0.00
R17_EKDN230028445-1A_HKTC2DSX7_L3.56;k__Bacteria;(UID203);5449;104;58;81;22;1;0;0;0;33.78;1.72;100.00
R11_EKDN230028439-1A_HKTC2DSX7_L3.48;k__Bacteria;(UID203);5449;104;58;77;24;3;0;0;0;33.73;3.45;0.00
R4_EKDN230028432-1A_HKTC2DSX7_L3.8;k__Bacteria;(UID203);5449;104;58;74;27;3;0;0;0;33.69;3.61;33.33
V2_EKDN230028454-1A_HKTTNDSX7_L4.26;k__Bacteria;(UID203);5449;100;55;78;20;2;0;0;0;33.64;3.64;0.00
V9_EKDN230028461-1A_HKTTNDSX7_L4.65;k__Bacteria;(UID203);5449;104;58;80;20;4;0;0;0;33.62;6.90;75.00
V7_EKDN230028459-1A_HKTTNDSX7_L4.17;k__Bacteria;(UID203);5449;104;58;81;23;0;0;0;0;33.62;0.00;0.00
V3_EKDN230028455-1A_HKTC2DSX7_L4.43;k__Bacteria;(UID203);5449;104;58;76;28;0;0;0;0;33.59;0.00;0.00
R8_EKDN230028436-1A_HKTC2DSX7_L3.18;k__Bacteria;(UID2565);2921;152;93;91;61;0;0;0;0;33.57;0.00;0.00
V4_EKDN230028456-1A_HKTTNDSX7_L4.95;k__Bacteria;(UID203);5449;104;58;58;32;12;2;0;0;33.54;3.59;38.89
R2_EKDN230028430-1A_HKTC2DSX7_L3.34;k__Bacteria;(UID203);5449;104;58;63;25;13;3;0;0;33.54;5.85;9.09
R22_EKDN230028450-1A_HKTC2DSX7_L3.17;k__Bacteria;(UID203);5449;104;58;77;27;0;0;0;0;33.54;0.00;0.00
R2_EKDN230028430-1A_HKTC2DSX7_L3.52;k__Bacteria;(UID2982);88;230;148;151;71;7;1;0;0;33.50;2.52;20.00
V11_EKDN230028463-1A_HKTTNDSX7_L4.70;c__Deltaproteobacteria;(UID3216);83;247;155;164;83;0;0;0;0;33.46;0.00;0.00
V12_EKDN230028464-1A_HKTTNDSX7_L4.85;f__Xanthomonadaceae;(UID4214);55;659;290;437;212;9;1;0;0;33.43;1.65;8.33
V7_EKDN230028459-1A_HKTTNDSX7_L4.79;k__Bacteria;(UID203);5449;104;58;76;28;0;0;0;0;33.40;0.00;0.00
V9_EKDN230028461-1A_HKTTNDSX7_L4.8;k__Bacteria;(UID203);5449;104;58;72;32;0;0;0;0;33.39;0.00;0.00
R3_EKDN230028431-1A_HKTC2DSX7_L3.32;k__Bacteria;(UID203);5449;104;58;73;30;1;0;0;0;33.39;1.72;0.00
R2_EKDN230028430-1A_HKTC2DSX7_L3.45;k__Bacteria;(UID1453);901;171;117;107;57;7;0;0;0;33.35;0.97;0.00
V6_EKDN230028458-1A_HKTTNDSX7_L4.40;f__Xanthomonadaceae;(UID4214);55;659;290;451;202;6;0;0;0;33.29;1.36;33.33
V6_EKDN230028458-1A_HKTTNDSX7_L4.67;k__Bacteria;(UID203);5449;103;57;77;23;1;2;0;0;33.29;0.80;28.57
R8_EKDN230028436-1A_HKTC2DSX7_L3.29;k__Bacteria;(UID2495);2993;143;89;77;65;1;0;0;0;33.27;0.10;0.00
R20_EKDN230028448-1A_HKTC2DSX7_L3.53;k__Bacteria;(UID203);5449;104;58;68;29;7;0;0;0;33.12;3.37;85.71
R3_EKDN230028431-1A_HKTC2DSX7_L3.46;k__Bacteria;(UID203);5449;104;58;80;21;3;0;0;0;33.10;3.45;0.00
R8_EKDN230028436-1A_HKTC2DSX7_L3.26;k__Bacteria;(UID203);5449;103;58;54;28;17;4;0;0;33.01;9.69;3.45
V3_EKDN230028455-1A_HKTC2DSX7_L4.114;o__Clostridiales;(UID1226);155;278;158;169;107;2;0;0;0;32.93;0.65;0.00
V10_EKDN230028462-1A_HKTTNDSX7_L4.49;k__Bacteria;(UID203);5449;104;58;79;18;5;1;1;0;32.92;17.24;28.57
R12_EKDN230028440-1A_HKTC2DSX7_L3.26;k__Bacteria;(UID203);5449;104;58;76;27;1;0;0;0;32.87;1.72;0.00
R6_EKDN230028434-1A_HKTC2DSX7_L3.34;k__Bacteria;(UID203);5449;104;58;76;26;2;0;0;0;32.84;3.45;0.00
R8_EKDN230028436-1A_HKTC2DSX7_L3.19;p__Proteobacteria;(UID3887);1487;259;162;169;86;4;0;0;0;32.78;0.31;25.00
V2_EKDN230028454-1A_HKTTNDSX7_L4.158;k__Bacteria;(UID203);5449;104;58;84;20;0;0;0;0;32.76;0.00;0.00
V2_EKDN230028454-1A_HKTTNDSX7_L4.112;k__Bacteria;(UID203);5449;104;58;83;18;3;0;0;0;32.76;2.59;0.00
R12_EKDN230028440-1A_HKTC2DSX7_L3.82;k__Bacteria;(UID203);5449;104;58;84;18;2;0;0;0;32.76;3.45;100.00
R1_EKDN230028429-1A_HKTC2DSX7_L3.38;k__Bacteria;(UID203);5449;104;58;78;23;1;2;0;0;32.71;8.62;14.29
R16_EKDN230028444-1A_HKTC2DSX7_L3.3;k__Bacteria;(UID209);5443;105;59;69;36;0;0;0;0;32.70;0.00;0.00
V2_EKDN230028454-1A_HKTTNDSX7_L4.140;k__Bacteria;(UID203);5449;104;58;74;22;7;0;1;0;32.66;9.81;46.15
R12_EKDN230028440-1A_HKTC2DSX7_L3.31;k__Bacteria;(UID203);5449;104;58;79;22;3;0;0;0;32.65;3.45;0.00
V9_EKDN230028461-1A_HKTTNDSX7_L4.32;o__Rhizobiales;(UID3447);356;413;248;262;148;3;0;0;0;32.62;0.81;100.00
V12_EKDN230028464-1A_HKTTNDSX7_L4.50;o__Rhizobiales;(UID3447);356;413;248;280;107;24;2;0;0;32.61;8.25;86.67
V2_EKDN230028454-1A_HKTTNDSX7_L4.103;k__Bacteria;(UID203);5449;103;58;78;25;0;0;0;0;32.52;0.00;0.00
R14_EKDN230028442-1A_HKTC2DSX7_L3.16;k__Bacteria;(UID203);5449;104;58;81;19;4;0;0;0;32.52;6.90;50.00
V10_EKDN230028462-1A_HKTTNDSX7_L4.102;k__Bacteria;(UID203);5449;104;58;80;19;5;0;0;0;32.47;6.03;0.00
R20_EKDN230028448-1A_HKTC2DSX7_L3.18;k__Bacteria;(UID203);5449;103;57;76;16;10;1;0;0;32.38;12.04;69.23
V3_EKDN230028455-1A_HKTC2DSX7_L4.121;k__Bacteria;(UID203);5449;104;58;80;19;4;1;0;0;32.37;7.76;0.00
R6_EKDN230028434-1A_HKTC2DSX7_L3.47;k__Bacteria;(UID203);5449;104;58;77;25;2;0;0;0;32.37;3.45;0.00
R10_EKDN230028438-1A_HKTC2DSX7_L3.42;p__Bacteroidetes;(UID2591);364;303;203;210;86;7;0;0;0;32.29;2.63;57.14
V9_EKDN230028461-1A_HKTTNDSX7_L4.116;o__Actinomycetales;(UID1663);488;310;185;211;91;8;0;0;0;32.27;1.49;12.50
V2_EKDN230028454-1A_HKTTNDSX7_L4.154;k__Bacteria;(UID203);5449;103;57;76;23;4;0;0;0;32.22;3.51;0.00
R3_EKDN230028431-1A_HKTC2DSX7_L3.16;k__Bacteria;(UID3187);2258;182;112;124;53;5;0;0;0;32.17;2.29;0.00
R3_EKDN230028431-1A_HKTC2DSX7_L3.51;k__Archaea;(UID2);207;149;107;94;43;9;2;0;1;32.12;6.03;4.00
V2_EKDN230028454-1A_HKTTNDSX7_L4.162;o__Sphingomonadales;(UID3310);26;569;293;391;176;2;0;0;0;32.08;0.41;0.00
R24_EKDN230028452-1A_HKTTNDSX7_L4.11;o__Sphingomonadales;(UID3310);26;569;293;392;156;19;2;0;0;32.06;5.07;68.00
V5_EKDN230028457-1A_HKTTNDSX7_L4.17;k__Bacteria;(UID203);5449;104;58;80;24;0;0;0;0;32.05;0.00;0.00
V12_EKDN230028464-1A_HKTTNDSX7_L4.95;k__Bacteria;(UID203);5449;104;58;84;20;0;0;0;0;31.90;0.00;0.00
R3_EKDN230028431-1A_HKTC2DSX7_L3.31;k__Bacteria;(UID203);5449;104;58;79;23;2;0;0;0;31.90;2.59;0.00
R18_EKDN230028446-1A_HKTC2DSX7_L3.12;k__Bacteria;(UID203);5449;104;58;80;23;1;0;0;0;31.90;0.86;0.00
R16_EKDN230028444-1A_HKTC2DSX7_L3.45;k__Archaea;(UID2);207;149;107;95;44;7;3;0;0;31.89;7.01;0.00
V5_EKDN230028457-1A_HKTTNDSX7_L4.136;k__Bacteria;(UID3060);138;338;246;233;104;1;0;0;0;31.85;0.41;100.00
V9_EKDN230028461-1A_HKTTNDSX7_L4.21;o__Actinomycetales;(UID1663);488;309;185;206;97;6;0;0;0;31.83;1.57;0.00
R11_EKDN230028439-1A_HKTC2DSX7_L3.30;k__Bacteria;(UID1452);924;161;108;114;44;3;0;0;0;31.82;2.01;100.00
R8_EKDN230028436-1A_HKTC2DSX7_L3.42;k__Bacteria;(UID203);5449;104;58;79;20;2;3;0;0;31.82;12.07;36.36
R22_EKDN230028450-1A_HKTC2DSX7_L3.51;k__Bacteria;(UID203);5449;104;58;79;20;5;0;0;0;31.77;6.19;20.00
R24_EKDN230028452-1A_HKTTNDSX7_L4.63;k__Bacteria;(UID203);5449;104;58;79;18;7;0;0;0;31.61;8.62;42.86
V10_EKDN230028462-1A_HKTTNDSX7_L4.24;p__Proteobacteria;(UID3880);1495;261;164;179;81;1;0;0;0;31.55;0.61;0.00
V3_EKDN230028455-1A_HKTC2DSX7_L4.125;k__Bacteria;(UID203);5449;104;58;77;25;2;0;0;0;31.50;1.72;100.00
V5_EKDN230028457-1A_HKTTNDSX7_L4.42;k__Bacteria;(UID1452);924;161;108;107;53;1;0;0;0;31.44;0.19;100.00
V4_EKDN230028456-1A_HKTTNDSX7_L4.100;k__Bacteria;(UID203);5449;104;58;82;22;0;0;0;0;31.38;0.00;0.00
R6_EKDN230028434-1A_HKTC2DSX7_L3.13;k__Bacteria;(UID203);5449;104;58;83;21;0;0;0;0;31.38;0.00;0.00
R18_EKDN230028446-1A_HKTC2DSX7_L3.84;k__Bacteria;(UID1452);924;161;108;113;46;2;0;0;0;31.35;1.85;100.00
V1_EKDN230028453-1A_HKTTNDSX7_L4.72;k__Bacteria;(UID203);5449;103;57;81;22;0;0;0;0;31.29;0.00;0.00
V2_EKDN230028454-1A_HKTTNDSX7_L4.67;k__Bacteria;(UID203);5449;102;56;81;21;0;0;0;0;31.25;0.00;0.00
R12_EKDN230028440-1A_HKTC2DSX7_L3.12;k__Bacteria;(UID203);5449;104;58;81;21;2;0;0;0;31.19;2.30;100.00
R7_EKDN230028435-1A_HKTC2DSX7_L3.3;k__Bacteria;(UID203);5449;104;58;81;21;2;0;0;0;31.18;1.88;0.00
R23_EKDN230028451-1A_HKTC2DSX7_L4.28;o__Burkholderiales;(UID4000);193;427;214;302;119;6;0;0;0;31.09;1.08;50.00
V6_EKDN230028458-1A_HKTTNDSX7_L4.64;k__Bacteria;(UID203);5449;104;58;85;19;0;0;0;0;31.03;0.00;0.00
V1_EKDN230028453-1A_HKTTNDSX7_L4.65;k__Bacteria;(UID203);5449;104;58;84;14;6;0;0;0;31.03;9.48;33.33
R5_EKDN230028433-1A_HKTC2DSX7_L3.34;k__Bacteria;(UID203);5449;104;58;81;20;2;1;0;0;31.03;5.17;0.00
R1_EKDN230028429-1A_HKTC2DSX7_L3.57;k__Bacteria;(UID203);5449;104;58;83;20;1;0;0;0;31.03;1.72;0.00
V8_EKDN230028460-1A_HJH72DSX7_L2.3;o__Actinomycetales;(UID1802);274;388;214;258;126;4;0;0;0;30.97;1.29;0.00
V4_EKDN230028456-1A_HKTTNDSX7_L4.145;k__Bacteria;(UID2569);434;278;186;200;73;5;0;0;0;30.92;2.69;80.00
R23_EKDN230028451-1A_HKTC2DSX7_L4.27;k__Bacteria;(UID203);5449;104;58;79;21;4;0;0;0;30.80;4.31;25.00
R4_EKDN230028432-1A_HKTC2DSX7_L3.4;k__Bacteria;(UID203);5449;104;58;80;23;1;0;0;0;30.49;1.72;0.00
R10_EKDN230028438-1A_HKTC2DSX7_L3.46;k__Bacteria;(UID203);5449;104;58;81;21;2;0;0;0;30.44;3.45;50.00
V10_EKDN230028462-1A_HKTTNDSX7_L4.6;o__Rhizobiales;(UID3447);356;413;248;294;104;15;0;0;0;30.42;4.27;86.67
V4_EKDN230028456-1A_HKTTNDSX7_L4.92;k__Bacteria;(UID2495);2993;143;89;97;46;0;0;0;0;30.40;0.00;0.00
R2_EKDN230028430-1A_HKTC2DSX7_L3.10;k__Bacteria;(UID203);5449;104;58;81;23;0;0;0;0;30.34;0.00;0.00
R20_EKDN230028448-1A_HKTC2DSX7_L3.7;k__Bacteria;(UID2982);88;230;148;147;76;6;1;0;0;30.34;3.94;0.00
V4_EKDN230028456-1A_HKTTNDSX7_L4.5;k__Bacteria;(UID2565);2921;152;93;89;63;0;0;0;0;30.29;0.00;0.00
V12_EKDN230028464-1A_HKTTNDSX7_L4.13;k__Bacteria;(UID203);5449;100;55;79;21;0;0;0;0;30.18;0.00;0.00
V2_EKDN230028454-1A_HKTTNDSX7_L4.24;k__Bacteria;(UID203);5449;98;58;78;20;0;0;0;0;30.17;0.00;0.00
V2_EKDN230028454-1A_HKTTNDSX7_L4.143;k__Bacteria;(UID203);5449;103;58;83;20;0;0;0;0;30.17;0.00;0.00
R9_EKDN230028437-1A_HKTC2DSX7_L3.33;k__Bacteria;(UID203);5449;104;58;84;19;1;0;0;0;30.17;1.72;0.00
R7_EKDN230028435-1A_HKTC2DSX7_L3.14;k__Bacteria;(UID203);5449;104;58;83;19;1;1;0;0;30.17;5.17;25.00
R19_EKDN230028447-1A_HKTC2DSX7_L3.46;k__Bacteria;(UID203);5449;104;58;84;19;1;0;0;0;30.17;1.72;100.00
R18_EKDN230028446-1A_HKTC2DSX7_L3.25;k__Bacteria;(UID203);5449;104;58;84;20;0;0;0;0;30.17;0.00;0.00
R15_EKDN230028443-1A_HKTC2DSX7_L3.34;k__Bacteria;(UID203);5449;104;58;47;29;24;4;0;0;30.17;11.32;44.44
R10_EKDN230028438-1A_HKTC2DSX7_L3.26;k__Bacteria;(UID203);5449;104;58;85;18;0;0;1;0;30.17;5.17;0.00
R5_EKDN230028433-1A_HKTC2DSX7_L3.24;k__Bacteria;(UID203);5449;104;58;77;23;4;0;0;0;29.95;2.59;25.00
V9_EKDN230028461-1A_HKTTNDSX7_L4.3;k__Bacteria;(UID203);5449;104;58;78;21;4;1;0;0;29.94;6.03;0.00
R2_EKDN230028430-1A_HKTC2DSX7_L3.48;k__Archaea;(UID2);207;149;107;97;40;11;1;0;0;29.92;5.34;0.00
R9_EKDN230028437-1A_HKTC2DSX7_L3.37;k__Bacteria;(UID203);5449;104;58;72;32;0;0;0;0;29.84;0.00;0.00
R21_EKDN230028449-1A_HKTC2DSX7_L3.3;k__Bacteria;(UID203);5449;103;57;82;21;0;0;0;0;29.81;0.00;0.00
R2_EKDN230028430-1A_HKTC2DSX7_L3.26;k__Bacteria;(UID203);5449;104;58;83;21;0;0;0;0;29.78;0.00;0.00
R22_EKDN230028450-1A_HKTC2DSX7_L3.49;k__Bacteria;(UID203);5449;104;58;85;17;1;1;0;0;29.66;5.17;100.00
R6_EKDN230028434-1A_HKTC2DSX7_L3.26;k__Bacteria;(UID203);5449;104;58;83;21;0;0;0;0;29.62;0.00;0.00
R7_EKDN230028435-1A_HKTC2DSX7_L3.17;k__Bacteria;(UID2565);2921;140;85;86;54;0;0;0;0;29.54;0.00;0.00
V6_EKDN230028458-1A_HKTTNDSX7_L4.6;k__Bacteria;(UID203);5449;104;58;85;18;1;0;0;0;29.47;1.72;100.00
R18_EKDN230028446-1A_HKTC2DSX7_L3.1;p__Bacteroidetes;(UID2591);364;302;202;218;84;0;0;0;0;29.46;0.00;0.00
V8_EKDN230028460-1A_HHGM2DSX7_L1.6;k__Bacteria;(UID203);5449;104;58;81;23;0;0;0;0;29.34;0.00;0.00
V9_EKDN230028461-1A_HKTTNDSX7_L4.17;k__Bacteria;(UID203);5449;104;58;85;19;0;0;0;0;29.31;0.00;0.00
V7_EKDN230028459-1A_HKTTNDSX7_L4.36;k__Bacteria;(UID203);5449;104;58;84;19;0;1;0;0;29.31;3.45;0.00
V5_EKDN230028457-1A_HKTTNDSX7_L4.129;k__Bacteria;(UID203);5449;104;58;84;20;0;0;0;0;29.31;0.00;0.00
V4_EKDN230028456-1A_HKTTNDSX7_L4.143;k__Bacteria;(UID203);5449;104;58;85;19;0;0;0;0;29.31;0.00;0.00
V4_EKDN230028456-1A_HKTTNDSX7_L4.138;k__Bacteria;(UID203);5449;104;58;87;16;1;0;0;0;29.31;1.72;100.00
V2_EKDN230028454-1A_HKTTNDSX7_L4.4;k__Bacteria;(UID203);5449;104;58;86;17;1;0;0;0;29.31;1.72;0.00
R22_EKDN230028450-1A_HKTC2DSX7_L3.73;k__Bacteria;(UID203);5449;104;58;84;20;0;0;0;0;29.31;0.00;0.00
R18_EKDN230028446-1A_HKTC2DSX7_L3.44;k__Bacteria;(UID203);5449;104;58;82;21;1;0;0;0;29.31;0.34;0.00
R16_EKDN230028444-1A_HKTC2DSX7_L3.72;k__Bacteria;(UID203);5449;104;58;86;18;0;0;0;0;29.31;0.00;0.00
R18_EKDN230028446-1A_HKTC2DSX7_L3.76;k__Bacteria;(UID203);5449;104;58;82;22;0;0;0;0;29.29;0.00;0.00
V7_EKDN230028459-1A_HKTTNDSX7_L4.86;k__Bacteria;(UID203);5449;103;57;76;26;1;0;0;0;29.19;1.75;100.00
V8_EKDN230028460-1A_HJH72DSX7_L2.75;root;(UID1);5656;56;24;49;5;2;0;0;0;29.17;8.33;50.00
R14_EKDN230028442-1A_HKTC2DSX7_L3.26;k__Bacteria;(UID203);5449;104;58;71;23;7;3;0;0;29.15;6.07;18.75
V11_EKDN230028463-1A_HKTTNDSX7_L4.85;k__Bacteria;(UID203);5449;101;57;80;18;3;0;0;0;29.12;4.39;33.33
R17_EKDN230028445-1A_HKTC2DSX7_L3.65;c__Deltaproteobacteria;(UID3216);83;247;155;175;69;3;0;0;0;29.05;0.97;0.00
V3_EKDN230028455-1A_HKTC2DSX7_L4.94;k__Bacteria;(UID203);5449;103;58;76;25;2;0;0;0;28.87;1.72;0.00
R11_EKDN230028439-1A_HKTC2DSX7_L3.53;k__Bacteria;(UID203);5449;103;58;76;27;0;0;0;0;28.81;0.00;0.00
R24_EKDN230028452-1A_HKTTNDSX7_L4.70;k__Bacteria;(UID203);5449;103;58;48;5;38;12;0;0;28.81;28.70;36.49
R24_EKDN230028452-1A_HKTTNDSX7_L4.55;p__Bacteroidetes;(UID2591);364;302;202;219;82;1;0;0;0;28.79;0.50;0.00
R4_EKDN230028432-1A_HKTC2DSX7_L3.5;k__Bacteria;(UID203);5449;104;58;84;19;1;0;0;0;28.62;1.72;100.00
V6_EKDN230028458-1A_HKTTNDSX7_L4.5;k__Bacteria;(UID203);5449;104;58;82;22;0;0;0;0;28.61;0.00;0.00
R4_EKDN230028432-1A_HKTC2DSX7_L3.53;k__Bacteria;(UID203);5449;103;57;80;19;4;0;0;0;28.58;4.39;25.00
R10_EKDN230028438-1A_HKTC2DSX7_L3.1;k__Bacteria;(UID203);5449;104;58;78;23;3;0;0;0;28.53;5.17;66.67
R19_EKDN230028447-1A_HKTC2DSX7_L3.14;k__Bacteria;(UID203);5449;104;58;82;21;1;0;0;0;28.45;0.86;100.00
R15_EKDN230028443-1A_HKTC2DSX7_L3.33;k__Bacteria;(UID203);5449;104;58;84;20;0;0;0;0;28.45;0.00;0.00
R14_EKDN230028442-1A_HKTC2DSX7_L3.19;k__Bacteria;(UID203);5449;104;58;82;21;1;0;0;0;28.45;0.86;100.00
R19_EKDN230028447-1A_HKTC2DSX7_L3.2;k__Bacteria;(UID203);5449;104;58;83;18;2;1;0;0;28.40;3.76;80.00
V4_EKDN230028456-1A_HKTTNDSX7_L4.123;k__Bacteria;(UID203);5449;103;57;80;21;2;0;0;0;28.39;0.32;100.00
R24_EKDN230028452-1A_HKTTNDSX7_L4.49;k__Bacteria;(UID203);5449;104;58;81;21;2;0;0;0;28.37;1.72;0.00
R11_EKDN230028439-1A_HKTC2DSX7_L3.84;k__Bacteria;(UID203);5449;104;58;84;20;0;0;0;0;28.32;0.00;0.00
R9_EKDN230028437-1A_HKTC2DSX7_L3.2;k__Bacteria;(UID203);5449;104;58;85;19;0;0;0;0;28.09;0.00;0.00
R12_EKDN230028440-1A_HKTC2DSX7_L3.76;f__Rhodobacteraceae;(UID3340);84;568;330;417;140;11;0;0;0;28.05;2.30;36.36
R10_EKDN230028438-1A_HKTC2DSX7_L3.6;k__Bacteria;(UID203);5449;104;58;83;20;1;0;0;0;27.93;1.72;100.00
R11_EKDN230028439-1A_HKTC2DSX7_L3.78;k__Bacteria;(UID203);5449;104;58;83;18;2;1;0;0;27.92;6.90;0.00
V1_EKDN230028453-1A_HKTTNDSX7_L4.87;k__Bacteria;(UID203);5449;104;58;82;22;0;0;0;0;27.90;0.00;0.00
V11_EKDN230028463-1A_HKTTNDSX7_L4.53;k__Bacteria;(UID203);5449;104;58;84;20;0;0;0;0;27.90;0.00;0.00
V7_EKDN230028459-1A_HKTTNDSX7_L4.131;k__Bacteria;(UID203);5449;104;58;87;17;0;0;0;0;27.59;0.00;0.00
V6_EKDN230028458-1A_HKTTNDSX7_L4.76;k__Bacteria;(UID203);5449;98;58;80;17;1;0;0;0;27.59;1.72;0.00
V5_EKDN230028457-1A_HKTTNDSX7_L4.146;k__Bacteria;(UID203);5449;104;58;85;18;1;0;0;0;27.59;1.72;0.00
V10_EKDN230028462-1A_HKTTNDSX7_L4.44;k__Bacteria;(UID203);5449;104;58;86;17;1;0;0;0;27.59;0.86;100.00
V10_EKDN230028462-1A_HKTTNDSX7_L4.113;k__Bacteria;(UID203);5449;104;58;86;18;0;0;0;0;27.59;0.00;0.00
V10_EKDN230028462-1A_HKTTNDSX7_L4.104;k__Bacteria;(UID203);5449;103;58;85;18;0;0;0;0;27.59;0.00;0.00
R4_EKDN230028432-1A_HKTC2DSX7_L3.34;k__Bacteria;(UID203);5449;104;58;87;15;0;2;0;0;27.59;6.90;33.33
R3_EKDN230028431-1A_HKTC2DSX7_L3.17;k__Bacteria;(UID203);5449;104;58;87;17;0;0;0;0;27.59;0.00;0.00
R18_EKDN230028446-1A_HKTC2DSX7_L3.20;k__Bacteria;(UID203);5449;104;58;88;16;0;0;0;0;27.59;0.00;0.00
V7_EKDN230028459-1A_HKTTNDSX7_L4.40;k__Bacteria;(UID203);5449;104;58;79;18;6;1;0;0;27.51;10.34;100.00
V4_EKDN230028456-1A_HKTTNDSX7_L4.135;k__Bacteria;(UID2565);2921;152;93;109;39;4;0;0;0;27.50;2.35;50.00
R11_EKDN230028439-1A_HKTC2DSX7_L3.13;k__Bacteria;(UID203);5449;104;58;83;18;3;0;0;0;27.41;5.17;66.67
V1_EKDN230028453-1A_HKTTNDSX7_L4.110;k__Bacteria;(UID1453);901;171;117;124;45;2;0;0;0;27.35;0.57;0.00
R10_EKDN230028438-1A_HKTC2DSX7_L3.78;k__Bacteria;(UID203);5449;104;58;83;21;0;0;0;0;27.17;0.00;0.00
V12_EKDN230028464-1A_HKTTNDSX7_L4.35;k__Bacteria;(UID203);5449;104;58;84;16;4;0;0;0;27.01;6.03;50.00
R24_EKDN230028452-1A_HKTTNDSX7_L4.56;k__Bacteria;(UID2982);88;230;148;173;53;3;1;0;0;26.97;3.04;50.00
R10_EKDN230028438-1A_HKTC2DSX7_L3.17;k__Bacteria;(UID203);5449;104;58;85;19;0;0;0;0;26.72;0.00;0.00
R21_EKDN230028449-1A_HKTC2DSX7_L3.47;k__Bacteria;(UID203);5449;104;58;80;24;0;0;0;0;26.65;0.00;0.00
V4_EKDN230028456-1A_HKTTNDSX7_L4.29;k__Bacteria;(UID203);5449;104;58;80;23;1;0;0;0;26.49;1.72;100.00
R16_EKDN230028444-1A_HKTC2DSX7_L3.60;k__Bacteria;(UID203);5449;104;58;81;19;4;0;0;0;26.47;4.47;25.00
V5_EKDN230028457-1A_HKTTNDSX7_L4.137;k__Bacteria;(UID203);5449;103;57;85;14;4;0;0;0;26.37;7.02;0.00
V10_EKDN230028462-1A_HKTTNDSX7_L4.105;k__Bacteria;(UID203);5449;104;58;85;19;0;0;0;0;26.33;0.00;0.00
R24_EKDN230028452-1A_HKTTNDSX7_L4.40;k__Bacteria;(UID203);5449;104;58;84;14;6;0;0;0;26.33;9.48;100.00
V9_EKDN230028461-1A_HKTTNDSX7_L4.87;k__Bacteria;(UID203);5449;103;57;86;17;0;0;0;0;26.32;0.00;0.00
V5_EKDN230028457-1A_HKTTNDSX7_L4.78;k__Bacteria;(UID203);5449;103;57;84;19;0;0;0;0;26.32;0.00;0.00
R9_EKDN230028437-1A_HKTC2DSX7_L3.39;k__Bacteria;(UID203);5449;103;58;50;37;15;1;0;0;26.22;4.83;11.11
V3_EKDN230028455-1A_HKTC2DSX7_L4.25;k__Bacteria;(UID203);5449;104;58;86;18;0;0;0;0;26.21;0.00;0.00
R10_EKDN230028438-1A_HKTC2DSX7_L3.9;k__Bacteria;(UID203);5449;104;58;79;25;0;0;0;0;26.14;0.00;0.00
R2_EKDN230028430-1A_HKTC2DSX7_L3.43;o__Burkholderiales;(UID4000);193;427;214;309;118;0;0;0;0;26.05;0.00;0.00
R7_EKDN230028435-1A_HKTC2DSX7_L3.15;k__Bacteria;(UID203);5449;104;58;70;24;7;3;0;0;25.99;2.60;0.00
R6_EKDN230028434-1A_HKTC2DSX7_L3.16;o__Cytophagales;(UID2936);47;454;336;330;105;16;3;0;0;25.92;3.61;12.00
V6_EKDN230028458-1A_HKTTNDSX7_L4.73;k__Bacteria;(UID203);5449;104;58;86;17;1;0;0;0;25.86;1.72;0.00
V4_EKDN230028456-1A_HKTTNDSX7_L4.64;k__Bacteria;(UID203);5449;104;58;87;14;3;0;0;0;25.86;4.31;33.33
V1_EKDN230028453-1A_HKTTNDSX7_L4.135;k__Bacteria;(UID203);5449;104;58;88;15;1;0;0;0;25.86;1.72;0.00
V11_EKDN230028463-1A_HKTTNDSX7_L4.11;k__Bacteria;(UID203);5449;104;58;84;20;0;0;0;0;25.86;0.00;0.00
R4_EKDN230028432-1A_HKTC2DSX7_L3.6;k__Bacteria;(UID203);5449;104;58;77;23;4;0;0;0;25.86;0.63;0.00
R2_EKDN230028430-1A_HKTC2DSX7_L3.9;k__Bacteria;(UID203);5449;104;58;85;18;1;0;0;0;25.86;1.72;100.00
R11_EKDN230028439-1A_HKTC2DSX7_L3.67;k__Bacteria;(UID203);5449;104;58;86;9;8;0;1;0;25.86;17.24;35.71
R1_EKDN230028429-1A_HKTC2DSX7_L3.13;k__Bacteria;(UID203);5449;104;58;69;24;5;6;0;0;25.83;4.23;0.00
R3_EKDN230028431-1A_HKTC2DSX7_L3.43;k__Bacteria;(UID203);5449;104;58;81;20;3;0;0;0;25.78;0.47;0.00
R13_EKDN230028441-1A_HKTC2DSX7_L3.9;o__Cytophagales;(UID2937);44;474;330;330;123;20;1;0;0;25.67;2.80;34.78
V4_EKDN230028456-1A_HKTTNDSX7_L4.114;k__Bacteria;(UID203);5449;104;58;80;22;2;0;0;0;25.45;2.59;50.00
R1_EKDN230028429-1A_HKTC2DSX7_L3.21;k__Bacteria;(UID1453);901;171;117;128;41;2;0;0;0;25.37;1.71;0.00
R22_EKDN230028450-1A_HKTC2DSX7_L3.16;k__Bacteria;(UID2982);88;227;146;156;64;7;0;0;0;25.34;2.19;71.43
V3_EKDN230028455-1A_HKTC2DSX7_L4.41;k__Bacteria;(UID2495);2993;141;87;108;33;0;0;0;0;25.32;0.00;0.00
R4_EKDN230028432-1A_HKTC2DSX7_L3.13;k__Bacteria;(UID203);5449;104;58;84;14;6;0;0;0;25.31;5.17;16.67
R10_EKDN230028438-1A_HKTC2DSX7_L3.32;k__Bacteria;(UID203);5449;104;58;84;20;0;0;0;0;25.17;0.00;0.00
V1_EKDN230028453-1A_HKTTNDSX7_L4.100;k__Bacteria;(UID203);5449;104;58;82;22;0;0;0;0;25.16;0.00;0.00
R5_EKDN230028433-1A_HKTC2DSX7_L3.35;k__Bacteria;(UID203);5449;104;58;81;23;0;0;0;0;25.16;0.00;0.00
V7_EKDN230028459-1A_HKTTNDSX7_L4.41;k__Bacteria;(UID203);5449;104;58;89;15;0;0;0;0;25.00;0.00;0.00
V4_EKDN230028456-1A_HKTTNDSX7_L4.43;k__Bacteria;(UID203);5449;104;58;85;18;1;0;0;0;25.00;1.72;100.00
V2_EKDN230028454-1A_HKTTNDSX7_L4.10;k__Bacteria;(UID203);5449;104;58;89;15;0;0;0;0;25.00;0.00;0.00
V1_EKDN230028453-1A_HKTTNDSX7_L4.75;k__Bacteria;(UID203);5449;104;58;88;15;1;0;0;0;25.00;1.72;0.00
R1_EKDN230028429-1A_HKTC2DSX7_L3.55;k__Bacteria;(UID203);5449;104;58;89;13;2;0;0;0;25.00;3.45;50.00
R12_EKDN230028440-1A_HKTC2DSX7_L3.47;k__Bacteria;(UID203);5449;104;58;86;16;2;0;0;0;25.00;2.59;0.00
R1_EKDN230028429-1A_HKTC2DSX7_L3.19;k__Bacteria;(UID2982);88;230;148;164;60;6;0;0;0;24.96;0.28;0.00
R1_EKDN230028429-1A_HKTC2DSX7_L3.75;k__Bacteria;(UID2982);88;230;148;167;57;5;1;0;0;24.94;3.72;0.00
V6_EKDN230028458-1A_HKTTNDSX7_L4.13;k__Bacteria;(UID203);5449;104;58;83;21;0;0;0;0;24.92;0.00;0.00
V11_EKDN230028463-1A_HKTTNDSX7_L4.41;k__Bacteria;(UID203);5449;104;58;84;19;1;0;0;0;24.83;1.72;0.00
V10_EKDN230028462-1A_HKTTNDSX7_L4.95;c__Alphaproteobacteria;(UID3305);564;349;230;249;100;0;0;0;0;24.81;0.00;0.00
V7_EKDN230028459-1A_HKTTNDSX7_L4.27;k__Bacteria;(UID1452);924;158;106;113;45;0;0;0;0;24.79;0.00;0.00
R21_EKDN230028449-1A_HKTC2DSX7_L3.27;k__Bacteria;(UID3060);138;338;246;243;74;15;5;0;1;24.77;5.60;0.00
V9_EKDN230028461-1A_HKTTNDSX7_L4.24;k__Bacteria;(UID203);5449;104;58;85;18;1;0;0;0;24.76;1.72;0.00
V2_EKDN230028454-1A_HKTTNDSX7_L4.53;k__Bacteria;(UID203);5449;104;58;88;15;1;0;0;0;24.48;1.72;0.00
V3_EKDN230028455-1A_HKTC2DSX7_L4.122;k__Bacteria;(UID2569);434;278;186;197;73;8;0;0;0;24.46;1.45;87.50
V9_EKDN230028461-1A_HKTTNDSX7_L4.59;k__Bacteria;(UID203);5449;104;58;85;9;9;1;0;0;24.31;14.48;41.67
R4_EKDN230028432-1A_HKTC2DSX7_L3.72;k__Bacteria;(UID1452);924;161;108;124;36;1;0;0;0;24.26;0.93;0.00
R17_EKDN230028445-1A_HKTC2DSX7_L3.69;k__Bacteria;(UID2982);88;229;147;173;54;2;0;0;0;24.25;0.38;0.00
V9_EKDN230028461-1A_HKTTNDSX7_L4.22;k__Bacteria;(UID203);5449;104;58;89;15;0;0;0;0;24.14;0.00;0.00
V7_EKDN230028459-1A_HKTTNDSX7_L4.114;k__Bacteria;(UID203);5449;104;58;88;16;0;0;0;0;24.14;0.00;0.00
V11_EKDN230028463-1A_HKTTNDSX7_L4.80;k__Bacteria;(UID203);5449;104;58;88;16;0;0;0;0;24.14;0.00;0.00
R4_EKDN230028432-1A_HKTC2DSX7_L3.16;k__Bacteria;(UID203);5449;104;58;88;16;0;0;0;0;24.14;0.00;0.00
R24_EKDN230028452-1A_HKTTNDSX7_L4.65;k__Bacteria;(UID203);5449;104;58;89;14;1;0;0;0;24.14;1.72;0.00
R13_EKDN230028441-1A_HKTC2DSX7_L3.38;k__Bacteria;(UID203);5449;104;58;89;9;5;1;0;0;24.14;10.34;62.50
V9_EKDN230028461-1A_HKTTNDSX7_L4.11;k__Bacteria;(UID2569);434;278;186;197;81;0;0;0;0;24.05;0.00;0.00
R16_EKDN230028444-1A_HKTC2DSX7_L3.34;k__Bacteria;(UID203);5449;103;57;86;17;0;0;0;0;24.04;0.00;0.00
V1_EKDN230028453-1A_HKTTNDSX7_L4.86;k__Bacteria;(UID203);5449;104;58;83;21;0;0;0;0;23.90;0.00;0.00
R22_EKDN230028450-1A_HKTC2DSX7_L3.35;k__Bacteria;(UID203);5449;104;58;84;20;0;0;0;0;23.90;0.00;0.00
R4_EKDN230028432-1A_HKTC2DSX7_L3.62;k__Bacteria;(UID203);5449;103;57;86;17;0;0;0;0;23.84;0.00;0.00
R18_EKDN230028446-1A_HKTC2DSX7_L3.29;k__Bacteria;(UID203);5449;103;57;86;17;0;0;0;0;23.84;0.00;0.00
R24_EKDN230028452-1A_HKTTNDSX7_L4.38;k__Bacteria;(UID203);5449;104;58;83;19;2;0;0;0;23.79;0.69;0.00
R5_EKDN230028433-1A_HKTC2DSX7_L3.36;k__Bacteria;(UID2495);2993;143;89;98;45;0;0;0;0;23.67;0.00;0.00
R9_EKDN230028437-1A_HKTC2DSX7_L3.46;p__Bacteroidetes;(UID2591);364;298;198;229;68;1;0;0;0;23.60;0.51;0.00
R14_EKDN230028442-1A_HKTC2DSX7_L3.5;k__Bacteria;(UID203);5449;104;58;87;14;3;0;0;0;23.59;5.17;66.67
V5_EKDN230028457-1A_HKTTNDSX7_L4.48;k__Bacteria;(UID203);5449;104;58;86;17;1;0;0;0;23.45;0.34;100.00
V11_EKDN230028463-1A_HKTTNDSX7_L4.28;k__Bacteria;(UID203);5449;104;58;85;19;0;0;0;0;23.45;0.00;0.00
R10_EKDN230028438-1A_HKTC2DSX7_L3.57;k__Bacteria;(UID203);5449;104;58;87;16;1;0;0;0;23.45;1.72;0.00
R8_EKDN230028436-1A_HKTC2DSX7_L3.40;k__Bacteria;(UID203);5449;104;58;86;18;0;0;0;0;23.43;0.00;0.00
R14_EKDN230028442-1A_HKTC2DSX7_L3.39;k__Bacteria;(UID203);5449;104;58;87;16;1;0;0;0;23.42;1.72;0.00
R8_EKDN230028436-1A_HKTC2DSX7_L3.27;k__Bacteria;(UID203);5449;103;57;84;15;4;0;0;0;23.29;5.26;0.00
R1_EKDN230028429-1A_HKTC2DSX7_L3.53;k__Bacteria;(UID203);5449;104;58;88;13;2;1;0;0;23.28;6.90;80.00
R18_EKDN230028446-1A_HKTC2DSX7_L3.42;k__Bacteria;(UID203);5449;104;58;86;17;1;0;0;0;23.28;0.57;0.00
V4_EKDN230028456-1A_HKTTNDSX7_L4.102;k__Bacteria;(UID203);5449;102;56;85;17;0;0;0;0;23.21;0.00;0.00
R21_EKDN230028449-1A_HKTC2DSX7_L3.14;k__Bacteria;(UID203);5449;104;58;84;20;0;0;0;0;23.20;0.00;0.00
R13_EKDN230028441-1A_HKTC2DSX7_L3.25;k__Bacteria;(UID203);5449;104;58;85;18;1;0;0;0;23.20;1.72;0.00
R5_EKDN230028433-1A_HKTC2DSX7_L3.41;k__Bacteria;(UID203);5449;104;58;86;17;1;0;0;0;23.10;0.34;100.00
R12_EKDN230028440-1A_HKTC2DSX7_L3.67;k__Bacteria;(UID203);5449;103;57;82;21;0;0;0;0;23.05;0.00;0.00
R22_EKDN230028450-1A_HKTC2DSX7_L3.23;p__Proteobacteria;(UID3887);1487;259;162;191;67;1;0;0;0;22.89;0.31;0.00
V5_EKDN230028457-1A_HKTTNDSX7_L4.110;k__Bacteria;(UID203);5449;103;57;86;17;0;0;0;0;22.81;0.00;0.00
V2_EKDN230028454-1A_HKTTNDSX7_L4.164;k__Bacteria;(UID203);5449;103;57;87;15;1;0;0;0;22.81;1.75;0.00
V1_EKDN230028453-1A_HKTTNDSX7_L4.42;k__Bacteria;(UID203);5449;101;57;87;10;4;0;0;0;22.81;6.14;25.00
R10_EKDN230028438-1A_HKTC2DSX7_L3.92;k__Bacteria;(UID203);5449;103;57;87;13;3;0;0;0;22.81;3.51;66.67
R19_EKDN230028447-1A_HKTC2DSX7_L3.20;k__Bacteria;(UID203);5449;104;58;88;16;0;0;0;0;22.76;0.00;0.00
R7_EKDN230028435-1A_HKTC2DSX7_L3.24;k__Bacteria;(UID203);5449;104;58;86;17;1;0;0;0;22.74;1.72;100.00
R12_EKDN230028440-1A_HKTC2DSX7_L3.32;k__Bacteria;(UID203);5449;103;57;85;15;3;0;0;0;22.69;4.39;66.67
R13_EKDN230028441-1A_HKTC2DSX7_L3.10;k__Bacteria;(UID203);5449;104;58;86;18;0;0;0;0;22.57;0.00;0.00
R18_EKDN230028446-1A_HKTC2DSX7_L3.85;k__Bacteria;(UID203);5449;103;57;85;17;1;0;0;0;22.57;1.75;0.00
V2_EKDN230028454-1A_HKTTNDSX7_L4.59;k__Bacteria;(UID203);5449;104;58;90;14;0;0;0;0;22.41;0.00;0.00
V11_EKDN230028463-1A_HKTTNDSX7_L4.59;k__Bacteria;(UID203);5449;104;58;90;13;1;0;0;0;22.41;1.72;100.00
R23_EKDN230028451-1A_HKTC2DSX7_L4.16;k__Bacteria;(UID203);5449;104;58;87;17;0;0;0;0;22.41;0.00;0.00
R12_EKDN230028440-1A_HKTC2DSX7_L3.66;k__Bacteria;(UID203);5449;104;58;88;10;2;3;0;1;22.41;19.83;42.86
R10_EKDN230028438-1A_HKTC2DSX7_L3.47;k__Bacteria;(UID203);5449;104;58;89;15;0;0;0;0;22.41;0.00;0.00
V3_EKDN230028455-1A_HKTC2DSX7_L4.33;k__Bacteria;(UID203);5449;104;58;85;19;0;0;0;0;22.35;0.00;0.00
R15_EKDN230028443-1A_HKTC2DSX7_L3.50;k__Bacteria;(UID2570);433;274;183;204;69;1;0;0;0;22.31;0.55;0.00
V10_EKDN230028462-1A_HKTTNDSX7_L4.89;k__Bacteria;(UID203);5449;104;58;87;14;3;0;0;0;22.24;5.17;0.00
V5_EKDN230028457-1A_HKTTNDSX7_L4.82;k__Bacteria;(UID203);5449;102;56;83;19;0;0;0;0;22.08;0.00;0.00
V11_EKDN230028463-1A_HKTTNDSX7_L4.95;k__Bacteria;(UID203);5449;104;58;86;18;0;0;0;0;22.07;0.00;0.00
V7_EKDN230028459-1A_HKTTNDSX7_L4.135;k__Bacteria;(UID203);5449;103;57;87;14;2;0;0;0;21.93;1.75;0.00
R1_EKDN230028429-1A_HKTC2DSX7_L3.33;k__Bacteria;(UID203);5449;104;58;90;14;0;0;0;0;21.90;0.00;0.00
R4_EKDN230028432-1A_HKTC2DSX7_L3.57;p__Bacteroidetes;(UID2591);364;302;202;229;73;0;0;0;0;21.80;0.00;0.00
V8_EKDN230028460-1A_HJH72DSX7_L2.54;k__Bacteria;(UID203);5449;104;58;90;11;2;1;0;0;21.55;6.90;0.00
V4_EKDN230028456-1A_HKTTNDSX7_L4.121;k__Bacteria;(UID203);5449;104;58;90;14;0;0;0;0;21.55;0.00;0.00
V2_EKDN230028454-1A_HKTTNDSX7_L4.6;k__Bacteria;(UID203);5449;104;58;90;14;0;0;0;0;21.55;0.00;0.00
V10_EKDN230028462-1A_HKTTNDSX7_L4.63;k__Bacteria;(UID203);5449;104;58;90;9;5;0;0;0;21.55;6.90;20.00
R9_EKDN230028437-1A_HKTC2DSX7_L3.28;k__Bacteria;(UID203);5449;104;58;90;14;0;0;0;0;21.55;0.00;0.00
R8_EKDN230028436-1A_HKTC2DSX7_L3.4;k__Bacteria;(UID203);5449;104;58;88;14;2;0;0;0;21.55;1.15;100.00
R5_EKDN230028433-1A_HKTC2DSX7_L3.49;k__Bacteria;(UID203);5449;104;58;89;15;0;0;0;0;21.55;0.00;0.00
R2_EKDN230028430-1A_HKTC2DSX7_L3.18;k__Bacteria;(UID203);5449;104;58;87;15;2;0;0;0;21.55;2.30;100.00
R20_EKDN230028448-1A_HKTC2DSX7_L3.32;k__Bacteria;(UID203);5449;104;58;89;15;0;0;0;0;21.55;0.00;0.00
R10_EKDN230028438-1A_HKTC2DSX7_L3.12;k__Bacteria;(UID203);5449;104;58;91;12;1;0;0;0;21.55;1.72;0.00
V3_EKDN230028455-1A_HKTC2DSX7_L4.4;k__Bacteria;(UID203);5449;104;58;89;14;1;0;0;0;21.54;1.72;0.00
R8_EKDN230028436-1A_HKTC2DSX7_L3.21;k__Bacteria;(UID203);5449;104;58;86;16;2;0;0;0;21.54;3.45;0.00
R23_EKDN230028451-1A_HKTC2DSX7_L4.43;o__Actinomycetales;(UID1593);69;400;198;317;78;5;0;0;0;21.36;1.35;0.00
V9_EKDN230028461-1A_HKTTNDSX7_L4.119;k__Bacteria;(UID203);5449;104;58;88;14;2;0;0;0;21.32;3.45;0.00
R20_EKDN230028448-1A_HKTC2DSX7_L3.29;k__Bacteria;(UID203);5449;104;58;87;16;1;0;0;0;21.32;1.72;0.00
R10_EKDN230028438-1A_HKTC2DSX7_L3.27;k__Bacteria;(UID203);5449;104;58;86;17;1;0;0;0;21.25;1.72;0.00
V7_EKDN230028459-1A_HKTTNDSX7_L4.35;o__Burkholderiales;(UID4000);193;427;214;302;115;10;0;0;0;21.20;0.91;70.00
R16_EKDN230028444-1A_HKTC2DSX7_L3.23;k__Bacteria;(UID203);5449;104;58;87;13;3;1;0;0;21.16;7.76;66.67
R12_EKDN230028440-1A_HKTC2DSX7_L3.89;k__Bacteria;(UID203);5449;104;58;79;25;0;0;0;0;21.07;0.00;0.00
R20_EKDN230028448-1A_HKTC2DSX7_L3.30;k__Bacteria;(UID203);5449;103;57;88;14;1;0;0;0;21.05;1.75;0.00
V4_EKDN230028456-1A_HKTTNDSX7_L4.73;k__Bacteria;(UID203);5449;104;58;89;15;0;0;0;0;21.03;0.00;0.00
R22_EKDN230028450-1A_HKTC2DSX7_L3.76;k__Bacteria;(UID203);5449;104;58;86;18;0;0;0;0;21.00;0.00;0.00
R13_EKDN230028441-1A_HKTC2DSX7_L3.12;k__Bacteria;(UID203);5449;104;58;90;11;3;0;0;0;20.98;5.17;66.67
R16_EKDN230028444-1A_HKTC2DSX7_L3.78;k__Bacteria;(UID203);5449;103;57;79;21;3;0;0;0;20.94;2.07;66.67
R19_EKDN230028447-1A_HKTC2DSX7_L3.9;k__Bacteria;(UID203);5449;104;58;81;23;0;0;0;0;20.90;0.00;0.00
V10_EKDN230028462-1A_HKTTNDSX7_L4.100;k__Bacteria;(UID203);5449;104;58;79;18;7;0;0;0;20.89;5.80;100.00
R19_EKDN230028447-1A_HKTC2DSX7_L3.4;k__Bacteria;(UID203);5449;104;58;86;18;0;0;0;0;20.86;0.00;0.00
V10_EKDN230028462-1A_HKTTNDSX7_L4.47;k__Bacteria;(UID203);5449;104;58;89;15;0;0;0;0;20.85;0.00;0.00
V4_EKDN230028456-1A_HKTTNDSX7_L4.97;root;(UID1);5656;56;24;51;5;0;0;0;0;20.83;0.00;0.00
R9_EKDN230028437-1A_HKTC2DSX7_L3.8;o__Rickettsiales;(UID3809);83;324;211;253;68;2;1;0;0;20.83;1.20;0.00
R2_EKDN230028430-1A_HKTC2DSX7_L3.30;k__Bacteria;(UID203);5449;104;58;84;20;0;0;0;0;20.82;0.00;0.00
V6_EKDN230028458-1A_HKTTNDSX7_L4.103;k__Bacteria;(UID203);5449;104;58;92;12;0;0;0;0;20.69;0.00;0.00
V5_EKDN230028457-1A_HKTTNDSX7_L4.74;k__Bacteria;(UID203);5449;104;58;90;14;0;0;0;0;20.69;0.00;0.00
V2_EKDN230028454-1A_HKTTNDSX7_L4.166;k__Bacteria;(UID203);5449;104;58;92;12;0;0;0;0;20.69;0.00;0.00
R24_EKDN230028452-1A_HKTTNDSX7_L4.16;k__Bacteria;(UID203);5449;104;58;91;13;0;0;0;0;20.69;0.00;0.00
V2_EKDN230028454-1A_HKTTNDSX7_L4.168;o__Burkholderiales;(UID4000);193;427;214;290;135;2;0;0;0;20.48;0.51;100.00
R21_EKDN230028449-1A_HKTC2DSX7_L3.29;k__Bacteria;(UID203);5449;104;58;87;15;2;0;0;0;20.45;3.45;0.00
V9_EKDN230028461-1A_HKTTNDSX7_L4.77;k__Bacteria;(UID203);5449;99;53;86;13;0;0;0;0;20.44;0.00;0.00
R10_EKDN230028438-1A_HKTC2DSX7_L3.37;k__Bacteria;(UID203);5449;104;58;87;17;0;0;0;0;20.40;0.00;0.00
V10_EKDN230028462-1A_HKTTNDSX7_L4.26;o__Burkholderiales;(UID4000);193;427;214;312;110;5;0;0;0;20.40;0.46;100.00
R12_EKDN230028440-1A_HKTC2DSX7_L3.19;k__Bacteria;(UID1453);901;171;117;115;40;13;3;0;0;20.40;3.36;4.55
R20_EKDN230028448-1A_HKTC2DSX7_L3.21;c__Deltaproteobacteria;(UID3216);83;247;155;187;59;1;0;0;0;20.38;0.32;100.00
R13_EKDN230028441-1A_HKTC2DSX7_L3.11;k__Bacteria;(UID203);5449;103;57;85;15;3;0;0;0;20.26;0.48;100.00
R22_EKDN230028450-1A_HKTC2DSX7_L3.1;k__Bacteria;(UID203);5449;100;57;87;11;2;0;0;0;20.18;3.51;0.00
R2_EKDN230028430-1A_HKTC2DSX7_L3.24;k__Bacteria;(UID203);5449;104;58;90;14;0;0;0;0;20.17;0.00;0.00
V9_EKDN230028461-1A_HKTTNDSX7_L4.70;k__Bacteria;(UID1452);924;158;106;127;31;0;0;0;0;20.03;0.00;0.00
V2_EKDN230028454-1A_HKTTNDSX7_L4.159;k__Bacteria;(UID203);5449;104;58;87;16;1;0;0;0;19.91;1.72;0.00
V12_EKDN230028464-1A_HKTTNDSX7_L4.106;k__Bacteria;(UID203);5449;104;58;91;13;0;0;0;0;19.83;0.00;0.00
R4_EKDN230028432-1A_HKTC2DSX7_L3.20;k__Bacteria;(UID203);5449;104;58;88;16;0;0;0;0;19.83;0.00;0.00
R22_EKDN230028450-1A_HKTC2DSX7_L3.89;k__Bacteria;(UID203);5449;104;58;90;10;4;0;0;0;19.83;5.17;0.00
R19_EKDN230028447-1A_HKTC2DSX7_L3.19;k__Bacteria;(UID203);5449;104;58;91;13;0;0;0;0;19.83;0.00;0.00
R5_EKDN230028433-1A_HKTC2DSX7_L3.15;k__Bacteria;(UID203);5449;103;57;87;16;0;0;0;0;19.78;0.00;0.00
V11_EKDN230028463-1A_HKTTNDSX7_L4.106;k__Bacteria;(UID203);5449;104;58;85;19;0;0;0;0;19.75;0.00;0.00
R21_EKDN230028449-1A_HKTC2DSX7_L3.28;k__Bacteria;(UID203);5449;104;58;87;15;1;1;0;0;19.66;2.59;25.00
R18_EKDN230028446-1A_HKTC2DSX7_L3.72;k__Bacteria;(UID203);5449;104;58;88;13;3;0;0;0;19.66;3.45;0.00
V4_EKDN230028456-1A_HKTTNDSX7_L4.61;k__Bacteria;(UID3187);2258;185;114;141;44;0;0;0;0;19.48;0.00;0.00
V5_EKDN230028457-1A_HKTTNDSX7_L4.88;k__Bacteria;(UID203);5449;104;58;89;13;2;0;0;0;19.44;1.88;0.00
V4_EKDN230028456-1A_HKTTNDSX7_L4.33;k__Bacteria;(UID203);5449;101;57;89;12;0;0;0;0;19.30;0.00;0.00
V3_EKDN230028455-1A_HKTC2DSX7_L4.21;k__Bacteria;(UID203);5449;103;57;91;12;0;0;0;0;19.30;0.00;0.00
V1_EKDN230028453-1A_HKTTNDSX7_L4.55;k__Bacteria;(UID203);5449;104;58;88;13;3;0;0;0;19.28;3.45;0.00
V1_EKDN230028453-1A_HKTTNDSX7_L4.76;k__Bacteria;(UID203);5449;104;58;90;13;1;0;0;0;19.14;0.34;0.00
V12_EKDN230028464-1A_HKTTNDSX7_L4.25;k__Bacteria;(UID203);5449;104;58;90;14;0;0;0;0;19.12;0.00;0.00
R3_EKDN230028431-1A_HKTC2DSX7_L3.34;k__Bacteria;(UID203);5449;104;58;91;11;2;0;0;0;19.12;3.45;0.00
V5_EKDN230028457-1A_HKTTNDSX7_L4.106;k__Bacteria;(UID203);5449;102;56;87;12;3;0;0;0;19.09;2.50;0.00
R7_EKDN230028435-1A_HKTC2DSX7_L3.25;k__Bacteria;(UID1453);901;171;117;127;38;5;1;0;0;19.03;2.39;12.50
V8_EKDN230028460-1A_HJH72DSX7_L2.68;k__Bacteria;(UID203);5449;104;58;91;13;0;0;0;0;18.97;0.00;0.00
V2_EKDN230028454-1A_HKTTNDSX7_L4.61;k__Bacteria;(UID203);5449;104;58;92;12;0;0;0;0;18.97;0.00;0.00
V1_EKDN230028453-1A_HKTTNDSX7_L4.83;k__Bacteria;(UID203);5449;104;58;92;7;5;0;0;0;18.97;6.90;100.00
R6_EKDN230028434-1A_HKTC2DSX7_L3.14;k__Bacteria;(UID203);5449;104;58;92;12;0;0;0;0;18.97;0.00;0.00
R3_EKDN230028431-1A_HKTC2DSX7_L3.3;k__Bacteria;(UID203);5449;104;58;90;13;1;0;0;0;18.97;1.72;100.00
R21_EKDN230028449-1A_HKTC2DSX7_L3.42;k__Bacteria;(UID203);5449;104;58;93;10;0;1;0;0;18.97;3.45;33.33
R15_EKDN230028443-1A_HKTC2DSX7_L3.9;k__Bacteria;(UID203);5449;104;58;93;11;0;0;0;0;18.97;0.00;0.00
R10_EKDN230028438-1A_HKTC2DSX7_L3.84;k__Bacteria;(UID203);5449;104;58;93;10;1;0;0;0;18.97;1.72;0.00
R10_EKDN230028438-1A_HKTC2DSX7_L3.54;k__Bacteria;(UID203);5449;104;58;93;11;0;0;0;0;18.97;0.00;0.00
V5_EKDN230028457-1A_HKTTNDSX7_L4.70;k__Bacteria;(UID203);5449;104;58;88;9;6;1;0;0;18.89;12.93;55.56
V8_EKDN230028460-1A_HHGM2DSX7_L1.12;k__Bacteria;(UID203);5449;104;58;89;12;3;0;0;0;18.73;5.17;33.33
V10_EKDN230028462-1A_HKTTNDSX7_L4.88;o__Burkholderiales;(UID4000);193;427;214;332;92;3;0;0;0;18.71;0.78;0.00
R17_EKDN230028445-1A_HKTC2DSX7_L3.22;k__Bacteria;(UID2565);2921;141;86;111;30;0;0;0;0;18.63;0.00;0.00
V9_EKDN230028461-1A_HKTTNDSX7_L4.46;k__Bacteria;(UID203);5449;103;57;91;12;0;0;0;0;18.42;0.00;0.00
R12_EKDN230028440-1A_HKTC2DSX7_L3.62;k__Bacteria;(UID203);5449;104;58;91;12;1;0;0;0;18.39;1.72;0.00
R19_EKDN230028447-1A_HKTC2DSX7_L3.11;k__Bacteria;(UID203);5449;104;58;87;17;0;0;0;0;18.34;0.00;0.00
V7_EKDN230028459-1A_HKTTNDSX7_L4.23;k__Bacteria;(UID203);5449;104;58;90;13;1;0;0;0;18.28;1.72;0.00
V3_EKDN230028455-1A_HKTC2DSX7_L4.96;k__Bacteria;(UID203);5449;104;58;88;16;0;0;0;0;18.28;0.00;0.00
V5_EKDN230028457-1A_HKTTNDSX7_L4.63;c__Deltaproteobacteria;(UID3216);83;247;155;204;43;0;0;0;0;18.22;0.00;0.00
V2_EKDN230028454-1A_HKTTNDSX7_L4.118;k__Bacteria;(UID203);5449;104;58;89;14;1;0;0;0;18.21;1.72;0.00
V9_EKDN230028461-1A_HKTTNDSX7_L4.78;k__Bacteria;(UID2329);174;149;89;120;29;0;0;0;0;18.16;0.00;0.00
R3_EKDN230028431-1A_HKTC2DSX7_L3.19;k__Bacteria;(UID203);5449;104;58;93;11;0;0;0;0;18.10;0.00;0.00
R1_EKDN230028429-1A_HKTC2DSX7_L3.56;k__Bacteria;(UID203);5449;104;58;93;9;2;0;0;0;18.10;3.45;50.00
R18_EKDN230028446-1A_HKTC2DSX7_L3.22;k__Bacteria;(UID203);5449;104;58;85;19;0;0;0;0;18.04;0.00;0.00
R7_EKDN230028435-1A_HKTC2DSX7_L3.4;k__Bacteria;(UID203);5449;104;58;86;11;7;0;0;0;18.03;3.92;28.57
R17_EKDN230028445-1A_HKTC2DSX7_L3.1;k__Bacteria;(UID203);5449;104;58;91;13;0;0;0;0;17.97;0.00;0.00
V12_EKDN230028464-1A_HKTTNDSX7_L4.89;k__Bacteria;(UID203);5449;104;58;88;16;0;0;0;0;17.87;0.00;0.00
R5_EKDN230028433-1A_HKTC2DSX7_L3.5;k__Bacteria;(UID203);5449;104;58;87;17;0;0;0;0;17.87;0.00;0.00
R7_EKDN230028435-1A_HKTC2DSX7_L3.9;o__Rhizobiales;(UID3654);92;481;319;390;85;6;0;0;0;17.81;0.73;100.00
R9_EKDN230028437-1A_HKTC2DSX7_L3.18;c__Gammaproteobacteria;(UID4274);112;575;286;430;117;23;2;1;2;17.73;3.93;3.49
R2_EKDN230028430-1A_HKTC2DSX7_L3.75;k__Bacteria;(UID203);5449;104;58;82;17;2;0;2;1;17.62;3.45;16.67
V11_EKDN230028463-1A_HKTTNDSX7_L4.58;k__Bacteria;(UID203);5449;101;57;91;10;0;0;0;0;17.54;0.00;0.00
R12_EKDN230028440-1A_HKTC2DSX7_L3.68;k__Bacteria;(UID203);5449;104;58;85;19;0;0;0;0;17.49;0.00;0.00
V8_EKDN230028460-1A_HJH72DSX7_L2.25;k__Bacteria;(UID203);5449;104;58;93;11;0;0;0;0;17.24;0.00;0.00
V4_EKDN230028456-1A_HKTTNDSX7_L4.113;k__Bacteria;(UID203);5449;104;58;92;12;0;0;0;0;17.24;0.00;0.00
V3_EKDN230028455-1A_HKTC2DSX7_L4.95;k__Bacteria;(UID203);5449;104;58;94;10;0;0;0;0;17.24;0.00;0.00
V2_EKDN230028454-1A_HKTTNDSX7_L4.48;k__Bacteria;(UID203);5449;104;58;93;10;1;0;0;0;17.24;1.72;0.00
V11_EKDN230028463-1A_HKTTNDSX7_L4.117;k__Bacteria;(UID203);5449;104;58;92;12;0;0;0;0;17.24;0.00;0.00
R8_EKDN230028436-1A_HKTC2DSX7_L3.7;k__Bacteria;(UID203);5449;104;58;93;11;0;0;0;0;17.24;0.00;0.00
R23_EKDN230028451-1A_HKTC2DSX7_L4.12;k__Bacteria;(UID203);5449;104;58;89;15;0;0;0;0;17.24;0.00;0.00
R21_EKDN230028449-1A_HKTC2DSX7_L3.53;k__Bacteria;(UID203);5449;104;58;94;10;0;0;0;0;17.24;0.00;0.00
R1_EKDN230028429-1A_HKTC2DSX7_L3.49;k__Bacteria;(UID203);5449;104;58;93;11;0;0;0;0;17.24;0.00;0.00
R19_EKDN230028447-1A_HKTC2DSX7_L3.26;k__Bacteria;(UID203);5449;104;58;89;15;0;0;0;0;17.24;0.00;0.00
R18_EKDN230028446-1A_HKTC2DSX7_L3.39;k__Bacteria;(UID203);5449;104;58;92;12;0;0;0;0;17.24;0.00;0.00
R17_EKDN230028445-1A_HKTC2DSX7_L3.23;k__Bacteria;(UID203);5449;104;58;91;13;0;0;0;0;17.24;0.00;0.00
R12_EKDN230028440-1A_HKTC2DSX7_L3.5;k__Bacteria;(UID203);5449;104;58;92;12;0;0;0;0;17.24;0.00;0.00
R10_EKDN230028438-1A_HKTC2DSX7_L3.69;k__Bacteria;(UID203);5449;104;58;93;10;1;0;0;0;17.24;1.72;0.00
V1_EKDN230028453-1A_HKTTNDSX7_L4.121;k__Bacteria;(UID203);5449;98;58;85;13;0;0;0;0;17.07;0.00;0.00
R3_EKDN230028431-1A_HKTC2DSX7_L3.29;k__Bacteria;(UID203);5449;104;58;92;11;1;0;0;0;17.07;1.72;0.00
R2_EKDN230028430-1A_HKTC2DSX7_L3.69;k__Archaea;(UID2);207;149;107;124;24;1;0;0;0;16.89;0.93;0.00
V12_EKDN230028464-1A_HKTTNDSX7_L4.47;k__Bacteria;(UID203);5449;104;58;92;10;2;0;0;0;16.69;1.88;50.00
V10_EKDN230028462-1A_HKTTNDSX7_L4.15;root;(UID1);5656;56;24;52;4;0;0;0;0;16.67;0.00;0.00
R2_EKDN230028430-1A_HKTC2DSX7_L3.32;root;(UID1);5656;56;24;52;4;0;0;0;0;16.67;0.00;0.00
R1_EKDN230028429-1A_HKTC2DSX7_L3.31;root;(UID1);5656;56;24;52;4;0;0;0;0;16.67;0.00;0.00
R18_EKDN230028446-1A_HKTC2DSX7_L3.71;root;(UID1);5656;56;24;52;4;0;0;0;0;16.67;0.00;0.00
R16_EKDN230028444-1A_HKTC2DSX7_L3.38;root;(UID1);5656;56;24;52;4;0;0;0;0;16.67;0.00;0.00
R12_EKDN230028440-1A_HKTC2DSX7_L3.63;root;(UID1);5656;56;24;52;3;1;0;0;0;16.67;4.17;100.00
V12_EKDN230028464-1A_HKTTNDSX7_L4.30;o__Burkholderiales;(UID4000);193;427;214;333;94;0;0;0;0;16.46;0.00;0.00
R17_EKDN230028445-1A_HKTC2DSX7_L3.47;p__Bacteroidetes;(UID2591);364;302;203;247;54;1;0;0;0;16.46;0.49;0.00
R1_EKDN230028429-1A_HKTC2DSX7_L3.25;k__Bacteria;(UID203);5449;103;57;89;14;0;0;0;0;16.43;0.00;0.00
V10_EKDN230028462-1A_HKTTNDSX7_L4.67;k__Bacteria;(UID203);5449;104;58;94;8;2;0;0;0;16.38;3.45;100.00
R12_EKDN230028440-1A_HKTC2DSX7_L3.84;k__Bacteria;(UID203);5449;104;58;93;11;0;0;0;0;16.38;0.00;0.00
R2_EKDN230028430-1A_HKTC2DSX7_L3.6;k__Bacteria;(UID203);5449;104;58;90;14;0;0;0;0;16.30;0.00;0.00
V9_EKDN230028461-1A_HKTTNDSX7_L4.102;k__Bacteria;(UID203);5449;104;58;87;17;0;0;0;0;16.29;0.00;0.00
R2_EKDN230028430-1A_HKTC2DSX7_L3.28;k__Bacteria;(UID203);5449;104;58;93;11;0;0;0;0;16.21;0.00;0.00
V3_EKDN230028455-1A_HKTC2DSX7_L4.67;o__Burkholderiales;(UID4000);193;427;214;325;99;3;0;0;0;16.12;0.27;66.67
V5_EKDN230028457-1A_HKTTNDSX7_L4.130;o__Burkholderiales;(UID4105);54;553;264;429;113;11;0;0;0;15.91;2.22;27.27
R10_EKDN230028438-1A_HKTC2DSX7_L3.22;k__Bacteria;(UID203);5449;104;58;92;12;0;0;0;0;15.86;0.00;0.00
V7_EKDN230028459-1A_HKTTNDSX7_L4.49;k__Bacteria;(UID203);5449;103;57;94;8;1;0;0;0;15.79;1.75;0.00
R16_EKDN230028444-1A_HKTC2DSX7_L3.30;k__Bacteria;(UID1453);901;171;117;135;34;2;0;0;0;15.64;1.28;0.00
V8_EKDN230028460-1A_HHGM2DSX7_L1.10;k__Bacteria;(UID203);5449;104;58;95;9;0;0;0;0;15.52;0.00;0.00
V7_EKDN230028459-1A_HKTTNDSX7_L4.126;k__Bacteria;(UID203);5449;104;58;92;12;0;0;0;0;15.52;0.00;0.00
V2_EKDN230028454-1A_HKTTNDSX7_L4.3;k__Bacteria;(UID203);5449;104;58;93;11;0;0;0;0;15.52;0.00;0.00
V11_EKDN230028463-1A_HKTTNDSX7_L4.52;k__Bacteria;(UID203);5449;104;58;94;9;1;0;0;0;15.52;1.72;100.00
V2_EKDN230028454-1A_HKTTNDSX7_L4.156;k__Bacteria;(UID203);5449;100;55;86;14;0;0;0;0;15.45;0.00;0.00
V8_EKDN230028460-1A_HJH72DSX7_L2.51;k__Bacteria;(UID203);5449;104;58;90;14;0;0;0;0;15.28;0.00;0.00
V4_EKDN230028456-1A_HKTTNDSX7_L4.98;k__Bacteria;(UID203);5449;104;58;86;13;3;2;0;0;15.20;1.10;0.00
R10_EKDN230028438-1A_HKTC2DSX7_L3.55;k__Bacteria;(UID203);5449;104;58;85;18;1;0;0;0;15.20;0.16;100.00
R21_EKDN230028449-1A_HKTC2DSX7_L3.8;k__Bacteria;(UID203);5449;104;58;91;13;0;0;0;0;15.17;0.00;0.00
R18_EKDN230028446-1A_HKTC2DSX7_L3.21;k__Bacteria;(UID203);5449;104;58;92;12;0;0;0;0;15.13;0.00;0.00
V12_EKDN230028464-1A_HKTTNDSX7_L4.65;k__Bacteria;(UID203);5449;104;58;89;13;2;0;0;0;14.99;3.45;50.00
V4_EKDN230028456-1A_HKTTNDSX7_L4.1;k__Bacteria;(UID203);5449;103;57;94;8;1;0;0;0;14.91;1.75;100.00
V12_EKDN230028464-1A_HKTTNDSX7_L4.82;o__Actinomycetales;(UID1663);488;310;185;260;47;3;0;0;0;14.89;1.62;0.00
V10_EKDN230028462-1A_HKTTNDSX7_L4.94;k__Bacteria;(UID203);5449;104;58;88;15;1;0;0;0;14.89;1.72;0.00
R19_EKDN230028447-1A_HKTC2DSX7_L3.24;k__Bacteria;(UID2495);2993;147;91;112;33;2;0;0;0;14.70;0.16;0.00
V7_EKDN230028459-1A_HKTTNDSX7_L4.104;k__Bacteria;(UID203);5449;104;58;94;9;1;0;0;0;14.66;0.86;100.00
V6_EKDN230028458-1A_HKTTNDSX7_L4.36;k__Bacteria;(UID203);5449;104;58;95;9;0;0;0;0;14.66;0.00;0.00
R15_EKDN230028443-1A_HKTC2DSX7_L3.64;k__Bacteria;(UID203);5449;104;58;94;6;4;0;0;0;14.66;4.31;100.00
V9_EKDN230028461-1A_HKTTNDSX7_L4.63;k__Bacteria;(UID1453);901;171;117;141;30;0;0;0;0;14.43;0.00;0.00
R21_EKDN230028449-1A_HKTC2DSX7_L3.45;k__Bacteria;(UID203);5449;104;58;90;12;2;0;0;0;14.42;1.72;0.00
V3_EKDN230028455-1A_HKTC2DSX7_L4.118;k__Bacteria;(UID203);5449;104;58;94;10;0;0;0;0;14.14;0.00;0.00
R1_EKDN230028429-1A_HKTC2DSX7_L3.10;k__Bacteria;(UID203);5449;104;58;94;10;0;0;0;0;14.14;0.00;0.00
R17_EKDN230028445-1A_HKTC2DSX7_L3.26;k__Bacteria;(UID203);5449;104;58;91;13;0;0;0;0;14.11;0.00;0.00
R16_EKDN230028444-1A_HKTC2DSX7_L3.65;o__Burkholderiales;(UID4000);193;426;214;355;71;0;0;0;0;14.06;0.00;0.00
R9_EKDN230028437-1A_HKTC2DSX7_L3.4;k__Bacteria;(UID203);5449;103;57;93;8;2;0;0;0;14.04;1.75;100.00
V1_EKDN230028453-1A_HKTTNDSX7_L4.2;k__Bacteria;(UID203);5449;103;58;93;10;0;0;0;0;13.95;0.00;0.00
V4_EKDN230028456-1A_HKTTNDSX7_L4.34;k__Bacteria;(UID203);5449;104;58;90;13;1;0;0;0;13.87;1.72;0.00
V9_EKDN230028461-1A_HKTTNDSX7_L4.108;k__Bacteria;(UID203);5449;104;58;92;12;0;0;0;0;13.79;0.00;0.00
V8_EKDN230028460-1A_HJH72DSX7_L2.84;k__Bacteria;(UID203);5449;104;58;94;10;0;0;0;0;13.79;0.00;0.00
V5_EKDN230028457-1A_HKTTNDSX7_L4.57;k__Bacteria;(UID203);5449;103;58;93;10;0;0;0;0;13.79;0.00;0.00
V3_EKDN230028455-1A_HKTC2DSX7_L4.73;k__Bacteria;(UID203);5449;104;58;95;8;1;0;0;0;13.79;1.72;0.00
V2_EKDN230028454-1A_HKTTNDSX7_L4.80;k__Bacteria;(UID203);5449;104;58;94;10;0;0;0;0;13.79;0.00;0.00
V2_EKDN230028454-1A_HKTTNDSX7_L4.39;k__Bacteria;(UID203);5449;104;58;95;7;2;0;0;0;13.79;1.72;0.00
V11_EKDN230028463-1A_HKTTNDSX7_L4.20;k__Bacteria;(UID203);5449;104;58;96;8;0;0;0;0;13.79;0.00;0.00
R6_EKDN230028434-1A_HKTC2DSX7_L3.17;k__Bacteria;(UID203);5449;104;58;95;9;0;0;0;0;13.79;0.00;0.00
R4_EKDN230028432-1A_HKTC2DSX7_L3.52;k__Bacteria;(UID203);5449;104;58;95;9;0;0;0;0;13.79;0.00;0.00
R2_EKDN230028430-1A_HKTC2DSX7_L3.41;k__Bacteria;(UID203);5449;104;58;95;9;0;0;0;0;13.79;0.00;0.00
R22_EKDN230028450-1A_HKTC2DSX7_L3.37;k__Bacteria;(UID203);5449;104;58;96;8;0;0;0;0;13.79;0.00;0.00
R1_EKDN230028429-1A_HKTC2DSX7_L3.67;k__Bacteria;(UID203);5449;104;58;96;8;0;0;0;0;13.79;0.00;0.00
R16_EKDN230028444-1A_HKTC2DSX7_L3.69;k__Bacteria;(UID203);5449;103;58;95;4;4;0;0;0;13.79;6.90;100.00
R15_EKDN230028443-1A_HKTC2DSX7_L3.14;k__Bacteria;(UID203);5449;104;58;95;9;0;0;0;0;13.79;0.00;0.00
R11_EKDN230028439-1A_HKTC2DSX7_L3.46;k__Bacteria;(UID203);5449;104;58;94;10;0;0;0;0;13.79;0.00;0.00
R4_EKDN230028432-1A_HKTC2DSX7_L3.55;k__Bacteria;(UID203);5449;103;57;88;15;0;0;0;0;13.59;0.00;0.00
V5_EKDN230028457-1A_HKTTNDSX7_L4.145;k__Bacteria;(UID203);5449;102;56;92;10;0;0;0;0;13.56;0.00;0.00
R1_EKDN230028429-1A_HKTC2DSX7_L3.22;k__Bacteria;(UID203);5449;104;58;95;9;0;0;0;0;13.51;0.00;0.00
V2_EKDN230028454-1A_HKTTNDSX7_L4.37;k__Bacteria;(UID2569);434;278;186;235;43;0;0;0;0;13.50;0.00;0.00
V5_EKDN230028457-1A_HKTTNDSX7_L4.49;k__Bacteria;(UID203);5449;102;56;94;8;0;0;0;0;13.39;0.00;0.00
R1_EKDN230028429-1A_HKTC2DSX7_L3.43;k__Archaea;(UID2);207;149;107;129;19;1;0;0;0;13.31;0.93;0.00
V5_EKDN230028457-1A_HKTTNDSX7_L4.13;k__Bacteria;(UID203);5449;103;57;85;16;2;0;0;0;13.19;0.32;50.00
V6_EKDN230028458-1A_HKTTNDSX7_L4.1;k__Bacteria;(UID203);5449;103;57;95;8;0;0;0;0;13.16;0.00;0.00
V2_EKDN230028454-1A_HKTTNDSX7_L4.35;k__Bacteria;(UID203);5449;103;57;92;11;0;0;0;0;13.16;0.00;0.00
R1_EKDN230028429-1A_HKTC2DSX7_L3.28;k__Bacteria;(UID203);5449;104;58;80;19;5;0;0;0;13.01;0.78;20.00
R3_EKDN230028431-1A_HKTC2DSX7_L3.28;k__Archaea;(UID2);207;149;107;122;25;2;0;0;0;12.96;0.14;0.00
V4_EKDN230028456-1A_HKTTNDSX7_L4.93;k__Bacteria;(UID203);5449;104;58;96;7;1;0;0;0;12.93;1.72;100.00
R8_EKDN230028436-1A_HKTC2DSX7_L3.37;k__Bacteria;(UID203);5449;104;58;95;9;0;0;0;0;12.93;0.00;0.00
R4_EKDN230028432-1A_HKTC2DSX7_L3.23;k__Bacteria;(UID203);5449;104;58;94;9;1;0;0;0;12.93;0.86;0.00
R12_EKDN230028440-1A_HKTC2DSX7_L3.46;k__Bacteria;(UID203);5449;104;58;95;9;0;0;0;0;12.93;0.00;0.00
R19_EKDN230028447-1A_HKTC2DSX7_L3.23;k__Bacteria;(UID203);5449;104;58;84;18;1;1;0;0;12.92;2.07;25.00
R1_EKDN230028429-1A_HKTC2DSX7_L3.39;k__Bacteria;(UID203);5449;104;58;89;15;0;0;0;0;12.87;0.00;0.00
V9_EKDN230028461-1A_HKTTNDSX7_L4.19;c__Clostridia;(UID1118);387;223;124;180;43;0;0;0;0;12.74;0.00;0.00
V2_EKDN230028454-1A_HKTTNDSX7_L4.58;k__Bacteria;(UID203);5449;104;58;91;13;0;0;0;0;12.70;0.00;0.00
R23_EKDN230028451-1A_HKTC2DSX7_L4.41;k__Bacteria;(UID203);5449;104;58;92;12;0;0;0;0;12.70;0.00;0.00
R4_EKDN230028432-1A_HKTC2DSX7_L3.11;k__Bacteria;(UID203);5449;104;58;92;12;0;0;0;0;12.54;0.00;0.00
R10_EKDN230028438-1A_HKTC2DSX7_L3.94;k__Bacteria;(UID203);5449;104;58;94;10;0;0;0;0;12.54;0.00;0.00
V2_EKDN230028454-1A_HKTTNDSX7_L4.62;root;(UID1);5656;56;24;53;3;0;0;0;0;12.50;0.00;0.00
V11_EKDN230028463-1A_HKTTNDSX7_L4.89;root;(UID1);5656;56;24;53;3;0;0;0;0;12.50;0.00;0.00
V10_EKDN230028462-1A_HKTTNDSX7_L4.46;root;(UID1);5656;56;24;53;3;0;0;0;0;12.50;0.00;0.00
R9_EKDN230028437-1A_HKTC2DSX7_L3.22;root;(UID1);5656;56;24;53;3;0;0;0;0;12.50;0.00;0.00
R17_EKDN230028445-1A_HKTC2DSX7_L3.33;k__Bacteria;(UID203);5449;103;57;89;14;0;0;0;0;12.44;0.00;0.00
R2_EKDN230028430-1A_HKTC2DSX7_L3.73;k__Archaea;(UID2);207;149;107;121;27;1;0;0;0;12.42;0.31;0.00
R23_EKDN230028451-1A_HKTC2DSX7_L4.31;p__Bacteroidetes;(UID2591);364;303;203;265;38;0;0;0;0;12.42;0.00;0.00
V5_EKDN230028457-1A_HKTTNDSX7_L4.44;k__Bacteria;(UID203);5449;104;58;96;7;1;0;0;0;12.41;1.72;100.00
R13_EKDN230028441-1A_HKTC2DSX7_L3.36;k__Bacteria;(UID203);5449;104;58;94;7;3;0;0;0;12.41;5.17;100.00
V11_EKDN230028463-1A_HKTTNDSX7_L4.62;k__Bacteria;(UID203);5449;104;58;95;7;2;0;0;0;12.23;3.45;50.00
V8_EKDN230028460-1A_HJH72DSX7_L2.16;k__Bacteria;(UID203);5449;104;58;95;9;0;0;0;0;12.07;0.00;0.00
V6_EKDN230028458-1A_HKTTNDSX7_L4.38;k__Bacteria;(UID203);5449;104;58;96;7;1;0;0;0;12.07;1.72;100.00
V5_EKDN230028457-1A_HKTTNDSX7_L4.122;k__Bacteria;(UID203);5449;104;58;96;8;0;0;0;0;12.07;0.00;0.00
V12_EKDN230028464-1A_HKTTNDSX7_L4.53;k__Bacteria;(UID203);5449;104;58;95;8;1;0;0;0;12.07;0.86;100.00
V11_EKDN230028463-1A_HKTTNDSX7_L4.91;k__Bacteria;(UID203);5449;104;58;95;9;0;0;0;0;12.07;0.00;0.00
V11_EKDN230028463-1A_HKTTNDSX7_L4.8;k__Bacteria;(UID203);5449;104;58;96;7;1;0;0;0;12.07;0.86;100.00
V11_EKDN230028463-1A_HKTTNDSX7_L4.111;k__Bacteria;(UID203);5449;104;58;96;8;0;0;0;0;12.07;0.00;0.00
R9_EKDN230028437-1A_HKTC2DSX7_L3.47;k__Bacteria;(UID203);5449;104;58;96;8;0;0;0;0;12.07;0.00;0.00
R22_EKDN230028450-1A_HKTC2DSX7_L3.24;k__Bacteria;(UID203);5449;104;58;96;8;0;0;0;0;12.07;0.00;0.00
R21_EKDN230028449-1A_HKTC2DSX7_L3.49;k__Bacteria;(UID203);5449;104;58;97;6;1;0;0;0;12.07;1.72;100.00
R18_EKDN230028446-1A_HKTC2DSX7_L3.24;k__Bacteria;(UID203);5449;104;58;95;9;0;0;0;0;12.07;0.00;0.00
R10_EKDN230028438-1A_HKTC2DSX7_L3.104;k__Bacteria;(UID203);5449;104;58;97;7;0;0;0;0;12.07;0.00;0.00
V6_EKDN230028458-1A_HKTTNDSX7_L4.18;k__Bacteria;(UID203);5449;98;58;88;10;0;0;0;0;11.90;0.00;0.00
V6_EKDN230028458-1A_HKTTNDSX7_L4.57;k__Bacteria;(UID203);5449;104;58;96;8;0;0;0;0;11.78;0.00;0.00
R17_EKDN230028445-1A_HKTC2DSX7_L3.4;p__Bacteroidetes;(UID2591);364;302;202;248;45;7;2;0;0;11.75;1.55;15.38
R18_EKDN230028446-1A_HKTC2DSX7_L3.68;p__Bacteroidetes;(UID2591);364;298;198;252;42;3;1;0;0;11.75;0.08;16.67
V7_EKDN230028459-1A_HKTTNDSX7_L4.25;o__Burkholderiales;(UID4000);193;427;214;372;55;0;0;0;0;11.46;0.00;0.00
R5_EKDN230028433-1A_HKTC2DSX7_L3.25;k__Archaea;(UID2);207;149;107;128;21;0;0;0;0;11.44;0.00;0.00
V4_EKDN230028456-1A_HKTTNDSX7_L4.124;k__Bacteria;(UID203);5449;103;57;95;7;1;0;0;0;11.40;1.75;100.00
V6_EKDN230028458-1A_HKTTNDSX7_L4.105;k__Bacteria;(UID203);5449;98;53;91;7;0;0;0;0;11.32;0.00;0.00
R22_EKDN230028450-1A_HKTC2DSX7_L3.3;k__Bacteria;(UID3187);2258;190;119;156;33;1;0;0;0;11.26;0.05;0.00
V12_EKDN230028464-1A_HKTTNDSX7_L4.119;k__Bacteria;(UID203);5449;100;55;88;12;0;0;0;0;11.26;0.00;0.00
V9_EKDN230028461-1A_HKTTNDSX7_L4.99;k__Bacteria;(UID203);5449;104;58;97;7;0;0;0;0;11.21;0.00;0.00
V3_EKDN230028455-1A_HKTC2DSX7_L4.70;k__Bacteria;(UID203);5449;104;58;97;6;0;1;0;0;11.21;3.45;100.00
V2_EKDN230028454-1A_HKTTNDSX7_L4.45;k__Bacteria;(UID203);5449;104;58;94;10;0;0;0;0;11.21;0.00;0.00
V10_EKDN230028462-1A_HKTTNDSX7_L4.127;k__Bacteria;(UID203);5449;104;58;97;7;0;0;0;0;11.21;0.00;0.00
R17_EKDN230028445-1A_HKTC2DSX7_L3.13;k__Bacteria;(UID203);5449;104;58;96;8;0;0;0;0;11.21;0.00;0.00
R15_EKDN230028443-1A_HKTC2DSX7_L3.44;k__Bacteria;(UID203);5449;104;58;96;7;1;0;0;0;11.21;0.86;100.00
R10_EKDN230028438-1A_HKTC2DSX7_L3.61;k__Bacteria;(UID203);5449;104;58;97;7;0;0;0;0;11.21;0.00;0.00
R10_EKDN230028438-1A_HKTC2DSX7_L3.4;k__Bacteria;(UID203);5449;104;58;96;8;0;0;0;0;11.21;0.00;0.00
V5_EKDN230028457-1A_HKTTNDSX7_L4.93;k__Bacteria;(UID203);5449;104;58;93;11;0;0;0;0;11.13;0.00;0.00
R23_EKDN230028451-1A_HKTC2DSX7_L4.14;k__Bacteria;(UID203);5449;104;58;91;8;5;0;0;0;11.13;2.19;40.00
V3_EKDN230028455-1A_HKTC2DSX7_L4.28;k__Bacteria;(UID203);5449;104;58;94;10;0;0;0;0;10.97;0.00;0.00
R1_EKDN230028429-1A_HKTC2DSX7_L3.42;k__Bacteria;(UID203);5449;104;58;95;8;1;0;0;0;10.82;1.72;100.00
R20_EKDN230028448-1A_HKTC2DSX7_L3.48;k__Bacteria;(UID203);5449;104;58;78;17;3;4;2;0;10.78;6.24;3.70
V7_EKDN230028459-1A_HKTTNDSX7_L4.7;o__Clostridiales;(UID1212);172;263;149;219;44;0;0;0;0;10.75;0.00;0.00
V7_EKDN230028459-1A_HKTTNDSX7_L4.37;k__Bacteria;(UID203);5449;104;58;94;10;0;0;0;0;10.67;0.00;0.00
V2_EKDN230028454-1A_HKTTNDSX7_L4.144;k__Bacteria;(UID203);5449;103;57;97;6;0;0;0;0;10.53;0.00;0.00
V6_EKDN230028458-1A_HKTTNDSX7_L4.8;k__Bacteria;(UID203);5449;104;58;96;7;1;0;0;0;10.50;1.72;100.00
V5_EKDN230028457-1A_HKTTNDSX7_L4.140;k__Bacteria;(UID203);5449;104;58;95;9;0;0;0;0;10.50;0.00;0.00
R19_EKDN230028447-1A_HKTC2DSX7_L3.40;k__Bacteria;(UID203);5449;102;56;87;15;0;0;0;0;10.39;0.00;0.00
R18_EKDN230028446-1A_HKTC2DSX7_L3.4;o__Rhizobiales;(UID3642);107;485;316;406;62;15;2;0;0;10.35;1.78;42.86
V9_EKDN230028461-1A_HKTTNDSX7_L4.142;k__Bacteria;(UID203);5449;104;58;98;6;0;0;0;0;10.34;0.00;0.00
V5_EKDN230028457-1A_HKTTNDSX7_L4.92;k__Bacteria;(UID203);5449;104;58;94;10;0;0;0;0;10.34;0.00;0.00
V2_EKDN230028454-1A_HKTTNDSX7_L4.160;k__Bacteria;(UID203);5449;104;58;97;7;0;0;0;0;10.34;0.00;0.00
V2_EKDN230028454-1A_HKTTNDSX7_L4.139;k__Bacteria;(UID203);5449;98;58;88;10;0;0;0;0;10.34;0.00;0.00
V1_EKDN230028453-1A_HKTTNDSX7_L4.102;k__Bacteria;(UID203);5449;104;58;98;5;1;0;0;0;10.34;1.72;100.00
R9_EKDN230028437-1A_HKTC2DSX7_L3.17;k__Bacteria;(UID203);5449;104;58;98;6;0;0;0;0;10.34;0.00;0.00
R4_EKDN230028432-1A_HKTC2DSX7_L3.75;k__Bacteria;(UID203);5449;104;58;97;7;0;0;0;0;10.34;0.00;0.00
R2_EKDN230028430-1A_HKTC2DSX7_L3.5;k__Bacteria;(UID203);5449;104;58;96;8;0;0;0;0;10.34;0.00;0.00
R21_EKDN230028449-1A_HKTC2DSX7_L3.7;k__Bacteria;(UID203);5449;104;58;98;5;1;0;0;0;10.34;1.72;0.00
R17_EKDN230028445-1A_HKTC2DSX7_L3.39;k__Bacteria;(UID203);5449;104;58;97;7;0;0;0;0;10.34;0.00;0.00
R16_EKDN230028444-1A_HKTC2DSX7_L3.66;k__Bacteria;(UID203);5449;104;58;97;7;0;0;0;0;10.34;0.00;0.00
R10_EKDN230028438-1A_HKTC2DSX7_L3.77;k__Bacteria;(UID203);5449;104;58;97;7;0;0;0;0;10.34;0.00;0.00
V6_EKDN230028458-1A_HKTTNDSX7_L4.23;k__Bacteria;(UID203);5449;102;56;94;8;0;0;0;0;10.12;0.00;0.00
R19_EKDN230028447-1A_HKTC2DSX7_L3.6;k__Bacteria;(UID203);5449;104;58;89;15;0;0;0;0;10.03;0.00;0.00
R4_EKDN230028432-1A_HKTC2DSX7_L3.68;k__Bacteria;(UID203);5449;104;58;94;10;0;0;0;0;10.00;0.00;0.00
R16_EKDN230028444-1A_HKTC2DSX7_L3.74;k__Bacteria;(UID203);5449;104;58;91;13;0;0;0;0;9.87;0.00;0.00
R21_EKDN230028449-1A_HKTC2DSX7_L3.55;k__Bacteria;(UID203);5449;104;58;94;10;0;0;0;0;9.78;0.00;0.00
R12_EKDN230028440-1A_HKTC2DSX7_L3.56;k__Bacteria;(UID203);5449;102;56;90;12;0;0;0;0;9.74;0.00;0.00
R11_EKDN230028439-1A_HKTC2DSX7_L3.20;k__Bacteria;(UID203);5449;102;56;92;10;0;0;0;0;9.74;0.00;0.00
V7_EKDN230028459-1A_HKTTNDSX7_L4.14;o__Burkholderiales;(UID4000);193;427;214;355;53;18;1;0;0;9.72;2.39;28.57
V9_EKDN230028461-1A_HKTTNDSX7_L4.103;k__Bacteria;(UID203);5449;104;58;95;9;0;0;0;0;9.66;0.00;0.00
R24_EKDN230028452-1A_HKTTNDSX7_L4.69;k__Bacteria;(UID203);5449;101;57;95;4;2;0;0;0;9.65;3.51;0.00
V9_EKDN230028461-1A_HKTTNDSX7_L4.74;k__Bacteria;(UID203);5449;104;58;96;8;0;0;0;0;9.64;0.00;0.00
R7_EKDN230028435-1A_HKTC2DSX7_L3.27;k__Bacteria;(UID203);5449;104;58;91;13;0;0;0;0;9.56;0.00;0.00
V11_EKDN230028463-1A_HKTTNDSX7_L4.82;k__Bacteria;(UID203);5449;104;58;98;6;0;0;0;0;9.48;0.00;0.00
V11_EKDN230028463-1A_HKTTNDSX7_L4.73;k__Bacteria;(UID203);5449;104;58;97;7;0;0;0;0;9.48;0.00;0.00
V7_EKDN230028459-1A_HKTTNDSX7_L4.105;k__Bacteria;(UID203);5449;104;58;95;9;0;0;0;0;9.31;0.00;0.00
R22_EKDN230028450-1A_HKTC2DSX7_L3.39;k__Bacteria;(UID203);5449;104;58;97;7;0;0;0;0;9.31;0.00;0.00
V12_EKDN230028464-1A_HKTTNDSX7_L4.45;k__Bacteria;(UID203);5449;104;58;94;10;0;0;0;0;9.25;0.00;0.00
R20_EKDN230028448-1A_HKTC2DSX7_L3.28;k__Bacteria;(UID203);5449;104;58;95;8;1;0;0;0;9.25;1.72;0.00
R21_EKDN230028449-1A_HKTC2DSX7_L3.4;k__Bacteria;(UID203);5449;104;58;95;9;0;0;0;0;9.14;0.00;0.00
R23_EKDN230028451-1A_HKTC2DSX7_L4.46;k__Bacteria;(UID203);5449;103;57;97;5;1;0;0;0;9.12;1.75;100.00
R21_EKDN230028449-1A_HKTC2DSX7_L3.6;o__Burkholderiales;(UID4000);193;427;214;376;45;6;0;0;0;9.00;1.54;33.33
R8_EKDN230028436-1A_HKTC2DSX7_L3.34;k__Bacteria;(UID203);5449;104;58;96;8;0;0;0;0;8.93;0.00;0.00
R13_EKDN230028441-1A_HKTC2DSX7_L3.44;k__Bacteria;(UID203);5449;104;58;97;7;0;0;0;0;8.78;0.00;0.00
R4_EKDN230028432-1A_HKTC2DSX7_L3.77;k__Bacteria;(UID203);5449;101;57;95;6;0;0;0;0;8.77;0.00;0.00
R2_EKDN230028430-1A_HKTC2DSX7_L3.54;k__Bacteria;(UID203);5449;103;57;98;5;0;0;0;0;8.77;0.00;0.00
R6_EKDN230028434-1A_HKTC2DSX7_L3.73;k__Archaea;(UID2);207;149;107;129;20;0;0;0;0;8.66;0.00;0.00
V6_EKDN230028458-1A_HKTTNDSX7_L4.99;k__Bacteria;(UID203);5449;104;58;99;5;0;0;0;0;8.62;0.00;0.00
V3_EKDN230028455-1A_HKTC2DSX7_L4.27;k__Bacteria;(UID203);5449;104;58;99;5;0;0;0;0;8.62;0.00;0.00
V2_EKDN230028454-1A_HKTTNDSX7_L4.174;k__Bacteria;(UID203);5449;104;58;98;6;0;0;0;0;8.62;0.00;0.00
V1_EKDN230028453-1A_HKTTNDSX7_L4.98;k__Bacteria;(UID203);5449;104;58;98;5;1;0;0;0;8.62;1.72;100.00
V1_EKDN230028453-1A_HKTTNDSX7_L4.62;k__Bacteria;(UID203);5449;104;58;99;5;0;0;0;0;8.62;0.00;0.00
R3_EKDN230028431-1A_HKTC2DSX7_L3.67;k__Bacteria;(UID203);5449;104;58;99;5;0;0;0;0;8.62;0.00;0.00
R2_EKDN230028430-1A_HKTC2DSX7_L3.1;k__Bacteria;(UID203);5449;104;58;98;6;0;0;0;0;8.62;0.00;0.00
R22_EKDN230028450-1A_HKTC2DSX7_L3.9;k__Bacteria;(UID203);5449;104;58;96;8;0;0;0;0;8.61;0.00;0.00
R5_EKDN230028433-1A_HKTC2DSX7_L3.61;k__Archaea;(UID2);207;149;107;130;19;0;0;0;0;8.59;0.00;0.00
V8_EKDN230028460-1A_HJH72DSX7_L2.37;k__Bacteria;(UID203);5449;104;58;93;11;0;0;0;0;8.54;0.00;0.00
R22_EKDN230028450-1A_HKTC2DSX7_L3.65;k__Bacteria;(UID203);5449;104;58;97;7;0;0;0;0;8.45;0.00;0.00
V5_EKDN230028457-1A_HKTTNDSX7_L4.37;k__Archaea;(UID2);207;149;107;137;10;2;0;0;0;8.41;1.40;100.00
V9_EKDN230028461-1A_HKTTNDSX7_L4.44;root;(UID1);5656;56;24;54;2;0;0;0;0;8.33;0.00;0.00
V8_EKDN230028460-1A_HJH72DSX7_L2.61;root;(UID1);5656;56;24;54;2;0;0;0;0;8.33;0.00;0.00
V7_EKDN230028459-1A_HKTTNDSX7_L4.113;root;(UID1);5656;56;24;54;2;0;0;0;0;8.33;0.00;0.00
V5_EKDN230028457-1A_HKTTNDSX7_L4.40;root;(UID1);5656;56;24;54;2;0;0;0;0;8.33;0.00;0.00
V5_EKDN230028457-1A_HKTTNDSX7_L4.11;root;(UID1);5656;56;24;54;2;0;0;0;0;8.33;0.00;0.00
V4_EKDN230028456-1A_HKTTNDSX7_L4.84;root;(UID1);5656;56;24;54;1;1;0;0;0;8.33;4.17;100.00
V4_EKDN230028456-1A_HKTTNDSX7_L4.39;root;(UID1);5656;56;24;54;2;0;0;0;0;8.33;0.00;0.00
V3_EKDN230028455-1A_HKTC2DSX7_L4.35;root;(UID1);5656;56;24;54;2;0;0;0;0;8.33;0.00;0.00
V3_EKDN230028455-1A_HKTC2DSX7_L4.19;root;(UID1);5656;56;24;54;2;0;0;0;0;8.33;0.00;0.00
V3_EKDN230028455-1A_HKTC2DSX7_L4.113;root;(UID1);5656;56;24;54;2;0;0;0;0;8.33;0.00;0.00
V2_EKDN230028454-1A_HKTTNDSX7_L4.131;root;(UID1);5656;56;24;54;1;1;0;0;0;8.33;4.17;0.00
V1_EKDN230028453-1A_HKTTNDSX7_L4.40;root;(UID1);5656;56;24;54;2;0;0;0;0;8.33;0.00;0.00
V1_EKDN230028453-1A_HKTTNDSX7_L4.126;root;(UID1);5656;56;24;54;1;0;1;0;0;8.33;8.33;33.33
V12_EKDN230028464-1A_HKTTNDSX7_L4.4;root;(UID1);5656;56;24;54;2;0;0;0;0;8.33;0.00;0.00
V12_EKDN230028464-1A_HKTTNDSX7_L4.100;root;(UID1);5656;56;24;54;2;0;0;0;0;8.33;0.00;0.00
V11_EKDN230028463-1A_HKTTNDSX7_L4.37;root;(UID1);5656;56;24;54;1;1;0;0;0;8.33;4.17;0.00
V10_EKDN230028462-1A_HKTTNDSX7_L4.5;root;(UID1);5656;56;24;54;2;0;0;0;0;8.33;0.00;0.00
R6_EKDN230028434-1A_HKTC2DSX7_L3.48;root;(UID1);5656;56;24;54;2;0;0;0;0;8.33;0.00;0.00
R24_EKDN230028452-1A_HKTTNDSX7_L4.2;root;(UID1);5656;56;24;54;2;0;0;0;0;8.33;0.00;0.00
R21_EKDN230028449-1A_HKTC2DSX7_L3.60;root;(UID1);5656;56;24;54;1;1;0;0;0;8.33;4.17;0.00
R21_EKDN230028449-1A_HKTC2DSX7_L3.15;root;(UID1);5656;56;24;54;2;0;0;0;0;8.33;0.00;0.00
R1_EKDN230028429-1A_HKTC2DSX7_L3.63;root;(UID1);5656;56;24;54;2;0;0;0;0;8.33;0.00;0.00
R18_EKDN230028446-1A_HKTC2DSX7_L3.80;root;(UID1);5656;56;24;54;2;0;0;0;0;8.33;0.00;0.00
R17_EKDN230028445-1A_HKTC2DSX7_L3.19;root;(UID1);5656;56;24;54;2;0;0;0;0;8.33;0.00;0.00
R16_EKDN230028444-1A_HKTC2DSX7_L3.81;root;(UID1);5656;56;24;54;2;0;0;0;0;8.33;0.00;0.00
R16_EKDN230028444-1A_HKTC2DSX7_L3.46;root;(UID1);5656;56;24;54;2;0;0;0;0;8.33;0.00;0.00
R15_EKDN230028443-1A_HKTC2DSX7_L3.41;root;(UID1);5656;56;24;54;1;1;0;0;0;8.33;4.17;100.00
R13_EKDN230028441-1A_HKTC2DSX7_L3.34;root;(UID1);5656;56;24;54;2;0;0;0;0;8.33;0.00;0.00
R10_EKDN230028438-1A_HKTC2DSX7_L3.45;root;(UID1);5656;56;24;54;2;0;0;0;0;8.33;0.00;0.00
R18_EKDN230028446-1A_HKTC2DSX7_L3.69;k__Bacteria;(UID203);5449;104;58;86;17;1;0;0;0;8.28;0.16;100.00
R18_EKDN230028446-1A_HKTC2DSX7_L3.45;k__Bacteria;(UID203);5449;102;56;94;8;0;0;0;0;8.20;0.00;0.00
V5_EKDN230028457-1A_HKTTNDSX7_L4.14;k__Bacteria;(UID203);5449;104;58;98;5;1;0;0;0;8.05;1.72;0.00
V2_EKDN230028454-1A_HKTTNDSX7_L4.167;k__Bacteria;(UID203);5449;103;57;92;10;1;0;0;0;7.97;0.16;0.00
R19_EKDN230028447-1A_HKTC2DSX7_L3.13;k__Bacteria;(UID203);5449;104;58;99;4;1;0;0;0;7.76;1.72;0.00
R13_EKDN230028441-1A_HKTC2DSX7_L3.50;k__Bacteria;(UID203);5449;104;58;98;6;0;0;0;0;7.76;0.00;0.00
R2_EKDN230028430-1A_HKTC2DSX7_L3.71;k__Bacteria;(UID203);5449;104;58;94;10;0;0;0;0;7.68;0.00;0.00
R9_EKDN230028437-1A_HKTC2DSX7_L3.11;k__Bacteria;(UID203);5449;103;57;93;10;0;0;0;0;7.66;0.00;0.00
V10_EKDN230028462-1A_HKTTNDSX7_L4.14;k__Bacteria;(UID203);5449;100;54;94;6;0;0;0;0;7.58;0.00;0.00
R1_EKDN230028429-1A_HKTC2DSX7_L3.48;k__Archaea;(UID2);207;149;107;137;12;0;0;0;0;7.48;0.00;0.00
V9_EKDN230028461-1A_HKTTNDSX7_L4.118;o__Burkholderiales;(UID4000);193;427;214;370;45;11;1;0;0;7.45;0.88;57.14
R24_EKDN230028452-1A_HKTTNDSX7_L4.42;k__Bacteria;(UID1453);901;171;117;149;19;3;0;0;0;7.35;1.28;0.00
R16_EKDN230028444-1A_HKTC2DSX7_L3.25;k__Archaea;(UID2);207;149;107;130;19;0;0;0;0;7.33;0.00;0.00
V8_EKDN230028460-1A_HJH72DSX7_L2.4;k__Bacteria;(UID203);5449;103;58;94;9;0;0;0;0;7.33;0.00;0.00
R16_EKDN230028444-1A_HKTC2DSX7_L3.12;k__Bacteria;(UID203);5449;102;56;96;6;0;0;0;0;7.31;0.00;0.00
R7_EKDN230028435-1A_HKTC2DSX7_L3.40;k__Bacteria;(UID203);5449;104;58;96;8;0;0;0;0;7.21;0.00;0.00
R2_EKDN230028430-1A_HKTC2DSX7_L3.4;k__Bacteria;(UID203);5449;104;58;98;6;0;0;0;0;7.21;0.00;0.00
V12_EKDN230028464-1A_HKTTNDSX7_L4.34;k__Bacteria;(UID203);5449;104;58;93;11;0;0;0;0;7.13;0.00;0.00
R16_EKDN230028444-1A_HKTC2DSX7_L3.70;k__Bacteria;(UID203);5449;104;58;94;10;0;0;0;0;7.05;0.00;0.00
R23_EKDN230028451-1A_HKTC2DSX7_L4.53;k__Bacteria;(UID203);5449;103;57;99;4;0;0;0;0;7.02;0.00;0.00
V8_EKDN230028460-1A_HHGM2DSX7_L1.2;k__Bacteria;(UID203);5449;104;58;100;4;0;0;0;0;6.90;0.00;0.00
V5_EKDN230028457-1A_HKTTNDSX7_L4.139;k__Bacteria;(UID203);5449;104;58;100;4;0;0;0;0;6.90;0.00;0.00
V2_EKDN230028454-1A_HKTTNDSX7_L4.161;k__Bacteria;(UID203);5449;104;58;99;5;0;0;0;0;6.90;0.00;0.00
V1_EKDN230028453-1A_HKTTNDSX7_L4.35;k__Bacteria;(UID203);5449;104;58;100;4;0;0;0;0;6.90;0.00;0.00
V11_EKDN230028463-1A_HKTTNDSX7_L4.12;k__Bacteria;(UID203);5449;104;58;99;4;1;0;0;0;6.90;1.72;0.00
R6_EKDN230028434-1A_HKTC2DSX7_L3.7;k__Bacteria;(UID203);5449;104;58;98;6;0;0;0;0;6.90;0.00;0.00
R6_EKDN230028434-1A_HKTC2DSX7_L3.45;k__Bacteria;(UID203);5449;104;58;100;4;0;0;0;0;6.90;0.00;0.00
R6_EKDN230028434-1A_HKTC2DSX7_L3.32;k__Bacteria;(UID203);5449;104;58;99;5;0;0;0;0;6.90;0.00;0.00
R20_EKDN230028448-1A_HKTC2DSX7_L3.54;k__Bacteria;(UID203);5449;104;58;100;4;0;0;0;0;6.90;0.00;0.00
R15_EKDN230028443-1A_HKTC2DSX7_L3.54;k__Archaea;(UID2);207;149;107;132;15;2;0;0;0;6.57;0.93;0.00
V3_EKDN230028455-1A_HKTC2DSX7_L4.8;k__Bacteria;(UID203);5449;103;57;97;6;0;0;0;0;6.43;0.00;0.00
V4_EKDN230028456-1A_HKTTNDSX7_L4.20;k__Bacteria;(UID203);5449;100;55;95;5;0;0;0;0;6.36;0.00;0.00
V7_EKDN230028459-1A_HKTTNDSX7_L4.43;k__Bacteria;(UID203);5449;104;58;96;8;0;0;0;0;6.33;0.00;0.00
R13_EKDN230028441-1A_HKTC2DSX7_L3.43;root;(UID1);5656;56;24;53;1;2;0;0;0;6.25;2.08;100.00
R12_EKDN230028440-1A_HKTC2DSX7_L3.23;k__Bacteria;(UID203);5449;103;57;99;4;0;0;0;0;6.14;0.00;0.00
V3_EKDN230028455-1A_HKTC2DSX7_L4.31;k__Bacteria;(UID203);5449;104;58;100;3;1;0;0;0;6.03;1.72;0.00
V2_EKDN230028454-1A_HKTTNDSX7_L4.106;k__Bacteria;(UID203);5449;104;58;99;5;0;0;0;0;6.03;0.00;0.00
R2_EKDN230028430-1A_HKTC2DSX7_L3.64;k__Bacteria;(UID203);5449;104;58;100;4;0;0;0;0;6.03;0.00;0.00
R24_EKDN230028452-1A_HKTTNDSX7_L4.48;k__Bacteria;(UID203);5449;104;58;99;5;0;0;0;0;6.03;0.00;0.00
R13_EKDN230028441-1A_HKTC2DSX7_L3.51;k__Bacteria;(UID203);5449;104;58;100;4;0;0;0;0;6.03;0.00;0.00
R10_EKDN230028438-1A_HKTC2DSX7_L3.16;k__Bacteria;(UID203);5449;104;58;100;4;0;0;0;0;6.03;0.00;0.00
V10_EKDN230028462-1A_HKTTNDSX7_L4.41;o__Burkholderiales;(UID4000);193;427;214;370;46;11;0;0;0;5.84;1.15;18.18
V2_EKDN230028454-1A_HKTTNDSX7_L4.137;k__Bacteria;(UID203);5449;104;58;100;4;0;0;0;0;5.75;0.00;0.00
R19_EKDN230028447-1A_HKTC2DSX7_L3.28;k__Bacteria;(UID203);5449;104;58;99;5;0;0;0;0;5.49;0.00;0.00
R12_EKDN230028440-1A_HKTC2DSX7_L3.3;k__Bacteria;(UID203);5449;103;57;98;5;0;0;0;0;5.42;0.00;0.00
R17_EKDN230028445-1A_HKTC2DSX7_L3.49;k__Archaea;(UID2);207;149;107;134;15;0;0;0;0;5.39;0.00;0.00
V7_EKDN230028459-1A_HKTTNDSX7_L4.89;k__Bacteria;(UID203);5449;104;58;100;4;0;0;0;0;5.33;0.00;0.00
R10_EKDN230028438-1A_HKTC2DSX7_L3.71;k__Bacteria;(UID203);5449;104;58;99;5;0;0;0;0;5.33;0.00;0.00
V4_EKDN230028456-1A_HKTTNDSX7_L4.89;k__Bacteria;(UID203);5449;103;57;76;1;23;3;0;0;5.26;6.16;46.88
R13_EKDN230028441-1A_HKTC2DSX7_L3.26;k__Bacteria;(UID203);5449;103;57;99;4;0;0;0;0;5.26;0.00;0.00
R2_EKDN230028430-1A_HKTC2DSX7_L3.50;k__Archaea;(UID2);207;145;103;130;13;2;0;0;0;5.23;0.97;0.00
V9_EKDN230028461-1A_HKTTNDSX7_L4.110;k__Bacteria;(UID203);5449;104;58;101;3;0;0;0;0;5.17;0.00;0.00
V8_EKDN230028460-1A_HJH72DSX7_L2.70;k__Bacteria;(UID203);5449;104;58;100;4;0;0;0;0;5.17;0.00;0.00
V5_EKDN230028457-1A_HKTTNDSX7_L4.87;k__Bacteria;(UID203);5449;104;58;100;4;0;0;0;0;5.17;0.00;0.00
V12_EKDN230028464-1A_HKTTNDSX7_L4.52;k__Bacteria;(UID203);5449;104;58;101;3;0;0;0;0;5.17;0.00;0.00
V12_EKDN230028464-1A_HKTTNDSX7_L4.114;k__Bacteria;(UID203);5449;104;58;100;4;0;0;0;0;5.17;0.00;0.00
R19_EKDN230028447-1A_HKTC2DSX7_L3.44;k__Bacteria;(UID203);5449;104;58;100;4;0;0;0;0;5.17;0.00;0.00
R13_EKDN230028441-1A_HKTC2DSX7_L3.7;k__Bacteria;(UID203);5449;104;58;101;3;0;0;0;0;5.17;0.00;0.00
R18_EKDN230028446-1A_HKTC2DSX7_L3.48;k__Bacteria;(UID203);5449;101;57;95;6;0;0;0;0;4.86;0.00;0.00
R14_EKDN230028442-1A_HKTC2DSX7_L3.32;k__Bacteria;(UID203);5449;104;58;99;5;0;0;0;0;4.81;0.00;0.00
R20_EKDN230028448-1A_HKTC2DSX7_L3.44;k__Bacteria;(UID203);5449;104;58;99;5;0;0;0;0;4.48;0.00;0.00
R24_EKDN230028452-1A_HKTTNDSX7_L4.66;k__Bacteria;(UID203);5449;104;58;98;6;0;0;0;0;4.45;0.00;0.00
V10_EKDN230028462-1A_HKTTNDSX7_L4.72;k__Bacteria;(UID203);5449;101;57;98;3;0;0;0;0;4.39;0.00;0.00
V5_EKDN230028457-1A_HKTTNDSX7_L4.2;k__Bacteria;(UID203);5449;104;58;101;3;0;0;0;0;4.31;0.00;0.00
R22_EKDN230028450-1A_HKTC2DSX7_L3.86;k__Bacteria;(UID203);5449;104;58;101;3;0;0;0;0;4.31;0.00;0.00
R17_EKDN230028445-1A_HKTC2DSX7_L3.40;k__Bacteria;(UID203);5449;104;58;101;3;0;0;0;0;4.31;0.00;0.00
V9_EKDN230028461-1A_HKTTNDSX7_L4.52;root;(UID1);5656;56;24;55;1;0;0;0;0;4.17;0.00;0.00
V9_EKDN230028461-1A_HKTTNDSX7_L4.33;root;(UID1);5656;56;24;55;1;0;0;0;0;4.17;0.00;0.00
V8_EKDN230028460-1A_HJH72DSX7_L2.45;root;(UID1);5656;56;24;55;1;0;0;0;0;4.17;0.00;0.00
V8_EKDN230028460-1A_HJH72DSX7_L2.20;root;(UID1);5656;56;24;55;1;0;0;0;0;4.17;0.00;0.00
V7_EKDN230028459-1A_HKTTNDSX7_L4.78;root;(UID1);5656;56;24;55;1;0;0;0;0;4.17;0.00;0.00
V7_EKDN230028459-1A_HKTTNDSX7_L4.55;root;(UID1);5656;56;24;55;1;0;0;0;0;4.17;0.00;0.00
V6_EKDN230028458-1A_HKTTNDSX7_L4.77;root;(UID1);5656;56;24;55;1;0;0;0;0;4.17;0.00;0.00
V6_EKDN230028458-1A_HKTTNDSX7_L4.44;root;(UID1);5656;56;24;55;1;0;0;0;0;4.17;0.00;0.00
V5_EKDN230028457-1A_HKTTNDSX7_L4.8;root;(UID1);5656;56;24;55;1;0;0;0;0;4.17;0.00;0.00
V5_EKDN230028457-1A_HKTTNDSX7_L4.23;root;(UID1);5656;56;24;55;1;0;0;0;0;4.17;0.00;0.00
V5_EKDN230028457-1A_HKTTNDSX7_L4.144;root;(UID1);5656;56;24;55;0;1;0;0;0;4.17;4.17;0.00
V4_EKDN230028456-1A_HKTTNDSX7_L4.53;root;(UID1);5656;56;24;55;1;0;0;0;0;4.17;0.00;0.00
V4_EKDN230028456-1A_HKTTNDSX7_L4.42;root;(UID1);5656;56;24;55;1;0;0;0;0;4.17;0.00;0.00
V4_EKDN230028456-1A_HKTTNDSX7_L4.106;root;(UID1);5656;56;24;55;1;0;0;0;0;4.17;0.00;0.00
V4_EKDN230028456-1A_HKTTNDSX7_L4.104;root;(UID1);5656;56;24;55;1;0;0;0;0;4.17;0.00;0.00
V2_EKDN230028454-1A_HKTTNDSX7_L4.88;root;(UID1);5656;56;24;55;1;0;0;0;0;4.17;0.00;0.00
V2_EKDN230028454-1A_HKTTNDSX7_L4.78;root;(UID1);5656;56;24;55;1;0;0;0;0;4.17;0.00;0.00
V2_EKDN230028454-1A_HKTTNDSX7_L4.72;root;(UID1);5656;56;24;55;1;0;0;0;0;4.17;0.00;0.00
V2_EKDN230028454-1A_HKTTNDSX7_L4.44;root;(UID1);5656;56;24;55;1;0;0;0;0;4.17;0.00;0.00
V2_EKDN230028454-1A_HKTTNDSX7_L4.124;root;(UID1);5656;56;24;55;1;0;0;0;0;4.17;0.00;0.00
V1_EKDN230028453-1A_HKTTNDSX7_L4.99;root;(UID1);5656;56;24;55;1;0;0;0;0;4.17;0.00;0.00
V1_EKDN230028453-1A_HKTTNDSX7_L4.109;root;(UID1);5656;56;24;55;1;0;0;0;0;4.17;0.00;0.00
V11_EKDN230028463-1A_HKTTNDSX7_L4.88;root;(UID1);5656;56;24;55;1;0;0;0;0;4.17;0.00;0.00
V11_EKDN230028463-1A_HKTTNDSX7_L4.46;root;(UID1);5656;56;24;55;1;0;0;0;0;4.17;0.00;0.00
V11_EKDN230028463-1A_HKTTNDSX7_L4.116;root;(UID1);5656;56;24;55;1;0;0;0;0;4.17;0.00;0.00
V10_EKDN230028462-1A_HKTTNDSX7_L4.96;root;(UID1);5656;56;24;55;1;0;0;0;0;4.17;0.00;0.00
V10_EKDN230028462-1A_HKTTNDSX7_L4.52;root;(UID1);5656;56;24;55;1;0;0;0;0;4.17;0.00;0.00
R9_EKDN230028437-1A_HKTC2DSX7_L3.42;root;(UID1);5656;56;24;55;1;0;0;0;0;4.17;0.00;0.00
R6_EKDN230028434-1A_HKTC2DSX7_L3.8;root;(UID1);5656;56;24;55;0;1;0;0;0;4.17;4.17;0.00
R6_EKDN230028434-1A_HKTC2DSX7_L3.52;root;(UID1);5656;56;24;55;1;0;0;0;0;4.17;0.00;0.00
R5_EKDN230028433-1A_HKTC2DSX7_L3.4;root;(UID1);5656;56;24;55;1;0;0;0;0;4.17;0.00;0.00
R3_EKDN230028431-1A_HKTC2DSX7_L3.70;root;(UID1);5656;56;24;55;1;0;0;0;0;4.17;0.00;0.00
R3_EKDN230028431-1A_HKTC2DSX7_L3.59;root;(UID1);5656;56;24;55;1;0;0;0;0;4.17;0.00;0.00
R2_EKDN230028430-1A_HKTC2DSX7_L3.31;root;(UID1);5656;56;24;55;1;0;0;0;0;4.17;0.00;0.00
R23_EKDN230028451-1A_HKTC2DSX7_L4.5;root;(UID1);5656;56;24;55;1;0;0;0;0;4.17;0.00;0.00
R21_EKDN230028449-1A_HKTC2DSX7_L3.1;root;(UID1);5656;56;24;55;1;0;0;0;0;4.17;0.00;0.00
R20_EKDN230028448-1A_HKTC2DSX7_L3.17;root;(UID1);5656;56;24;55;1;0;0;0;0;4.17;0.00;0.00
R20_EKDN230028448-1A_HKTC2DSX7_L3.13;root;(UID1);5656;56;24;55;1;0;0;0;0;4.17;0.00;0.00
R18_EKDN230028446-1A_HKTC2DSX7_L3.59;root;(UID1);5656;56;24;55;1;0;0;0;0;4.17;0.00;0.00
R18_EKDN230028446-1A_HKTC2DSX7_L3.41;root;(UID1);5656;56;24;55;1;0;0;0;0;4.17;0.00;0.00
R17_EKDN230028445-1A_HKTC2DSX7_L3.59;root;(UID1);5656;56;24;55;1;0;0;0;0;4.17;0.00;0.00
R15_EKDN230028443-1A_HKTC2DSX7_L3.53;root;(UID1);5656;56;24;55;1;0;0;0;0;4.17;0.00;0.00
R15_EKDN230028443-1A_HKTC2DSX7_L3.52;root;(UID1);5656;56;24;55;1;0;0;0;0;4.17;0.00;0.00
R11_EKDN230028439-1A_HKTC2DSX7_L3.12;root;(UID1);5656;56;24;55;0;1;0;0;0;4.17;4.17;100.00
R10_EKDN230028438-1A_HKTC2DSX7_L3.97;root;(UID1);5656;56;24;55;1;0;0;0;0;4.17;0.00;0.00
R11_EKDN230028439-1A_HKTC2DSX7_L3.68;k__Bacteria;(UID203);5449;104;58;100;4;0;0;0;0;4.14;0.00;0.00
R24_EKDN230028452-1A_HKTTNDSX7_L4.9;k__Bacteria;(UID203);5449;102;56;98;4;0;0;0;0;3.90;0.00;0.00
R11_EKDN230028439-1A_HKTC2DSX7_L3.69;k__Bacteria;(UID203);5449;104;58;101;3;0;0;0;0;3.79;0.00;0.00
V9_EKDN230028461-1A_HKTTNDSX7_L4.5;k__Archaea;(UID2);207;147;106;141;6;0;0;0;0;3.77;0.00;0.00
V9_EKDN230028461-1A_HKTTNDSX7_L4.55;k__Bacteria;(UID203);5449;103;57;99;4;0;0;0;0;3.67;0.00;0.00
R10_EKDN230028438-1A_HKTC2DSX7_L3.91;k__Bacteria;(UID203);5449;102;56;100;2;0;0;0;0;3.57;0.00;0.00
R2_EKDN230028430-1A_HKTC2DSX7_L3.11;k__Bacteria;(UID203);5449;104;58;96;8;0;0;0;0;3.53;0.00;0.00
V6_EKDN230028458-1A_HKTTNDSX7_L4.24;k__Bacteria;(UID203);5449;103;57;101;2;0;0;0;0;3.51;0.00;0.00
R8_EKDN230028436-1A_HKTC2DSX7_L3.35;k__Archaea;(UID2);207;149;107;136;10;3;0;0;0;3.45;0.61;0.00
V5_EKDN230028457-1A_HKTTNDSX7_L4.7;k__Bacteria;(UID203);5449;104;58;101;3;0;0;0;0;3.45;0.00;0.00
V4_EKDN230028456-1A_HKTTNDSX7_L4.40;k__Bacteria;(UID203);5449;104;58;102;2;0;0;0;0;3.45;0.00;0.00
V2_EKDN230028454-1A_HKTTNDSX7_L4.32;k__Bacteria;(UID203);5449;104;58;101;3;0;0;0;0;3.45;0.00;0.00
V10_EKDN230028462-1A_HKTTNDSX7_L4.85;k__Bacteria;(UID203);5449;104;58;102;2;0;0;0;0;3.45;0.00;0.00
R9_EKDN230028437-1A_HKTC2DSX7_L3.16;k__Bacteria;(UID203);5449;104;58;101;3;0;0;0;0;3.45;0.00;0.00
R6_EKDN230028434-1A_HKTC2DSX7_L3.49;k__Bacteria;(UID203);5449;103;58;98;5;0;0;0;0;3.45;0.00;0.00
R22_EKDN230028450-1A_HKTC2DSX7_L3.77;k__Bacteria;(UID203);5449;104;58;102;2;0;0;0;0;3.45;0.00;0.00
V11_EKDN230028463-1A_HKTTNDSX7_L4.71;c__Gammaproteobacteria;(UID4274);112;580;290;544;36;0;0;0;0;3.32;0.00;0.00
V7_EKDN230028459-1A_HKTTNDSX7_L4.117;k__Bacteria;(UID203);5449;104;58;99;5;0;0;0;0;3.10;0.00;0.00
R3_EKDN230028431-1A_HKTC2DSX7_L3.41;k__Archaea;(UID2);207;149;107;144;5;0;0;0;0;2.88;0.00;0.00
V12_EKDN230028464-1A_HKTTNDSX7_L4.91;k__Bacteria;(UID203);5449;104;58;101;3;0;0;0;0;2.87;0.00;0.00
V11_EKDN230028463-1A_HKTTNDSX7_L4.93;o__Burkholderiales;(UID4000);193;427;214;399;21;1;6;0;0;2.69;0.32;100.00
V4_EKDN230028456-1A_HKTTNDSX7_L4.21;k__Bacteria;(UID203);5449;104;58;96;8;0;0;0;0;2.66;0.00;0.00
V10_EKDN230028462-1A_HKTTNDSX7_L4.32;k__Archaea;(UID2);207;149;107;144;5;0;0;0;0;2.65;0.00;0.00
V9_EKDN230028461-1A_HKTTNDSX7_L4.2;k__Bacteria;(UID203);5449;104;58;101;3;0;0;0;0;2.59;0.00;0.00
V1_EKDN230028453-1A_HKTTNDSX7_L4.73;k__Bacteria;(UID203);5449;104;58;102;2;0;0;0;0;2.30;0.00;0.00
V4_EKDN230028456-1A_HKTTNDSX7_L4.37;root;(UID1);5656;56;24;54;2;0;0;0;0;2.08;0.00;0.00
V12_EKDN230028464-1A_HKTTNDSX7_L4.22;root;(UID1);5656;56;24;54;2;0;0;0;0;2.08;0.00;0.00
R10_EKDN230028438-1A_HKTC2DSX7_L3.72;root;(UID1);5656;56;24;54;2;0;0;0;0;2.08;0.00;0.00
V1_EKDN230028453-1A_HKTTNDSX7_L4.74;k__Bacteria;(UID203);5449;104;58;101;3;0;0;0;0;2.04;0.00;0.00
R3_EKDN230028431-1A_HKTC2DSX7_L3.69;k__Bacteria;(UID203);5449;104;58;101;3;0;0;0;0;2.04;0.00;0.00
V9_EKDN230028461-1A_HKTTNDSX7_L4.100;k__Bacteria;(UID203);5449;104;58;102;2;0;0;0;0;1.88;0.00;0.00
V12_EKDN230028464-1A_HKTTNDSX7_L4.76;k__Bacteria;(UID203);5449;104;58;102;2;0;0;0;0;1.88;0.00;0.00
V11_EKDN230028463-1A_HKTTNDSX7_L4.45;k__Bacteria;(UID203);5449;104;58;102;2;0;0;0;0;1.88;0.00;0.00
V10_EKDN230028462-1A_HKTTNDSX7_L4.2;k__Bacteria;(UID203);5449;104;58;102;2;0;0;0;0;1.88;0.00;0.00
V9_EKDN230028461-1A_HKTTNDSX7_L4.53;k__Bacteria;(UID203);5449;103;57;102;1;0;0;0;0;1.75;0.00;0.00
V6_EKDN230028458-1A_HKTTNDSX7_L4.68;k__Bacteria;(UID203);5449;103;57;102;1;0;0;0;0;1.75;0.00;0.00
R22_EKDN230028450-1A_HKTC2DSX7_L3.19;k__Bacteria;(UID203);5449;102;57;100;2;0;0;0;0;1.75;0.00;0.00
V7_EKDN230028459-1A_HKTTNDSX7_L4.34;k__Bacteria;(UID203);5449;104;58;103;1;0;0;0;0;1.72;0.00;0.00
V6_EKDN230028458-1A_HKTTNDSX7_L4.25;k__Bacteria;(UID203);5449;104;58;102;2;0;0;0;0;1.72;0.00;0.00
V5_EKDN230028457-1A_HKTTNDSX7_L4.47;k__Bacteria;(UID203);5449;104;58;103;1;0;0;0;0;1.72;0.00;0.00
R16_EKDN230028444-1A_HKTC2DSX7_L3.21;k__Bacteria;(UID203);5449;104;58;103;1;0;0;0;0;1.72;0.00;0.00
R12_EKDN230028440-1A_HKTC2DSX7_L3.9;k__Bacteria;(UID203);5449;104;58;103;1;0;0;0;0;1.72;0.00;0.00
R11_EKDN230028439-1A_HKTC2DSX7_L3.49;k__Archaea;(UID2);207;149;107;145;4;0;0;0;0;1.63;0.00;0.00
V11_EKDN230028463-1A_HKTTNDSX7_L4.40;k__Bacteria;(UID2569);434;278;186;253;23;2;0;0;0;1.49;0.04;50.00
R2_EKDN230028430-1A_HKTC2DSX7_L3.19;k__Archaea;(UID2);207;149;107;146;3;0;0;0;0;1.25;0.00;0.00
R9_EKDN230028437-1A_HKTC2DSX7_L3.25;k__Archaea;(UID2);207;149;107;145;4;0;0;0;0;1.15;0.00;0.00
R8_EKDN230028436-1A_HKTC2DSX7_L3.6;k__Archaea;(UID2);207;149;107;145;4;0;0;0;0;1.15;0.00;0.00
V9_EKDN230028461-1A_HKTTNDSX7_L4.36;root;(UID1);5656;56;24;55;1;0;0;0;0;1.04;0.00;0.00
R7_EKDN230028435-1A_HKTC2DSX7_L3.32;k__Archaea;(UID2);207;149;107;147;2;0;0;0;0;1.01;0.00;0.00
R11_EKDN230028439-1A_HKTC2DSX7_L3.31;k__Bacteria;(UID203);5449;103;57;98;5;0;0;0;0;0.80;0.00;0.00
V10_EKDN230028462-1A_HKTTNDSX7_L4.126;k__Archaea;(UID2);207;149;107;138;11;0;0;0;0;0.79;0.00;0.00
R16_EKDN230028444-1A_HKTC2DSX7_L3.77;k__Bacteria;(UID203);5449;104;58;99;5;0;0;0;0;0.78;0.00;0.00
R18_EKDN230028446-1A_HKTC2DSX7_L3.75;k__Archaea;(UID2);207;149;107;145;4;0;0;0;0;0.29;0.00;0.00
V11_EKDN230028463-1A_HKTTNDSX7_L4.24;k__Bacteria;(UID203);5449;104;58;103;1;0;0;0;0;0.16;0.00;0.00
V10_EKDN230028462-1A_HKTTNDSX7_L4.70;k__Bacteria;(UID203);5449;104;58;103;1;0;0;0;0;0.16;0.00;0.00
V9_EKDN230028461-1A_HKTTNDSX7_L4.94;root;(UID1);5656;56;24;56;0;0;0;0;0;0.00;0.00;0.00
V9_EKDN230028461-1A_HKTTNDSX7_L4.90;root;(UID1);5656;56;24;56;0;0;0;0;0;0.00;0.00;0.00
V9_EKDN230028461-1A_HKTTNDSX7_L4.9;root;(UID1);5656;56;24;56;0;0;0;0;0;0.00;0.00;0.00
V9_EKDN230028461-1A_HKTTNDSX7_L4.88;root;(UID1);5656;56;24;56;0;0;0;0;0;0.00;0.00;0.00
V9_EKDN230028461-1A_HKTTNDSX7_L4.86;root;(UID1);5656;56;24;56;0;0;0;0;0;0.00;0.00;0.00
V9_EKDN230028461-1A_HKTTNDSX7_L4.71;root;(UID1);5656;56;24;56;0;0;0;0;0;0.00;0.00;0.00
V9_EKDN230028461-1A_HKTTNDSX7_L4.68;root;(UID1);5656;56;24;56;0;0;0;0;0;0.00;0.00;0.00
V9_EKDN230028461-1A_HKTTNDSX7_L4.40;root;(UID1);5656;56;24;56;0;0;0;0;0;0.00;0.00;0.00
V9_EKDN230028461-1A_HKTTNDSX7_L4.20;root;(UID1);5656;56;24;56;0;0;0;0;0;0.00;0.00;0.00
V9_EKDN230028461-1A_HKTTNDSX7_L4.16;root;(UID1);5656;56;24;56;0;0;0;0;0;0.00;0.00;0.00
V9_EKDN230028461-1A_HKTTNDSX7_L4.14;root;(UID1);5656;56;24;56;0;0;0;0;0;0.00;0.00;0.00
V9_EKDN230028461-1A_HKTTNDSX7_L4.137;root;(UID1);5656;56;24;56;0;0;0;0;0;0.00;0.00;0.00
V9_EKDN230028461-1A_HKTTNDSX7_L4.133;root;(UID1);5656;56;24;56;0;0;0;0;0;0.00;0.00;0.00
V9_EKDN230028461-1A_HKTTNDSX7_L4.127;root;(UID1);5656;56;24;56;0;0;0;0;0;0.00;0.00;0.00
V9_EKDN230028461-1A_HKTTNDSX7_L4.126;root;(UID1);5656;56;24;56;0;0;0;0;0;0.00;0.00;0.00
V9_EKDN230028461-1A_HKTTNDSX7_L4.124;root;(UID1);5656;56;24;56;0;0;0;0;0;0.00;0.00;0.00
V9_EKDN230028461-1A_HKTTNDSX7_L4.114;root;(UID1);5656;56;24;56;0;0;0;0;0;0.00;0.00;0.00
V8_EKDN230028460-1A_HJH72DSX7_L2.90;root;(UID1);5656;56;24;56;0;0;0;0;0;0.00;0.00;0.00
V8_EKDN230028460-1A_HJH72DSX7_L2.85;root;(UID1);5656;56;24;56;0;0;0;0;0;0.00;0.00;0.00
V8_EKDN230028460-1A_HJH72DSX7_L2.8;root;(UID1);5656;56;24;56;0;0;0;0;0;0.00;0.00;0.00
V8_EKDN230028460-1A_HJH72DSX7_L2.73;root;(UID1);5656;56;24;56;0;0;0;0;0;0.00;0.00;0.00
V8_EKDN230028460-1A_HJH72DSX7_L2.72;root;(UID1);5656;56;24;56;0;0;0;0;0;0.00;0.00;0.00
V8_EKDN230028460-1A_HJH72DSX7_L2.7;root;(UID1);5656;56;24;56;0;0;0;0;0;0.00;0.00;0.00
V8_EKDN230028460-1A_HJH72DSX7_L2.58;root;(UID1);5656;56;24;56;0;0;0;0;0;0.00;0.00;0.00
V8_EKDN230028460-1A_HJH72DSX7_L2.46;root;(UID1);5656;56;24;56;0;0;0;0;0;0.00;0.00;0.00
V8_EKDN230028460-1A_HJH72DSX7_L2.40;root;(UID1);5656;56;24;56;0;0;0;0;0;0.00;0.00;0.00
V8_EKDN230028460-1A_HJH72DSX7_L2.28;root;(UID1);5656;56;24;56;0;0;0;0;0;0.00;0.00;0.00
V8_EKDN230028460-1A_HJH72DSX7_L2.26;root;(UID1);5656;56;24;56;0;0;0;0;0;0.00;0.00;0.00
V8_EKDN230028460-1A_HJH72DSX7_L2.19;root;(UID1);5656;56;24;56;0;0;0;0;0;0.00;0.00;0.00
V8_EKDN230028460-1A_HJH72DSX7_L2.13;root;(UID1);5656;56;24;56;0;0;0;0;0;0.00;0.00;0.00
V8_EKDN230028460-1A_HJH72DSX7_L2.12;root;(UID1);5656;56;24;56;0;0;0;0;0;0.00;0.00;0.00
V8_EKDN230028460-1A_HHGM2DSX7_L1.7;root;(UID1);5656;56;24;56;0;0;0;0;0;0.00;0.00;0.00
V8_EKDN230028460-1A_HHGM2DSX7_L1.4;root;(UID1);5656;56;24;56;0;0;0;0;0;0.00;0.00;0.00
V7_EKDN230028459-1A_HKTTNDSX7_L4.94;root;(UID1);5656;56;24;56;0;0;0;0;0;0.00;0.00;0.00
V7_EKDN230028459-1A_HKTTNDSX7_L4.9;root;(UID1);5656;56;24;56;0;0;0;0;0;0.00;0.00;0.00
V7_EKDN230028459-1A_HKTTNDSX7_L4.83;root;(UID1);5656;56;24;56;0;0;0;0;0;0.00;0.00;0.00
V7_EKDN230028459-1A_HKTTNDSX7_L4.63;root;(UID1);5656;56;24;56;0;0;0;0;0;0.00;0.00;0.00
V7_EKDN230028459-1A_HKTTNDSX7_L4.60;root;(UID1);5656;56;24;56;0;0;0;0;0;0.00;0.00;0.00
V7_EKDN230028459-1A_HKTTNDSX7_L4.59;root;(UID1);5656;56;24;56;0;0;0;0;0;0.00;0.00;0.00
V7_EKDN230028459-1A_HKTTNDSX7_L4.53;root;(UID1);5656;56;24;56;0;0;0;0;0;0.00;0.00;0.00
V7_EKDN230028459-1A_HKTTNDSX7_L4.4;root;(UID1);5656;56;24;56;0;0;0;0;0;0.00;0.00;0.00
V7_EKDN230028459-1A_HKTTNDSX7_L4.30;root;(UID1);5656;56;24;56;0;0;0;0;0;0.00;0.00;0.00
V7_EKDN230028459-1A_HKTTNDSX7_L4.15;root;(UID1);5656;56;24;56;0;0;0;0;0;0.00;0.00;0.00
V7_EKDN230028459-1A_HKTTNDSX7_L4.143;root;(UID1);5656;56;24;56;0;0;0;0;0;0.00;0.00;0.00
V7_EKDN230028459-1A_HKTTNDSX7_L4.128;root;(UID1);5656;56;24;56;0;0;0;0;0;0.00;0.00;0.00
V7_EKDN230028459-1A_HKTTNDSX7_L4.115;root;(UID1);5656;56;24;56;0;0;0;0;0;0.00;0.00;0.00
V7_EKDN230028459-1A_HKTTNDSX7_L4.112;root;(UID1);5656;56;24;56;0;0;0;0;0;0.00;0.00;0.00
V6_EKDN230028458-1A_HKTTNDSX7_L4.96;root;(UID1);5656;56;24;56;0;0;0;0;0;0.00;0.00;0.00
V6_EKDN230028458-1A_HKTTNDSX7_L4.22;root;(UID1);5656;56;24;56;0;0;0;0;0;0.00;0.00;0.00
V6_EKDN230028458-1A_HKTTNDSX7_L4.17;root;(UID1);5656;56;24;56;0;0;0;0;0;0.00;0.00;0.00
V5_EKDN230028457-1A_HKTTNDSX7_L4.97;root;(UID1);5656;56;24;56;0;0;0;0;0;0.00;0.00;0.00
V5_EKDN230028457-1A_HKTTNDSX7_L4.32;root;(UID1);5656;56;24;56;0;0;0;0;0;0.00;0.00;0.00
V5_EKDN230028457-1A_HKTTNDSX7_L4.27;root;(UID1);5656;56;24;56;0;0;0;0;0;0.00;0.00;0.00
V4_EKDN230028456-1A_HKTTNDSX7_L4.80;root;(UID1);5656;56;24;56;0;0;0;0;0;0.00;0.00;0.00
V4_EKDN230028456-1A_HKTTNDSX7_L4.78;root;(UID1);5656;56;24;56;0;0;0;0;0;0.00;0.00;0.00
V4_EKDN230028456-1A_HKTTNDSX7_L4.75;root;(UID1);5656;56;24;56;0;0;0;0;0;0.00;0.00;0.00
V4_EKDN230028456-1A_HKTTNDSX7_L4.35;root;(UID1);5656;56;24;56;0;0;0;0;0;0.00;0.00;0.00
V4_EKDN230028456-1A_HKTTNDSX7_L4.24;root;(UID1);5656;56;24;56;0;0;0;0;0;0.00;0.00;0.00
V4_EKDN230028456-1A_HKTTNDSX7_L4.15;root;(UID1);5656;56;24;56;0;0;0;0;0;0.00;0.00;0.00
V4_EKDN230028456-1A_HKTTNDSX7_L4.109;root;(UID1);5656;56;24;56;0;0;0;0;0;0.00;0.00;0.00
V4_EKDN230028456-1A_HKTTNDSX7_L4.107;root;(UID1);5656;56;24;56;0;0;0;0;0;0.00;0.00;0.00
V4_EKDN230028456-1A_HKTTNDSX7_L4.103;root;(UID1);5656;56;24;56;0;0;0;0;0;0.00;0.00;0.00
V3_EKDN230028455-1A_HKTC2DSX7_L4.88;root;(UID1);5656;56;24;56;0;0;0;0;0;0.00;0.00;0.00
V3_EKDN230028455-1A_HKTC2DSX7_L4.5;root;(UID1);5656;56;24;56;0;0;0;0;0;0.00;0.00;0.00
V3_EKDN230028455-1A_HKTC2DSX7_L4.34;root;(UID1);5656;56;24;56;0;0;0;0;0;0.00;0.00;0.00
V3_EKDN230028455-1A_HKTC2DSX7_L4.13;root;(UID1);5656;56;24;56;0;0;0;0;0;0.00;0.00;0.00
V3_EKDN230028455-1A_HKTC2DSX7_L4.127;root;(UID1);5656;56;24;56;0;0;0;0;0;0.00;0.00;0.00
V3_EKDN230028455-1A_HKTC2DSX7_L4.120;root;(UID1);5656;56;24;56;0;0;0;0;0;0.00;0.00;0.00
V3_EKDN230028455-1A_HKTC2DSX7_L4.110;root;(UID1);5656;56;24;56;0;0;0;0;0;0.00;0.00;0.00
V3_EKDN230028455-1A_HKTC2DSX7_L4.106;root;(UID1);5656;56;24;56;0;0;0;0;0;0.00;0.00;0.00
V3_EKDN230028455-1A_HKTC2DSX7_L4.101;root;(UID1);5656;56;24;56;0;0;0;0;0;0.00;0.00;0.00
V2_EKDN230028454-1A_HKTTNDSX7_L4.95;root;(UID1);5656;56;24;56;0;0;0;0;0;0.00;0.00;0.00
V2_EKDN230028454-1A_HKTTNDSX7_L4.83;root;(UID1);5656;56;24;56;0;0;0;0;0;0.00;0.00;0.00
V2_EKDN230028454-1A_HKTTNDSX7_L4.70;root;(UID1);5656;56;24;56;0;0;0;0;0;0.00;0.00;0.00
V2_EKDN230028454-1A_HKTTNDSX7_L4.65;root;(UID1);5656;56;24;56;0;0;0;0;0;0.00;0.00;0.00
V2_EKDN230028454-1A_HKTTNDSX7_L4.27;root;(UID1);5656;56;24;56;0;0;0;0;0;0.00;0.00;0.00
V2_EKDN230028454-1A_HKTTNDSX7_L4.25;root;(UID1);5656;56;24;56;0;0;0;0;0;0.00;0.00;0.00
V2_EKDN230028454-1A_HKTTNDSX7_L4.20;root;(UID1);5656;56;24;56;0;0;0;0;0;0.00;0.00;0.00
V2_EKDN230028454-1A_HKTTNDSX7_L4.163;root;(UID1);5656;56;24;56;0;0;0;0;0;0.00;0.00;0.00
V2_EKDN230028454-1A_HKTTNDSX7_L4.148;root;(UID1);5656;56;24;56;0;0;0;0;0;0.00;0.00;0.00
V2_EKDN230028454-1A_HKTTNDSX7_L4.134;root;(UID1);5656;56;24;56;0;0;0;0;0;0.00;0.00;0.00
V2_EKDN230028454-1A_HKTTNDSX7_L4.114;root;(UID1);5656;56;24;56;0;0;0;0;0;0.00;0.00;0.00
V2_EKDN230028454-1A_HKTTNDSX7_L4.11;root;(UID1);5656;56;24;56;0;0;0;0;0;0.00;0.00;0.00
V1_EKDN230028453-1A_HKTTNDSX7_L4.5;root;(UID1);5656;56;24;56;0;0;0;0;0;0.00;0.00;0.00
V1_EKDN230028453-1A_HKTTNDSX7_L4.44;root;(UID1);5656;56;24;56;0;0;0;0;0;0.00;0.00;0.00
V1_EKDN230028453-1A_HKTTNDSX7_L4.39;root;(UID1);5656;56;24;56;0;0;0;0;0;0.00;0.00;0.00
V1_EKDN230028453-1A_HKTTNDSX7_L4.29;root;(UID1);5656;56;24;56;0;0;0;0;0;0.00;0.00;0.00
V1_EKDN230028453-1A_HKTTNDSX7_L4.23;root;(UID1);5656;56;24;56;0;0;0;0;0;0.00;0.00;0.00
V1_EKDN230028453-1A_HKTTNDSX7_L4.15;root;(UID1);5656;56;24;56;0;0;0;0;0;0.00;0.00;0.00
V1_EKDN230028453-1A_HKTTNDSX7_L4.138;root;(UID1);5656;56;24;56;0;0;0;0;0;0.00;0.00;0.00
V1_EKDN230028453-1A_HKTTNDSX7_L4.134;root;(UID1);5656;56;24;56;0;0;0;0;0;0.00;0.00;0.00
V1_EKDN230028453-1A_HKTTNDSX7_L4.129;root;(UID1);5656;56;24;56;0;0;0;0;0;0.00;0.00;0.00
V1_EKDN230028453-1A_HKTTNDSX7_L4.127;root;(UID1);5656;56;24;56;0;0;0;0;0;0.00;0.00;0.00
V1_EKDN230028453-1A_HKTTNDSX7_L4.120;root;(UID1);5656;56;24;56;0;0;0;0;0;0.00;0.00;0.00
V1_EKDN230028453-1A_HKTTNDSX7_L4.112;root;(UID1);5656;56;24;56;0;0;0;0;0;0.00;0.00;0.00
V12_EKDN230028464-1A_HKTTNDSX7_L4.90;root;(UID1);5656;56;24;56;0;0;0;0;0;0.00;0.00;0.00
V12_EKDN230028464-1A_HKTTNDSX7_L4.9;root;(UID1);5656;56;24;56;0;0;0;0;0;0.00;0.00;0.00
V12_EKDN230028464-1A_HKTTNDSX7_L4.7;root;(UID1);5656;56;24;56;0;0;0;0;0;0.00;0.00;0.00
V12_EKDN230028464-1A_HKTTNDSX7_L4.67;root;(UID1);5656;56;24;56;0;0;0;0;0;0.00;0.00;0.00
V12_EKDN230028464-1A_HKTTNDSX7_L4.51;root;(UID1);5656;56;24;56;0;0;0;0;0;0.00;0.00;0.00
V12_EKDN230028464-1A_HKTTNDSX7_L4.5;root;(UID1);5656;56;24;56;0;0;0;0;0;0.00;0.00;0.00
V12_EKDN230028464-1A_HKTTNDSX7_L4.18;root;(UID1);5656;56;24;56;0;0;0;0;0;0.00;0.00;0.00
V12_EKDN230028464-1A_HKTTNDSX7_L4.115;root;(UID1);5656;56;24;56;0;0;0;0;0;0.00;0.00;0.00
V12_EKDN230028464-1A_HKTTNDSX7_L4.102;root;(UID1);5656;56;24;56;0;0;0;0;0;0.00;0.00;0.00
V12_EKDN230028464-1A_HKTTNDSX7_L4.101;root;(UID1);5656;56;24;56;0;0;0;0;0;0.00;0.00;0.00
V11_EKDN230028463-1A_HKTTNDSX7_L4.78;root;(UID1);5656;56;24;56;0;0;0;0;0;0.00;0.00;0.00
V11_EKDN230028463-1A_HKTTNDSX7_L4.76;root;(UID1);5656;56;24;56;0;0;0;0;0;0.00;0.00;0.00
V11_EKDN230028463-1A_HKTTNDSX7_L4.7;root;(UID1);5656;56;24;56;0;0;0;0;0;0.00;0.00;0.00
V11_EKDN230028463-1A_HKTTNDSX7_L4.67;root;(UID1);5656;56;24;56;0;0;0;0;0;0.00;0.00;0.00
V11_EKDN230028463-1A_HKTTNDSX7_L4.65;root;(UID1);5656;56;24;56;0;0;0;0;0;0.00;0.00;0.00
V11_EKDN230028463-1A_HKTTNDSX7_L4.60;root;(UID1);5656;56;24;56;0;0;0;0;0;0.00;0.00;0.00
V11_EKDN230028463-1A_HKTTNDSX7_L4.5;root;(UID1);5656;56;24;56;0;0;0;0;0;0.00;0.00;0.00
V11_EKDN230028463-1A_HKTTNDSX7_L4.38;root;(UID1);5656;56;24;56;0;0;0;0;0;0.00;0.00;0.00
V11_EKDN230028463-1A_HKTTNDSX7_L4.29;root;(UID1);5656;56;24;56;0;0;0;0;0;0.00;0.00;0.00
V11_EKDN230028463-1A_HKTTNDSX7_L4.23;root;(UID1);5656;56;24;56;0;0;0;0;0;0.00;0.00;0.00
V11_EKDN230028463-1A_HKTTNDSX7_L4.22;root;(UID1);5656;56;24;56;0;0;0;0;0;0.00;0.00;0.00
V11_EKDN230028463-1A_HKTTNDSX7_L4.15;root;(UID1);5656;56;24;56;0;0;0;0;0;0.00;0.00;0.00
V11_EKDN230028463-1A_HKTTNDSX7_L4.13;root;(UID1);5656;56;24;56;0;0;0;0;0;0.00;0.00;0.00
V11_EKDN230028463-1A_HKTTNDSX7_L4.118;root;(UID1);5656;56;24;56;0;0;0;0;0;0.00;0.00;0.00
V11_EKDN230028463-1A_HKTTNDSX7_L4.107;root;(UID1);5656;56;24;56;0;0;0;0;0;0.00;0.00;0.00
V11_EKDN230028463-1A_HKTTNDSX7_L4.104;root;(UID1);5656;56;24;56;0;0;0;0;0;0.00;0.00;0.00
V10_EKDN230028462-1A_HKTTNDSX7_L4.99;root;(UID1);5656;56;24;56;0;0;0;0;0;0.00;0.00;0.00
V10_EKDN230028462-1A_HKTTNDSX7_L4.97;root;(UID1);5656;56;24;56;0;0;0;0;0;0.00;0.00;0.00
V10_EKDN230028462-1A_HKTTNDSX7_L4.93;root;(UID1);5656;56;24;56;0;0;0;0;0;0.00;0.00;0.00
V10_EKDN230028462-1A_HKTTNDSX7_L4.90;root;(UID1);5656;56;24;56;0;0;0;0;0;0.00;0.00;0.00
V10_EKDN230028462-1A_HKTTNDSX7_L4.83;root;(UID1);5656;56;24;56;0;0;0;0;0;0.00;0.00;0.00
V10_EKDN230028462-1A_HKTTNDSX7_L4.8;root;(UID1);5656;56;24;56;0;0;0;0;0;0.00;0.00;0.00
V10_EKDN230028462-1A_HKTTNDSX7_L4.78;root;(UID1);5656;56;24;56;0;0;0;0;0;0.00;0.00;0.00
V10_EKDN230028462-1A_HKTTNDSX7_L4.76;root;(UID1);5656;56;24;56;0;0;0;0;0;0.00;0.00;0.00
V10_EKDN230028462-1A_HKTTNDSX7_L4.51;root;(UID1);5656;56;24;56;0;0;0;0;0;0.00;0.00;0.00
V10_EKDN230028462-1A_HKTTNDSX7_L4.40;root;(UID1);5656;56;24;56;0;0;0;0;0;0.00;0.00;0.00
V10_EKDN230028462-1A_HKTTNDSX7_L4.4;root;(UID1);5656;56;24;56;0;0;0;0;0;0.00;0.00;0.00
V10_EKDN230028462-1A_HKTTNDSX7_L4.36;root;(UID1);5656;56;24;56;0;0;0;0;0;0.00;0.00;0.00
V10_EKDN230028462-1A_HKTTNDSX7_L4.23;root;(UID1);5656;56;24;56;0;0;0;0;0;0.00;0.00;0.00
V10_EKDN230028462-1A_HKTTNDSX7_L4.124;root;(UID1);5656;56;24;56;0;0;0;0;0;0.00;0.00;0.00
V10_EKDN230028462-1A_HKTTNDSX7_L4.122;root;(UID1);5656;56;24;56;0;0;0;0;0;0.00;0.00;0.00
V10_EKDN230028462-1A_HKTTNDSX7_L4.11;root;(UID1);5656;56;24;56;0;0;0;0;0;0.00;0.00;0.00
V10_EKDN230028462-1A_HKTTNDSX7_L4.101;root;(UID1);5656;56;24;56;0;0;0;0;0;0.00;0.00;0.00
R9_EKDN230028437-1A_HKTC2DSX7_L3.5;root;(UID1);5656;56;24;56;0;0;0;0;0;0.00;0.00;0.00
R9_EKDN230028437-1A_HKTC2DSX7_L3.31;root;(UID1);5656;56;24;56;0;0;0;0;0;0.00;0.00;0.00
R9_EKDN230028437-1A_HKTC2DSX7_L3.20;root;(UID1);5656;56;24;56;0;0;0;0;0;0.00;0.00;0.00
R9_EKDN230028437-1A_HKTC2DSX7_L3.15;root;(UID1);5656;56;24;56;0;0;0;0;0;0.00;0.00;0.00
R9_EKDN230028437-1A_HKTC2DSX7_L3.10;root;(UID1);5656;56;24;56;0;0;0;0;0;0.00;0.00;0.00
R7_EKDN230028435-1A_HKTC2DSX7_L3.42;root;(UID1);5656;56;24;56;0;0;0;0;0;0.00;0.00;0.00
R6_EKDN230028434-1A_HKTC2DSX7_L3.64;root;(UID1);5656;56;24;56;0;0;0;0;0;0.00;0.00;0.00
R6_EKDN230028434-1A_HKTC2DSX7_L3.39;root;(UID1);5656;56;24;56;0;0;0;0;0;0.00;0.00;0.00
R6_EKDN230028434-1A_HKTC2DSX7_L3.12;root;(UID1);5656;56;24;56;0;0;0;0;0;0.00;0.00;0.00
R5_EKDN230028433-1A_HKTC2DSX7_L3.55;root;(UID1);5656;56;24;56;0;0;0;0;0;0.00;0.00;0.00
R5_EKDN230028433-1A_HKTC2DSX7_L3.44;root;(UID1);5656;56;24;56;0;0;0;0;0;0.00;0.00;0.00
R5_EKDN230028433-1A_HKTC2DSX7_L3.30;root;(UID1);5656;56;24;56;0;0;0;0;0;0.00;0.00;0.00
R4_EKDN230028432-1A_HKTC2DSX7_L3.71;root;(UID1);5656;56;24;56;0;0;0;0;0;0.00;0.00;0.00
R4_EKDN230028432-1A_HKTC2DSX7_L3.66;root;(UID1);5656;56;24;56;0;0;0;0;0;0.00;0.00;0.00
R4_EKDN230028432-1A_HKTC2DSX7_L3.54;root;(UID1);5656;56;24;56;0;0;0;0;0;0.00;0.00;0.00
R3_EKDN230028431-1A_HKTC2DSX7_L3.74;root;(UID1);5656;56;24;56;0;0;0;0;0;0.00;0.00;0.00
R3_EKDN230028431-1A_HKTC2DSX7_L3.1;root;(UID1);5656;56;24;56;0;0;0;0;0;0.00;0.00;0.00
R2_EKDN230028430-1A_HKTC2DSX7_L3.70;root;(UID1);5656;56;24;56;0;0;0;0;0;0.00;0.00;0.00
R2_EKDN230028430-1A_HKTC2DSX7_L3.7;root;(UID1);5656;56;24;56;0;0;0;0;0;0.00;0.00;0.00
R2_EKDN230028430-1A_HKTC2DSX7_L3.68;root;(UID1);5656;56;24;56;0;0;0;0;0;0.00;0.00;0.00
R2_EKDN230028430-1A_HKTC2DSX7_L3.51;root;(UID1);5656;56;24;56;0;0;0;0;0;0.00;0.00;0.00
R2_EKDN230028430-1A_HKTC2DSX7_L3.21;root;(UID1);5656;56;24;56;0;0;0;0;0;0.00;0.00;0.00
R24_EKDN230028452-1A_HKTTNDSX7_L4.7;root;(UID1);5656;56;24;56;0;0;0;0;0;0.00;0.00;0.00
R24_EKDN230028452-1A_HKTTNDSX7_L4.44;root;(UID1);5656;56;24;56;0;0;0;0;0;0.00;0.00;0.00
R24_EKDN230028452-1A_HKTTNDSX7_L4.36;root;(UID1);5656;56;24;56;0;0;0;0;0;0.00;0.00;0.00
R24_EKDN230028452-1A_HKTTNDSX7_L4.17;root;(UID1);5656;56;24;56;0;0;0;0;0;0.00;0.00;0.00
R23_EKDN230028451-1A_HKTC2DSX7_L4.8;root;(UID1);5656;56;24;56;0;0;0;0;0;0.00;0.00;0.00
R23_EKDN230028451-1A_HKTC2DSX7_L4.59;root;(UID1);5656;56;24;56;0;0;0;0;0;0.00;0.00;0.00
R23_EKDN230028451-1A_HKTC2DSX7_L4.49;root;(UID1);5656;56;24;56;0;0;0;0;0;0.00;0.00;0.00
R23_EKDN230028451-1A_HKTC2DSX7_L4.48;root;(UID1);5656;56;24;56;0;0;0;0;0;0.00;0.00;0.00
R23_EKDN230028451-1A_HKTC2DSX7_L4.47;root;(UID1);5656;56;24;56;0;0;0;0;0;0.00;0.00;0.00
R23_EKDN230028451-1A_HKTC2DSX7_L4.39;root;(UID1);5656;56;24;56;0;0;0;0;0;0.00;0.00;0.00
R23_EKDN230028451-1A_HKTC2DSX7_L4.38;root;(UID1);5656;56;24;56;0;0;0;0;0;0.00;0.00;0.00
R23_EKDN230028451-1A_HKTC2DSX7_L4.36;root;(UID1);5656;56;24;56;0;0;0;0;0;0.00;0.00;0.00
R22_EKDN230028450-1A_HKTC2DSX7_L3.87;root;(UID1);5656;56;24;56;0;0;0;0;0;0.00;0.00;0.00
R22_EKDN230028450-1A_HKTC2DSX7_L3.81;root;(UID1);5656;56;24;56;0;0;0;0;0;0.00;0.00;0.00
R22_EKDN230028450-1A_HKTC2DSX7_L3.79;root;(UID1);5656;56;24;56;0;0;0;0;0;0.00;0.00;0.00
R22_EKDN230028450-1A_HKTC2DSX7_L3.71;root;(UID1);5656;56;24;56;0;0;0;0;0;0.00;0.00;0.00
R22_EKDN230028450-1A_HKTC2DSX7_L3.62;root;(UID1);5656;56;24;56;0;0;0;0;0;0.00;0.00;0.00
R22_EKDN230028450-1A_HKTC2DSX7_L3.46;root;(UID1);5656;56;24;56;0;0;0;0;0;0.00;0.00;0.00
R22_EKDN230028450-1A_HKTC2DSX7_L3.45;root;(UID1);5656;56;24;56;0;0;0;0;0;0.00;0.00;0.00
R22_EKDN230028450-1A_HKTC2DSX7_L3.36;root;(UID1);5656;56;24;56;0;0;0;0;0;0.00;0.00;0.00
R22_EKDN230028450-1A_HKTC2DSX7_L3.18;root;(UID1);5656;56;24;56;0;0;0;0;0;0.00;0.00;0.00
R22_EKDN230028450-1A_HKTC2DSX7_L3.15;root;(UID1);5656;56;24;56;0;0;0;0;0;0.00;0.00;0.00
R22_EKDN230028450-1A_HKTC2DSX7_L3.11;root;(UID1);5656;56;24;56;0;0;0;0;0;0.00;0.00;0.00
R21_EKDN230028449-1A_HKTC2DSX7_L3.9;root;(UID1);5656;56;24;56;0;0;0;0;0;0.00;0.00;0.00
R21_EKDN230028449-1A_HKTC2DSX7_L3.51;root;(UID1);5656;56;24;56;0;0;0;0;0;0.00;0.00;0.00
R20_EKDN230028448-1A_HKTC2DSX7_L3.8;root;(UID1);5656;56;24;56;0;0;0;0;0;0.00;0.00;0.00
R20_EKDN230028448-1A_HKTC2DSX7_L3.16;root;(UID1);5656;56;24;56;0;0;0;0;0;0.00;0.00;0.00
R20_EKDN230028448-1A_HKTC2DSX7_L3.15;root;(UID1);5656;56;24;56;0;0;0;0;0;0.00;0.00;0.00
R1_EKDN230028429-1A_HKTC2DSX7_L3.73;root;(UID1);5656;56;24;56;0;0;0;0;0;0.00;0.00;0.00
R1_EKDN230028429-1A_HKTC2DSX7_L3.64;root;(UID1);5656;56;24;56;0;0;0;0;0;0.00;0.00;0.00
R1_EKDN230028429-1A_HKTC2DSX7_L3.5;root;(UID1);5656;56;24;56;0;0;0;0;0;0.00;0.00;0.00
R1_EKDN230028429-1A_HKTC2DSX7_L3.24;root;(UID1);5656;56;24;56;0;0;0;0;0;0.00;0.00;0.00
R1_EKDN230028429-1A_HKTC2DSX7_L3.23;root;(UID1);5656;56;24;56;0;0;0;0;0;0.00;0.00;0.00
R1_EKDN230028429-1A_HKTC2DSX7_L3.20;root;(UID1);5656;56;24;56;0;0;0;0;0;0.00;0.00;0.00
R19_EKDN230028447-1A_HKTC2DSX7_L3.48;root;(UID1);5656;56;24;56;0;0;0;0;0;0.00;0.00;0.00
R19_EKDN230028447-1A_HKTC2DSX7_L3.18;root;(UID1);5656;56;24;56;0;0;0;0;0;0.00;0.00;0.00
R18_EKDN230028446-1A_HKTC2DSX7_L3.77;root;(UID1);5656;56;24;56;0;0;0;0;0;0.00;0.00;0.00
R18_EKDN230028446-1A_HKTC2DSX7_L3.64;root;(UID1);5656;56;24;56;0;0;0;0;0;0.00;0.00;0.00
R18_EKDN230028446-1A_HKTC2DSX7_L3.50;root;(UID1);5656;56;24;56;0;0;0;0;0;0.00;0.00;0.00
R18_EKDN230028446-1A_HKTC2DSX7_L3.3;root;(UID1);5656;56;24;56;0;0;0;0;0;0.00;0.00;0.00
R18_EKDN230028446-1A_HKTC2DSX7_L3.14;root;(UID1);5656;56;24;56;0;0;0;0;0;0.00;0.00;0.00
R17_EKDN230028445-1A_HKTC2DSX7_L3.74;root;(UID1);5656;56;24;56;0;0;0;0;0;0.00;0.00;0.00
R17_EKDN230028445-1A_HKTC2DSX7_L3.70;root;(UID1);5656;56;24;56;0;0;0;0;0;0.00;0.00;0.00
R17_EKDN230028445-1A_HKTC2DSX7_L3.66;root;(UID1);5656;56;24;56;0;0;0;0;0;0.00;0.00;0.00
R17_EKDN230028445-1A_HKTC2DSX7_L3.55;root;(UID1);5656;56;24;56;0;0;0;0;0;0.00;0.00;0.00
R17_EKDN230028445-1A_HKTC2DSX7_L3.32;root;(UID1);5656;56;24;56;0;0;0;0;0;0.00;0.00;0.00
R17_EKDN230028445-1A_HKTC2DSX7_L3.24;root;(UID1);5656;56;24;56;0;0;0;0;0;0.00;0.00;0.00
R16_EKDN230028444-1A_HKTC2DSX7_L3.80;root;(UID1);5656;56;24;56;0;0;0;0;0;0.00;0.00;0.00
R16_EKDN230028444-1A_HKTC2DSX7_L3.71;root;(UID1);5656;56;24;56;0;0;0;0;0;0.00;0.00;0.00
R16_EKDN230028444-1A_HKTC2DSX7_L3.56;root;(UID1);5656;56;24;56;0;0;0;0;0;0.00;0.00;0.00
R16_EKDN230028444-1A_HKTC2DSX7_L3.43;root;(UID1);5656;56;24;56;0;0;0;0;0;0.00;0.00;0.00
R15_EKDN230028443-1A_HKTC2DSX7_L3.8;root;(UID1);5656;56;24;56;0;0;0;0;0;0.00;0.00;0.00
R15_EKDN230028443-1A_HKTC2DSX7_L3.73;root;(UID1);5656;56;24;56;0;0;0;0;0;0.00;0.00;0.00
R15_EKDN230028443-1A_HKTC2DSX7_L3.70;root;(UID1);5656;56;24;56;0;0;0;0;0;0.00;0.00;0.00
R15_EKDN230028443-1A_HKTC2DSX7_L3.65;root;(UID1);5656;56;24;56;0;0;0;0;0;0.00;0.00;0.00
R15_EKDN230028443-1A_HKTC2DSX7_L3.61;root;(UID1);5656;56;24;56;0;0;0;0;0;0.00;0.00;0.00
R15_EKDN230028443-1A_HKTC2DSX7_L3.60;root;(UID1);5656;56;24;56;0;0;0;0;0;0.00;0.00;0.00
R15_EKDN230028443-1A_HKTC2DSX7_L3.57;root;(UID1);5656;56;24;56;0;0;0;0;0;0.00;0.00;0.00
R15_EKDN230028443-1A_HKTC2DSX7_L3.31;root;(UID1);5656;56;24;56;0;0;0;0;0;0.00;0.00;0.00
R15_EKDN230028443-1A_HKTC2DSX7_L3.21;root;(UID1);5656;56;24;56;0;0;0;0;0;0.00;0.00;0.00
R15_EKDN230028443-1A_HKTC2DSX7_L3.20;root;(UID1);5656;56;24;56;0;0;0;0;0;0.00;0.00;0.00
R15_EKDN230028443-1A_HKTC2DSX7_L3.15;root;(UID1);5656;56;24;56;0;0;0;0;0;0.00;0.00;0.00
R15_EKDN230028443-1A_HKTC2DSX7_L3.11;root;(UID1);5656;56;24;56;0;0;0;0;0;0.00;0.00;0.00
R14_EKDN230028442-1A_HKTC2DSX7_L3.8;root;(UID1);5656;56;24;56;0;0;0;0;0;0.00;0.00;0.00
R14_EKDN230028442-1A_HKTC2DSX7_L3.30;root;(UID1);5656;56;24;56;0;0;0;0;0;0.00;0.00;0.00
R14_EKDN230028442-1A_HKTC2DSX7_L3.27;root;(UID1);5656;56;24;56;0;0;0;0;0;0.00;0.00;0.00
R13_EKDN230028441-1A_HKTC2DSX7_L3.8;root;(UID1);5656;56;24;56;0;0;0;0;0;0.00;0.00;0.00
R13_EKDN230028441-1A_HKTC2DSX7_L3.48;root;(UID1);5656;56;24;56;0;0;0;0;0;0.00;0.00;0.00
R13_EKDN230028441-1A_HKTC2DSX7_L3.32;root;(UID1);5656;56;24;56;0;0;0;0;0;0.00;0.00;0.00
R13_EKDN230028441-1A_HKTC2DSX7_L3.28;root;(UID1);5656;56;24;56;0;0;0;0;0;0.00;0.00;0.00
R13_EKDN230028441-1A_HKTC2DSX7_L3.19;root;(UID1);5656;56;24;56;0;0;0;0;0;0.00;0.00;0.00
R13_EKDN230028441-1A_HKTC2DSX7_L3.16;root;(UID1);5656;56;24;56;0;0;0;0;0;0.00;0.00;0.00
R13_EKDN230028441-1A_HKTC2DSX7_L3.13;root;(UID1);5656;56;24;56;0;0;0;0;0;0.00;0.00;0.00
R12_EKDN230028440-1A_HKTC2DSX7_L3.48;root;(UID1);5656;56;24;56;0;0;0;0;0;0.00;0.00;0.00
R11_EKDN230028439-1A_HKTC2DSX7_L3.58;root;(UID1);5656;56;24;56;0;0;0;0;0;0.00;0.00;0.00
R11_EKDN230028439-1A_HKTC2DSX7_L3.3;root;(UID1);5656;56;24;56;0;0;0;0;0;0.00;0.00;0.00
R11_EKDN230028439-1A_HKTC2DSX7_L3.25;root;(UID1);5656;56;24;56;0;0;0;0;0;0.00;0.00;0.00
R11_EKDN230028439-1A_HKTC2DSX7_L3.23;root;(UID1);5656;56;24;56;0;0;0;0;0;0.00;0.00;0.00
R10_EKDN230028438-1A_HKTC2DSX7_L3.93;root;(UID1);5656;56;24;56;0;0;0;0;0;0.00;0.00;0.00
R10_EKDN230028438-1A_HKTC2DSX7_L3.75;root;(UID1);5656;56;24;56;0;0;0;0;0;0.00;0.00;0.00
R10_EKDN230028438-1A_HKTC2DSX7_L3.25;root;(UID1);5656;56;24;56;0;0;0;0;0;0.00;0.00;0.00
R10_EKDN230028438-1A_HKTC2DSX7_L3.21;root;(UID1);5656;56;24;56;0;0;0;0;0;0.00;0.00;0.00
R10_EKDN230028438-1A_HKTC2DSX7_L3.18;root;(UID1);5656;56;24;56;0;0;0;0;0;0.00;0.00;0.00
